{
"type": "FeatureCollection",
"name": "sen-biomass-dataset_s1_s2_dem_2026-05-08",
"features": [
{ "type": "Feature", "properties": { "inventory_date": "2026-01-15", "latitude_proj": 1606790, "longitude_proj": 357081, "agb": 39.58, "cagb": 18.6, "cagb_category": "10-20", "HCS": "non-HCS", "longitude": -16.326431094176709, "latitude": 14.530288600145902, "start_date": "2026-01-01", "end_date": "2026-02-01", "B2": 0.10309629541564935, "B3": 0.15963899892896438, "B4": 0.23832306808829765, "B8": 0.36285408523084556, "B5": 0.26846653641955009, "B6": 0.30557747020167736, "B7": 0.33465141128546599, "B8A": 0.36463346619748088, "B11": 0.51928746110615254, "B12": 0.4672902290196343, "B9": 0.3693333711671502, "B1": 0.081424291530941356, "VV": -16.20505722558779, "VH": -21.653300783616867, "elevation": 27.0, "ARI": 2.5392744721965244, "ARVI": 0.18401873711665351, "AVI": 0.32528206501615087, "BCC": 0.20575705974661448, "CCCI": 0.72175477316486902, "CVI": 0.0022038198458151398, "EVI": 0.15415533998777006, "ExG": -0.022141365646018235, "GNDVI": 0.38893354278298115, "IKAW": 0.55747950984563754, "MCARI": 0.0094376182094851341, "MSAVI": 0.15896834300099794, "MTVI2": 0.042710155181996882, "NDDI": -3.2789733850115046, "NDMI": -0.17733364506510371, "NDVI": 0.20714529229030582, "NDYI": 0.2152078716883444, "PSRI": 0.44252860848478226, "PVI": -0.16494664417334426, "RCC": 0.4756393385614987, "RENDVI": 0.064648238382557038, "S2REP": 721.99565465152398, "SAVI": 0.16963349189618041, "SI": 0.83111445696644015, "SIPI": 2.2599172491922852, "TCARI": 0.016875077870304032, "TNDVI": 0.84091931378123663, "TTVI": 0.54741740382701409, "TVI": 0.84091931378123663, "VARI": -0.26684707666117913, "VARI700": -0.14521919105042189, "AWEInsh": -0.2442592402124697, "AWEIsh": -0.93784108402234545, "MNDWI": -0.52973110247991462, "MuWIR": -0.36875891375502678, "NDWI": -0.38893354278298115, "S2WI": -0.27023019282928828, "WI2015": -52.211689955212286, "BAI": 9.0208850361489379, "BAIM": 5.9059159765125155, "MIRBI": 1.583885171356048, "NBR": -0.12580480525615836, "NBRplus": -0.14623598129546383, "NBRSWIR": -0.06626054698231798, "NDSWIR": -0.17733364506510371, "NBSIMS": -3.8183709780395132, "NDSI": -0.52973110247991462, "NBAI": -0.74878059368334016, "NDBI": 0.17733364506510371, "UI": 0.12580480525615836, "BI": 0.23836994644252665, "BI2": 0.26704904788619821, "BSI": 0.20456670090763357, "SATVI": 0.10147182332047902, "DPDD": -26.769901672896655, "DpRVIVV": 2.2878224965121006, "NDPolI": -0.14391124825605017, "VDDPI": 2.3362063757125338, "VHVVD": -5.4482435580290769, "VHVVP": 350.89297832137629, "VHVVR": 1.3362063757125338, "VVVHD": 5.4482435580290769, "VVVHR": 0.74838738848761199, "VVVHS": -37.858358009204657 }, "geometry": null },
{ "type": "Feature", "properties": { "inventory_date": "2026-01-15", "latitude_proj": 1606335, "longitude_proj": 356744, "agb": 37.8, "cagb": 17.77, "cagb_category": "10-20", "HCS": "non-HCS", "longitude": -16.329533610202251, "latitude": 14.526158070257841, "start_date": "2026-01-01", "end_date": "2026-02-01", "B2": 0.072422777253882853, "B3": 0.1103122859528073, "B4": 0.16318386199023149, "B8": 0.32654097757008366, "B5": 0.21024151152665724, "B6": 0.2703625634739027, "B7": 0.29946084661094441, "B8A": 0.33869779499966157, "B11": 0.41931198112658086, "B12": 0.33133083037273064, "B9": 0.36952648292239143, "B1": 0.071195154626011989, "VV": -11.387847169844479, "VH": -20.704770687285027, "elevation": 27.0, "ARI": 4.3087387961280159, "ARVI": 0.31763481293788864, "AVI": 0.35473327679719502, "BCC": 0.2093634432191146, "CCCI": 0.64952138903495582, "CVI": 0.00064842935040987446, "EVI": 0.23171572828390696, "ExG": -0.014982067338499744, "GNDVI": 0.49496869926884746, "IKAW": 0.6369455802528341, "MCARI": 0.034878553626238241, "MSAVI": 0.22950181935447278, "MTVI2": 0.12608980580940829, "NDDI": -5.1334595874703881, "NDMI": -0.12438243017579395, "NDVI": 0.33356918494581056, "NDYI": 0.20734668012820251, "PSRI": 0.33570137658910582, "PVI": -0.17583384899157073, "RCC": 0.47174019720758453, "RENDVI": 0.12509476110283796, "S2REP": 717.27239832288694, "SAVI": 0.24757959341369593, "SI": 0.88390564059903431, "SIPI": 1.5631141749638302, "TCARI": 0.063925341496293878, "TNDVI": 0.91300010128466613, "TTVI": 0.34943521826129142, "TVI": 0.91300010128466613, "VARI": -0.262946683870733, "VARI700": -0.050193655413379966, "AWEInsh": -0.40647424156260603, "AWEIsh": -0.85340865350227813, "MNDWI": -0.58343190518393673, "MuWIR": -0.57801083364693695, "NDWI": -0.49496869926884746, "S2WI": -0.22358844696793825, "WI2015": -44.178044053165124, "BAI": 13.326884340275402, "BAIM": 10.669773786531344, "MIRBI": 1.2040508886868135, "NBR": -0.0072808300109788978, "NBRplus": -0.22292462774813807, "NBRSWIR": -0.12694064922917134, "NDSWIR": -0.12438243017579395, "NBSIMS": -3.8633950788085882, "NDSI": -0.58343190518393673, "NBAI": -0.83964500687271815, "NDBI": 0.12438243017579395, "UI": 0.0072808300109788978, "BI": 0.18699912729766807, "BI2": 0.22017173848203644, "BSI": 0.10694263285234568, "SATVI": 0.18924789108400877, "DPDD": -22.692907712804757, "DpRVIVV": 2.5806272058526232, "NDPolI": -0.29031360292631148, "VDDPI": 2.8181461674434982, "VHVVD": -9.3169235174405483, "VHVVP": 235.78276427347771, "VHVVR": 1.8181461674434982, "VVVHD": 9.3169235174405483, "VVVHR": 0.55001078455980446, "VVVHS": -32.092617857129504 }, "geometry": null },
{ "type": "Feature", "properties": { "inventory_date": "2026-01-15", "latitude_proj": 1606131, "longitude_proj": 365264, "agb": 6.95, "cagb": 3.27, "cagb_category": "0-10", "HCS": "non-HCS", "longitude": -16.250464475887572, "latitude": 14.524749025912477, "start_date": "2026-01-01", "end_date": "2026-02-01", "B2": 0.066789970588839523, "B3": 0.10213743512909436, "B4": 0.15027167447168627, "B8": 0.30342792309574301, "B5": 0.18908986026622368, "B6": 0.24348420396304848, "B7": 0.27116542831227503, "B8A": 0.32288593374614238, "B11": 0.40447722071019448, "B12": 0.2882499588457737, "B9": 0.32980399461111365, "B1": 0.049570868209190537, "VV": -11.830710806599797, "VH": -20.149754794846334, "elevation": 27.0, "ARI": 4.5022386361293147, "ARVI": 0.32184950436373466, "AVI": 0.34053110431837713, "BCC": 0.20924236545156383, "CCCI": 0.68770564218022801, "CVI": 0.00047566649925998196, "EVI": 0.22468350695384975, "ExG": -0.012786774802337073, "GNDVI": 0.49632071350398038, "IKAW": 0.63918561621041958, "MCARI": 0.026962905405323059, "MSAVI": 0.22103292795771334, "MTVI2": 0.12259206702999439, "NDDI": -5.2529072840512203, "NDMI": -0.14274412115608634, "NDVI": 0.33757192963190696, "NDYI": 0.20924647714815545, "PSRI": 0.34286291481773518, "PVI": -0.19104392878715126, "RCC": 0.4707772791275508, "RENDVI": 0.12574573511183695, "S2REP": 718.91696522014809, "SAVI": 0.24088756409467002, "SI": 0.89294172976731712, "SIPI": 1.6575037399203987, "TCARI": 0.050806169648023473, "TNDVI": 0.91518955939843794, "TTVI": 0.022939331490139825, "TVI": 0.91518955939843794, "VARI": -0.25931722126722812, "VARI700": -0.065920521607447616, "AWEInsh": -0.49252873627245863, "AWEIsh": -0.81178664700877423, "MNDWI": -0.5967845227063665, "MuWIR": -0.5123470893999521, "NDWI": -0.49632071350398038, "S2WI": -0.20773481408699379, "WI2015": -40.270460196220498, "BAI": 16.185316697691526, "BAIM": 13.886233640263864, "MIRBI": 0.91862282549783059, "NBR": 0.025652411072329975, "NBRplus": -0.26095751595974309, "NBRSWIR": -0.17184633676963873, "NDSWIR": -0.14274412115608634, "NBSIMS": -3.6804758026083997, "NDSI": -0.5967845227063665, "NBAI": -0.86430114015015347, "NDBI": 0.14274412115608634, "UI": -0.025652411072329975, "BI": 0.19950013743027356, "BI2": 0.20419119824115059, "BSI": 0.084457031407968938, "SATVI": 0.21739075299417307, "DPDD": -22.613604092285676, "DpRVIVV": 2.5202578406407166, "NDPolI": -0.26012892032035823, "VDDPI": 2.7031736405563844, "VHVVD": -8.3190439882465377, "VHVVP": 238.38592180172461, "VHVVR": 1.7031736405563844, "VVVHD": 8.3190439882465377, "VVVHR": 0.58713919484646615, "VVVHS": -31.980465601446131 }, "geometry": null },
{ "type": "Feature", "properties": { "inventory_date": "2026-01-15", "latitude_proj": 1606968, "longitude_proj": 364890, "agb": 127.58, "cagb": 59.96, "cagb_category": ">=50", "HCS": "HCS", "longitude": -16.253977571153428, "latitude": 14.532296486004995, "start_date": "2026-01-01", "end_date": "2026-02-01", "B2": 0.11116298260471642, "B3": 0.16867242042102495, "B4": 0.24716695117635237, "B8": 0.36784553983130092, "B5": 0.2844990445899474, "B6": 0.31807922025485119, "B7": 0.33633374809956146, "B8A": 0.37454667846113721, "B11": 0.51579353558067187, "B12": 0.44873283828088478, "B9": 0.37674895145636561, "B1": 0.080239586920651557, "VV": -16.676152393689478, "VH": -22.12197167028906, "elevation": 27.0, "ARI": 2.4137012173458414, "ARVI": 0.17318321889351274, "AVI": 0.32210549293842711, "BCC": 0.21093450858112842, "CCCI": 0.65112443703819189, "CVI": 0.0025866880048672678, "EVI": 0.14956757264980086, "ExG": -0.020985092939018887, "GNDVI": 0.37123290209446907, "IKAW": 0.53586219285037962, "MCARI": 0.016306517140340867, "MSAVI": 0.15244446092857444, "MTVI2": 0.038400613054539963, "NDDI": -3.2423819820268842, "NDMI": -0.16743034556319752, "NDVI": 0.19622136203644489, "NDYI": 0.20551165861961496, "PSRI": 0.42757891717247964, "PVI": -0.16309806387354034, "RCC": 0.46900540235835325, "RENDVI": 0.055727492384002222, "S2REP": 712.5579019958966, "SAVI": 0.16234605840050662, "SI": 0.82242758020293116, "SIPI": 2.3832392814353303, "TCARI": 0.032003634563914182, "TNDVI": 0.83439880275348244, "TTVI": -0.073142361140757561, "TVI": 0.83439880275348244, "VARI": -0.25763247035600845, "VARI700": -0.12545015657398173, "AWEInsh": -0.24643054032397971, "AWEIsh": -0.90479778903090147, "MNDWI": -0.50714153438302845, "MuWIR": -0.32049510363565592, "NDWI": -0.37123290209446907, "S2WI": -0.22398615980515019, "WI2015": -49.515043661739796, "BAI": 8.5890738730693634, "BAIM": 6.1389686172753288, "MIRBI": 1.4325517341182632, "NBR": -0.099056380401087663, "NBRplus": -0.18642594667225496, "NBRSWIR": -0.081783504324064282, "NDSWIR": -0.16743034556319752, "NBSIMS": -3.5530941713212485, "NDSI": -0.50714153438302845, "NBAI": -0.74407064252708877, "NDBI": 0.16743034556319752, "UI": 0.099056380401087663, "BI": 0.22863047485017535, "BI2": 0.27377133301247447, "BSI": 0.18460271735733991, "SATVI": 0.094677510445297069, "DPDD": -27.434416622956192, "DpRVIVV": 2.2807259066247312, "NDPolI": -0.14036295331236548, "VDDPI": 2.3265632951795503, "VHVVD": -5.4458192765995825, "VHVVP": 368.90937082262172, "VHVVR": 1.3265632951795503, "VVVHD": 5.4458192765995825, "VVVHR": 0.7538275811141375, "VVVHS": -38.798124063978534 }, "geometry": null },
{ "type": "Feature", "properties": { "inventory_date": "2026-01-15", "latitude_proj": 1606637, "longitude_proj": 364960, "agb": 51.52, "cagb": 24.21, "cagb_category": "20-30", "HCS": "non-HCS", "longitude": -16.253311140452858, "latitude": 14.529307912833984, "start_date": "2026-01-01", "end_date": "2026-02-01", "B2": 0.09477328416951207, "B3": 0.14030601967365369, "B4": 0.22154366898427322, "B8": 0.34565269942677346, "B5": 0.25453229608338906, "B6": 0.28431456980355291, "B7": 0.31158000612477643, "B8A": 0.35422924844496845, "B11": 0.50653703735509059, "B12": 0.40825548251834487, "B9": 0.35466177265578458, "B1": 0.064660290334749654, "VV": -16.201834864002063, "VH": -24.510585440120174, "elevation": 27.0, "ARI": 3.1985034255822211, "ARVI": 0.19617451216353465, "AVI": 0.32202718099743505, "BCC": 0.20755259767740061, "CCCI": 0.69384195677532223, "CVI": 0.0015074812024406647, "EVI": 0.15797067032378859, "ExG": -0.035704913806477903, "GNDVI": 0.4225599247056277, "IKAW": 0.56962900601075539, "MCARI": 0.011653755354366647, "MSAVI": 0.16234425724067814, "MTVI2": 0.039994028288737916, "NDDI": -3.147857479149418, "NDMI": -0.18878933996068398, "NDVI": 0.21881139822912007, "NDYI": 0.19369095773109399, "PSRI": 0.44588071903016835, "PVI": -0.174565949766055, "RCC": 0.48517854371728275, "RENDVI": 0.055270384975037792, "S2REP": 719.13706540493899, "SAVI": 0.17444169711796351, "SI": 0.84614573133562887, "SIPI": 2.264077062645395, "TCARI": 0.020224900232283453, "TNDVI": 0.84782745781740287, "TTVI": 0.20092417928603634, "TVI": 0.84782745781740287, "VARI": -0.3041738167257057, "VARI700": -0.13295051044650577, "AWEInsh": -0.42863466865699262, "AWEIsh": -0.93481014244873606, "MNDWI": -0.56618218855700331, "MuWIR": -0.48109059048996339, "NDWI": -0.4225599247056277, "S2WI": -0.23193425014453584, "WI2015": -49.5986345285081, "BAI": 10.376637903942186, "BAIM": 7.6463785620900131, "MIRBI": 1.1184918591035604, "NBR": -0.083037675662377491, "NBRplus": -0.18149518572500709, "NBRSWIR": -0.11655737751348201, "NDSWIR": -0.18878933996068398, "NBSIMS": -3.837062013698405, "NDSI": -0.56618218855700331, "NBAI": -0.79681128212892072, "NDBI": 0.18878933996068398, "UI": 0.083037675662377491, "BI": 0.24617293612492683, "BI2": 0.25049495340538119, "BSI": 0.17694703824053981, "SATVI": 0.14396831655650572, "DPDD": -28.788028475561713, "DpRVIVV": 2.4081678521714824, "NDPolI": -0.20408392608574122, "VDDPI": 2.5128277535144399, "VHVVD": -8.3087505761181113, "VHVVP": 397.1164577208404, "VHVVR": 1.5128277535144401, "VVVHD": 8.3087505761181113, "VVVHR": 0.66101378539421074, "VVVHS": -40.712420304122233 }, "geometry": null },
{ "type": "Feature", "properties": { "inventory_date": "2026-01-15", "latitude_proj": 1607084, "longitude_proj": 364647, "agb": 52.07, "cagb": 24.47, "cagb_category": "20-30", "HCS": "non-HCS", "longitude": -16.256238430500698, "latitude": 14.533332981392805, "start_date": "2026-01-01", "end_date": "2026-02-01", "B2": 0.088344882130679772, "B3": 0.13270874550556114, "B4": 0.19197043654707388, "B8": 0.31993269461589152, "B5": 0.23521073527969957, "B6": 0.27910501242958918, "B7": 0.30709962151813724, "B8A": 0.33504400294732278, "B11": 0.47270478184119352, "B12": 0.42216280695816505, "B9": 0.35949999094009399, "B1": 0.073600001633167267, "VV": -14.44331078050088, "VH": -21.176318221483012, "elevation": 27.0, "ARI": 3.2837917896048481, "ARVI": 0.23034236318478482, "AVI": 0.32101297752647162, "BCC": 0.21389766309468392, "CCCI": 0.61051547615216006, "CVI": 0.0010816632234831294, "EVI": 0.17682466291847257, "ExG": -0.014897827666631377, "GNDVI": 0.41362529480308846, "IKAW": 0.56723128007827006, "MCARI": 0.02786193998585668, "MSAVI": 0.17466909920511553, "MTVI2": 0.07317158416202825, "NDDI": -4.0549460371971415, "NDMI": -0.19273891503106766, "NDVI": 0.24997357952882027, "NDYI": 0.20069276333200547, "PSRI": 0.37127801293979301, "PVI": -0.18788549100363963, "RCC": 0.46479237699300391, "RENDVI": 0.085344999342116895, "S2REP": 716.42176871120819, "SAVI": 0.18968553529687049, "SI": 0.86127319425226379, "SIPI": 1.9250417795085126, "TCARI": 0.054366892270833841, "TNDVI": 0.86601014978395041, "TTVI": 0.54697477190298138, "TVI": 0.86601014978395041, "VARI": -0.25075366149172063, "VARI700": -0.079198951249283431, "AWEInsh": -0.27901959986154834, "AWEIsh": -0.87438017053058625, "MNDWI": -0.56159306156516942, "MuWIR": -0.50620563630048276, "NDWI": -0.41362529480308846, "S2WI": -0.28439244914243689, "WI2015": -48.651056308903662, "BAI": 13.153815854690702, "BAIM": 8.1819687913109451, "MIRBI": 1.5891212075379535, "NBR": -0.1377587010370411, "NBRplus": -0.1369112135025756, "NBRSWIR": -0.070905893082878521, "NDSWIR": -0.19273891503106766, "NBSIMS": -4.087472287966877, "NDSI": -0.56159306156516942, "NBAI": -0.78807802929703097, "NDBI": 0.19273891503106766, "UI": 0.1377587010370411, "BI": 0.2389645125156456, "BI2": 0.22863448903283687, "BSI": 0.20134339609978627, "SATVI": 0.15047992391304635, "DPDD": -25.186881210651826, "DpRVIVV": 2.3780503969093627, "NDPolI": -0.18902519845468141, "VDDPI": 2.4661678712938864, "VHVVD": -6.7330074409821314, "VHVVP": 305.85614525966281, "VHVVR": 1.4661678712938861, "VVVHD": 6.7330074409821314, "VVVHR": 0.68205013871808884, "VVVHS": -35.619629001983895 }, "geometry": null },
{ "type": "Feature", "properties": { "inventory_date": "2026-01-15", "latitude_proj": 1606935, "longitude_proj": 365404, "agb": 14.43, "cagb": 6.78, "cagb_category": "0-10", "HCS": "non-HCS", "longitude": -16.249206188686344, "latitude": 14.532023656558028, "start_date": "2026-01-01", "end_date": "2026-02-01", "B2": 0.094211682228372853, "B3": 0.14439775902589042, "B4": 0.22387303629839442, "B8": 0.36546491303266965, "B5": 0.26928835059464806, "B6": 0.30703879872023571, "B7": 0.33381807724182266, "B8A": 0.38384328090601505, "B11": 0.49471892029988596, "B12": 0.38027957371934906, "B9": 0.39250345724107227, "B1": 0.0686513980676767, "VV": -16.511730338489301, "VH": -22.340218225985964, "elevation": 27.0, "ARI": 3.2118237353105448, "ARVI": 0.21859408529372509, "AVI": 0.3424566463582121, "BCC": 0.20370865232974372, "CCCI": 0.63065287118330882, "CVI": 0.0017059581942451107, "EVI": 0.17680283147548564, "ExG": -0.02928920047498644, "GNDVI": 0.43358175862183662, "IKAW": 0.59009580561798392, "MCARI": 0.024583124827824706, "MSAVI": 0.18293596696364323, "MTVI2": 0.061141245671122939, "NDDI": -3.4855002767636418, "NDMI": -0.15026323706463504, "NDVI": 0.2402558275688694, "NDYI": 0.2103272885335625, "PSRI": 0.42229631763302, "PVI": -0.15945547761143553, "RCC": 0.4840681477989715, "RENDVI": 0.065501769559986836, "S2REP": 713.86088067162268, "SAVI": 0.19496962832501619, "SI": 0.84413219941014139, "SIPI": 2.0962609000657673, "TCARI": 0.046110260724213065, "TNDVI": 0.86038121060891926, "TTVI": 0.022408540604928806, "TVI": 0.86038121060891926, "VARI": -0.28999319298201981, "VARI700": -0.10356932558423647, "AWEInsh": -0.44688204562593947, "AWEIsh": -0.93013956363557171, "MNDWI": -0.54813334185482376, "MuWIR": -0.37687103202128391, "NDWI": -0.43358175862183662, "S2WI": -0.17086931015246457, "WI2015": -47.760709157533086, "BAI": 9.2035825093488679, "BAIM": 7.5746766891834438, "MIRBI": 0.95455031825460779, "NBR": -0.019865598673350585, "NBRplus": -0.24151326274824683, "NBRSWIR": -0.13788672229260349, "NDSWIR": -0.15026323706463504, "NBSIMS": -3.5165755873970403, "NDSI": -0.54813334185482376, "NBAI": -0.80018749182293936, "NDBI": 0.15026323706463504, "UI": 0.019865598673350585, "BI": 0.21974223187800959, "BI2": 0.26110946098723814, "BSI": 0.13580752816316952, "SATVI": 0.14325222660506515, "DPDD": -27.472476292251407, "DpRVIVV": 2.3000358078732765, "NDPolI": -0.15001790393663833, "VDDPI": 2.3529907385848166, "VHVVD": -5.8284878874966637, "VHVVP": 368.87565905048405, "VHVVR": 1.3529907385848168, "VVVHD": 5.8284878874966637, "VVVHR": 0.73910335930751958, "VVVHS": -38.851948564475265 }, "geometry": null },
{ "type": "Feature", "properties": { "inventory_date": "2026-01-15", "latitude_proj": 1607036, "longitude_proj": 357041, "agb": 85.32, "cagb": 40.1, "cagb_category": "40-50", "HCS": "HCS", "longitude": -16.326815528991652, "latitude": 14.53251013182398, "start_date": "2026-01-01", "end_date": "2026-02-01", "B2": 0.088272079098682302, "B3": 0.13581638549735756, "B4": 0.20289254262714945, "B8": 0.34138056654469395, "B5": 0.25110558432463248, "B6": 0.29093820352619132, "B7": 0.31965169046706443, "B8A": 0.34966565395960642, "B11": 0.49760917857190784, "B12": 0.43935194335642513, "B9": 0.36054605937547141, "B1": 0.076338500375698629, "VV": -15.647462845028997, "VH": -23.437283001814833, "elevation": 27.0, "ARI": 3.38049331748116, "ARVI": 0.23412345016045949, "AVI": 0.33526583181985814, "BCC": 0.20673537605980954, "CCCI": 0.5988166503369593, "CVI": 0.0012776421065999206, "EVI": 0.18253858315660096, "ExG": -0.019531850731116643, "GNDVI": 0.43077429595405653, "IKAW": 0.58910026509204561, "MCARI": 0.031132793734828905, "MSAVI": 0.18491639393206671, "MTVI2": 0.074405670964637585, "NDDI": -3.886043755865265, "NDMI": -0.18621039522420077, "NDVI": 0.25444583166760804, "NDYI": 0.2121675762488823, "PSRI": 0.3939684171389633, "PVI": -0.17351986434341443, "RCC": 0.47517931522676488, "RENDVI": 0.073485980458318986, "S2REP": 713.93309641492715, "SAVI": 0.19892500731064292, "SI": 0.85637251088731114, "SIPI": 1.9138266159881152, "TCARI": 0.059028009189460398, "TNDVI": 0.8685884132704097, "TTVI": 0.5319527494861449, "TVI": 0.8685884132704097, "VARI": -0.26783661186726992, "VARI700": -0.080030760921350128, "AWEInsh": -0.32429846970420528, "AWEIsh": -0.9405095606719327, "MNDWI": -0.5711686006960528, "MuWIR": -0.49717655611169653, "NDWI": -0.43077429595405653, "S2WI": -0.27264002706151841, "WI2015": -51.929361124241026, "BAI": 11.140584324447257, "BAIM": 7.0327450839389591, "MIRBI": 1.5169494835595545, "NBR": -0.1254864829749941, "NBRplus": -0.13266347942441395, "NBRSWIR": -0.075467858495943937, "NDSWIR": -0.18621039522420077, "NBSIMS": -4.1376103001720379, "NDSI": -0.5711686006960528, "NBAI": -0.78584857475077785, "NDBI": 0.18621039522420077, "UI": 0.1254864829749941, "BI": 0.23965670841268619, "BI2": 0.24231671123941129, "BSI": 0.19833231573026169, "SATVI": 0.14856586097455071, "DPDD": -27.637088829256022, "DpRVIVV": 2.398611785135345, "NDPolI": -0.19930589256767239, "VDDPI": 2.497832794615682, "VHVVD": -7.7898201567858365, "VHVVP": 366.73401495932728, "VHVVR": 1.497832794615682, "VVVHD": 7.7898201567858365, "VVVHR": 0.66763126271152495, "VVVHS": -39.08474584684383 }, "geometry": null },
{ "type": "Feature", "properties": { "inventory_date": "2026-01-15", "latitude_proj": 1729890, "longitude_proj": 342234, "agb": 7.54, "cagb": 3.54, "cagb_category": "0-10", "HCS": "non-HCS", "longitude": -16.471833594060151, "latitude": 15.642067643591126, "start_date": "2026-01-01", "end_date": "2026-02-01", "B2": 0.10202809449514393, "B3": 0.15044662141684526, "B4": 0.22419817428314615, "B8": 0.33818420909215047, "B5": 0.25693515511109427, "B6": 0.28281404742166333, "B7": 0.30339662772557374, "B8A": 0.34606411646918644, "B11": 0.51496981762083738, "B12": 0.42555553889808651, "B9": 0.35186871936037062, "B1": 0.078662336760836338, "VV": -17.228493749726496, "VH": -24.115907042349495, "elevation": 40.0, "ARI": 2.75484315202866, "ARVI": 0.18024606193038661, "AVI": 0.3103977679180524, "BCC": 0.21404215887624053, "CCCI": 0.67358792456999705, "CVI": 0.0017161303631108482, "EVI": 0.14856149058131229, "ExG": -0.02533302594459956, "GNDVI": 0.38421150683378535, "IKAW": 0.53645959613706395, "MCARI": 0.013109614615901655, "MSAVI": 0.14928603174412969, "MTVI2": 0.037702811862907269, "NDDI": -3.2330992093216193, "NDMI": -0.20721417586200985, "NDVI": 0.20268422016508586, "NDYI": 0.19177574572885023, "PSRI": 0.43198023896547116, "PVI": -0.18109988101155228, "RCC": 0.47033967925334758, "RENDVI": 0.047946142743950523, "S2REP": 714.28086887885104, "SAVI": 0.16093927656282167, "SI": 0.83959157636751569, "SIPI": 2.2767865621974703, "TCARI": 0.024988273272282462, "TNDVI": 0.83826262004522534, "TTVI": -0.073465215527346084, "TVI": 0.83826262004522534, "VARI": -0.270532042022191, "VARI700": -0.12695437266895793, "AWEInsh": -0.37236110511926812, "AWEIsh": -0.90797527675674616, "MNDWI": -0.54781212909491872, "MuWIR": -0.4087436158109069, "NDWI": -0.38421150683378535, "S2WI": -0.24706620217260275, "WI2015": -48.941612906022385, "BAI": 10.774510531606897, "BAIM": 7.4668412793774257, "MIRBI": 1.2088511762966583, "NBR": -0.11439934877797261, "NBRplus": -0.16891343057281388, "NBRSWIR": -0.10515291918382094, "NDSWIR": -0.20721417586200985, "NBSIMS": -3.7651342363192621, "NDSI": -0.54781212909491872, "NBAI": -0.77884578999469534, "NDBI": 0.20721417586200985, "UI": 0.11439934877797261, "BI": 0.25348540200271646, "BI2": 0.24984499629898727, "BSI": 0.19224581901661064, "SATVI": 0.13919828856418887, "DPDD": -29.234906164171395, "DpRVIVV": 2.3331727228197261, "NDPolI": -0.16658636140986305, "VDDPI": 2.3997687431457746, "VHVVD": -6.8874132926229983, "VHVVP": 415.48075374810344, "VHVVR": 1.3997687431457748, "VVVHD": 6.8874132926229983, "VVVHR": 0.71440372196956392, "VVVHS": -41.344400792075987 }, "geometry": null },
{ "type": "Feature", "properties": { "inventory_date": "2026-01-15", "latitude_proj": 1754649, "longitude_proj": 397821, "agb": 14.74, "cagb": 6.93, "cagb_category": "0-10", "HCS": "non-HCS", "longitude": -15.954360785524436, "latitude": 15.86874073323621, "start_date": "2026-01-01", "end_date": "2026-02-01", "B2": 0.095160757531809331, "B3": 0.1514251640027105, "B4": 0.22663129056395623, "B8": 0.3352463886000483, "B5": 0.26182298015539535, "B6": 0.28618625348758558, "B7": 0.30733625273431503, "B8A": 0.33992523561421323, "B11": 0.49008370328349493, "B12": 0.39873843338479104, "B9": 0.36025982221315417, "B1": 0.069495517168164184, "VV": -17.435593832122272, "VH": -21.132863250664929, "elevation": 45.0, "ARI": 2.7845477386607285, "ARVI": 0.16880197887326154, "AVI": 0.3042381239606356, "BCC": 0.20109318743885096, "CCCI": 0.63615263650274423, "CVI": 0.0017421280985083847, "EVI": 0.13704832483597643, "ExG": -0.01894172009034456, "GNDVI": 0.37771105299713337, "IKAW": 0.55781051319879205, "MCARI": 0.015148199489322932, "MSAVI": 0.14213288159182469, "MTVI2": 0.029958677876234664, "NDDI": -3.0965674084836774, "NDMI": -0.18760653004918509, "NDVI": 0.19330737287463731, "NDYI": 0.22817363668113816, "PSRI": 0.45938800843853222, "PVI": -0.18399949623394701, "RCC": 0.47891599200071888, "RENDVI": 0.044457778877613791, "S2REP": 712.4139340727362, "SAVI": 0.15342882730372853, "SI": 0.84052259166276211, "SIPI": 2.4467212775849716, "TCARI": 0.029050723466616673, "TNDVI": 0.83265081088931714, "TTVI": 0.16648683719809587, "TVI": 0.83265081088931714, "VARI": -0.26584401017587445, "VARI700": -0.13134534176395593, "AWEInsh": -0.3419150624649745, "AWEIsh": -0.86395607863292712, "MNDWI": -0.52790936579477377, "MuWIR": -0.21387174974972312, "NDWI": -0.37771105299713337, "S2WI": -0.20727134589290722, "WI2015": -45.537445703925457, "BAI": 10.893713954035176, "BAIM": 8.2738671804539567, "MIRBI": 1.1845640416696592, "NBR": -0.086503212168676416, "NBRplus": -0.19058391454114781, "NBRSWIR": -0.11260394136590432, "NDSWIR": -0.18760653004918509, "NBSIMS": -3.4949665040365629, "NDSI": -0.52790936579477377, "NBAI": -0.78062445020934401, "NDBI": 0.18760653004918509, "UI": 0.086503212168676416, "BI": 0.24958793639948215, "BI2": 0.24945371195561628, "BSI": 0.18466267195454372, "SATVI": 0.12542222672500566, "DPDD": -27.27201754314116, "DpRVIVV": 2.1917250363739709, "NDPolI": -0.095862518186985463, "VDDPI": 2.2120529678622725, "VHVVD": -3.6972694185426569, "VHVVP": 368.46402014837685, "VHVVR": 1.2120529678622722, "VVVHD": 3.6972694185426569, "VVVHR": 0.82504645136402299, "VVVHS": -38.568457082787205 }, "geometry": null },
{ "type": "Feature", "properties": { "inventory_date": "2026-01-15", "latitude_proj": 1675477, "longitude_proj": 422132, "agb": 13.01, "cagb": 6.11, "cagb_category": "0-10", "HCS": "non-HCS", "longitude": -15.72480738572192, "latitude": 15.153901003266482, "start_date": "2026-01-01", "end_date": "2026-02-01", "B2": 0.085473326708174535, "B3": 0.13154809843731796, "B4": 0.20915395538556519, "B8": 0.33723090108217524, "B5": 0.24877237403819186, "B6": 0.28153652839555404, "B7": 0.30634234833163937, "B8A": 0.34960867264953011, "B11": 0.48800528466792226, "B12": 0.37280102887246164, "B9": 0.35499998927116394, "B1": 0.063600003719329834, "VV": -17.427952216445011, "VH": -21.259153859881028, "elevation": 45.0, "ARI": 3.5820433085657077, "ARVI": 0.21193096070286729, "AVI": 0.324461688572805, "BCC": 0.20055904356010926, "CCCI": 0.64397254479478905, "CVI": 0.0012205697272386744, "EVI": 0.1641082444307258, "ExG": -0.031531085219103805, "GNDVI": 0.43876283463142718, "IKAW": 0.5955880207066816, "MCARI": 0.019237196777887305, "MSAVI": 0.1702963538186143, "MTVI2": 0.049435875615596349, "NDDI": -3.2941259010225932, "NDMI": -0.18270452288601574, "NDVI": 0.23440793459137887, "NDYI": 0.21230517539111457, "PSRI": 0.43930579588458046, "PVI": -0.1782854873672656, "RCC": 0.49076968060646342, "RENDVI": 0.061783149796274764, "S2REP": 714.5882903092164, "SAVI": 0.18359919618240184, "SI": 0.85640270691336251, "SIPI": 2.1364570795670366, "TCARI": 0.035197757014450513, "TNDVI": 0.85697604085025558, "TTVI": 0.086812644544847606, "TVI": 0.85697604085025558, "VARI": -0.30406395794689867, "VARI700": -0.11465559002965875, "AWEInsh": -0.4849336407936915, "AWEIsh": -0.91671096304179223, "MNDWI": -0.57534539549121444, "MuWIR": -0.40964975911004164, "NDWI": -0.43876283463142718, "S2WI": -0.19953983592843336, "WI2015": -47.192687236815473, "BAI": 11.264869255390034, "BAIM": 8.8998229252859105, "MIRBI": 0.94555849897897781, "NBR": -0.050096518606647635, "NBRplus": -0.20632600242888016, "NBRSWIR": -0.14071957468437035, "NDSWIR": -0.18270452288601574, "NBSIMS": -3.7276512837534423, "NDSI": -0.57534539549121444, "NBAI": -0.81736679495606779, "NDBI": 0.18270452288601574, "UI": 0.050096518606647635, "BI": 0.24507899413092551, "BI2": 0.24136760339131208, "BSI": 0.15851221444830466, "SATVI": 0.16299076111776115, "DPDD": -27.355915051053426, "DpRVIVV": 2.1980609061777541, "NDPolI": -0.099030453088877091, "VDDPI": 2.2198308553899349, "VHVVD": -3.8312016434360174, "VHVVP": 370.50351763205907, "VHVVR": 1.2198308553899349, "VVVHD": 3.8312016434360174, "VVVHR": 0.81978578880949604, "VVVHS": -38.687106076326039 }, "geometry": null },
{ "type": "Feature", "properties": { "inventory_date": "2026-01-15", "latitude_proj": 1717305, "longitude_proj": 332258, "agb": 17.28, "cagb": 8.12, "cagb_category": "0-10", "HCS": "non-HCS", "longitude": -16.564016660122423, "latitude": 15.527688033082486, "start_date": "2026-01-01", "end_date": "2026-02-01", "B2": 0.097980730099648139, "B3": 0.1583322676918843, "B4": 0.25629471577718116, "B8": 0.3681478547488089, "B5": 0.29556476369822987, "B6": 0.32623794153814123, "B7": 0.34435995614650988, "B8A": 0.37370391739996062, "B11": 0.517881042986304, "B12": 0.44896723045137438, "B9": 0.38635000586509705, "B1": 0.075099997222423553, "VV": -13.699617616710364, "VH": -19.007142681028924, "elevation": 40.0, "ARI": 2.9324787445568821, "ARVI": 0.1520369490396056, "AVI": 0.31286508953783609, "BCC": 0.19114173959170067, "CCCI": 0.6105197409581733, "CVI": 0.0023653792902600828, "EVI": 0.1288001071647053, "ExG": -0.037610910493060701, "GNDVI": 0.39852518283928157, "IKAW": 0.57959784795647051, "MCARI": 0.013635179222635005, "MSAVI": 0.14015443461253907, "MTVI2": 0.0061203036650531875, "NDDI": -2.6328573722762214, "NDMI": -0.16899357190295536, "NDVI": 0.17912478144693095, "NDYI": 0.23546030873284857, "PSRI": 0.48527153197177764, "PVI": -0.16502390240238327, "RCC": 0.49998216763631587, "RENDVI": 0.0493294377486687, "S2REP": 710.43439059677917, "SAVI": 0.14921145183871673, "SI": 0.8265182613680756, "SIPI": 2.6199341406119929, "TCARI": 0.022854404708977684, "TNDVI": 0.8240902750590684, "TTVI": 0.11210743199392392, "TVI": 0.8240902750590684, "VARI": -0.30937504247368547, "VARI700": -0.14270762464445946, "AWEInsh": -0.29557218112360162, "AWEIsh": -0.94747375488615415, "MNDWI": -0.53170910660398096, "MuWIR": -0.2806388449328302, "NDWI": -0.39852518283928157, "S2WI": -0.2060387840395751, "WI2015": -51.387568206204122, "BAI": 8.3763922779245235, "BAIM": 6.1273481325572599, "MIRBI": 1.4144380832479637, "NBR": -0.098908191962660569, "NBRplus": -0.16779642728878824, "NBRSWIR": -0.08334250966018332, "NDSWIR": -0.16899357190295536, "NBSIMS": -3.6905135227204684, "NDSI": -0.53170910660398096, "NBAI": -0.75860788613750718, "NDBI": 0.16899357190295536, "UI": 0.098908191962660569, "BI": 0.24836418214738415, "BI2": 0.27464457715619212, "BSI": 0.20414486461678319, "SATVI": 0.083464082032708414, "DPDD": -23.127171997174393, "DpRVIVV": 2.3245521730677448, "NDPolI": -0.16227608653387229, "VDDPI": 2.3874214020283753, "VHVVD": -5.3075250643185594, "VHVVP": 260.39058671635132, "VHVVR": 1.3874214020283753, "VVVHD": 5.3075250643185594, "VVVHR": 0.72076154983484109, "VVVHS": -32.706760297739287 }, "geometry": null },
{ "type": "Feature", "properties": { "inventory_date": "2026-01-15", "latitude_proj": 1675304, "longitude_proj": 421668, "agb": 5.76, "cagb": 2.71, "cagb_category": "0-10", "HCS": "non-HCS", "longitude": -15.729120763177294, "latitude": 15.15232310536862, "start_date": "2026-01-01", "end_date": "2026-02-01", "B2": 0.091953792699028078, "B3": 0.13974210210949911, "B4": 0.22278974081033659, "B8": 0.35553477522696969, "B5": 0.26290795335886724, "B6": 0.29585948058998857, "B7": 0.32341326280101484, "B8A": 0.36893448073071589, "B11": 0.51314924664443196, "B12": 0.38400469397659831, "B9": 0.37485756549524185, "B1": 0.065786148778092232, "VV": -19.626659850847208, "VH": -22.817361798372193, "elevation": 45.0, "ARI": 3.3524268973996749, "ARVI": 0.20692701351658119, "AVI": 0.3322612018642595, "BCC": 0.20232497023545415, "CCCI": 0.65251514201377492, "CVI": 0.0015467916469387873, "EVI": 0.16571422604026595, "ExG": -0.035259329290366445, "GNDVI": 0.43570108557858389, "IKAW": 0.58902282967713848, "MCARI": 0.018273466110278459, "MSAVI": 0.17256355856451366, "MTVI2": 0.047258769808896248, "NDDI": -3.2266756644197772, "NDMI": -0.18144050937867398, "NDVI": 0.22953381835894718, "NDYI": 0.20625445025671754, "PSRI": 0.44222327386772203, "PVI": -0.16704901476368161, "RCC": 0.49020194116139304, "RENDVI": 0.058971810504864525, "S2REP": 715.82724309364755, "SAVI": 0.184654571665197, "SI": 0.84675619102953914, "SIPI": 2.1827454994623259, "TCARI": 0.033147888112432959, "TNDVI": 0.85412751879268423, "TTVI": 0.1509988851635049, "TVI": 0.85412751879268423, "VARI": -0.30692673937544351, "VARI700": -0.11886277777747926, "AWEInsh": -0.52649936351082838, "AWEIsh": -0.95771815832847607, "MNDWI": -0.57192846137047937, "MuWIR": -0.40720659551321459, "NDWI": -0.43570108557858389, "S2WI": -0.18719179647593853, "WI2015": -48.958814954070434, "BAI": 9.7638968840073357, "BAIM": 7.8610650285015478, "MIRBI": 0.81118432265054974, "NBR": -0.038496821245103688, "NBRplus": -0.22000605937097348, "NBRSWIR": -0.14957023844778269, "NDSWIR": -0.18144050937867398, "NBSIMS": -3.6606229865783217, "NDSI": -0.57192846137047937, "NBAI": -0.81065421989850317, "NDBI": 0.18144050937867398, "UI": 0.038496821245103688, "BI": 0.24374151017293347, "BI2": 0.25532208424394115, "BSI": 0.15110351437991837, "SATVI": 0.16039308933341684, "DPDD": -30.012455528991666, "DpRVIVV": 2.1503487098321967, "NDPolI": -0.075174354916098446, "VDDPI": 2.1625697888368536, "VHVVD": -3.1907019475249854, "VHVVP": 447.82859871036635, "VHVVR": 1.1625697888368538, "VVVHD": 3.1907019475249854, "VVVHR": 0.86016341522214845, "VVVHS": -42.444021649219401 }, "geometry": null },
{ "type": "Feature", "properties": { "inventory_date": "2026-01-15", "latitude_proj": 1718489, "longitude_proj": 332424, "agb": 1.6, "cagb": 0.75, "cagb_category": "0-10", "HCS": "non-HCS", "longitude": -16.562549922071067, "latitude": 15.538399296479373, "start_date": "2026-01-01", "end_date": "2026-02-01", "B2": 0.099054046357216832, "B3": 0.16002730445697927, "B4": 0.26369376763548641, "B8": 0.36736938542981062, "B5": 0.30984787886875298, "B6": 0.33137873365224396, "B7": 0.35120398711669248, "B8A": 0.38182972280462135, "B11": 0.54247915572736227, "B12": 0.480920089703751, "B9": 0.40360000729560852, "B1": 0.081699997186660767, "VV": -16.294150117234697, "VH": -22.643106172981415, "elevation": 40.0, "ARI": 3.0215434266512591, "ARVI": 0.13588152147758109, "AVI": 0.30381743305441455, "BCC": 0.18947735433730453, "CCCI": 0.51700937974554928, "CVI": 0.0024807957374279859, "EVI": 0.11745940131821841, "ExG": -0.042693205078744703, "GNDVI": 0.39314255274779797, "IKAW": 0.57526127717165954, "MCARI": 0.019023718585405795, "MSAVI": 0.12914285163937655, "MTVI2": -0.0091648863730843903, "NDDI": -2.4357300426893929, "NDMI": -0.19246035177991466, "NDVI": 0.16428723066896722, "NDYI": 0.23534406435718441, "PSRI": 0.49683248971265032, "PVI": -0.16739417566637793, "RCC": 0.50441147317317692, "RENDVI": 0.033577606361098987, "S2REP": 701.10024529506347, "SAVI": 0.1374931419788798, "SI": 0.82288812451251192, "SIPI": 2.7554153456782102, "TCARI": 0.032836203187932941, "TNDVI": 0.81503817743033802, "TTVI": 0.15438207475191867, "TVI": 0.81503817743033802, "VARI": -0.31930086815481656, "VARI700": -0.13188851917538, "AWEInsh": -0.29911950475366944, "AWEIsh": -0.98588052666203208, "MNDWI": -0.54441044025420848, "MuWIR": -0.30180612251817696, "NDWI": -0.39314255274779797, "S2WI": -0.21633679869939337, "WI2015": -54.396594991734453, "BAI": 8.2459544814365593, "BAIM": 5.5667067947527649, "MIRBI": 1.492905170909359, "NBR": -0.13385843818946594, "NBRplus": -0.14261592042176405, "NBRSWIR": -0.072600249960389066, "NDSWIR": -0.19246035177991466, "NBSIMS": -3.8819064579288947, "NDSI": -0.54441044025420848, "NBAI": -0.75151618375068296, "NDBI": 0.19246035177991466, "UI": 0.13385843818946594, "BI": 0.26697349100595869, "BI2": 0.27694969856915741, "BSI": 0.22971251839232615, "SATVI": 0.079695177062524769, "DPDD": -27.532797963610363, "DpRVIVV": 2.3261121435175207, "NDPolI": -0.16305607175876027, "VDDPI": 2.3896463460853528, "VHVVD": -6.3489560557467186, "VHVVP": 368.95017110304281, "VHVVR": 1.3896463460853525, "VVVHD": 6.3489560557467186, "VVVHR": 0.71960754822045903, "VVVHS": -38.937256290216112 }, "geometry": null },
{ "type": "Feature", "properties": { "inventory_date": "2026-01-15", "latitude_proj": 1674890, "longitude_proj": 421275, "agb": 104.17, "cagb": 48.96, "cagb_category": "40-50", "HCS": "HCS", "longitude": -15.732765745655543, "latitude": 15.1485685460787, "start_date": "2026-01-01", "end_date": "2026-02-01", "B2": 0.041558593095916009, "B3": 0.071764676795146892, "B4": 0.096027665698853709, "B8": 0.27427607423091116, "B5": 0.1468019424618579, "B6": 0.22171268226922144, "B7": 0.25233880560142119, "B8A": 0.29362620167043801, "B11": 0.32616507999951172, "B12": 0.22293561724853761, "B9": 0.32028075971853254, "B1": 0.045254708752008786, "VV": -11.705464991915504, "VH": -14.712910696416696, "elevation": 45.0, "ARI": 7.1225329117491789, "ARVI": 0.47156340826847315, "AVI": 0.35355439611550532, "BCC": 0.19851161867899328, "CCCI": 0.62891496842072014, "CVI": 0.00013564561630711983, "EVI": 0.28959887085090608, "ExG": 0.0059430947955240662, "GNDVI": 0.58522412991906403, "IKAW": 0.73683323969682535, "MCARI": 0.054678400712053724, "MSAVI": 0.28131905575737676, "MTVI2": 0.20378004923455967, "NDDI": -10.268739633047465, "NDMI": -0.086418136736656534, "NDVI": 0.48135730026887025, "NDYI": 0.26654793607939342, "PSRI": 0.24567414026770446, "PVI": -0.20122539260609401, "RCC": 0.45869231693788948, "RENDVI": 0.20327752219339754, "S2REP": 717.7931624230946, "SAVI": 0.30721758454084508, "SI": 0.92995000148718576, "SIPI": 1.2848438163626776, "TCARI": 0.083495063144625056, "TNDVI": 0.99063479661723486, "TTVI": 0.367992041136328, "TVI": 0.99063479661723486, "VARI": -0.19220683073582992, "VARI700": 0.058112334032405094, "AWEInsh": -0.47309768394170892, "AWEIsh": -0.7354253505739855, "MNDWI": -0.63930982506453182, "MuWIR": -0.49087671841169278, "NDWI": -0.58522412991906403, "S2WI": -0.20591274212528735, "WI2015": -35.424939891721294, "BAI": 21.772254824866572, "BAIM": 19.675046920728505, "MIRBI": 1.0329383884901611, "NBR": 0.10325673724527776, "NBRplus": -0.29213876877224892, "NBRSWIR": -0.18984644951611079, "NDSWIR": -0.086418136736656534, "NBSIMS": -3.8525970059693888, "NDSI": -0.63930982506453182, "NBAI": -0.90648400570828325, "NDBI": 0.086418136736656534, "UI": -0.10325673724527776, "BI": 0.14411128434318424, "BI2": 0.17281863934059408, "BSI": 0.0049285219323922042, "SATVI": 0.26286404668605096, "DPDD": -18.68061259715352, "DpRVIVV": 2.2276783205736184, "NDPolI": -0.1138391602868092, "VDDPI": 2.2569266326949262, "VHVVD": -3.0074457045011922, "VHVVP": 172.22146108608479, "VHVVR": 1.2569266326949262, "VVVHD": 3.0074457045011922, "VVVHR": 0.79559138456310685, "VVVHS": -26.418375688332198 }, "geometry": null },
{ "type": "Feature", "properties": { "inventory_date": "2026-01-15", "latitude_proj": 1676180, "longitude_proj": 422286, "agb": 21.9, "cagb": 10.29, "cagb_category": "10-20", "HCS": "non-HCS", "longitude": -15.723395613433684, "latitude": 15.160260989206963, "start_date": "2026-01-01", "end_date": "2026-02-01", "B2": 0.060071256296816256, "B3": 0.095620432288185744, "B4": 0.14306942545114876, "B8": 0.275795826258043, "B5": 0.1840647758963081, "B6": 0.22675481420085355, "B7": 0.25550432197124862, "B8A": 0.29360248311584741, "B11": 0.3949095954588594, "B12": 0.29234050231205155, "B9": 0.30161970095379542, "B1": 0.046686966190437218, "VV": -14.688593024713468, "VH": -20.697449561976907, "elevation": 45.0, "ARI": 5.0251458817835779, "ARVI": 0.29937901915070775, "AVI": 0.31537714342358997, "BCC": 0.20106785479969627, "CCCI": 0.62951658841561997, "CVI": 0.00036077457862238418, "EVI": 0.1970780698821667, "ExG": -0.011899817171593524, "GNDVI": 0.48510368036953216, "IKAW": 0.64229149317123424, "MCARI": 0.029984759649703343, "MSAVI": 0.19579034143431207, "MTVI2": 0.099973896511598076, "NDDI": -4.767068674148347, "NDMI": -0.17759476119322776, "NDVI": 0.31687135723314436, "NDYI": 0.22833059564358785, "PSRI": 0.3660260508551535, "PVI": -0.21118085608197215, "RCC": 0.47887565927953074, "RENDVI": 0.10391431989513687, "S2REP": 717.4800408873009, "SAVI": 0.21666898475049798, "SI": 0.89976777937171304, "SIPI": 1.7261739840360768, "TCARI": 0.054713651830733678, "TNDVI": 0.90380935889884673, "TTVI": 0.35961935397732336, "TVI": 0.90380935889884673, "VARI": -0.26564418699825454, "VARI700": -0.058580722069320142, "AWEInsh": -0.46216922788906367, "AWEIsh": -0.78002092113608601, "MNDWI": -0.61013423489134511, "MuWIR": -0.46087382876686023, "NDWI": -0.48510368036953216, "S2WI": -0.22727650462425861, "WI2015": -39.332113100234132, "BAI": 20.651422678427348, "BAIM": 16.803750678095941, "MIRBI": 1.0532909876236931, "NBR": -0.029120961329209095, "NBRplus": -0.21163205401325072, "NBRSWIR": -0.15569269980894349, "NDSWIR": -0.17759476119322776, "NBSIMS": -3.8952225195477101, "NDSI": -0.61013423489134511, "NBAI": -0.8677883664043281, "NDBI": 0.17759476119322776, "UI": 0.029120961329209095, "BI": 0.23129008363573336, "BI2": 0.18768365703248108, "BSI": 0.12906237820739858, "SATVI": 0.2177679859389583, "DPDD": -25.021710672404719, "DpRVIVV": 2.3396173235558999, "NDPolI": -0.16980866177794995, "VDDPI": 2.4090831931386192, "VHVVD": -6.0088565372634388, "VHVVP": 304.01641326541278, "VHVVR": 1.4090831931386194, "VVVHD": 6.0088565372634388, "VVVHR": 0.70968130545406649, "VVVHS": -35.386042586690373 }, "geometry": null },
{ "type": "Feature", "properties": { "inventory_date": "2026-01-15", "latitude_proj": 1764841, "longitude_proj": 388690, "agb": 11.06, "cagb": 5.2, "cagb_category": "0-10", "HCS": "non-HCS", "longitude": -16.040109261085593, "latitude": 15.960473338614573, "start_date": "2026-01-01", "end_date": "2026-02-01", "B2": 0.10434855740342136, "B3": 0.167894384647085, "B4": 0.2584372539813764, "B8": 0.3601508346331137, "B5": 0.29742807624734402, "B6": 0.32109760997282716, "B7": 0.33777225980809311, "B8A": 0.36586642924453128, "B11": 0.53238542891236107, "B12": 0.44022352741366999, "B9": 0.37464996880663731, "B1": 0.075543852350554441, "VV": -19.615941355994618, "VH": -24.52408800985382, "elevation": 40.0, "ARI": 2.5939679722005975, "ARVI": 0.13735334678607714, "AVI": 0.30061023117134328, "BCC": 0.19663171564282794, "CCCI": 0.58009601570534297, "CVI": 0.0026236861669290011, "EVI": 0.11948534431690491, "ExG": -0.026997042090627754, "GNDVI": 0.36409088268633844, "IKAW": 0.55070530040558652, "MCARI": 0.01505809962588805, "MSAVI": 0.12773544906521928, "MTVI2": 0.0038721279528511491, "NDDI": -2.647067430080067, "NDMI": -0.19297209683679367, "NDVI": 0.16442861174316301, "NDYI": 0.23341588496305132, "PSRI": 0.47988116943939502, "PVI": -0.17185424946976707, "RCC": 0.48699245970326305, "RENDVI": 0.038267664953622806, "S2REP": 706.00060368460822, "SAVI": 0.13639549046743674, "SI": 0.82064462407017691, "SIPI": 2.7981217499071307, "TCARI": 0.027526484591348072, "TNDVI": 0.81512490560843687, "TTVI": 0.079636000362483528, "TVI": 0.81512490560843687, "VARI": -0.2812038104294346, "VARI700": -0.13836701372044805, "AWEInsh": -0.33738718533179024, "AWEIsh": -0.92477575815049573, "MNDWI": -0.52049343306443141, "MuWIR": -0.16967064456959391, "NDWI": -0.36409088268633844, "S2WI": -0.19358115736158185, "WI2015": -49.218121635149117, "BAI": 8.6810915692444848, "BAIM": 6.4976885008993737, "MIRBI": 1.1848580707955616, "NBR": -0.10004405010648737, "NBRplus": -0.18351090291164621, "NBRSWIR": -0.10456923824585171, "NDSWIR": -0.19297209683679367, "NBSIMS": -3.4927913361357268, "NDSI": -0.52049343306443141, "NBAI": -0.75618840020283751, "NDBI": 0.19297209683679367, "UI": 0.10004405010648737, "BI": 0.25995184612309807, "BI2": 0.2736707037836934, "BSI": 0.20131482723285057, "SATVI": 0.09822960714301765, "DPDD": -31.211714086364768, "DpRVIVV": 2.2223898227696552, "NDPolI": -0.11119491138482754, "VDDPI": 2.2502121394423558, "VHVVD": -4.9081466538592018, "VHVVP": 481.06307221054328, "VHVVR": 1.250212139442356, "VVVHD": 4.9081466538592018, "VVVHR": 0.7998642537945917, "VVVHS": -44.140029365848434 }, "geometry": null },
{ "type": "Feature", "properties": { "inventory_date": "2026-01-15", "latitude_proj": 1717513, "longitude_proj": 332314, "agb": 0.78, "cagb": 0.37, "cagb_category": "0-10", "HCS": "non-HCS", "longitude": -16.563508827248786, "latitude": 15.529571514573112, "start_date": "2026-01-01", "end_date": "2026-02-01", "B2": 0.1015476420069856, "B3": 0.15906211020064953, "B4": 0.25417073344853308, "B8": 0.35943412173173267, "B5": 0.28606265638490469, "B6": 0.30883212327129617, "B7": 0.32966175079781251, "B8A": 0.3659009089054398, "B11": 0.52249975728431142, "B12": 0.43729174158892831, "B9": 0.37927388629862807, "B1": 0.074411455189328055, "VV": -16.657045504311988, "VH": -22.408408771928364, "elevation": 40.0, "ARI": 2.7911146854092634, "ARVI": 0.14474527608729632, "AVI": 0.30444722732185309, "BCC": 0.19726396947146754, "CCCI": 0.66258950996956323, "CVI": 0.002311417114992395, "EVI": 0.12396463294003497, "ExG": -0.037594155054219619, "GNDVI": 0.38644834656621746, "IKAW": 0.55942881044404102, "MCARI": 0.0073063701963027453, "MSAVI": 0.13272906943720264, "MTVI2": 0.0023898434244397047, "NDDI": -2.5965545127819616, "NDMI": -0.18489553404446579, "NDVI": 0.17154914501495455, "NDYI": 0.22069192617105338, "PSRI": 0.49419435331043737, "PVI": -0.17140896657639051, "RCC": 0.49374585970280666, "RENDVI": 0.038274780120864924, "S2REP": 713.99781720237945, "SAVI": 0.14178735095335049, "SI": 0.82597353361268111, "SIPI": 2.707709405815272, "TCARI": 0.0099142499020020945, "TNDVI": 0.81948102175398463, "TTVI": 0.074872829273183505, "TVI": 0.81948102175398463, "VARI": -0.30514321099230335, "VARI700": -0.15469240041795801, "AWEInsh": -0.34105682939802784, "AWEIsh": -0.93302083641268863, "MNDWI": -0.53324234295088602, "MuWIR": -0.28998913340228971, "NDWI": -0.38644834656621746, "S2WI": -0.2090663796717446, "WI2015": -50.03805820717254, "BAI": 8.8160558615723517, "BAIM": 6.5764878347364331, "MIRBI": 1.2524197945030311, "NBR": -0.097721968674010548, "NBRplus": -0.17787036299555287, "NBRSWIR": -0.099272371789393743, "NDSWIR": -0.18489553404446579, "NBSIMS": -3.6319432903388527, "NDSI": -0.53324234295088602, "NBAI": -0.76503401225612011, "NDBI": 0.18489553404446579, "UI": 0.097721968674010548, "BI": 0.25507061927416369, "BI2": 0.27024458336126483, "BSI": 0.19999293982631086, "SATVI": 0.096622272924143243, "DPDD": -27.623447628862561, "DpRVIVV": 2.2944475303907761, "NDPolI": -0.14722376519538802, "VDDPI": 2.3452811163977145, "VHVVD": -5.7513632676163766, "VHVVP": 373.25788459323468, "VHVVR": 1.3452811163977145, "VVVHD": 5.7513632676163766, "VVVHR": 0.74333905962920188, "VVVHS": -39.065454276240352 }, "geometry": null },
{ "type": "Feature", "properties": { "inventory_date": "2026-01-15", "latitude_proj": 1717293, "longitude_proj": 332886, "agb": 22.76, "cagb": 10.7, "cagb_category": "10-20", "HCS": "non-HCS", "longitude": -16.558161968339068, "latitude": 15.527620990863522, "start_date": "2026-01-01", "end_date": "2026-02-01", "B2": 0.084203876300100081, "B3": 0.13220249145871929, "B4": 0.20474294875226345, "B8": 0.33531569547636897, "B5": 0.25311862772202515, "B6": 0.29392097773138731, "B7": 0.31886358248195207, "B8A": 0.35044585916534771, "B11": 0.47521356392704195, "B12": 0.39429036182670363, "B9": 0.38770453896372109, "B1": 0.079751881771851593, "VV": -15.269862207171949, "VH": -17.817013561103181, "elevation": 40.0, "ARI": 3.6134372243769475, "ARVI": 0.21983474969491437, "AVI": 0.32654119943107618, "BCC": 0.19993829503908078, "CCCI": 0.57775898726655461, "CVI": 0.0011998918842007786, "EVI": 0.16893922996760588, "ExG": -0.024541842134924954, "GNDVI": 0.43444984536152509, "IKAW": 0.59856997401319767, "MCARI": 0.029908527825655527, "MSAVI": 0.17455339505286649, "MTVI2": 0.058697654985999707, "NDDI": -3.5096714988763456, "NDMI": -0.17260063943113496, "NDVI": 0.24177512594137443, "NDYI": 0.22179853419152951, "PSRI": 0.41010707497823901, "PVI": -0.17875342826258234, "RCC": 0.48615286960076431, "RENDVI": 0.074587561124652452, "S2REP": 712.44962793216928, "SAVI": 0.18831545814555364, "SI": 0.85817312431419968, "SIPI": 1.9572523372316926, "TCARI": 0.055435665361880729, "TNDVI": 0.86126367968315864, "TTVI": 0.34362784608014874, "TVI": 0.86126367968315864, "VARI": -0.28701435636887218, "VARI700": -0.0878476466024425, "AWEInsh": -0.37157471871894798, "AWEIsh": -0.89965637461489389, "MNDWI": -0.56470531100874699, "MuWIR": -0.41259920970529296, "NDWI": -0.43444984536152509, "S2WI": -0.21805649347421188, "WI2015": -47.910069864060887, "BAI": 11.524744766546029, "BAIM": 8.3925151975524823, "MIRBI": 1.2858106917820242, "NBR": -0.080830834338642354, "NBRplus": -0.17953825698404433, "NBRSWIR": -0.10409777559371416, "NDSWIR": -0.17260063943113496, "NBSIMS": -3.8526036438158142, "NDSI": -0.56470531100874699, "NBAI": -0.80230517438076254, "NDBI": 0.17260063943113496, "UI": 0.080830834338642354, "BI": 0.23687367518480323, "BI2": 0.23932807987117163, "BSI": 0.1762439063422675, "SATVI": 0.14668606913919358, "DPDD": -23.395954224024202, "DpRVIVV": 2.15396747470328, "NDPolI": -0.076983737351639936, "VDDPI": 2.1668090595300122, "VHVVD": -2.5471513539312323, "VHVVP": 272.06334202135957, "VHVVR": 1.1668090595300125, "VVVHD": 2.5471513539312323, "VVVHR": 0.85703825474478001, "VVVHS": -33.086875768275128 }, "geometry": null },
{ "type": "Feature", "properties": { "inventory_date": "2026-01-15", "latitude_proj": 1675147, "longitude_proj": 422548, "agb": 25.63, "cagb": 12.05, "cagb_category": "10-20", "HCS": "non-HCS", "longitude": -15.720925310986267, "latitude": 15.150930079630752, "start_date": "2026-01-01", "end_date": "2026-02-01", "B2": 0.069307928493162738, "B3": 0.1021847291000577, "B4": 0.15801739085643973, "B8": 0.28681863145885744, "B5": 0.19803273708858679, "B6": 0.23732470057069013, "B7": 0.26033080033590467, "B8A": 0.3068220004531908, "B11": 0.43500759220924706, "B12": 0.31676708545656945, "B9": 0.3342187885041214, "B1": 0.05640043977173001, "VV": -14.852559235737756, "VH": -22.983171756260603, "elevation": 45.0, "ARI": 4.7365279387527366, "ARVI": 0.27123603726978102, "AVI": 0.31449241507220205, "BCC": 0.21033631241067, "CCCI": 0.63243405940537756, "CVI": 0.00047324304670995327, "EVI": 0.18774448401483071, "ExG": -0.02295586114948707, "GNDVI": 0.47463318078671624, "IKAW": 0.61076798932098531, "MCARI": 0.026124592009993213, "MSAVI": 0.18558566695511869, "MTVI2": 0.082106986724225173, "NDDI": -4.1287993103475751, "NDMI": -0.20529728055228824, "NDVI": 0.28954768530666375, "NDYI": 0.19170966890535068, "PSRI": 0.37378942078072386, "PVI": -0.20601178470220038, "RCC": 0.4795525708545435, "RENDVI": 0.090252192987350197, "S2REP": 714.92435890721276, "SAVI": 0.20448189563114899, "SI": 0.88940324137360571, "SIPI": 1.788943884464435, "TCARI": 0.047974060048084924, "TNDVI": 0.88856495840577898, "TTVI": -0.056310712147856101, "TVI": 0.88856495840577898, "VARI": -0.29247962616560746, "VARI700": -0.0704672806658765, "AWEInsh": -0.53188662529590591, "AWEIsh": -0.83716135562299221, "MNDWI": -0.61955997862738721, "MuWIR": -0.58724496934272097, "NDWI": -0.47463318078671624, "S2WI": -0.23064178185020207, "WI2015": -42.47506807027338, "BAI": 18.24394404609372, "BAIM": 14.34357700234226, "MIRBI": 0.90459645091507257, "NBR": -0.049617565754804506, "NBRplus": -0.20318360207605013, "NBRSWIR": -0.16229703744129687, "NDSWIR": -0.20529728055228824, "NBSIMS": -4.0162866829921953, "NDSI": -0.61955997862738721, "NBAI": -0.86148739128864626, "NDBI": 0.20529728055228824, "UI": 0.049617565754804506, "BI": 0.24958967285716896, "BI2": 0.19805398424525647, "BSI": 0.14280459782356481, "SATVI": 0.22174070737244864, "DPDD": -26.753901955592056, "DpRVIVV": 2.4297848783332525, "NDPolI": -0.21489243916662637, "VDDPI": 2.5474216524893047, "VHVVD": -8.1306125205228472, "VHVVP": 341.35891993499558, "VHVVR": 1.5474216524893047, "VVVHD": 8.1306125205228472, "VVVHR": 0.64623627205378764, "VVVHS": -37.835730991998361 }, "geometry": null },
{ "type": "Feature", "properties": { "inventory_date": "2026-01-15", "latitude_proj": 1764915, "longitude_proj": 390721, "agb": 111.58, "cagb": 52.44, "cagb_category": ">=50", "HCS": "HCS", "longitude": -16.021136656636809, "latitude": 15.961233037324552, "start_date": "2026-01-01", "end_date": "2026-02-01", "B2": 0.10221471237283249, "B3": 0.14989868792429167, "B4": 0.22170189249845476, "B8": 0.32732702510598277, "B5": 0.25567767506998484, "B6": 0.28028153614544654, "B7": 0.29811994773752926, "B8A": 0.33650560818140474, "B11": 0.49183094716384651, "B12": 0.38382688091995953, "B9": 0.34634770305375501, "B1": 0.074861215168402676, "VV": -18.096690836368005, "VH": -25.190808366085882, "elevation": 40.0, "ARI": 2.7599979804179342, "ARVI": 0.16961467625250418, "AVI": 0.2996620192757522, "BCC": 0.21572691706456087, "CCCI": 0.63880477143999637, "CVI": 0.0016305980803829566, "EVI": 0.13964721359560683, "ExG": -0.0241192290227039, "GNDVI": 0.37179123491704086, "IKAW": 0.5240755276878134, "MCARI": 0.014784645988807875, "MSAVI": 0.13941733535328027, "MTVI2": 0.030909226996121138, "NDDI": -3.1446943715348552, "NDMI": -0.20082075451458395, "NDVI": 0.19238537210098003, "NDYI": 0.18913701332520214, "PSRI": 0.42631127889786069, "PVI": -0.18909119339541017, "RCC": 0.46790784482784725, "RENDVI": 0.045906219280504264, "S2REP": 711.02196444801177, "SAVI": 0.15103272774701038, "SI": 0.84061354127951438, "SIPI": 2.3902058506820434, "TCARI": 0.02873358684980969, "TNDVI": 0.83209697277479633, "TTVI": -0.093916824267931576, "TVI": 0.83209697277479633, "VARI": -0.26654406593020985, "VARI700": -0.12083677176689692, "AWEInsh": -0.39403687070482629, "AWEIsh": -0.84773224645117218, "MNDWI": -0.53282915505778727, "MuWIR": -0.33079130738002993, "NDWI": -0.37179123491704086, "S2WI": -0.20038826095867521, "WI2015": -44.278811612559771, "BAI": 11.59083127829809, "BAIM": 9.0332114235856622, "MIRBI": 1.0183255269938991, "NBR": -0.079448141021552218, "NBRplus": -0.21059488223580708, "NBRSWIR": -0.13119770329244138, "NDSWIR": -0.20082075451458395, "NBSIMS": -3.4826843050732106, "NDSI": -0.53282915505778727, "NBAI": -0.79053987287280569, "NDBI": 0.20082075451458395, "UI": 0.079448141021552218, "BI": 0.24844494651762897, "BI2": 0.24410675748092489, "BSI": 0.1700242003678071, "SATVI": 0.14198241200895201, "DPDD": -30.608884226662408, "DpRVIVV": 2.3277674922516995, "NDPolI": -0.16388374612584977, "VDDPI": 2.3920118652555629, "VHVVD": -7.0941175297178773, "VHVVP": 455.87027091924887, "VHVVR": 1.3920118652555631, "VVVHD": 7.0941175297178773, "VVVHR": 0.7183846811653487, "VVVHS": -43.287499202453887 }, "geometry": null },
{ "type": "Feature", "properties": { "inventory_date": "2026-01-15", "latitude_proj": 1764918, "longitude_proj": 389490, "agb": 48.05, "cagb": 22.58, "cagb_category": "20-30", "HCS": "non-HCS", "longitude": -16.032638299639967, "latitude": 15.961205309301116, "start_date": "2026-01-01", "end_date": "2026-02-01", "B2": 0.086153505500596583, "B3": 0.13157862643370713, "B4": 0.18547195787342172, "B8": 0.32829419834318369, "B5": 0.22314368997527231, "B6": 0.2647184100328136, "B7": 0.28744489698755149, "B8A": 0.32232678662696174, "B11": 0.43788828838273575, "B12": 0.34625488076981553, "B9": 0.31630999500347651, "B1": 0.069203714358395535, "VV": -16.172827013258207, "VH": -20.938785554239356, "elevation": 40.0, "ARI": 3.1186012042556381, "ARVI": 0.25996526169528861, "AVI": 0.33676092727910883, "BCC": 0.21367220144438592, "CCCI": 0.68593730828561694, "CVI": 0.0010541736616097373, "EVI": 0.19891957823094294, "ExG": -0.0084682105066040403, "GNDVI": 0.42776080975194375, "IKAW": 0.58424908763364347, "MCARI": 0.02329072345059266, "MSAVI": 0.1955013427660578, "MTVI2": 0.097543679172208575, "NDDI": -4.71223404896406, "NDMI": -0.1430391479030978, "NDVI": 0.27799075268310913, "NDYI": 0.20862846714244576, "PSRI": 0.37518528598186257, "PVI": -0.17973389234797416, "RCC": 0.45999522961651285, "RENDVI": 0.085218179597989302, "S2REP": 716.2091148247664, "SAVI": 0.21132423822882973, "SI": 0.86464253875979158, "SIPI": 1.8140765971224369, "TCARI": 0.046917335305682289, "TNDVI": 0.88203784084533987, "TTVI": 0.18182533789693323, "TVI": 0.88203784084533987, "VARI": -0.23340845938060392, "VARI700": -0.090420128624440571, "AWEInsh": -0.3551112752649177, "AWEIsh": -0.82073737869646857, "MNDWI": -0.53788842508569956, "MuWIR": -0.38165930305712648, "NDWI": -0.42776080975194375, "S2WI": -0.21621267969367361, "WI2015": -42.492902402118688, "BAI": 12.612371111128445, "BAIM": 10.117550663180797, "MIRBI": 1.171243581547345, "NBR": -0.026626205539038481, "NBRplus": -0.21866300393575927, "NBRSWIR": -0.12626168646410571, "NDSWIR": -0.1430391479030978, "NBSIMS": -3.4918759179393208, "NDSI": -0.53788842508569956, "NBAI": -0.81152165783542651, "NDBI": 0.1430391479030978, "UI": 0.026626205539038481, "BI": 0.20130173640726068, "BI2": 0.23057165390782899, "BSI": 0.12395084578283942, "SATVI": 0.16391893189488363, "DPDD": -26.241872907245423, "DpRVIVV": 2.2568445945221574, "NDPolI": -0.12842229726107851, "VDDPI": 2.2946892671933048, "VHVVD": -4.7659585409811491, "VHVVP": 338.63935663642297, "VHVVR": 1.294689267193305, "VVVHD": 4.7659585409811491, "VVVHR": 0.77238610478933856, "VVVHS": -37.111612567497559 }, "geometry": null },
{ "type": "Feature", "properties": { "inventory_date": "2026-01-15", "latitude_proj": 1676212, "longitude_proj": 420988, "agb": 1.08, "cagb": 0.51, "cagb_category": "0-10", "HCS": "non-HCS", "longitude": -15.735478253236437, "latitude": 15.160511209567311, "start_date": "2026-01-01", "end_date": "2026-02-01", "B2": 0.087495900696009876, "B3": 0.1371537353816179, "B4": 0.22248067257388621, "B8": 0.35450995534571161, "B5": 0.26024095963353994, "B6": 0.29185259535276009, "B7": 0.31801405234881419, "B8A": 0.36564392768839271, "B11": 0.50363886441440919, "B12": 0.37539629524745499, "B9": 0.36390717342866818, "B1": 0.060928842562794849, "VV": -20.067211194739915, "VH": -25.369500663017934, "elevation": 45.0, "ARI": 3.4484956790294916, "ARVI": 0.20540140438419108, "AVI": 0.33138788785132173, "BCC": 0.19568322478493119, "CCCI": 0.67014408934513903, "CVI": 0.0014836655220879119, "EVI": 0.16234374800904522, "ExG": -0.035669102506660277, "GNDVI": 0.44208312320674648, "IKAW": 0.60409619239184453, "MCARI": 0.015373496624595797, "MSAVI": 0.17177377039483377, "MTVI2": 0.043760664446546492, "NDDI": -3.1459708010845784, "NDMI": -0.17377977529629854, "NDVI": 0.2288239641740305, "NDYI": 0.22104569387527848, "PSRI": 0.4625100959431977, "PVI": -0.16778590404926175, "RCC": 0.49757457338300004, "RENDVI": 0.057257751759128193, "S2REP": 716.07896162299562, "SAVI": 0.18388639513075036, "SI": 0.84910190185948786, "SIPI": 2.2236060563192424, "TCARI": 0.026894020504580562, "TNDVI": 0.85371187421402928, "TTVI": 0.048577417037279913, "TVI": 0.85371187421402928, "VARI": -0.31354231362379703, "VARI700": -0.13019577211842642, "AWEInsh": -0.522228193037092, "AWEIsh": -0.95069206430199027, "MNDWI": -0.57192472127401039, "MuWIR": -0.35769506074514035, "NDWI": -0.44208312320674648, "S2WI": -0.18116517672563831, "WI2015": -48.291451967439215, "BAI": 9.8292048900897466, "BAIM": 8.0978103224625162, "MIRBI": 0.81830208121333969, "NBR": -0.028615099384023436, "NBRplus": -0.22253238605829323, "NBRSWIR": -0.15141700244775042, "NDSWIR": -0.17377977529629854, "NBSIMS": -3.6215347833506599, "NDSI": -0.57192472127401039, "NBAI": -0.81450331516513175, "NDBI": 0.17377977529629854, "UI": 0.028615099384023436, "BI": 0.24322190292397239, "BI2": 0.25428730813607803, "BSI": 0.14989295736280533, "SATVI": 0.15626284071244517, "DPDD": -32.128607069439788, "DpRVIVV": 2.2333923055381795, "NDPolI": -0.11669615276908969, "VDDPI": 2.2642265243945743, "VHVVD": -5.3022894682780191, "VHVVP": 509.09512770987521, "VHVVR": 1.2642265243945743, "VVVHD": 5.3022894682780191, "VVVHR": 0.79099748399828129, "VVVHS": -45.436711857757849 }, "geometry": null },
{ "type": "Feature", "properties": { "inventory_date": "2026-01-15", "latitude_proj": 1764801, "longitude_proj": 389940, "agb": 38.63, "cagb": 18.16, "cagb_category": "10-20", "HCS": "non-HCS", "longitude": -16.0284284590875, "latitude": 15.960167868740864, "start_date": "2026-01-01", "end_date": "2026-02-01", "B2": 0.086701094266707024, "B3": 0.13264116628816094, "B4": 0.19450978256598878, "B8": 0.32173415650851539, "B5": 0.23654587380316133, "B6": 0.27432579890872438, "B7": 0.29456960158626538, "B8A": 0.32983751267629818, "B11": 0.44471098021434174, "B12": 0.33765934831904676, "B9": 0.34412766673269063, "B1": 0.070694742572024807, "VV": -15.80142867512458, "VH": -19.576931190122885, "elevation": 40.0, "ARI": 3.3116277678393589, "ARVI": 0.22607820234456957, "AVI": 0.3206583750901506, "BCC": 0.2094978041255865, "CCCI": 0.61917357529789685, "CVI": 0.0011010201872226056, "EVI": 0.172996976552976, "ExG": -0.015928544256373911, "GNDVI": 0.41616034307604705, "IKAW": 0.57544754473495741, "MCARI": 0.025848663755413635, "MSAVI": 0.17304449566312463, "MTVI2": 0.068867800307181842, "NDDI": -3.9041395852662499, "NDMI": -0.16045091528879279, "NDVI": 0.2464423585691059, "NDYI": 0.20944469116548617, "PSRI": 0.39299507639510284, "PVI": -0.18706356911799626, "RCC": 0.46999836245628074, "RENDVI": 0.073951888749309552, "S2REP": 712.40561657472961, "SAVI": 0.18778617374838688, "SI": 0.86090917817833545, "SIPI": 1.9732021951225887, "TCARI": 0.050292354818926216, "TNDVI": 0.86396895694758957, "TTVI": 0.071735821343476003, "TVI": 0.86396895694758957, "VARI": -0.25730361278022107, "VARI700": -0.088745000917467537, "AWEInsh": -0.40014958695447367, "AWEIsh": -0.81577853217693796, "MNDWI": -0.54051901567638516, "MuWIR": -0.32588324048558925, "NDWI": -0.41616034307604705, "S2WI": -0.17609292047567873, "WI2015": -41.521630012920291, "BAI": 12.913745479506041, "BAIM": 10.777075884400634, "MIRBI": 1.0184258770899186, "NBR": -0.024151271879294542, "NBRplus": -0.23851048039285569, "NBRSWIR": -0.14398901208120962, "NDSWIR": -0.16045091528879279, "NBSIMS": -3.4104240979105169, "NDSI": -0.54051901567638516, "NBAI": -0.8170064714981452, "NDBI": 0.16045091528879279, "UI": 0.024151271879294542, "BI": 0.22028748846853302, "BI2": 0.2301742832235302, "BSI": 0.13154720786162069, "SATVI": 0.16060761204002311, "DPDD": -25.01627816797447, "DpRVIVV": 2.2134357007718171, "NDPolI": -0.10671785038590839, "VDDPI": 2.238934250353064, "VHVVD": -3.7755025149983048, "VHVVP": 309.34348187854852, "VHVVR": 1.2389342503530643, "VVVHD": 3.7755025149983048, "VVVHR": 0.80714533456075321, "VVVHS": -35.378359865247461 }, "geometry": null },
{ "type": "Feature", "properties": { "inventory_date": "2026-01-15", "latitude_proj": 1676225, "longitude_proj": 421574, "agb": 72.77, "cagb": 34.2, "cagb_category": "30-40", "HCS": "HCS", "longitude": -15.730024230441261, "latitude": 15.160646453840902, "start_date": "2026-01-01", "end_date": "2026-02-01", "B2": 0.0587508749780975, "B3": 0.092798744397779395, "B4": 0.12883089890184737, "B8": 0.268828079081743, "B5": 0.16477983364979973, "B6": 0.21498983671471958, "B7": 0.24589372708078025, "B8A": 0.28100175472880795, "B11": 0.35941088403740973, "B12": 0.26837310293629835, "B9": 0.31504087669482878, "B1": 0.051984778151789306, "VV": -12.496539952125799, "VH": -17.762995237166901, "elevation": 45.0, "ARI": 4.7073040864521998, "ARVI": 0.337338862575771, "AVI": 0.32006053494599956, "BCC": 0.20953979020718985, "CCCI": 0.68159919057507412, "CVI": 0.00029824891059456344, "EVI": 0.21858412728095358, "ExG": -0.0019842850843860838, "GNDVI": 0.48677067975830474, "IKAW": 0.6413025058541143, "MCARI": 0.027566780449036425, "MSAVI": 0.21106266708066568, "MTVI2": 0.12704915916907356, "NDDI": -6.2265494640806844, "NDMI": -0.14418527069052012, "NDVI": 0.35205336212897648, "NDYI": 0.22466482964391729, "PSRI": 0.32596900855709959, "PVI": -0.21331238080975806, "RCC": 0.45948591468911187, "RENDVI": 0.13221172458750097, "S2REP": 720.7416197710852, "SAVI": 0.23393713583922096, "SI": 0.90608769064942773, "SIPI": 1.5489119184494373, "TCARI": 0.052606801974296472, "TNDVI": 0.92306736597551564, "TTVI": 0.51223691057589193, "TVI": 0.92306736597551564, "VARI": -0.22122069607586334, "VARI700": -0.05122277643978726, "AWEInsh": -0.39562954525413652, "AWEIsh": -0.71870398444025763, "MNDWI": -0.58957643286412531, "MuWIR": -0.45755391499491016, "NDWI": -0.48677067975830474, "S2WI": -0.23916095341052204, "WI2015": -36.07046763715681, "BAI": 22.502054094374994, "BAIM": 19.025654599904342, "MIRBI": 1.1615043657963677, "NBR": 0.00084693809446862356, "NBRplus": -0.23423104278149925, "NBRSWIR": -0.15256969525096564, "NDSWIR": -0.14418527069052012, "NBSIMS": -3.7079366646043801, "NDSI": -0.58957643286412531, "NBAI": -0.87039459829054788, "NDBI": 0.14418527069052012, "UI": -0.00084693809446862356, "BI": 0.19693398511834387, "BI2": 0.18025680160670987, "BSI": 0.096063307244914062, "SATVI": 0.21579862794275073, "DPDD": -21.396722527901826, "DpRVIVV": 2.3480856696638641, "NDPolI": -0.17404283483193198, "VDDPI": 2.4214330770930892, "VHVVD": -5.2664552850411024, "VHVVP": 221.97597965067646, "VHVVR": 1.4214330770930894, "VVVHD": 5.2664552850411024, "VVVHR": 0.70351535792670328, "VVVHS": -30.259535189292698 }, "geometry": null },
{ "type": "Feature", "properties": { "inventory_date": "2026-01-15", "latitude_proj": 1676011, "longitude_proj": 422622, "agb": 43.99, "cagb": 20.68, "cagb_category": "20-30", "HCS": "non-HCS", "longitude": -15.720262985624165, "latitude": 15.158743172937596, "start_date": "2026-01-01", "end_date": "2026-02-01", "B2": 0.047810729224738169, "B3": 0.078007104240169642, "B4": 0.11021201024722023, "B8": 0.24938366900691622, "B5": 0.14725316390913515, "B6": 0.19860607711922248, "B7": 0.22292621655260764, "B8A": 0.25896477447198629, "B11": 0.33468956652249843, "B12": 0.23227931046739075, "B9": 0.28139999508857727, "B1": 0.043699998408555984, "VV": -13.788843181976848, "VH": -19.034077313224014, "elevation": 45.0, "ARI": 6.0283196738269789, "ARVI": 0.37332025529826435, "AVI": 0.31373895886443587, "BCC": 0.20256222040739116, "CCCI": 0.66531313765662614, "CVI": 0.00016724966128238035, "EVI": 0.22417028063881694, "ExG": -0.0020085309916191146, "GNDVI": 0.52346180396906461, "IKAW": 0.67825282367892348, "MCARI": 0.030986521242119966, "MSAVI": 0.2171876845661509, "MTVI2": 0.13582492507098645, "NDDI": -6.6731882288296118, "NDMI": -0.14605342673895916, "NDVI": 0.3870226111958911, "NDYI": 0.24000075493156239, "PSRI": 0.3141962316944753, "PVI": -0.22426867953472573, "RCC": 0.46694099573967202, "RENDVI": 0.14847922830512664, "S2REP": 718.16494410767837, "SAVI": 0.24285544143344351, "SI": 0.92097066937061756, "SIPI": 1.4779134805995864, "TCARI": 0.055612080592863586, "TNDVI": 0.94181877831984806, "TTVI": 0.22229672150215007, "TVI": 0.94181877831984806, "VARI": -0.22936597374015252, "VARI700": -0.029073882949212416, "AWEInsh": -0.45030766259571964, "AWEIsh": -0.69135119108580745, "MNDWI": -0.62196397612797971, "MuWIR": -0.45934243701677679, "NDWI": -0.52346180396906461, "S2WI": -0.22402864655503238, "WI2015": -33.619467511370644, "BAI": 27.800590293638614, "BAIM": 24.512326437673973, "MIRBI": 1.0428353527534227, "NBR": 0.035511050814395942, "NBRplus": -0.24714423775149694, "NBRSWIR": -0.18353218610073666, "NDSWIR": -0.14605342673895916, "NBSIMS": -3.767723480028633, "NDSI": -0.62196397612797971, "NBAI": -0.89728472779793189, "NDBI": 0.14605342673895916, "UI": -0.035511050814395942, "BI": 0.19904053318412213, "BI2": 0.16373149756234159, "BSI": 0.070811214228094402, "SATVI": 0.24021104063881052, "DPDD": -23.20930966050344, "DpRVIVV": 2.3196080088006847, "NDPolI": -0.15980400440034237, "VDDPI": 2.3803969674630223, "VHVVD": -5.245234131247166, "VHVVP": 262.45790718566911, "VHVVR": 1.3803969674630225, "VVVHD": 5.245234131247166, "VVVHR": 0.72442929358057118, "VVVHS": -32.822920495200862 }, "geometry": null },
{ "type": "Feature", "properties": { "inventory_date": "2026-01-15", "latitude_proj": 1669689, "longitude_proj": 428752, "agb": 0.91, "cagb": 0.43, "cagb_category": "0-10", "HCS": "non-HCS", "longitude": -15.663027790269021, "latitude": 15.101763997336366, "start_date": "2026-01-01", "end_date": "2026-02-01", "B2": 0.092126285774367198, "B3": 0.14572091363157541, "B4": 0.23002788469337276, "B8": 0.35507901323409302, "B5": 0.2740935684158689, "B6": 0.29986091872623988, "B7": 0.3232212500231606, "B8A": 0.36159694947515214, "B11": 0.52180252008211037, "B12": 0.4075638847124009, "B9": 0.36176802598862423, "B1": 0.062585445723363345, "VV": -19.702023758707075, "VH": -24.420822649529285, "elevation": 45.0, "ARI": 3.2140438094138135, "ARVI": 0.18965931198019775, "AVI": 0.32456065591575223, "BCC": 0.19690359436796093, "CCCI": 0.60226106267611945, "CVI": 0.0017343999846562768, "EVI": 0.15292664826310512, "ExG": -0.03071234320458914, "GNDVI": 0.41804738453700807, "IKAW": 0.58799108159662317, "MCARI": 0.02191428528560552, "MSAVI": 0.16149566439132435, "MTVI2": 0.036990130074171949, "NDDI": -3.0920081949257385, "NDMI": -0.19013230466548878, "NDVI": 0.21372355886363609, "NDYI": 0.22533217961392213, "PSRI": 0.45988520112853981, "PVI": -0.16912600280846926, "RCC": 0.49164380090080834, "RENDVI": 0.044894413908451745, "S2REP": 708.43787630147858, "SAVI": 0.17286471330091846, "SI": 0.84210595403397159, "SIPI": 2.3389918261752061, "TCARI": 0.04041830247252412, "TNDVI": 0.84482161363428443, "TTVI": 0.13269604495593157, "TVI": 0.84482161363428443, "VARI": -0.29725063184736483, "VARI700": -0.1157243295047977, "AWEInsh": -0.47229549615156063, "AWEIsh": -0.96078470129909954, "MNDWI": -0.5633983579546421, "MuWIR": -0.31787109150833659, "NDWI": -0.41804738453700807, "S2WI": -0.1958026215132081, "WI2015": -49.944920259582425, "BAI": 9.6173381511565896, "BAIM": 7.3445181723579092, "MIRBI": 0.96197415031932643, "NBR": -0.068819721024911656, "NBRplus": -0.19054491897544404, "NBRSWIR": -0.13040899211831869, "NDSWIR": -0.19013230466548878, "NBSIMS": -3.6877948013713158, "NDSI": -0.5633983579546421, "NBAI": -0.79562530433624556, "NDBI": 0.19013230466548878, "UI": 0.068819721024911656, "BI": 0.25405841110959437, "BI2": 0.2583463554000236, "BSI": 0.17550422649613359, "SATVI": 0.14583566671729181, "DPDD": -31.199563900516427, "DpRVIVV": 2.2138936752702953, "NDPolI": -0.10694683763514763, "VDDPI": 2.2395083342002766, "VHVVD": -4.7187988908222103, "VHVVP": 481.13962804819784, "VHVVR": 1.2395083342002768, "VVVHD": 4.7187988908222103, "VVVHR": 0.80677150157702959, "VVVHS": -44.122846408236356 }, "geometry": null },
{ "type": "Feature", "properties": { "inventory_date": "2026-01-15", "latitude_proj": 1765187, "longitude_proj": 389956, "agb": 28.99, "cagb": 13.63, "cagb_category": "10-20", "HCS": "non-HCS", "longitude": -16.028296769826966, "latitude": 15.963657628801458, "start_date": "2026-01-01", "end_date": "2026-02-01", "B2": 0.096046117877616882, "B3": 0.14525060128587644, "B4": 0.21420904116673148, "B8": 0.32357484607465337, "B5": 0.24824658502334673, "B6": 0.27301425546831432, "B7": 0.29070885513674555, "B8A": 0.32781586024911574, "B11": 0.45818436345695979, "B12": 0.34504472505337913, "B9": 0.33176153439741879, "B1": 0.068046150872340588, "VV": -19.048072807701413, "VH": -23.51806521942683, "elevation": 40.0, "ARI": 2.8564002882185342, "ARVI": 0.18068103869000807, "AVI": 0.30296173424392764, "BCC": 0.21085598963224306, "CCCI": 0.6477743484777152, "CVI": 0.0014623402312522367, "EVI": 0.14477995407521274, "ExG": -0.01975395647259548, "GNDVI": 0.38036383432839649, "IKAW": 0.54222440665027583, "MCARI": 0.015573683351680181, "MSAVI": 0.14567815979344334, "MTVI2": 0.038798495710800351, "NDDI": -3.29789695497543, "NDMI": -0.1721879521738631, "NDVI": 0.20336385582120078, "NDYI": 0.20391691846800661, "PSRI": 0.43280862051113089, "PVI": -0.1902804656490461, "RCC": 0.47026637162928048, "RENDVI": 0.04751492634974526, "S2REP": 710.9526272291655, "SAVI": 0.15807598227214106, "SI": 0.84676721603489269, "SIPI": 2.3364587808543038, "TCARI": 0.030495482934053759, "TNDVI": 0.83866790556286386, "TTVI": -0.072322023510278832, "TVI": 0.83866790556286386, "VARI": -0.26178777263664499, "VARI700": -0.12112849756643455, "AWEInsh": -0.38375576630620434, "AWEIsh": -0.79972737446845665, "MNDWI": -0.5185873879622559, "MuWIR": -0.24146762323128179, "NDWI": -0.38036383432839649, "S2WI": -0.16315448816790226, "WI2015": -40.565831116193777, "BAI": 12.118949246403488, "BAIM": 10.429576671470333, "MIRBI": 0.96024048865558509, "NBR": -0.032110754614172884, "NBRplus": -0.24510864078269423, "NBRSWIR": -0.14740406403779882, "NDSWIR": -0.1721879521738631, "NBSIMS": -3.2490493794056796, "NDSI": -0.5185873879622559, "NBAI": -0.8028025760082721, "NDBI": 0.1721879521738631, "UI": 0.032110754614172884, "BI": 0.23147354828402875, "BI2": 0.23922369691965073, "BSI": 0.14264624263336625, "SATVI": 0.13962796345779288, "DPDD": -30.098804847904951, "DpRVIVV": 2.2100257443546605, "NDPolI": -0.10501287217733031, "VDDPI": 2.2346690112355168, "VHVVD": -4.4699924117254177, "VHVVP": 447.97381859591258, "VHVVR": 1.2346690112355165, "VVVHD": 4.4699924117254177, "VVVHR": 0.80993366716097759, "VVVHS": -42.566138027128247 }, "geometry": null },
{ "type": "Feature", "properties": { "inventory_date": "2026-01-15", "latitude_proj": 1728432, "longitude_proj": 342021, "agb": 9.05, "cagb": 4.25, "cagb_category": "0-10", "HCS": "non-HCS", "longitude": -16.473725953256487, "latitude": 15.628877321031339, "start_date": "2026-01-01", "end_date": "2026-02-01", "B2": 0.094328984588232134, "B3": 0.1397933478940997, "B4": 0.21343910604257851, "B8": 0.32327704471454288, "B5": 0.24971714165954914, "B6": 0.27273680635166975, "B7": 0.29535862409144814, "B8A": 0.33774598007095835, "B11": 0.49320277140328761, "B12": 0.37002587456757213, "B9": 0.34374240720481203, "B1": 0.062816959244814535, "VV": -18.86158534179436, "VH": -24.700080866474053, "elevation": 40.0, "ARI": 3.1488853439217159, "ARVI": 0.18176837100430665, "AVI": 0.30340299523396136, "BCC": 0.21076209089667133, "CCCI": 0.62731146199861554, "CVI": 0.0013484097132679962, "EVI": 0.14479457539472915, "ExG": -0.028181394842611257, "GNDVI": 0.39623284008034571, "IKAW": 0.5482393549455139, "MCARI": 0.016722691120552365, "MSAVI": 0.14643938691912828, "MTVI2": 0.03367113328645148, "NDDI": -3.1363715387955069, "NDMI": -0.20811993552602634, "NDVI": 0.20464809660939196, "NDYI": 0.19419063027359235, "PSRI": 0.43672184567844691, "PVI": -0.1903332921478908, "RCC": 0.47689342215459635, "RENDVI": 0.04406065793884343, "S2REP": 712.11827567659293, "SAVI": 0.15892190730087824, "SI": 0.8493796899056193, "SIPI": 2.371312577593097, "TCARI": 0.031669646911675002, "TNDVI": 0.8394331996111376, "TTVI": 0.016166373771444587, "TVI": 0.8394331996111376, "VARI": -0.28445257351635728, "VARI700": -0.11642034439226434, "AWEInsh": -0.47688580015456417, "AWEIsh": -0.87341383849515752, "MNDWI": -0.55831214874028789, "MuWIR": -0.36058381487267455, "NDWI": -0.39623284008034571, "S2WI": -0.19412680701178353, "WI2015": -44.829975129444776, "BAI": 12.16793210545374, "BAIM": 9.6535214840920727, "MIRBI": 0.86687158592350277, "NBR": -0.067429154779033135, "NBRplus": -0.21429417523288946, "NBRSWIR": -0.14864268980643142, "NDSWIR": -0.20811993552602634, "NBSIMS": -3.5713829256570064, "NDSI": -0.55831214874028789, "NBAI": -0.81015116538942056, "NDBI": 0.20811993552602634, "UI": 0.067429154779033135, "BI": 0.25709262735386501, "BI2": 0.2377719353659892, "BSI": 0.16568150477337487, "SATVI": 0.16276671953480495, "DPDD": -30.802749575651472, "DpRVIVV": 2.2680565750981994, "NDPolI": -0.1340282875490996, "VDDPI": 2.3095442625250855, "VHVVD": -5.8384955246796935, "VHVVP": 465.88268321222233, "VHVVR": 1.3095442625250853, "VVVHD": 5.8384955246796935, "VVVHR": 0.76362443684933812, "VVVHS": -43.561666208268413 }, "geometry": null },
{ "type": "Feature", "properties": { "inventory_date": "2026-01-15", "latitude_proj": 1765571, "longitude_proj": 389752, "agb": 8.18, "cagb": 3.84, "cagb_category": "0-10", "HCS": "non-HCS", "longitude": -16.030220554858317, "latitude": 15.967119482748441, "start_date": "2026-01-01", "end_date": "2026-02-01", "B2": 0.10325737133839706, "B3": 0.15936343075476422, "B4": 0.24134912247205303, "B8": 0.34621050771135481, "B5": 0.27472489310877157, "B6": 0.29830613560485136, "B7": 0.31566533061274643, "B8A": 0.35104532548545908, "B11": 0.50207460087581279, "B12": 0.39162860688936973, "B9": 0.36494037030387094, "B1": 0.077710365460519376, "VV": -21.904575207400132, "VH": -25.937540536418453, "elevation": 40.0, "ARI": 2.6349602558056477, "ARVI": 0.15339871953316114, "AVI": 0.30199466207779374, "BCC": 0.20488796316065769, "CCCI": 0.64507259678555862, "CVI": 0.0021220876123192395, "EVI": 0.12978697623044086, "ExG": -0.025879632300921648, "GNDVI": 0.36957418636623829, "IKAW": 0.54053503642262524, "MCARI": 0.011728329105932005, "MSAVI": 0.13462814924361899, "MTVI2": 0.017435291742446721, "NDDI": -2.8677638226520408, "NDMI": -0.18374022081332078, "NDVI": 0.17846934992209915, "NDYI": 0.21363905284420032, "PSRI": 0.46291958042920711, "PVI": -0.17882223933035113, "RCC": 0.47889588387693993, "RENDVI": 0.041151772442439095, "S2REP": 710.61385474912925, "SAVI": 0.14462846311464012, "SI": 0.8300533745841252, "SIPI": 2.5605244641590166, "TCARI": 0.021338547096446146, "TNDVI": 0.82369250932741833, "TTVI": -0.048942894439624185, "TVI": 0.82369250932741833, "VARI": -0.27562367949616978, "VARI700": -0.13932695099863643, "AWEInsh": -0.38041863846626622, "AWEIsh": -0.8686688663777864, "MNDWI": -0.5181304275416353, "MuWIR": -0.2095417069029335, "NDWI": -0.36957418636623829, "S2WI": -0.17543798266374266, "WI2015": -44.938129641870823, "BAI": 9.8139251191764476, "BAIM": 8.0345687089247591, "MIRBI": 0.99595498031073149, "NBR": -0.061555559036189818, "NBRplus": -0.2208680828381685, "NBRSWIR": -0.13127259021314153, "NDSWIR": -0.18374022081332078, "NBSIMS": -3.338574645751438, "NDSI": -0.5181304275416353, "NBAI": -0.77887390749839458, "NDBI": 0.18374022081332078, "UI": 0.061555559036189818, "BI": 0.24642293038804691, "BI2": 0.26045333403491733, "BSI": 0.1695326295249408, "SATVI": 0.11871099494084947, "DPDD": -33.829484468765806, "DpRVIVV": 2.1685947733003177, "NDPolI": -0.08429738665015872, "VDDPI": 2.184115203825356, "VHVVD": -4.0329653290183209, "VHVVP": 568.1508073749676, "VHVVR": 1.1841152038253562, "VVVHD": 4.0329653290183209, "VVVHR": 0.8445124230897797, "VVVHS": -47.842115743818582 }, "geometry": null },
{ "type": "Feature", "properties": { "inventory_date": "2026-01-15", "latitude_proj": 1765435, "longitude_proj": 388825, "agb": 5.35, "cagb": 2.51, "cagb_category": "0-10", "HCS": "non-HCS", "longitude": -16.038875613795167, "latitude": 15.965848562212832, "start_date": "2026-01-01", "end_date": "2026-02-01", "B2": 0.10194941581838936, "B3": 0.16430138400399188, "B4": 0.2545682732953285, "B8": 0.35762188088537394, "B5": 0.28724315332114314, "B6": 0.30788296373067853, "B7": 0.32688789019655956, "B8A": 0.35750146529737137, "B11": 0.53528734243846476, "B12": 0.45144051660115836, "B9": 0.34948899336621159, "B1": 0.069114736288807682, "VV": -19.741998469396837, "VH": -26.916800364388191, "elevation": 40.0, "ARI": 2.6050049417783483, "ARVI": 0.14136468963411034, "AVI": 0.30173918889306389, "BCC": 0.19574823788250145, "CCCI": 0.64832940900565716, "CVI": 0.0024575977645646349, "EVI": 0.121501930936947, "ExG": -0.027914921105734083, "GNDVI": 0.37040022908800779, "IKAW": 0.55632818433347331, "MCARI": 0.0091244648998443784, "MSAVI": 0.13001754101838581, "MTVI2": 0.0056438442125616821, "NDDI": -2.6661622726829619, "NDMI": -0.19897371077849807, "NDVI": 0.16833594412827935, "NDYI": 0.2341850925037528, "PSRI": 0.49570413259514717, "PVI": -0.1729359536154528, "RCC": 0.4887844674570776, "RENDVI": 0.034681405870376443, "S2REP": 710.90957438309022, "SAVI": 0.13898739420053596, "SI": 0.82398527722441628, "SIPI": 2.7995831620399754, "TCARI": 0.014791530853568484, "TNDVI": 0.81751816134461464, "TTVI": 0.12101012043366866, "TVI": 0.81751816134461464, "VARI": -0.28482525719887775, "VARI700": -0.15269983794456723, "AWEInsh": -0.33188788330604946, "AWEIsh": -0.93952108830767855, "MNDWI": -0.530291504725938, "MuWIR": -0.20642927232099928, "NDWI": -0.37040022908800779, "S2WI": -0.22228373249037214, "WI2015": -50.594097265820736, "BAI": 8.8912492119681321, "BAIM": 6.3349856141998613, "MIRBI": 1.2685892101146283, "NBR": -0.11595970348794529, "NBRplus": -0.16026125867660579, "NBRSWIR": -0.095559182525309719, "NDSWIR": -0.19897371077849807, "NBSIMS": -3.6238895907701663, "NDSI": -0.530291504725938, "NBAI": -0.75659651171431408, "NDBI": 0.19897371077849807, "UI": 0.11595970348794529, "BI": 0.26434865116332829, "BI2": 0.27061249062215936, "BSI": 0.21142905238843729, "SATVI": 0.10073380258681297, "DPDD": -32.992753057388363, "DpRVIVV": 2.3075433604945772, "NDPolI": -0.15377168024728863, "VDDPI": 2.3634283482552898, "VHVVD": -7.1748018949913543, "VHVVP": 531.39143159481193, "VHVVR": 1.36342834825529, "VVVHD": 7.1748018949913543, "VVVHR": 0.73344521644987748, "VVVHS": -46.658798833785028 }, "geometry": null },
{ "type": "Feature", "properties": { "inventory_date": "2026-01-15", "latitude_proj": 1670263, "longitude_proj": 430176, "agb": 5.35, "cagb": 2.51, "cagb_category": "0-10", "HCS": "non-HCS", "longitude": -15.649792569961958, "latitude": 15.1069917062883, "start_date": "2026-01-01", "end_date": "2026-02-01", "B2": 0.096680187134077639, "B3": 0.15740454594039321, "B4": 0.25071308200856629, "B8": 0.3667552009924066, "B5": 0.28364637609888027, "B6": 0.30874338001012797, "B7": 0.33230963977507133, "B8A": 0.3679138331665846, "B11": 0.53429659456014622, "B12": 0.43678006447873502, "B9": 0.36965000629425049, "B1": 0.069250002503395081, "VV": -19.086418835009631, "VH": -23.257913400641524, "elevation": 45.0, "ARI": 2.8275400933057795, "ARVI": 0.16157902533503932, "AVI": 0.3171124994539738, "BCC": 0.1915225942849498, "CCCI": 0.67993055773245903, "CVI": 0.0022781788665042699, "EVI": 0.13518846744322388, "ExG": -0.0325841772618575, "GNDVI": 0.39940238882718571, "IKAW": 0.58276735177724093, "MCARI": 0.0086944086720321737, "MSAVI": 0.14621350165800551, "MTVI2": 0.016067074056806428, "NDDI": -2.7773856094239964, "NDMI": -0.18593980323295184, "NDVI": 0.18793211275542954, "NDYI": 0.23899255209685341, "PSRI": 0.49890266430793034, "PVI": -0.16480109118490849, "RCC": 0.49666039455286676, "RENDVI": 0.042365695308595928, "S2REP": 715.96841952634361, "SAVI": 0.15576565449205587, "SI": 0.8292833246186152, "SIPI": 2.5637690960334947, "TCARI": 0.013105021796158165, "TNDVI": 0.82941673045305131, "TTVI": 0.20072649244514262, "TVI": 0.82941673045305131, "VARI": -0.29960603267233876, "VARI700": -0.15476630124238841, "AWEInsh": -0.39811181741059221, "AWEIsh": -0.9705811574634523, "MNDWI": -0.54487700908953329, "MuWIR": -0.23832361355357923, "NDWI": -0.39940238882718571, "S2WI": -0.21255978369849526, "WI2015": -51.33887880083229, "BAI": 8.5606773568074814, "BAIM": 6.3939168258829895, "MIRBI": 1.1316940180979174, "NBR": -0.087145974166137341, "NBRplus": -0.17493600304003415, "NBRSWIR": -0.10971813183461895, "NDSWIR": -0.18593980323295184, "NBSIMS": -3.6444455842203034, "NDSI": -0.54487700908953329, "NBAI": -0.77198765330109242, "NDBI": 0.18593980323295184, "UI": 0.087145974166137341, "BI": 0.25757984675179879, "BI2": 0.27211677519520672, "BSI": 0.194675648072279, "SATVI": 0.11263881258865358, "DPDD": -29.941964468645047, "DpRVIVV": 2.1970272924563807, "NDPolI": -0.09851364622819031, "VDDPI": 2.2185582639515511, "VHVVD": -4.1714945656318925, "VHVVP": 443.91027639302729, "VHVVR": 1.2185582639515511, "VVVHD": 4.1714945656318925, "VVVHR": 0.82064192544818615, "VVVHS": -42.344332235651152 }, "geometry": null },
{ "type": "Feature", "properties": { "inventory_date": "2026-01-15", "latitude_proj": 1728768, "longitude_proj": 341673, "agb": 21.2, "cagb": 9.96, "cagb_category": "0-10", "HCS": "non-HCS", "longitude": -16.476993307924484, "latitude": 15.631892164772504, "start_date": "2026-01-01", "end_date": "2026-02-01", "B2": 0.08568253671084286, "B3": 0.13234388758410714, "B4": 0.20769666017640606, "B8": 0.33691647642022649, "B5": 0.25578928951544572, "B6": 0.29015702177786695, "B7": 0.31440311124945736, "B8A": 0.35245418409415963, "B11": 0.49613686995517148, "B12": 0.37886629319815535, "B9": 0.36439999938011169, "B1": 0.070399999618530273, "VV": -17.69121646934957, "VH": -22.118924338001708, "elevation": 40.0, "ARI": 3.6466045926878854, "ARVI": 0.21511256706965026, "AVI": 0.3255224548104193, "BCC": 0.20126354392372126, "CCCI": 0.57688103069548446, "CVI": 0.0012256304402546905, "EVI": 0.16647941304921601, "ExG": -0.028691421719034632, "GNDVI": 0.43594687412003563, "IKAW": 0.5944972229063471, "MCARI": 0.0288226934110784, "MSAVI": 0.17209352554081625, "MTVI2": 0.053547551330303284, "NDDI": -3.3884794303716448, "NDMI": -0.19112868849001138, "NDVI": 0.23726900355605451, "NDYI": 0.21401695241371285, "PSRI": 0.420510669422891, "PVI": -0.17818843398202266, "RCC": 0.487867977453735, "RENDVI": 0.062950754591612174, "S2REP": 710.35737608481463, "SAVI": 0.18555168183815032, "SI": 0.856601263554158, "SIPI": 2.0625046881262814, "TCARI": 0.05306021038913937, "TNDVI": 0.85864370000370616, "TTVI": 0.17599160217410792, "TVI": 0.85864370000370616, "VARI": -0.29624690129214859, "VARI700": -0.090049633700035533, "AWEInsh": -0.49751874229438675, "AWEIsh": -0.927754337191525, "MNDWI": -0.57884506089803101, "MuWIR": -0.40144682489041339, "NDWI": -0.43594687412003563, "S2WI": -0.19392723712673962, "WI2015": -47.835524557056061, "BAI": 11.327426503721465, "BAIM": 8.7478184363769564, "MIRBI": 0.92652160642087278, "NBR": -0.058606910585867165, "NBRplus": -0.2018380371501543, "NBRSWIR": -0.14078987837645535, "NDSWIR": -0.19112868849001138, "NBSIMS": -3.7625969464251523, "NDSI": -0.57884506089803101, "NBAI": -0.81642796060403577, "NDBI": 0.19112868849001138, "UI": 0.058606910585867165, "BI": 0.24966831674263301, "BI2": 0.24094641127072863, "BSI": 0.1624753465603157, "SATVI": 0.16996896659913069, "DPDD": -28.150020524869383, "DpRVIVV": 2.2224412061277881, "NDPolI": -0.11122060306389385, "VDDPI": 2.2502771856487787, "VHVVD": -4.4277078686521385, "VHVVP": 391.31067853275283, "VHVVR": 1.2502771856487789, "VVVHD": 4.4277078686521385, "VVVHR": 0.79982264051398477, "VVVHS": -39.810140807351274 }, "geometry": null },
{ "type": "Feature", "properties": { "inventory_date": "2026-01-15", "latitude_proj": 1670546, "longitude_proj": 428486, "agb": 7.1, "cagb": 3.34, "cagb_category": "0-10", "HCS": "non-HCS", "longitude": -15.665527185197439, "latitude": 15.109504468488968, "start_date": "2026-01-01", "end_date": "2026-02-01", "B2": 0.096734323506395506, "B3": 0.15416530891023453, "B4": 0.24579310739569318, "B8": 0.35675584501646618, "B5": 0.28728209710794361, "B6": 0.30900769680465245, "B7": 0.33064982737645071, "B8A": 0.36220773893876707, "B11": 0.52623549603174413, "B12": 0.43633003771676659, "B9": 0.366100013256073, "B1": 0.069099999964237213, "VV": -19.393449571351997, "VH": -27.045821875467421, "elevation": 45.0, "ARI": 3.00564449049264, "ARVI": 0.15790759787669897, "AVI": 0.31022699474240278, "BCC": 0.19475687029962799, "CCCI": 0.58576638787393909, "CVI": 0.0020840786871392267, "EVI": 0.1317217064051828, "ExG": -0.034196813081619634, "GNDVI": 0.39652015687590086, "IKAW": 0.57337851966456088, "MCARI": 0.017374897131707229, "MSAVI": 0.14114065322109004, "MTVI2": 0.012642776871661937, "NDDI": -2.7343338398547417, "NDMI": -0.19193806681511338, "NDVI": 0.18415555645157203, "NDYI": 0.2289002373206841, "PSRI": 0.48237887091702181, "PVI": -0.17153940175408908, "RCC": 0.49485947285753928, "RENDVI": 0.036434632821995563, "S2REP": 706.51332806428684, "SAVI": 0.15096300809774715, "SI": 0.83214147052987064, "SIPI": 2.5923643487899835, "TCARI": 0.031115116078933823, "TNDVI": 0.82713696353842869, "TTVI": 0.20883225485392698, "TVI": 0.82713696353842869, "VARI": -0.30217848997254881, "VARI700": -0.13065387452537419, "AWEInsh": -0.37756210601904705, "AWEIsh": -0.95142192521952529, "MNDWI": -0.54683972214471144, "MuWIR": -0.28628788074418154, "NDWI": -0.39652015687590086, "S2WI": -0.20597766874781442, "WI2015": -50.812892004634364, "BAI": 9.1474853133208018, "BAIM": 6.6688435915527142, "MIRBI": 1.2061925160565732, "NBR": -0.10033489995567918, "NBRplus": -0.16844962082581391, "NBRSWIR": -0.1034340516647984, "NDSWIR": -0.19193806681511338, "NBSIMS": -3.711563590057215, "NDSI": -0.54683972214471144, "NBAI": -0.77332206487553701, "NDBI": 0.19193806681511338, "UI": 0.10033489995567918, "BI": 0.2599213020602299, "BI2": 0.26549069479489712, "BSI": 0.20132995434660675, "SATVI": 0.11253790859200025, "DPDD": -32.837523753408817, "DpRVIVV": 2.3295647009828158, "NDPolI": -0.1647823504914078, "VDDPI": 2.3945854127684179, "VHVVD": -7.6523723041154241, "VHVVP": 524.51178265764611, "VHVVR": 1.3945854127684179, "VVVHD": 7.6523723041154241, "VVVHR": 0.71705898458731265, "VVVHS": -46.439271446819419 }, "geometry": null },
{ "type": "Feature", "properties": { "inventory_date": "2026-01-15", "latitude_proj": 1754957, "longitude_proj": 398401, "agb": 0.77, "cagb": 0.36, "cagb_category": "0-10", "HCS": "non-HCS", "longitude": -15.94895710070872, "latitude": 15.871548642411504, "start_date": "2026-01-01", "end_date": "2026-02-01", "B2": 0.074195439629977045, "B3": 0.13207745261487625, "B4": 0.22257023058160297, "B8": 0.31521138690197303, "B5": 0.25099715839463926, "B6": 0.27710656459120137, "B7": 0.29352714386094186, "B8A": 0.30712184890566496, "B11": 0.46886968214726715, "B12": 0.42503911265488387, "B9": 0.30184294900420983, "B1": 0.055102663002541276, "VV": -14.867311218980106, "VH": -22.2519796681811, "elevation": 45.0, "ARI": 3.5872061643846771, "ARVI": 0.1424539990651035, "AVI": 0.28315376709768397, "BCC": 0.17301301030773991, "CCCI": 0.65834999335958788, "CVI": 0.0012238447853480411, "EVI": 0.11059428105233618, "ExG": -0.032610764981827522, "GNDVI": 0.40943103897900446, "IKAW": 0.618930976168239, "MCARI": 0.0052359942942367546, "MSAVI": 0.12290560713850884, "MTVI2": -0.0059901878196154737, "NDDI": -2.4527009177150134, "NDMI": -0.19597245911269975, "NDVI": 0.17226538302640915, "NDYI": 0.28060891741504834, "PSRI": 0.5354430746543819, "PVI": -0.19887539086235176, "RCC": 0.51900151532025951, "RENDVI": 0.049439920720388747, "S2REP": 714.45266648632764, "SAVI": 0.13390267483973264, "SI": 0.85484455759037925, "SIPI": 2.8077016115810145, "TCARI": 0.0048158223798082378, "TNDVI": 0.81991791237075018, "TTVI": 0.38095759159781395, "TVI": 0.81991791237075018, "VARI": -0.32266733478731702, "VARI700": -0.16994385953854957, "AWEInsh": -0.25711420505412641, "AWEIsh": -0.8779923105704136, "MNDWI": -0.56043570232794981, "MuWIR": -0.18769757775585671, "NDWI": -0.40943103897900446, "S2WI": -0.2574446989213322, "WI2015": -48.368354689373241, "BAI": 12.475623656052706, "BAIM": 8.2658507919789201, "MIRBI": 1.6554682415056199, "NBR": -0.1483656219329241, "NBRplus": -0.094152217694776594, "NBRSWIR": -0.064221757394841747, "NDSWIR": -0.19597245911269975, "NBSIMS": -4.0075824781568699, "NDSI": -0.56043570232794981, "NBAI": -0.7861437983970625, "NDBI": 0.19597245911269975, "UI": 0.1483656219329241, "BI": 0.27944117812991448, "BI2": 0.23547128590909489, "BSI": 0.24898600834950602, "SATVI": 0.097566729520000478, "DPDD": -26.247302299147705, "DpRVIVV": 2.3978884441327084, "NDPolI": -0.19894422206635412, "VDDPI": 2.496705042386782, "VHVVD": -7.3846684492009942, "VHVVP": 330.82710696526607, "VHVVR": 1.496705042386782, "VVVHD": 7.3846684492009942, "VVVHR": 0.66813431616780616, "VVVHS": -37.119290887161206 }, "geometry": null },
{ "type": "Feature", "properties": { "inventory_date": "2026-01-15", "latitude_proj": 1729394, "longitude_proj": 342319, "agb": 1.15, "cagb": 0.54, "cagb_category": "0-10", "HCS": "non-HCS", "longitude": -16.471008771376425, "latitude": 15.637590257531, "start_date": "2026-01-01", "end_date": "2026-02-01", "B2": 0.15128280562710791, "B3": 0.23281694103240447, "B4": 0.33262869877813511, "B8": 0.43949455730059411, "B5": 0.36955067272732933, "B6": 0.39585293466568683, "B7": 0.41150645630426685, "B8A": 0.43964822355871347, "B11": 0.59822389012316191, "B12": 0.55724837352168433, "B9": 0.44532083732753652, "B1": 0.10688013948742253, "VV": -18.921379437801935, "VH": -21.822962892571827, "elevation": 40.0, "ARI": 1.5892312293850805, "ARVI": 0.11213029224461836, "AVI": 0.31529711894721246, "BCC": 0.21107409171507327, "CCCI": 0.62463253487817738, "CVI": 0.0079239618425215926, "EVI": 0.11612594038460697, "ExG": -0.018277622340434091, "GNDVI": 0.30741347839602384, "IKAW": 0.4878517183617222, "MCARI": 0.010638083297888684, "MSAVI": 0.12162029670027341, "MTVI2": -0.0012563287129292993, "NDDI": -2.6378507088645624, "NDMI": -0.15295992204497269, "NDVI": 0.13840518036612859, "NDYI": 0.2122733381482102, "PSRI": 0.45811430779004036, "PVI": -0.12672357518750535, "RCC": 0.46409306187788585, "RENDVI": 0.034363911646488915, "S2REP": 708.34920504905483, "SAVI": 0.12600884939231699, "SI": 0.75743117680126892, "SIPI": 3.1124479081714309, "TCARI": 0.019619169836118822, "TNDVI": 0.79900261599454636, "TTVI": 0.036746391211178842, "TVI": 0.79900261599454636, "VARI": -0.24099641374755579, "VARI700": -0.14871981101987863, "AWEInsh": -0.039068408503546426, "AWEIsh": -0.96256460630793594, "MNDWI": -0.43969794911599863, "MuWIR": -0.14731315331735934, "NDWI": -0.30741347839602384, "S2WI": -0.20252254418475535, "WI2015": -54.719345573747894, "BAI": 5.0471344182406286, "BAIM": 3.579964093778464, "MIRBI": 1.7098896120098557, "NBR": -0.11813860181977653, "NBRplus": -0.19297632314856639, "NBRSWIR": -0.04856779266827882, "NDSWIR": -0.15295992204497269, "NBSIMS": -3.2797427668856969, "NDSI": -0.43969794911599863, "NBAI": -0.64356083376648265, "NDBI": 0.15295992204497269, "UI": 0.11813860181977653, "BI": 0.22349404043001697, "BI2": 0.3454470751453188, "BSI": 0.2020050744157309, "SATVI": -0.00019383683677876018, "DPDD": -28.810600756793384, "DpRVIVV": 2.1424287785156784, "NDPolI": -0.071214389257839184, "VDDPI": 2.153349467162684, "VHVVD": -2.9015834547698915, "VHVVP": 412.92056134742319, "VHVVR": 1.153349467162684, "VVVHD": 2.9015834547698915, "VVVHR": 0.86703989421356065, "VVVHS": -40.744342330373762 }, "geometry": null },
{ "type": "Feature", "properties": { "inventory_date": "2026-01-15", "latitude_proj": 1729269, "longitude_proj": 341492, "agb": 3.64, "cagb": 1.71, "cagb_category": "0-10", "HCS": "non-HCS", "longitude": -16.478713914136133, "latitude": 15.636408674894117, "start_date": "2026-01-01", "end_date": "2026-02-01", "B2": 0.069693206722867579, "B3": 0.10595768474084831, "B4": 0.16534383300359609, "B8": 0.26558572888600529, "B5": 0.19922796983194085, "B6": 0.22039006138662237, "B7": 0.24146956986901436, "B8A": 0.2803220179320739, "B11": 0.43960989786053989, "B12": 0.32101885884491277, "B9": 0.28897669049548924, "B1": 0.050380075181457991, "VV": -16.533984036955708, "VH": -23.473708048261948, "elevation": 40.0, "ARI": 4.4183542644236518, "ARVI": 0.21053864077424481, "AVI": 0.28113863878717288, "BCC": 0.20438206729367872, "CCCI": 0.61371933850628291, "CVI": 0.0004930121882755755, "EVI": 0.14444496177756103, "ExG": -0.023121670244767051, "GNDVI": 0.42963497209366147, "IKAW": 0.58426731105965002, "MCARI": 0.018351200802777402, "MSAVI": 0.1445883726041145, "MTVI2": 0.042765468584566271, "NDDI": -3.3613966670018267, "NDMI": -0.24677431676285871, "NDVI": 0.2326178214436119, "NDYI": 0.20645769409870526, "PSRI": 0.43400607849068135, "PVI": -0.22453548639365106, "RCC": 0.48488677724234441, "RENDVI": 0.050431797444993445, "S2REP": 711.91120751343681, "SAVI": 0.16151903428483591, "SI": 0.88544982777425041, "SIPI": 2.1468633629694982, "TCARI": 0.034221835518477552, "TNDVI": 0.8559309676858361, "TTVI": 0.028932214422291214, "TVI": 0.8559309676858361, "VARI": -0.29456200472009347, "VARI700": -0.10220636900696278, "AWEInsh": -0.51820342287675758, "AWEIsh": -0.80346073625605752, "MNDWI": -0.61156898569516038, "MuWIR": -0.42923781076365952, "NDWI": -0.42963497209366147, "S2WI": -0.23410212672074004, "WI2015": -40.830589814037623, "BAI": 21.489059247036963, "BAIM": 16.360514888679351, "MIRBI": 0.90201158941583648, "NBR": -0.094498289168401903, "NBRplus": -0.17368787684385079, "NBRSWIR": -0.1610346365210516, "NDSWIR": -0.24677431676285871, "NBSIMS": -3.9337653978617926, "NDSI": -0.61156898569516038, "NBAI": -0.85636541826600976, "NDBI": 0.24677431676285871, "UI": 0.094498289168401903, "BI": 0.28681708780323956, "BI2": 0.19070168104124721, "BSI": 0.18388035755585258, "SATVI": 0.2118130360292676, "DPDD": -28.289710373080769, "DpRVIVV": 2.3469194872088299, "NDPolI": -0.17345974360441505, "VDDPI": 2.419724852509535, "VHVVD": -6.9397240113062395, "VHVVP": 388.11391415812176, "VHVVR": 1.419724852509535, "VVVHD": 6.9397240113062395, "VVVHR": 0.70436183337382552, "VVVHS": -40.007692085217656 }, "geometry": null },
{ "type": "Feature", "properties": { "inventory_date": "2026-01-15", "latitude_proj": 1669238, "longitude_proj": 428939, "agb": 43.04, "cagb": 20.23, "cagb_category": "20-30", "HCS": "non-HCS", "longitude": -15.661275049024777, "latitude": 15.097691802635804, "start_date": "2026-01-01", "end_date": "2026-02-01", "B2": 0.06623301587011636, "B3": 0.1086747439913615, "B4": 0.16819216802410811, "B8": 0.29315563454940408, "B5": 0.21031105400528072, "B6": 0.24925453807084139, "B7": 0.27718049877951811, "B8A": 0.30847569151425608, "B11": 0.43210914921926358, "B12": 0.33365241625778491, "B9": 0.34452551199698689, "B1": 0.060482209957427015, "VV": -15.118090425897076, "VH": -20.423868082046884, "elevation": 45.0, "ARI": 4.4469081938615949, "ARVI": 0.2499807715086316, "AVI": 0.31234515360015253, "BCC": 0.1930429314814755, "CCCI": 0.60748947006843479, "CVI": 0.00058231940977744871, "EVI": 0.17302581425830191, "ExG": -0.017075695911501473, "GNDVI": 0.45910140300486768, "IKAW": 0.63141286853215062, "MCARI": 0.027248708790796817, "MSAVI": 0.17738869197544949, "MTVI2": 0.07166551513270325, "NDDI": -3.8779514182446144, "NDMI": -0.19159004791025463, "NDVI": 0.27086607073496144, "NDYI": 0.24265205931891085, "PSRI": 0.4090563523662451, "PVI": -0.20341510416587516, "RCC": 0.49021335871628452, "RENDVI": 0.084739773248973124, "S2REP": 716.12213735549335, "SAVI": 0.1949816697829404, "SI": 0.88463865166758171, "SIPI": 1.8619315793778632, "TCARI": 0.050103739384892806, "TNDVI": 0.8779897896530241, "TTVI": 0.47211774525887962, "TVI": 0.8779897896530241, "VARI": -0.28256337238178947, "VARI700": -0.085319650230013741, "AWEInsh": -0.44948238484005065, "AWEIsh": -0.83339040386892749, "MNDWI": -0.59808439061984142, "MuWIR": -0.36675574874437811, "NDWI": -0.45910140300486768, "S2WI": -0.22674567134601009, "WI2015": -42.846769961032734, "BAI": 16.945785873702576, "BAIM": 12.989099511311819, "MIRBI": 1.1018545002290661, "NBR": -0.064607947610484606, "NBRplus": -0.18326127536069303, "NBRSWIR": -0.13682373725635086, "NDSWIR": -0.19159004791025463, "NBSIMS": -3.9065548088631301, "NDSI": -0.59808439061984142, "NBAI": -0.84516647755690666, "NDBI": 0.19159004791025463, "UI": 0.064607947610484606, "BI": 0.25103176540496669, "BI2": 0.2049707551776607, "BSI": 0.16540923889422537, "SATVI": 0.19296202950090127, "DPDD": -25.13195987761808, "DpRVIVV": 2.2985641691615792, "NDPolI": -0.14928208458078968, "VDDPI": 2.3509555444291488, "VHVVD": -5.3057776561498073, "VHVVP": 308.76988451097787, "VHVVR": 1.3509555444291486, "VVVHD": 5.3057776561498073, "VVVHR": 0.74021680737285389, "VVVHS": -35.54195850794396 }, "geometry": null },
{ "type": "Feature", "properties": { "inventory_date": "2026-01-15", "latitude_proj": 1729624, "longitude_proj": 341492, "agb": 0.9, "cagb": 0.42, "cagb_category": "0-10", "HCS": "non-HCS", "longitude": -16.47873695385675, "latitude": 15.639617053065821, "start_date": "2026-01-01", "end_date": "2026-02-01", "B2": 0.14207694211047303, "B3": 0.21651300687341471, "B4": 0.31921251769155373, "B8": 0.4245048163174045, "B5": 0.34834083829994766, "B6": 0.37103207876703076, "B7": 0.38925305526501586, "B8A": 0.42088419300704288, "B11": 0.56154550518734603, "B12": 0.49163889806967692, "B9": 0.41619537821040276, "B1": 0.10115817385299397, "VV": -16.20908505481572, "VH": -24.863683692715078, "elevation": 40.0, "ARI": 1.7479086190088511, "ARVI": 0.11501721265854011, "AVI": 0.31219810564516975, "BCC": 0.20961408241452309, "CCCI": 0.69609441067747635, "CVI": 0.0063522929510744994, "EVI": 0.11574637935058506, "ExG": -0.028263446055197344, "GNDVI": 0.32447117992548302, "IKAW": 0.49847682175754848, "MCARI": 0.0030148571988363256, "MSAVI": 0.12193110746420743, "MTVI2": -0.006005721589908343, "NDDI": -2.5481595457320685, "NDMI": -0.13897940691385019, "NDVI": 0.14157569524200778, "NDYI": 0.20757989724437664, "PSRI": 0.47741310177199869, "PVI": -0.13539207921810281, "RCC": 0.47095213338077929, "RENDVI": 0.031543084162244585, "S2REP": 714.08800850006196, "SAVI": 0.1269890220390211, "SI": 0.77060276743352552, "SIPI": 3.0709429529447494, "TCARI": 0.0010706450011375261, "TNDVI": 0.80098420411516713, "TTVI": 0.066990574963808003, "TVI": 0.80098420411516713, "VARI": -0.26089135181887968, "VARI700": -0.16395399393254392, "AWEInsh": -0.13424922764346503, "AWEIsh": -0.91862574748053505, "MNDWI": -0.44345315032937627, "MuWIR": -0.15219468896742316, "NDWI": -0.32447117992548302, "S2WI": -0.17059704367281592, "WI2015": -50.18948491016738, "BAI": 5.5273693793057941, "BAIM": 4.4383864550236742, "MIRBI": 1.4132430298607783, "NBR": -0.073278985270544023, "NBRplus": -0.22644346714241048, "NBRSWIR": -0.077963773065035658, "NDSWIR": -0.13897940691385019, "NBSIMS": -3.1427806892911203, "NDSI": -0.44345315032937627, "NBAI": -0.68129480434533718, "NDBI": 0.13897940691385019, "UI": 0.073278985270544023, "BI": 0.21707153255150505, "BI2": 0.33114893561307684, "BSI": 0.17733684792160909, "SATVI": 0.017441365112586843, "DPDD": -29.042833303485928, "DpRVIVV": 2.4214275736363473, "NDPolI": -0.21071378681817385, "VDDPI": 2.533935049919926, "VHVVD": -8.6545986378993582, "VHVVP": 403.01756375125331, "VHVVR": 1.533935049919926, "VVVHD": 8.6545986378993582, "VVVHR": 0.65191808483168934, "VVVHS": -41.072768747530802 }, "geometry": null },
{ "type": "Feature", "properties": { "inventory_date": "2026-01-15", "latitude_proj": 1754173, "longitude_proj": 397227, "agb": 15.79, "cagb": 7.42, "cagb_category": "0-10", "HCS": "non-HCS", "longitude": -15.959887874849322, "latitude": 15.864413523178934, "start_date": "2026-01-01", "end_date": "2026-02-01", "B2": 0.096766558025415408, "B3": 0.15128358984454371, "B4": 0.23087053185153586, "B8": 0.34145353764925973, "B5": 0.27451363815650898, "B6": 0.29876272102110063, "B7": 0.31719697447783057, "B8A": 0.3508159358470132, "B11": 0.49594212794590842, "B12": 0.3872026582645901, "B9": 0.36576991898356181, "B1": 0.070392339125569067, "VV": -17.281595565967422, "VH": -24.566791021078139, "elevation": 45.0, "ARI": 2.9672960040302017, "ARVI": 0.16867366973242157, "AVI": 0.30737826346850489, "BCC": 0.20205132524594202, "CCCI": 0.56244635497439599, "CVI": 0.0018041961963903036, "EVI": 0.13816468036686499, "ExG": -0.02506991018786385, "GNDVI": 0.38594604951320127, "IKAW": 0.55836549268040536, "MCARI": 0.022588253563339128, "MSAVI": 0.1436870692466814, "MTVI2": 0.026759166676487794, "NDDI": -3.0050732510088576, "NDMI": -0.1844869715045013, "NDVI": 0.19321746487820943, "NDYI": 0.21978229921358075, "PSRI": 0.4488644813776787, "PVI": -0.18009773839251605, "RCC": 0.48206423657836867, "RENDVI": 0.042299115385427792, "S2REP": 704.30735629022786, "SAVI": 0.15468692106650764, "SI": 0.83853401900487368, "SIPI": 2.451201218200834, "TCARI": 0.043014255989330369, "TNDVI": 0.83259682012256653, "TTVI": 0.032996722288501257, "TVI": 0.83259682012256653, "VARI": -0.27887319609636213, "VARI700": -0.1119077847842747, "AWEInsh": -0.39919022659015102, "AWEIsh": -0.87791863032212525, "MNDWI": -0.5325167536265184, "MuWIR": -0.23647676445623222, "NDWI": -0.38594604951320127, "S2WI": -0.17029808804401692, "WI2015": -45.428026670828373, "BAI": 10.379560821998993, "BAIM": 8.334027844710219, "MIRBI": 1.0117937287759986, "NBR": -0.062785605710734077, "NBRplus": -0.214653823248704, "NBRSWIR": -0.13094660266423286, "NDSWIR": -0.1844869715045013, "NBSIMS": -3.4345293837263271, "NDSI": -0.5325167536265184, "NBAI": -0.78872734204054207, "NDBI": 0.1844869715045013, "UI": 0.062785605710734077, "BI": 0.24771197442068443, "BI2": 0.25349453998515603, "BSI": 0.17026814130206519, "SATVI": 0.13049656060354026, "DPDD": -29.591277937416073, "DpRVIVV": 2.348170911676958, "NDPolI": -0.17408545583847901, "VDDPI": 2.421558034227894, "VHVVD": -7.285195455110717, "VHVVP": 424.5533467799122, "VHVVR": 1.4215580342278942, "VVVHD": 7.285195455110717, "VVVHR": 0.70345351784610088, "VVVHS": -41.84838658704556 }, "geometry": null },
{ "type": "Feature", "properties": { "inventory_date": "2026-01-15", "latitude_proj": 1670521, "longitude_proj": 429725, "agb": 19.14, "cagb": 9.0, "cagb_category": "0-10", "HCS": "non-HCS", "longitude": -15.653996591289546, "latitude": 15.10931207746007, "start_date": "2026-01-01", "end_date": "2026-02-01", "B2": 0.082178173789143161, "B3": 0.12988558312638793, "B4": 0.20198339099003809, "B8": 0.32281178036453162, "B5": 0.23678643876080799, "B6": 0.27112280028646252, "B7": 0.29357879610232623, "B8A": 0.32906048509649771, "B11": 0.4698793883294009, "B12": 0.37658371843133182, "B9": 0.34359176214300491, "B1": 0.063064362970990134, "VV": -18.269843223817173, "VH": -24.072384553432631, "elevation": 45.0, "ARI": 3.4758690542520716, "ARVI": 0.20744161533868194, "AVI": 0.31456478123975384, "BCC": 0.19847540118277873, "CCCI": 0.66768393385607261, "CVI": 0.001099985425895212, "EVI": 0.15746183299045627, "ExG": -0.024390398526405399, "GNDVI": 0.42617035749980353, "IKAW": 0.59417179144171872, "MCARI": 0.015735725313118058, "MSAVI": 0.16299176918143399, "MTVI2": 0.048458700876830123, "NDDI": -3.3502037580852924, "NDMI": -0.18552951486413474, "NDVI": 0.23023914084921657, "NDYI": 0.22496729300258275, "PSRI": 0.44188543742655106, "PVI": -0.1879841545285264, "RCC": 0.4878270313218146, "RENDVI": 0.067603341081296786, "S2REP": 716.20715475926534, "SAVI": 0.1768573751398288, "SI": 0.86056211970382335, "SIPI": 2.1497217561055506, "TCARI": 0.029216803638976791, "TNDVI": 0.85454030966901529, "TTVI": 0.15783951507572547, "TVI": 0.85454030966901529, "VARI": -0.28874835504210722, "VARI700": -0.12498459144331123, "AWEInsh": -0.40507294021702234, "AWEIsh": -0.87629055104361875, "MNDWI": -0.56687839634541792, "MuWIR": -0.35978105712999431, "NDWI": -0.42617035749980353, "S2WI": -0.22791666342308198, "WI2015": -45.942056221382359, "BAI": 12.583262831024619, "BAIM": 9.4689727079973487, "MIRBI": 1.1610191786851893, "NBR": -0.076883448863165921, "NBRplus": -0.17929508152158188, "NBRSWIR": -0.11970426431709864, "NDSWIR": -0.18552951486413474, "NBSIMS": -3.7662406083671698, "NDSI": -0.56687839634541792, "NBAI": -0.81143587989718391, "NDBI": 0.18552951486413474, "UI": 0.076883448863165921, "BI": 0.24782666828084648, "BI2": 0.23228933142529742, "BSI": 0.17647898804851733, "SATVI": 0.15461859335661879, "DPDD": -29.940476391838729, "DpRVIVV": 2.2740782256493892, "NDPolI": -0.13703911282469472, "VDDPI": 2.3176021413282339, "VHVVD": -5.8025413296154582, "VHVVP": 439.79869181465233, "VHVVR": 1.3176021413282339, "VVVHD": 5.8025413296154582, "VVVHR": 0.75895444355602748, "VVVHS": -42.342227777249803 }, "geometry": null },
{ "type": "Feature", "properties": { "inventory_date": "2026-01-15", "latitude_proj": 1754627, "longitude_proj": 398816, "agb": 13.55, "cagb": 6.37, "cagb_category": "0-10", "HCS": "non-HCS", "longitude": -15.945067387033498, "latitude": 15.868582637141028, "start_date": "2026-01-01", "end_date": "2026-02-01", "B2": 0.095045570350675485, "B3": 0.14497273237958164, "B4": 0.21212067433595219, "B8": 0.3214519819746563, "B5": 0.24531440354810333, "B6": 0.27870168049883931, "B7": 0.29317703591051902, "B8A": 0.32599095713905374, "B11": 0.47508118911420522, "B12": 0.40800899941904717, "B9": 0.32907469054012461, "B1": 0.068444840216175973, "VV": -16.22506630861724, "VH": -18.972710520717996, "elevation": 45.0, "ARI": 2.8214473928201897, "ARVI": 0.18229757337333138, "AVI": 0.30253348596631968, "BCC": 0.210213175973894, "CCCI": 0.65560762836727682, "CVI": 0.0014330843576997475, "EVI": 0.14528426782450479, "ExG": -0.017220779927464402, "GNDVI": 0.3783659916893749, "IKAW": 0.54359601961629711, "MCARI": 0.015179323988813173, "MSAVI": 0.14608486446545832, "MTVI2": 0.041055061497486604, "NDDI": -3.3625297307354289, "NDMI": -0.1928723281285796, "NDVI": 0.20490425501688211, "NDYI": 0.20801397835487756, "PSRI": 0.42007318999916932, "PVI": -0.19146343739565388, "RCC": 0.46914927731366574, "RENDVI": 0.063714221695044509, "S2REP": 712.68873141431709, "SAVI": 0.15866998846839839, "SI": 0.84792113389277568, "SIPI": 2.3141325867478595, "TCARI": 0.029954997853347116, "TNDVI": 0.83958576394367368, "TTVI": -0.11200973453462815, "TVI": 0.83958576394367368, "VARI": -0.25624306953970855, "VARI700": -0.12266004253216589, "AWEInsh": -0.27877207402977855, "AWEIsh": -0.83932460518842444, "MNDWI": -0.53238669298204155, "MuWIR": -0.34362737573500002, "NDWI": -0.3783659916893749, "S2WI": -0.24902612570136909, "WI2015": -45.701831947201214, "BAI": 12.35663454304413, "BAIM": 8.5503759074031063, "MIRBI": 1.4242943408712598, "NBR": -0.11865887230735166, "NBRplus": -0.1622148855460909, "NBRSWIR": -0.088569889833879561, "NDSWIR": -0.1928723281285796, "NBSIMS": -3.7007992509783199, "NDSI": -0.53238669298204155, "NBAI": -0.77855969170529571, "NDBI": 0.1928723281285796, "UI": 0.11865887230735166, "BI": 0.24526995960636744, "BI2": 0.23758763318670134, "BSI": 0.1964371726947943, "SATVI": 0.12823956451480736, "DPDD": -24.888586678713683, "DpRVIVV": 2.1561260090615018, "NDPolI": -0.078063004530750893, "VDDPI": 2.1693456383991152, "VHVVD": -2.7476442121007558, "VHVVP": 307.83348625284941, "VHVVR": 1.1693456383991148, "VVVHD": 2.7476442121007558, "VVVHR": 0.85517914221584956, "VVVHS": -35.19777682933524 }, "geometry": null },
{ "type": "Feature", "properties": { "inventory_date": "2026-01-15", "latitude_proj": 1728791, "longitude_proj": 340788, "agb": 0.18, "cagb": 0.08, "cagb_category": "0-10", "HCS": "non-HCS", "longitude": -16.485248763352431, "latitude": 15.632044305609991, "start_date": "2026-01-01", "end_date": "2026-02-01", "B2": 0.072275091723217166, "B3": 0.10924390128455171, "B4": 0.17378268807778141, "B8": 0.29091869921602415, "B5": 0.20776409627509171, "B6": 0.23778001914566849, "B7": 0.26212625468926676, "B8A": 0.30285003438450459, "B11": 0.44439733421349714, "B12": 0.30491089087232703, "B9": 0.31403458209870244, "B1": 0.053332907887185213, "VV": -18.422602666834425, "VH": -25.236679365501484, "elevation": 40.0, "ARI": 4.3406779211977575, "ARVI": 0.23089934671979842, "AVI": 0.3042183824416077, "BCC": 0.20341894105987812, "CCCI": 0.6615237594003035, "CVI": 0.00060335449132842246, "EVI": 0.16345609099220143, "ExG": -0.027569977231895165, "GNDVI": 0.45400244226774267, "IKAW": 0.60200260287319685, "MCARI": 0.017069161155629214, "MSAVI": 0.16539462574396169, "MTVI2": 0.055549858226578944, "NDDI": -3.4965168017451713, "NDMI": -0.20872472245933102, "NDVI": 0.25206727231951209, "NDYI": 0.20366358885514699, "PSRI": 0.42689708209830191, "PVI": -0.20650946507445639, "RCC": 0.4891130476693063, "RENDVI": 0.06736913771654357, "S2REP": 716.88246419518737, "SAVI": 0.18213306109183858, "SI": 0.88055692604201041, "SIPI": 2.0282899257039118, "TCARI": 0.031273344183311957, "TNDVI": 0.86721812268858411, "TTVI": 0.12263439383991592, "TVI": 0.86721812268858411, "VARI": -0.30623168763309971, "VARI700": -0.10912950617896926, "AWEInsh": -0.5748384566208885, "AWEIsh": -0.83381692792776707, "MNDWI": -0.6053621216046986, "MuWIR": -0.43288627320316986, "NDWI": -0.45400244226774267, "S2WI": -0.18949002200745352, "WI2015": -41.088407052772595, "BAI": 17.016256957041122, "BAIM": 14.482654667521517, "MIRBI": 0.6940150334309978, "NBR": -0.02348354611631169, "NBRplus": -0.22736944443553461, "NBRSWIR": -0.1877839383046758, "NDSWIR": -0.20872472245933102, "NBSIMS": -3.6904730450261338, "NDSI": -0.6053621216046986, "NBAI": -0.86054357170054696, "NDBI": 0.20872472245933102, "UI": 0.02348354611631169, "BI": 0.25982579513984061, "BI2": 0.20556291996770873, "BSI": 0.13719149632337091, "SATVI": 0.21056478485894869, "DPDD": -30.871774386800713, "DpRVIVV": 2.3121479044763156, "NDPolI": -0.15607395223815787, "VDDPI": 2.3698758976620717, "VHVVD": -6.8140766986670585, "VHVVP": 464.92531658093293, "VHVVR": 1.3698758976620717, "VVVHD": 6.8140766986670585, "VVVHR": 0.72999313420045686, "VVVHS": -43.659282032335909 }, "geometry": null },
{ "type": "Feature", "properties": { "inventory_date": "2026-01-15", "latitude_proj": 1728463, "longitude_proj": 340740, "agb": 4.44, "cagb": 2.09, "cagb_category": "0-10", "HCS": "non-HCS", "longitude": -16.485675058217531, "latitude": 15.629076920986272, "start_date": "2026-01-01", "end_date": "2026-02-01", "B2": 0.09255672003488806, "B3": 0.14251789728205425, "B4": 0.21866391551829847, "B8": 0.32025179048147062, "B5": 0.24865215527501924, "B6": 0.27037085884456841, "B7": 0.29081833263528534, "B8A": 0.3265762219057195, "B11": 0.48785186842508438, "B12": 0.38324090787274195, "B9": 0.33522549032120053, "B1": 0.067418628039588216, "VV": -17.222373408811986, "VH": -24.132371512521011, "elevation": 40.0, "ARI": 2.9949801884702953, "ARVI": 0.16385100485535037, "AVI": 0.29402918583463356, "BCC": 0.20398690729776917, "CCCI": 0.66765303673660326, "CVI": 0.001422353347777352, "EVI": 0.13104326114609452, "ExG": -0.026184840989078043, "GNDVI": 0.38406554685629779, "IKAW": 0.55157552387127806, "MCARI": 0.0099629517909057743, "MSAVI": 0.13495094423822096, "MTVI2": 0.021285528540551428, "NDDI": -2.9278268066991262, "NDMI": -0.20739923164114046, "NDVI": 0.18850420173728555, "NDYI": 0.21253327057342564, "PSRI": 0.4664230310260889, "PVI": -0.19396413798856224, "RCC": 0.48191612502458236, "RENDVI": 0.041845357486488988, "S2REP": 714.81245990947821, "SAVI": 0.1466738942964754, "SI": 0.84715096841464399, "SIPI": 2.4888123955101928, "TCARI": 0.01755081795705633, "TNDVI": 0.82976153305469968, "TTVI": 0.069551806105059732, "TVI": 0.82976153305469968, "VARI": -0.28346576804247758, "VARI700": -0.14126998678654526, "AWEInsh": -0.40748633554244762, "AWEIsh": -0.8591142520879943, "MNDWI": -0.54782762424470033, "MuWIR": -0.28588690292446328, "NDWI": -0.38406554685629779, "S2WI": -0.21299292625127397, "WI2015": -44.834111690010246, "BAI": 12.223127925519783, "BAIM": 9.3796962459726956, "MIRBI": 1.0514607681615917, "NBR": -0.089537698882492106, "NBRplus": -0.18881520756039175, "NBRSWIR": -0.12832034548481211, "NDSWIR": -0.20739923164114046, "NBSIMS": -3.5810471931879797, "NDSI": -0.54782762424470033, "NBAI": -0.79862985129388098, "NDBI": 0.20739923164114046, "UI": 0.089537698882492106, "BI": 0.2623969432994272, "BI2": 0.2385277540120363, "BSI": 0.18635441809611458, "SATVI": 0.14304730154085596, "DPDD": -29.242220568114494, "DpRVIVV": 2.3341816334185381, "NDPolI": -0.16709081670926901, "VDDPI": 2.4012221741849737, "VHVVD": -6.9099981037090252, "VHVVP": 415.61671342881374, "VHVVR": 1.401222174184974, "VVVHD": 6.9099981037090252, "VVVHR": 0.71366269990813824, "VVVHS": -41.354744921332994 }, "geometry": null },
{ "type": "Feature", "properties": { "inventory_date": "2026-01-15", "latitude_proj": 1668875, "longitude_proj": 430173, "agb": 17.22, "cagb": 8.09, "cagb_category": "0-10", "HCS": "non-HCS", "longitude": -15.649782324424258, "latitude": 15.094443323684244, "start_date": "2026-01-01", "end_date": "2026-02-01", "B2": 0.1002810505024601, "B3": 0.16695654295282822, "B4": 0.26794574062709936, "B8": 0.37976956019345309, "B5": 0.30046784627156348, "B6": 0.33010916477650454, "B7": 0.35082389968851385, "B8A": 0.37936323725787119, "B11": 0.55175024105442905, "B12": 0.4765254481152677, "B9": 0.38760000467300415, "B1": 0.069600000977516174, "VV": -18.233459675043445, "VH": -25.346561325883084, "elevation": 45.0, "ARI": 2.6614394368135939, "ARVI": 0.14474877314856638, "AVI": 0.31443623100604634, "BCC": 0.18737700544132144, "CCCI": 0.67526135746431903, "CVI": 0.0028364419277746179, "EVI": 0.12506376368449848, "ExG": -0.034313705223903021, "GNDVI": 0.3892497834215991, "IKAW": 0.58220634129769755, "MCARI": 0.0065262328219804081, "MSAVI": 0.1379159089183013, "MTVI2": 0.0025542853320955385, "NDDI": -2.5940761291728447, "NDMI": -0.18462375209908288, "NDVI": 0.17264347379889081, "NDYI": 0.24949892561251358, "PSRI": 0.50790680179435221, "PVI": -0.15859942069729163, "RCC": 0.50066159307167635, "RENDVI": 0.047006658957761384, "S2REP": 715.52902170888535, "SAVI": 0.14614750646750888, "SI": 0.81866445097382423, "SIPI": 2.7737342582175821, "TCARI": 0.0077365170630093044, "TNDVI": 0.82014844619671801, "TTVI": 0.23570837365119912, "TVI": 0.82014844619671801, "VARI": -0.30180152271117638, "VARI700": -0.16365345252621538, "AWEInsh": -0.32367220013778031, "AWEIsh": -0.99873865601610956, "MNDWI": -0.53539733680559676, "MuWIR": -0.20727457412011796, "NDWI": -0.3892497834215991, "S2WI": -0.22658831564645757, "WI2015": -54.172130810360102, "BAI": 7.6652820645756226, "BAIM": 5.3991515452450765, "MIRBI": 1.3581021188192723, "NBR": -0.11299363768675751, "NBRplus": -0.15143032961111325, "NBRSWIR": -0.084398515232777638, "NDSWIR": -0.18462375209908288, "NBSIMS": -3.713298529000209, "NDSI": -0.53539733680559676, "NBAI": -0.74795542010339, "NDBI": 0.18462375209908288, "UI": 0.11299363768675751, "BI": 0.26131660815847968, "BI2": 0.28512823197320253, "BSI": 0.21593782827529115, "SATVI": 0.084316685556516918, "DPDD": -30.8157283740073, "DpRVIVV": 2.3264386518165474, "NDPolI": -0.16321932590827368, "VDDPI": 2.3901125610613274, "VHVVD": -7.1131016508396385, "VHVVP": 462.15550383650492, "VHVVR": 1.3901125610613274, "VVVHD": 7.1131016508396385, "VVVHR": 0.7193662067455292, "VVVHS": -43.580021000926529 }, "geometry": null },
{ "type": "Feature", "properties": { "inventory_date": "2026-01-15", "latitude_proj": 1676078, "longitude_proj": 421817, "agb": 4.26, "cagb": 2.0, "cagb_category": "0-10", "HCS": "non-HCS", "longitude": -15.727757863589721, "latitude": 15.159324829051027, "start_date": "2026-01-01", "end_date": "2026-02-01", "B2": 0.099536319146864102, "B3": 0.1578611280462455, "B4": 0.25323924986168556, "B8": 0.37890853788476525, "B5": 0.29675884733385433, "B6": 0.32483377191805979, "B7": 0.34785526132256517, "B8A": 0.38895038483528088, "B11": 0.5427271348946705, "B12": 0.42928132153593185, "B9": 0.39101860117984988, "B1": 0.070080491134942288, "VV": -20.664698783663411, "VH": -25.514522112053555, "elevation": 45.0, "ARI": 2.9649422396298921, "ARVI": 0.17347581085680605, "AVI": 0.32883775636739132, "BCC": 0.19492590274251892, "CCCI": 0.61159291238543034, "CVI": 0.0023911995120276712, "EVI": 0.14600337393832116, "ExG": -0.037053312916058664, "GNDVI": 0.41181054718343618, "IKAW": 0.58391727830702167, "MCARI": 0.018445008703062118, "MSAVI": 0.15700713054400073, "MTVI2": 0.023895719055232727, "NDDI": -2.8665256488445028, "NDMI": -0.17774767388925716, "NDVI": 0.19879732312451689, "NDYI": 0.22659435645305315, "PSRI": 0.47317410935213172, "PVI": -0.1557921680596886, "RCC": 0.4959284190155081, "RENDVI": 0.045166116383417804, "S2REP": 709.7228724922054, "SAVI": 0.16650117067298972, "SI": 0.82732687599682986, "SIPI": 2.4574663516284532, "TCARI": 0.032898274714913453, "TNDVI": 0.83594098064667033, "TTVI": 0.060335910061332765, "TVI": 0.83594098064667033, "VARI": -0.30612684336797613, "VARI700": -0.12902936376187901, "AWEInsh": -0.45366752764107865, "AWEIsh": -0.99558470029065849, "MNDWI": -0.54934692344522273, "MuWIR": -0.29244305813052618, "NDWI": -0.41181054718343618, "S2WI": -0.18252774417202411, "WI2015": -51.950921905751862, "BAI": 7.9881823958225242, "BAIM": 6.2208107623333779, "MIRBI": 0.97408729339154743, "NBR": -0.062327908552667732, "NBRplus": -0.20180422757524125, "NBRSWIR": -0.12448205287770264, "NDSWIR": -0.17774767388925716, "NBSIMS": -3.6082153597103792, "NDSI": -0.54934692344522273, "NBAI": -0.77799343758785477, "NDBI": 0.17774767388925716, "UI": 0.062327908552667732, "BI": 0.2491515433269777, "BI2": 0.27846120825021742, "BSI": 0.17578104340462294, "SATVI": 0.12042345251234401, "DPDD": -32.653640245272975, "DpRVIVV": 2.2100435318881684, "NDPolI": -0.10502176594408408, "VDDPI": 2.2346912180604441, "VHVVD": -4.8498233283901442, "VHVVP": 527.24991405470632, "VHVVR": 1.2346912180604441, "VVVHD": 4.8498233283901442, "VVVHR": 0.80991909991137978, "VVVHS": -46.179220895716966 }, "geometry": null },
{ "type": "Feature", "properties": { "inventory_date": "2026-01-15", "latitude_proj": 1717870, "longitude_proj": 332295, "agb": 2.65, "cagb": 1.25, "cagb_category": "0-10", "HCS": "non-HCS", "longitude": -16.563710261169419, "latitude": 15.532796616652421, "start_date": "2026-01-01", "end_date": "2026-02-01", "B2": 0.10308447397511888, "B3": 0.16115609965637942, "B4": 0.25709904913823439, "B8": 0.35973089760086552, "B5": 0.29689914231651954, "B6": 0.31757280248645953, "B7": 0.33617288184591865, "B8A": 0.37055269648302913, "B11": 0.53893872661673947, "B12": 0.45841323641804588, "B9": 0.36834518112460279, "B1": 0.074413243861014458, "VV": -18.359949345515698, "VH": -21.257698448618971, "elevation": 40.0, "ARI": 2.8370166765567126, "ARVI": 0.13930809045297446, "AVI": 0.30157611034414761, "BCC": 0.19772998151849594, "CCCI": 0.57509785086372678, "CVI": 0.002401992835329575, "EVI": 0.12050564947914094, "ExG": -0.037871323800594436, "GNDVI": 0.3812243327057328, "IKAW": 0.5545330587266607, "MCARI": 0.014609991569765595, "MSAVI": 0.1290644077682418, "MTVI2": -0.0013969352070430689, "NDDI": -2.5489409463053074, "NDMI": -0.19941458372079165, "NDVI": 0.16638596910736769, "NDYI": 0.21976801247126196, "PSRI": 0.48497407195215431, "PVI": -0.17186885569769128, "RCC": 0.49315079443288529, "RENDVI": 0.03364459572937651, "S2REP": 704.5544480861256, "SAVI": 0.13784352142726888, "SI": 0.82373566333739745, "SIPI": 2.7800108642078776, "TCARI": 0.025346272544978565, "TNDVI": 0.81632467138226794, "TTVI": 0.023437239039948432, "TVI": 0.81632467138226794, "VARI": -0.30441585194055121, "VARI700": -0.13680875993063762, "AWEInsh": -0.34042683209203028, "AWEIsh": -0.95663302231485148, "MNDWI": -0.53961636735904195, "MuWIR": -0.30332076691441279, "NDWI": -0.3812243327057328, "S2WI": -0.21383747790831081, "WI2015": -51.931355126839534, "BAI": 8.7321966281393468, "BAIM": 6.1458799707055265, "MIRBI": 1.3025328433364116, "NBR": -0.1206173028857765, "NBRplus": -0.16134191723384708, "NBRSWIR": -0.091607336192013528, "NDSWIR": -0.19941458372079165, "NBSIMS": -3.7430490310821445, "NDSI": -0.53961636735904195, "NBAI": -0.75889587750229259, "NDBI": 0.19941458372079165, "UI": 0.1206173028857765, "BI": 0.2647031584942956, "BI2": 0.27170911419688371, "BSI": 0.21445385962958113, "SATVI": 0.096987204321720644, "DPDD": -28.013907409892887, "DpRVIVV": 2.1462857723487705, "NDPolI": -0.073142886174385149, "VDDPI": 2.1578299072928013, "VHVVD": -2.8977491031032727, "VHVVP": 390.29026671889193, "VHVVR": 1.1578299072928013, "VVVHD": 2.8977491031032727, "VVVHR": 0.86368472061510837, "VVVHS": -39.617647794134669 }, "geometry": null },
{ "type": "Feature", "properties": { "inventory_date": "2026-01-15", "latitude_proj": 1717101, "longitude_proj": 332624, "agb": 49.75, "cagb": 23.38, "cagb_category": "20-30", "HCS": "non-HCS", "longitude": -16.560591139482014, "latitude": 15.525868548051909, "start_date": "2026-01-01", "end_date": "2026-02-01", "B2": 0.10014400969001901, "B3": 0.15550947232974618, "B4": 0.24387660648102716, "B8": 0.36117094229182706, "B5": 0.28426940229601977, "B6": 0.31861462075930663, "B7": 0.33668550833090483, "B8A": 0.37141153293446733, "B11": 0.52457934731356126, "B12": 0.44958735467953193, "B9": 0.39274999499320984, "B1": 0.080849997699260712, "VV": -17.580478766778576, "VH": -23.259596734151192, "elevation": 40.0, "ARI": 2.9126866663157496, "ARVI": 0.16898574769018015, "AVI": 0.31758562688492681, "BCC": 0.20047643174122864, "CCCI": 0.6145983555931207, "CVI": 0.0021300835622047754, "EVI": 0.14143090535075198, "ExG": -0.033001671511553796, "GNDVI": 0.39804386646378176, "IKAW": 0.56583237001188746, "MCARI": 0.01706573794513953, "MSAVI": 0.14911285461485002, "MTVI2": 0.023326780911148322, "NDDI": -2.8988710222809253, "NDMI": -0.18448586124034402, "NDVI": 0.1938596992066062, "NDYI": 0.21656447705041132, "PSRI": 0.45111739206591245, "PVI": -0.16759442278164255, "RCC": 0.48821204587086708, "RENDVI": 0.056968201428245539, "S2REP": 711.12626555492818, "SAVI": 0.15921622912206934, "SI": 0.83135559355967026, "SIPI": 2.3898932770695289, "TCARI": 0.031126679265158975, "TNDVI": 0.83298241230328873, "TTVI": -0.0057031385410679647, "TVI": 0.83298241230328873, "VARI": -0.29530317849667664, "VARI700": -0.12782262407496023, "AWEInsh": -0.33020701013950426, "AWEIsh": -0.95210458256358099, "MNDWI": -0.54267893299199443, "MuWIR": -0.35915361666401679, "NDWI": -0.39804386646378176, "S2WI": -0.22527278084191532, "WI2015": -51.764589183955238, "BAI": 8.9763049841800555, "BAIM": 6.2845175973188176, "MIRBI": 1.354995943122419, "NBR": -0.10905397171757626, "NBRplus": -0.16484212107857213, "NBRSWIR": -0.088433194268425691, "NDSWIR": -0.18448586124034402, "NBSIMS": -3.7858134136472552, "NDSI": -0.54267893299199443, "NBAI": -0.76479143408409989, "NDBI": 0.18448586124034402, "UI": 0.10905397171757626, "BI": 0.24975464972382333, "BI2": 0.26714755269260476, "BSI": 0.20103329437059511, "SATVI": 0.1071485631371043, "DPDD": -28.878294330878028, "DpRVIVV": 2.2781149592753969, "NDPolI": -0.1390574796376986, "VDDPI": 2.3230354555590553, "VHVVD": -5.6791179673726155, "VHVVP": 408.91484650857734, "VHVVR": 1.3230354555590553, "VVVHD": 5.6791179673726155, "VVVHR": 0.75583764274665266, "VVVHS": -40.840075500929771 }, "geometry": null },
{ "type": "Feature", "properties": { "inventory_date": "2026-01-15", "latitude_proj": 1755096, "longitude_proj": 396907, "agb": 12.37, "cagb": 5.81, "cagb_category": "0-10", "HCS": "non-HCS", "longitude": -15.962915948687746, "latitude": 15.872743471156339, "start_date": "2026-01-01", "end_date": "2026-02-01", "B2": 0.095904251870302534, "B3": 0.14872923382786343, "B4": 0.2223498087741248, "B8": 0.33258306838702145, "B5": 0.25932673639253678, "B6": 0.28321085396189538, "B7": 0.30523781389020666, "B8A": 0.33854054651119175, "B11": 0.49673165194265934, "B12": 0.39155072059790652, "B9": 0.3413219397368536, "B1": 0.066572968406078029, "VV": -16.895694902312876, "VH": -22.413963402212666, "elevation": 45.0, "ARI": 2.8674885005773518, "ARVI": 0.1749554554775003, "AVI": 0.30549142399597451, "BCC": 0.20536977019419519, "CCCI": 0.62304216812880342, "CVI": 0.0016357976405588438, "EVI": 0.1415133739874585, "ExG": -0.02079559298870047, "GNDVI": 0.38198449055448275, "IKAW": 0.55235897383050603, "MCARI": 0.017328227551423089, "MSAVI": 0.14503085470506816, "MTVI2": 0.033795993306977683, "NDDI": -3.1669069947277269, "NDMI": -0.19793279864896554, "NDVI": 0.19864251002177719, "NDYI": 0.21593520530029767, "PSRI": 0.44647143686390944, "PVI": -0.18508959317059928, "RCC": 0.47614082003808877, "RENDVI": 0.044022972774578513, "S2REP": 711.5460916625027, "SAVI": 0.15673972534092037, "SI": 0.84273068944449725, "SIPI": 2.4131564367694867, "TCARI": 0.033536816425345506, "TNDVI": 0.83584837741170337, "TTVI": 0.18709660570958264, "TVI": 0.83584837741170337, "VARI": -0.2675411317675771, "VARI700": -0.12162907071112287, "AWEInsh": -0.39839095791169621, "AWEIsh": -0.8741324242040367, "MNDWI": -0.53915337983550471, "MuWIR": -0.25994761361325536, "NDWI": -0.38198449055448275, "S2WI": -0.20314727877771799, "WI2015": -45.613691876075507, "BAI": 11.201845452089636, "BAIM": 8.5803863157356322, "MIRBI": 1.047537016941003, "NBR": -0.081431985508567964, "NBRplus": -0.19659222879029684, "NBRSWIR": -0.1266651463416793, "NDSWIR": -0.19793279864896554, "NBSIMS": -3.520879059290849, "NDSI": -0.53915337983550471, "NBAI": -0.79013140909768032, "NDBI": 0.19793279864896554, "UI": 0.081431985508567964, "BI": 0.25322590268863077, "BI2": 0.24642194155191033, "BSI": 0.17787353256336902, "SATVI": 0.14183355101269041, "DPDD": -27.796125953256091, "DpRVIVV": 2.2807589146235085, "NDPolI": -0.14037945731175427, "VDDPI": 2.3266079632595869, "VHVVD": -5.51826849989979, "VHVVP": 378.6994871953919, "VHVVR": 1.3266079632595866, "VVVHD": 5.51826849989979, "VVVHR": 0.75380219906332868, "VVVHS": -39.309658304525541 }, "geometry": null },
{ "type": "Feature", "properties": { "inventory_date": "2026-01-15", "latitude_proj": 1717590, "longitude_proj": 332609, "agb": 3.15, "cagb": 1.48, "cagb_category": "0-10", "HCS": "non-HCS", "longitude": -16.560764209174451, "latitude": 15.530286862621198, "start_date": "2026-01-01", "end_date": "2026-02-01", "B2": 0.12625733559040259, "B3": 0.18020167895694719, "B4": 0.2596546689796187, "B8": 0.37117182213242039, "B5": 0.28624254614114764, "B6": 0.3135958359298045, "B7": 0.33314309783660584, "B8A": 0.36842592878498304, "B11": 0.52912351032243166, "B12": 0.43682467250058254, "B9": 0.36559998989105225, "B1": 0.08449999988079071, "VV": -16.965232809556611, "VH": -24.883297529655064, "elevation": 40.0, "ARI": 2.0557971105854764, "ARVI": 0.15424470173036858, "AVI": 0.31293226120366519, "BCC": 0.22302470204182576, "CCCI": 0.73077970707674333, "CVI": 0.0031295997703036705, "EVI": 0.14065035205263357, "ExG": -0.025508646656126899, "GNDVI": 0.34635350229593359, "IKAW": 0.49236053564533672, "MCARI": 0.0059305696203784597, "MSAVI": 0.1391157878208944, "MTVI2": 0.027097021092262658, "NDDI": -3.084982047308499, "NDMI": -0.17544430421439758, "NDVI": 0.17677943891705633, "NDYI": 0.17602465845627743, "PSRI": 0.42537979815228111, "PVI": -0.16343012914816113, "RCC": 0.4586617079487168, "RENDVI": 0.045601099573220324, "S2REP": 717.99557775647054, "SAVI": 0.14792342684217266, "SI": 0.80942193547102648, "SIPI": 2.5706522642201031, "TCARI": 0.0096241467518011561, "TNDVI": 0.82266605552742744, "TTVI": 0.04285687278874506, "TVI": 0.82266605552742744, "VARI": -0.25335854672580432, "VARI700": -0.14530389843865649, "AWEInsh": -0.28721243161844101, "AWEIsh": -0.88288763382465318, "MNDWI": -0.49190672577124028, "MuWIR": -0.32850726541171071, "NDWI": -0.34635350229593359, "S2WI": -0.20825467187172578, "WI2015": -47.493286152743387, "BAI": 8.1754439669331607, "BAIM": 6.2799370550886024, "MIRBI": 1.1828363238459945, "NBR": -0.081253880189148697, "NBRplus": -0.2141388969217386, "NBRSWIR": -0.10535112272009452, "NDSWIR": -0.17544430421439758, "NBSIMS": -3.3618856765336087, "NDSI": -0.49190672577124028, "NBAI": -0.74099587734934091, "NDBI": 0.17544430421439758, "UI": 0.081253880189148697, "BI": 0.22651792848044769, "BI2": 0.28146149160345135, "BSI": 0.16672147311980046, "SATVI": 0.095220582513990903, "DPDD": -29.591379585547546, "DpRVIVV": 2.3784154261053847, "NDPolI": -0.18920771305269235, "VDDPI": 2.4667230216633493, "VHVVD": -7.9180647200984531, "VHVVP": 422.15093566006306, "VHVVR": 1.4667230216633493, "VVVHD": 7.9180647200984531, "VVVHR": 0.68179198473747404, "VVVHS": -41.848530339211678 }, "geometry": null },
{ "type": "Feature", "properties": { "inventory_date": "2026-01-15", "latitude_proj": 1421618, "longitude_proj": 612765, "agb": 49.82, "cagb": 23.42, "cagb_category": "20-30", "HCS": "non-HCS", "longitude": -13.960770208532631, "latitude": 12.857618815339244, "start_date": "2026-01-01", "end_date": "2026-02-01", "B2": 0.054322545781621642, "B3": 0.073263394296499196, "B4": 0.071379336053539924, "B8": 0.20723380125866608, "B5": 0.11103428028166516, "B6": 0.16981354298076948, "B7": 0.19160361395000974, "B8A": 0.21628409792356385, "B11": 0.1847563082661576, "B12": 0.10942210505039489, "B9": 0.21622767453374017, "B1": 0.046628227897290819, "VV": -10.242061957817715, "VH": -16.482984669860141, "elevation": 78.0, "ARI": 4.6431536408074994, "ARVI": 0.48362650639099003, "AVI": 0.29679570917342635, "BCC": 0.27302525766191948, "CCCI": 0.61987981771256495, "CVI": 7.9397562277658745e-05, "EVI": 0.27655624809734913, "ExG": 0.020824906757836825, "GNDVI": 0.47761763427620074, "IKAW": 0.58462070298562241, "MCARI": 0.04993441744979564, "MSAVI": 0.22924769347672436, "MTVI2": 0.19664948117774353, "NDDI": 96.599484349467758, "NDMI": 0.057341990132751139, "NDVI": 0.48760968888876016, "NDYI": 0.14845560963284885, "PSRI": 0.10044422825480932, "PVI": -0.24838109846801609, "RCC": 0.35875273033223276, "RENDVI": 0.20929221389826758, "S2REP": 717.18119762524259, "SAVI": 0.26172393971048225, "SI": 0.93363953182400594, "SIPI": 1.1821884037368775, "TCARI": 0.083712082747183628, "TNDVI": 0.99378553465461561, "TTVI": 0.36276250430743762, "TVI": 0.99378553465461561, "VARI": 0.020859769629147505, "VARI700": 0.20805934060478531, "AWEInsh": -0.19686931730471419, "AWEIsh": -0.37785965902696467, "MNDWI": -0.43211007865798062, "MuWIR": -0.32516023193115079, "NDWI": -0.47761763427620074, "S2WI": 0.0073128987796926481, "WI2015": -16.126790985799772, "BAI": 44.45050030590442, "BAIM": 30.370375864443176, "MIRBI": 1.2836092294956043, "NBR": 0.30888953674783343, "NBRplus": -0.51721155229543347, "NBRSWIR": -0.24185546441682684, "NDSWIR": 0.057341990132751139, "NBSIMS": -2.293093922798187, "NDSI": -0.43211007865798062, "NBAI": -0.9168282156362213, "NDBI": -0.057341990132751139, "UI": -0.30888953674783343, "BI": -0.010470903183860202, "BI2": 0.13342711236652116, "BSI": -0.18255563279474643, "SATVI": 0.17020290252573264, "DPDD": -18.897461697957684, "DpRVIVV": 2.4670467220497945, "NDPolI": -0.23352336102489715, "VDDPI": 2.6093424095407625, "VHVVD": -6.2409227120424262, "VHVVP": 168.81975023846712, "VHVVR": 1.6093424095407625, "VVVHD": 6.2409227120424262, "VVVHR": 0.62137180631768552, "VVVHS": -26.725046627677855 }, "geometry": null },
{ "type": "Feature", "properties": { "inventory_date": "2026-01-15", "latitude_proj": 1447776, "longitude_proj": 575185, "agb": 29.39, "cagb": 13.81, "cagb_category": "10-20", "HCS": "non-HCS", "longitude": -14.306425735317593, "latitude": 13.095284294762662, "start_date": "2026-01-01", "end_date": "2026-02-01", "B2": 0.07175070215333243, "B3": 0.093895048318817662, "B4": 0.11764641643308402, "B8": 0.21730362265993741, "B5": 0.15285946252010357, "B6": 0.18268695646581704, "B7": 0.20277472686212508, "B8A": 0.23736186048562502, "B11": 0.29156544422407299, "B12": 0.18557029037962827, "B9": 0.24179999530315399, "B1": 0.057000000029802322, "VV": -11.64467995387619, "VH": -17.736554849207796, "elevation": 35.0, "ARI": 4.1082320872258045, "ARVI": 0.2851874433108712, "AVI": 0.26734543705740343, "BCC": 0.25327457139799503, "CCCI": 0.58514269380368988, "CVI": 0.0002253881344613273, "EVI": 0.17987991904290529, "ExG": -0.0016070219487811233, "GNDVI": 0.39655880904949176, "IKAW": 0.50354866892454453, "MCARI": 0.030430111469391348, "MSAVI": 0.15586789648341137, "MTVI2": 0.094824758824413907, "NDDI": -7.0088428290422558, "NDMI": -0.14593502807877007, "NDVI": 0.29752857022111545, "NDYI": 0.13368496386032158, "PSRI": 0.25122600522571648, "PVI": -0.25139340725464315, "RCC": 0.4152829840594876, "RENDVI": 0.08889230299598283, "S2REP": 713.62589461691971, "SAVI": 0.179035633680144, "SI": 0.90537520316481646, "SIPI": 1.6085502363494919, "TCARI": 0.05967121708218634, "TNDVI": 0.8930445510841637, "TTVI": 0.079975213343381091, "TVI": 0.8930445510841637, "VARI": -0.16990656372962265, "VARI700": 0.014520937271832953, "AWEInsh": -0.33468919074202785, "AWEIsh": -0.50320784997054602, "MNDWI": -0.5128162281981733, "MuWIR": -0.40163747208935496, "NDWI": -0.39655880904949176, "S2WI": -0.096654704792507068, "WI2015": -23.37779668141544, "BAI": 39.910877868476447, "BAIM": 35.462604224328906, "MIRBI": 0.99836155040036711, "NBR": 0.078767404026958324, "NBRplus": -0.36942827803094919, "NBRSWIR": -0.21831112906387806, "NDSWIR": -0.14593502807877007, "NBSIMS": -2.877698387412726, "NDSI": -0.5128162281981733, "NBAI": -0.88721864582278909, "NDBI": 0.14593502807877007, "UI": -0.078767404026958324, "BI": 0.17207984339516044, "BI2": 0.15261915980578605, "BSI": 0.023911995088738244, "SATVI": 0.19414307580581452, "DPDD": -20.775670368894879, "DpRVIVV": 2.4146779355027093, "NDPolI": -0.20733896775135452, "VDDPI": 2.5231466145451069, "VHVVD": -6.0918748953316051, "VHVVP": 206.53650470339556, "VHVVR": 1.5231466145451074, "VVVHD": 6.0918748953316051, "VVVHR": 0.65653561544937244, "VVVHS": -29.381234803083984 }, "geometry": null },
{ "type": "Feature", "properties": { "inventory_date": "2026-01-15", "latitude_proj": 1446295, "longitude_proj": 574168, "agb": 98.84, "cagb": 46.45, "cagb_category": "40-50", "HCS": "HCS", "longitude": -14.315843929321336, "latitude": 13.081918134740627, "start_date": "2026-01-01", "end_date": "2026-02-01", "B2": 0.064677864197484641, "B3": 0.087313710382182053, "B4": 0.1154627485967572, "B8": 0.2071364392352297, "B5": 0.14561027371037555, "B6": 0.17123813817039382, "B7": 0.19149020658936744, "B8A": 0.22828640218848925, "B11": 0.2935086440595096, "B12": 0.19104748561769078, "B9": 0.23217073248125228, "B1": 0.05438081979206421, "VV": -9.7057978435625838, "VH": -15.966707288178013, "elevation": 35.0, "ARI": 4.5853077683548156, "ARVI": 0.2696860099576246, "AVI": 0.25609776194835421, "BCC": 0.2418277013784535, "CCCI": 0.61378380903135621, "CVI": 0.00018233216371600137, "EVI": 0.1619872329471074, "ExG": -0.0055131920298777393, "GNDVI": 0.40693723201953552, "IKAW": 0.52410257016886397, "MCARI": 0.023315516975675875, "MSAVI": 0.14438021988502581, "MTVI2": 0.07873213646730369, "NDDI": -5.6295249409675092, "NDMI": -0.17252182775044039, "NDVI": 0.28417210611893146, "NDYI": 0.1489282958433514, "PSRI": 0.2965746120688259, "PVI": -0.25891336920613667, "RCC": 0.4317101597964943, "RENDVI": 0.080883676543918051, "S2REP": 715.74288247167669, "SAVI": 0.16716590289874536, "SI": 0.9106111329526092, "SIPI": 1.6662972591076077, "TCARI": 0.046331836704770452, "TNDVI": 0.88553492653815269, "TTVI": 0.039216599796799478, "TVI": 0.88553492653815269, "VARI": -0.2038329083588569, "VARI700": -0.025525105385675678, "AWEInsh": -0.35118325906946801, "AWEIsh": -0.51576735619359193, "MNDWI": -0.54144650720313325, "MuWIR": -0.42203256003761291, "NDWI": -0.40693723201953552, "S2WI": -0.13496558641037459, "WI2015": -24.274378486856655, "BAI": 45.686657880144864, "BAIM": 40.368144480259893, "MIRBI": 1.0340901443937134, "NBR": 0.040405834121710955, "NBRplus": -0.33121312388256152, "NBRSWIR": -0.20949426791477407, "NDSWIR": -0.17252182775044039, "NBSIMS": -3.074750936531804, "NDSI": -0.54144650720313325, "NBAI": -0.8924460460776189, "NDBI": 0.17252182775044039, "UI": -0.040405834121710955, "BI": 0.20146881759047056, "BI2": 0.14590046240876178, "BSI": 0.059993876315346244, "SATVI": 0.19829061191323144, "DPDD": -18.153202468700215, "DpRVIVV": 2.487752123330937, "NDPolI": -0.2438760616654686, "VDDPI": 2.6450690139572615, "VHVVD": -6.2609094446154288, "VHVVP": 154.96963316639315, "VHVVR": 1.6450690139572612, "VVVHD": 6.2609094446154288, "VVVHR": 0.6078772328186226, "VVVHS": -25.672505131740596 }, "geometry": null },
{ "type": "Feature", "properties": { "inventory_date": "2026-01-15", "latitude_proj": 1425642, "longitude_proj": 613847, "agb": 67.65, "cagb": 31.8, "cagb_category": "30-40", "HCS": "HCS", "longitude": -13.950648437692044, "latitude": 12.893961235913554, "start_date": "2026-01-01", "end_date": "2026-02-01", "B2": 0.051122209219243368, "B3": 0.069192648897545436, "B4": 0.071248884008103266, "B8": 0.20290423418073308, "B5": 0.10481339423208165, "B6": 0.16378271385878207, "B7": 0.18904611295672721, "B8A": 0.21841647625084193, "B11": 0.20666874340054983, "B12": 0.11889376495609927, "B9": 0.21635480646081298, "B1": 0.047411239384067709, "VV": -11.358725412149568, "VH": -17.889239328474069, "elevation": 78.0, "ARI": 4.9116369769902697, "ARVI": 0.47537272864757879, "AVI": 0.29165963213839713, "BCC": 0.26686787725160266, "CCCI": 0.66379007427729686, "CVI": 6.9213225707171868e-05, "EVI": 0.26394819455270424, "ExG": 0.016014204567744238, "GNDVI": 0.49141167576227135, "IKAW": 0.59750482245071579, "MCARI": 0.03889610393447749, "MSAVI": 0.22252556887185071, "MTVI2": 0.18455440155776484, "NDDI": -86.861446150824435, "NDMI": -0.0091913027125175798, "NDVI": 0.48022561640880462, "NDYI": 0.15019291849026009, "PSRI": 0.12288644091105773, "PVI": -0.25177298236102752, "RCC": 0.3719330350189744, "RENDVI": 0.21954644110759644, "S2REP": 720.03652499935231, "SAVI": 0.25509556264652722, "SI": 0.93610193928871999, "SIPI": 1.1810609640457379, "TCARI": 0.069252775278505763, "TNDVI": 0.99006344059802787, "TTVI": 0.40433655219228437, "TVI": 0.99006344059802787, "VARI": -0.02302116748865168, "VARI700": 0.1486954087431438, "AWEInsh": -0.27367258292792795, "AWEIsh": -0.41997907614784225, "MNDWI": -0.49835206499084156, "MuWIR": -0.41219196925321994, "NDWI": -0.49141167576227135, "S2WI": -0.06294108232885523, "WI2015": -18.178757544054527, "BAI": 47.062706329894354, "BAIM": 33.380147662575688, "MIRBI": 1.1635839642356043, "NBR": 0.26106585326812909, "NBRplus": -0.48038791957959348, "NBRSWIR": -0.2532529918122583, "NDSWIR": -0.0091913027125175798, "NBSIMS": -2.5402035282002471, "NDSI": -0.49835206499084156, "NBAI": -0.923436446975612, "NDBI": 0.0091913027125175798, "UI": -0.26106585326812909, "BI": 0.04491296232019041, "BI2": 0.13042769948944757, "BSI": -0.14382764477316426, "SATVI": 0.20167303810444459, "DPDD": -20.681434204000013, "DpRVIVV": 2.4465619385306505, "NDPolI": -0.2232809692653252, "VDDPI": 2.5749336901250652, "VHVVD": -6.5305139163245016, "VHVVP": 203.19895736436388, "VHVVR": 1.574933690125065, "VVVHD": 6.5305139163245016, "VVVHR": 0.63494736716222655, "VVVHS": -29.247964740623637 }, "geometry": null },
{ "type": "Feature", "properties": { "inventory_date": "2026-01-15", "latitude_proj": 1425838, "longitude_proj": 614108, "agb": 34.52, "cagb": 16.22, "cagb_category": "10-20", "HCS": "non-HCS", "longitude": -13.948235630544037, "latitude": 12.895723666051126, "start_date": "2026-01-01", "end_date": "2026-02-01", "B2": 0.053142413137126303, "B3": 0.071150519055825173, "B4": 0.067839453478021866, "B8": 0.20109045161396197, "B5": 0.10421839207521111, "B6": 0.16450514015689946, "B7": 0.18655355482587629, "B8A": 0.21574508007767462, "B11": 0.18715321959212131, "B12": 0.10663834200147609, "B9": 0.2114175793409436, "B1": 0.047414360381800726, "VV": -10.063929830743607, "VH": -17.461368483427357, "elevation": 78.0, "ARI": 4.4594758890241017, "ARVI": 0.49198785625731561, "AVI": 0.29231485041568178, "BCC": 0.27659268868983217, "CCCI": 0.6403652793841218, "CVI": 6.9060534514844501e-05, "EVI": 0.27541234034230949, "ExG": 0.021319171496502178, "GNDVI": 0.47729749213885431, "IKAW": 0.58193907629403907, "MCARI": 0.045727054330137878, "MSAVI": 0.22672158135328713, "MTVI2": 0.19708650075145345, "NDDI": 53.483465489372392, "NDMI": 0.035898156378298442, "NDVI": 0.49548598208281597, "NDYI": 0.14488439206457221, "PSRI": 0.089340918629521371, "PVI": -0.25239828593391539, "RCC": 0.35308703028440458, "RENDVI": 0.22434487810176423, "S2REP": 718.34014436466362, "SAVI": 0.25994111541285392, "SI": 0.93592326115269053, "SIPI": 1.1532828525260566, "TCARI": 0.078656494573672062, "TNDVI": 0.99774043823171565, "TTVI": 0.27636720851438623, "TVI": 0.99774043823171565, "VARI": 0.038569128826390207, "VARI700": 0.21156380881402559, "AWEInsh": -0.22102797454461576, "AWEIsh": -0.37800638153280469, "MNDWI": -0.44909416001291919, "MuWIR": -0.32517637582296893, "NDWI": -0.47729749213885431, "S2WI": -0.011476749542107895, "WI2015": -15.978891657747429, "BAI": 47.75363033553711, "BAIM": 31.701022580688214, "MIRBI": 1.2322818680119718, "NBR": 0.306932960360286, "NBRplus": -0.52252524235247466, "NBRSWIR": -0.25524893723949077, "NDSWIR": 0.035898156378298442, "NBSIMS": -2.3103966422927895, "NDSI": -0.44909416001291919, "NBAI": -0.92207712558868127, "NDBI": -0.035898156378298442, "UI": -0.306932960360286, "BI": 0.0014920860456171, "BI2": 0.12923100445896257, "BSI": -0.18603472381277678, "SATVI": 0.18373034690169829, "DPDD": -19.463325092132933, "DpRVIVV": 2.5375010703426453, "NDPolI": -0.26875053517132258, "VDDPI": 2.7350447367077049, "VHVVD": -7.3974386526837499, "VHVVP": 175.72998716597084, "VHVVR": 1.7350447367077046, "VVVHD": 7.3974386526837499, "VVVHR": 0.57635401488121141, "VVVHS": -27.525298314170964 }, "geometry": null },
{ "type": "Feature", "properties": { "inventory_date": "2026-01-15", "latitude_proj": 1420647, "longitude_proj": 612492, "agb": 27.58, "cagb": 12.96, "cagb_category": "10-20", "HCS": "non-HCS", "longitude": -13.963321874020897, "latitude": 12.84884963638971, "start_date": "2026-01-01", "end_date": "2026-02-01", "B2": 0.051860880738139423, "B3": 0.068180422568149157, "B4": 0.078435787645690438, "B8": 0.17638371336645411, "B5": 0.11203867345938059, "B6": 0.14768579067299756, "B7": 0.16634707760581435, "B8A": 0.19274937424899735, "B11": 0.2244178739843061, "B12": 0.14018072003152618, "B9": 0.19720199602696739, "B1": 0.045886750836931799, "VV": -10.864560577522711, "VH": -16.722762061115361, "elevation": 78.0, "ARI": 5.7414774165545985, "ARVI": 0.37618438646177604, "AVI": 0.25157053612226921, "BCC": 0.26129403897141468, "CCCI": 0.58039481740413068, "CVI": 6.4312015549719312e-05, "EVI": 0.19464361815444717, "ExG": 0.0060641767524684531, "GNDVI": 0.442433189906629, "IKAW": 0.54556750014965028, "MCARI": 0.035469251784906217, "MSAVI": 0.16491614228704909, "MTVI2": 0.12088274532429724, "NDDI": -14.242756902838748, "NDMI": -0.11984523548260063, "NDVI": 0.38438159297743674, "NDYI": 0.13594938892299419, "PSRI": 0.17994220558694476, "PVI": -0.2744438188492031, "RCC": 0.39518811601620946, "RENDVI": 0.13724974785374125, "S2REP": 715.16482114532948, "SAVI": 0.19464506201037013, "SI": 0.93377698546271481, "SIPI": 1.3323096080824779, "TCARI": 0.06322004848390203, "TNDVI": 0.94041564904962993, "TTVI": 0.19746338641705419, "TVI": 0.94041564904962993, "VARI": -0.10822995534168083, "VARI700": 0.10233204816417681, "AWEInsh": -0.28354875391954437, "AWEIsh": -0.41393562387550953, "MNDWI": -0.53396569035783026, "MuWIR": -0.4982137368734687, "NDWI": -0.442433189906629, "S2WI": -0.11157764747047569, "WI2015": -18.783935765093343, "BAI": 71.376650057696082, "BAIM": 51.147783732706273, "MIRBI": 1.2025120352690617, "NBR": 0.11436216300841999, "NBRplus": -0.3810614940442878, "NBRSWIR": -0.22435959836165109, "NDSWIR": -0.11984523548260063, "NBSIMS": -2.9248057004916892, "NDSI": -0.53396569035783026, "NBAI": -0.91830270624392796, "NDBI": 0.11984523548260063, "UI": -0.11436216300841999, "BI": 0.14048072408411, "BI2": 0.11819751428027955, "BSI": -0.02154603833044752, "SATVI": 0.20265315474052825, "DPDD": -19.507182912562136, "DpRVIVV": 2.4247024301943538, "NDPolI": -0.21235121509717686, "VDDPI": 2.5392027999468718, "VHVVD": -5.8582014835926497, "VHVVP": 181.68546143648641, "VHVVR": 1.5392027999468718, "VVVHD": 5.8582014835926497, "VVVHR": 0.6496869678475875, "VVVHS": -27.587322638638071 }, "geometry": null },
{ "type": "Feature", "properties": { "inventory_date": "2026-01-15", "latitude_proj": 1425261, "longitude_proj": 613813, "agb": 85.97, "cagb": 40.41, "cagb_category": "40-50", "HCS": "HCS", "longitude": -13.950976131454732, "latitude": 12.890517769610129, "start_date": "2026-01-01", "end_date": "2026-02-01", "B2": 0.048385577994336612, "B3": 0.064657654269721768, "B4": 0.062812800204147076, "B8": 0.18523703309958475, "B5": 0.095383288119605308, "B6": 0.15128683167183724, "B7": 0.17392828746151551, "B8A": 0.19888882097701924, "B11": 0.18589929794966187, "B12": 0.10757048955178268, "B9": 0.2001928387423452, "B1": 0.045394246677044621, "VV": -10.837576723950065, "VH": -15.960810698519268, "elevation": 78.0, "ARI": 4.9820561338686886, "ARVI": 0.48980799115485113, "AVI": 0.27699622605528235, "BCC": 0.27514312312877104, "CCCI": 0.64876679417670124, "CVI": 4.8642496968895987e-05, "EVI": 0.2552159503412717, "ExG": 0.018116930340959847, "GNDVI": 0.48252077744920169, "IKAW": 0.58578000846943235, "MCARI": 0.040127773759681462, "MSAVI": 0.2112103189365051, "MTVI2": 0.18166233929639453, "NDDI": 88.522990390501448, "NDMI": -0.0017844247374133758, "NDVI": 0.49354692669973205, "NDYI": 0.14394560337212503, "PSRI": 0.095363370693790264, "PVI": -0.26373933823374007, "RCC": 0.35718308506421892, "RENDVI": 0.22663281470612609, "S2REP": 719.39182382439128, "SAVI": 0.24548678599677512, "SI": 0.94135330866091249, "SIPI": 1.1422802750332903, "TCARI": 0.069716736780190705, "TNDVI": 0.99676824121745178, "TTVI": 0.39164821679347894, "TVI": 0.99676824121745178, "VARI": 0.023327520351532113, "VARI700": 0.19687833222471351, "AWEInsh": -0.23545698672725429, "AWEIsh": -0.3735674052931745, "MNDWI": -0.48388856348229714, "MuWIR": -0.40369604703949935, "NDWI": -0.48252077744920169, "S2WI": -0.060049147998172479, "WI2015": -16.004268202147426, "BAI": 58.591911146963731, "BAIM": 37.268558260886707, "MIRBI": 1.2538917756111403, "NBR": 0.26524777384314707, "NBRplus": -0.48715214532132994, "NBRSWIR": -0.24990180064973397, "NDSWIR": -0.0017844247374133758, "NBSIMS": -2.4853525256068041, "NDSI": -0.48388856348229714, "NBAI": -0.9278704557624301, "NDBI": 0.0017844247374133758, "UI": -0.26524777384314707, "BI": 0.031284265408603525, "BI2": 0.11893810513131839, "BSI": -0.15653068731165515, "SATVI": 0.19281120674871521, "DPDD": -18.949321471292347, "DpRVIVV": 2.3823539001659171, "NDPolI": -0.19117695008295851, "VDDPI": 2.4727287386346544, "VHVVD": -5.123233974569203, "VHVVP": 172.97651052164559, "VHVVR": 1.4727287386346544, "VVVHD": 5.123233974569203, "VVVHR": 0.67901166981170313, "VVVHS": -26.798387422469332 }, "geometry": null },
{ "type": "Feature", "properties": { "inventory_date": "2026-01-15", "latitude_proj": 1449098, "longitude_proj": 588999, "agb": 72.6, "cagb": 34.12, "cagb_category": "30-40", "HCS": "HCS", "longitude": -14.178961833309888, "latitude": 13.106863380686066, "start_date": "2026-01-01", "end_date": "2026-02-01", "B2": 0.069686630790136539, "B3": 0.088905032224669819, "B4": 0.10770833564409149, "B8": 0.2199353034158327, "B5": 0.14118451604786353, "B6": 0.17684721517942983, "B7": 0.20092693241431173, "B8A": 0.23566442067995019, "B11": 0.25515264189682968, "B12": 0.16561402489806526, "B9": 0.23710000514984131, "B1": 0.052200000733137131, "VV": -10.046651848963787, "VH": -17.413638281979502, "elevation": 35.0, "ARI": 4.1650275434838102, "ARVI": 0.33277146200768604, "AVI": 0.28030639362254828, "BCC": 0.26168468321848454, "CCCI": 0.63666077259005427, "CVI": 0.00018723927428028616, "EVI": 0.2088276799505282, "ExG": 0.00041509801511160904, "GNDVI": 0.42426540859509115, "IKAW": 0.51877518544173662, "MCARI": 0.030175079630003314, "MSAVI": 0.17785329342014522, "MTVI2": 0.1201237634425857, "NDDI": -9.3811216415512355, "NDMI": -0.074128040562721348, "NDVI": 0.34252753416407855, "NDYI": 0.12118166282636825, "PSRI": 0.21499747573281258, "PVI": -0.24695585812407903, "RCC": 0.4044623964946184, "RENDVI": 0.1121356632998316, "S2REP": 717.88907291203805, "SAVI": 0.20339726388620669, "SI": 0.91110112306693858, "SIPI": 1.4946078114117183, "TCARI": 0.059311647637547781, "TNDVI": 0.91789298622665083, "TTVI": 0.24041240891893034, "TVI": 0.91789298622665083, "VARI": -0.14814296697609081, "VARI700": 0.035994379394957719, "AWEInsh": -0.26453569607291816, "AWEIsh": -0.46208621284169887, "MNDWI": -0.48319692358744382, "MuWIR": -0.48338326654133268, "NDWI": -0.42426540859509115, "S2WI": -0.079627200230092593, "WI2015": -21.389650374877441, "BAI": 39.003507625710299, "BAIM": 33.266354156458505, "MIRBI": 1.1556443583917217, "NBR": 0.14089319972447559, "NBRplus": -0.40838411497152532, "NBRSWIR": -0.21034106824257714, "NDSWIR": -0.074128040562721348, "NBSIMS": -2.7518468316198352, "NDSI": -0.48319692358744382, "NBAI": -0.89088403894797763, "NDBI": 0.074128040562721348, "UI": -0.14089319972447559, "BI": 0.11224668419111429, "BI2": 0.15041800425337415, "BSI": -0.028954150199009147, "SATVI": 0.17351059274550576, "DPDD": -19.417357364940024, "DpRVIVV": 2.5365556152456175, "NDPolI": -0.26827780762280867, "VDDPI": 2.7332777669384001, "VHVVD": -7.3669864330157147, "VHVVP": 174.94876124283596, "VHVVR": 1.7332777669384001, "VVVHD": 7.3669864330157147, "VVVHR": 0.57694157224803289, "VVVHS": -27.460290130943289 }, "geometry": null },
{ "type": "Feature", "properties": { "inventory_date": "2026-01-15", "latitude_proj": 1786002, "longitude_proj": 390754, "agb": 51.98, "cagb": 24.43, "cagb_category": "20-30", "HCS": "non-HCS", "longitude": -16.021800252959174, "latitude": 16.1518382076001, "start_date": "2026-01-01", "end_date": "2026-02-01", "B2": 0.080307727851763808, "B3": 0.12110249843504844, "B4": 0.16704871338989696, "B8": 0.2745444714797266, "B5": 0.20013075827649143, "B6": 0.23129068478716139, "B7": 0.25027780072255568, "B8A": 0.28229825415394522, "B11": 0.40511439415541556, "B12": 0.33988522571144686, "B9": 0.27799999713897705, "B1": 0.065099999308586121, "VV": -15.362127132055473, "VH": -20.911858538430725, "elevation": 3.0, "ARI": 3.2607347752848126, "ARVI": 0.22422685461922598, "AVI": 0.29076438577634856, "BCC": 0.21795570470410319, "CCCI": 0.64400233546586139, "CVI": 0.00067260802380002889, "EVI": 0.16048657769222785, "ExG": -0.0051514443715638819, "GNDVI": 0.38782547248556098, "IKAW": 0.54737365019545403, "MCARI": 0.020697780574658833, "MSAVI": 0.15411911567924863, "MTVI2": 0.06856762316859033, "NDDI": -4.371605301512659, "NDMI": -0.1921109681305653, "NDVI": 0.24342712200498928, "NDYI": 0.20254567672841026, "PSRI": 0.37503017303941166, "PVI": -0.21785732638873448, "RCC": 0.45337131333132458, "RENDVI": 0.072226188595063773, "S2REP": 714.58402315834928, "SAVI": 0.17124554396288547, "SI": 0.87646273729748003, "SIPI": 1.9483975544050458, "TCARI": 0.042438804942404831, "TNDVI": 0.86222219990266391, "TTVI": 0.090032004576290792, "TVI": 0.86222219990266391, "VARI": -0.2210616088439753, "VARI700": -0.08832589152665167, "AWEInsh": -0.26999933004492127, "AWEIsh": -0.72139563094118997, "MNDWI": -0.53972401821277816, "MuWIR": -0.37493534063416833, "NDWI": -0.38782547248556098, "S2WI": -0.2587969089412675, "WI2015": -38.650038393524312, "BAI": 19.792236848325043, "BAIM": 14.288144077599435, "MIRBI": 1.4287311943913958, "NBR": -0.10634374368690411, "NBRplus": -0.17462889001574203, "NBRSWIR": -0.10086296660985167, "NDSWIR": -0.1921109681305653, "NBSIMS": -3.6722737967912353, "NDSI": -0.53972401821277816, "NBAI": -0.81553563040168464, "NDBI": 0.1921109681305653, "UI": 0.10634374368690411, "BI": 0.23441997839923687, "BI2": 0.19828073918269962, "BSI": 0.1764727151987098, "SATVI": 0.16312100277813757, "DPDD": -25.649581248264443, "DpRVIVV": 2.3059896123237822, "NDPolI": -0.15299480616189109, "VDDPI": 2.3612606092026716, "VHVVD": -5.5497314063752512, "VHVVP": 321.25062943493253, "VHVVR": 1.3612606092026716, "VVVHD": 5.5497314063752512, "VVVHR": 0.73461319106686551, "VVVHS": -36.273985670486198 }, "geometry": null },
{ "type": "Feature", "properties": { "inventory_date": "2026-01-15", "latitude_proj": 1786721, "longitude_proj": 390272, "agb": 7.47, "cagb": 3.51, "cagb_category": "0-10", "HCS": "non-HCS", "longitude": -16.026341494256567, "latitude": 16.158315457177935, "start_date": "2026-01-01", "end_date": "2026-02-01", "B2": 0.082136738778987362, "B3": 0.12044404125432379, "B4": 0.16949110753577723, "B8": 0.28385773527771069, "B5": 0.19859583815119275, "B6": 0.23289148629027426, "B7": 0.25086257693287645, "B8A": 0.28803579366617565, "B11": 0.40530477045297725, "B12": 0.31883821548767904, "B9": 0.29107469898753219, "B1": 0.058226445535457923, "VV": -14.562121912541956, "VH": -19.728233770260601, "elevation": 3.0, "ARI": 3.2672585713744997, "ARVI": 0.23366520098260077, "AVI": 0.29985740527624938, "BCC": 0.22075502483034479, "CCCI": 0.70053955191441775, "CVI": 0.00069794032118557464, "EVI": 0.16970569823528645, "ExG": -0.01073976380611702, "GNDVI": 0.40418742510877631, "IKAW": 0.55115858516342986, "MCARI": 0.015788167816516114, "MSAVI": 0.16281047969176521, "MTVI2": 0.072470387583606341, "NDDI": -4.3211706878551226, "NDMI": -0.17622408962382791, "NDVI": 0.25227069519395462, "NDYI": 0.18909643091036279, "PSRI": 0.37508614053805306, "PVI": -0.21107380950919274, "RCC": 0.45553322677275687, "RENDVI": 0.079482400053060773, "S2REP": 716.81885063859738, "SAVI": 0.17994456374083206, "SI": 0.87524287294110448, "SIPI": 1.9728770026461417, "TCARI": 0.032371055890352399, "TNDVI": 0.86733539948162763, "TTVI": -0.06240944341924326, "TVI": 0.86733539948162763, "VARI": -0.23603196135538412, "VARI700": -0.10265147678918018, "AWEInsh": -0.3336022580229242, "AWEIsh": -0.73020647055315491, "MNDWI": -0.54181906426684112, "MuWIR": -0.413435200786616, "NDWI": -0.40418742510877631, "S2WI": -0.23238203301633875, "WI2015": -37.92146506235224, "BAI": 18.201243982259346, "BAIM": 14.532357074314836, "MIRBI": 1.2163954044376131, "NBR": -0.058040011992025374, "NBRplus": -0.2122148889677993, "NBRSWIR": -0.12918456721897589, "NDSWIR": -0.17622408962382791, "NBSIMS": -3.5278783256235924, "NDSI": -0.54181906426684112, "NBAI": -0.82690302869394283, "NDBI": 0.17622408962382791, "UI": 0.058040011992025374, "BI": 0.2219425438176354, "BI2": 0.20314954793974521, "BSI": 0.1431949448029721, "SATVI": 0.16968570333685665, "DPDD": -24.246943032608353, "DpRVIVV": 2.3013157346926896, "NDPolI": -0.15065786734634473, "VDDPI": 2.3547636730928074, "VHVVD": -5.1661118577186453, "VHVVP": 287.28494528166209, "VHVVR": 1.3547636730928077, "VVVHD": 5.1661118577186453, "VVVHR": 0.73813611913366928, "VVVHS": -34.290355682802556 }, "geometry": null },
{ "type": "Feature", "properties": { "inventory_date": "2026-01-15", "latitude_proj": 1785291, "longitude_proj": 391381, "agb": 35.82, "cagb": 16.84, "cagb_category": "10-20", "HCS": "non-HCS", "longitude": -16.015903666071754, "latitude": 16.145439618343261, "start_date": "2026-01-01", "end_date": "2026-02-01", "B2": 0.10038623011557346, "B3": 0.15414251315463431, "B4": 0.22272903513170106, "B8": 0.34089879771399356, "B5": 0.26127147785301413, "B6": 0.29490790071817474, "B7": 0.31428266227353896, "B8A": 0.34661785226267749, "B11": 0.4753113245160635, "B12": 0.37895636104712282, "B9": 0.38034036822874895, "B1": 0.085372604399865215, "VV": -15.671672171972851, "VH": -22.548174935166191, "elevation": 3.0, "ARI": 2.6600663574095318, "ARVI": 0.18743560757767452, "AVI": 0.31518685187693635, "BCC": 0.21033964171671624, "CCCI": 0.63070874461290283, "CVI": 0.0018040442101917209, "EVI": 0.15351696501416331, "ExG": -0.014830238938005891, "GNDVI": 0.37725393913422284, "IKAW": 0.54502770869287409, "MCARI": 0.020078623254917903, "MSAVI": 0.15477106701638144, "MTVI2": 0.048572285928018377, "NDDI": -3.5019783946774026, "NDMI": -0.16467882857765442, "NDVI": 0.20965920363738327, "NDYI": 0.21119926318888538, "PSRI": 0.41485088978013873, "PVI": -0.17860537332882984, "RCC": 0.46668497657074587, "RENDVI": 0.060477651925124866, "S2REP": 712.52764289922357, "SAVI": 0.16665100178809811, "SI": 0.83941213943561954, "SIPI": 2.1623652932041892, "TCARI": 0.040226984662989115, "TNDVI": 0.84241272760885044, "TTVI": 0.09915863900345423, "TVI": 0.84241272760885044, "VARI": -0.24806569271322598, "VARI700": -0.11205234823616393, "AWEInsh": -0.32776995199462733, "AWEIsh": -0.83331176060470702, "MNDWI": -0.5102340984208128, "MuWIR": -0.24289943448053442, "NDWI": -0.37725393913422284, "S2WI": -0.18381719138655767, "WI2015": -43.410870222710557, "BAI": 10.642084799172409, "BAIM": 8.5728377252116488, "MIRBI": 1.1315126302138054, "NBR": -0.052868362294752475, "NBRplus": -0.22670091238279469, "NBRSWIR": -0.1219311575035371, "NDSWIR": -0.16467882857765442, "NBSIMS": -3.3266504467843703, "NDSI": -0.5102340984208128, "NBAI": -0.78111076487279296, "NDBI": 0.16467882857765442, "UI": 0.052868362294752475, "BI": 0.22535733394539675, "BI2": 0.25138292685010216, "BSI": 0.15379186663107755, "SATVI": 0.1267661187819612, "DPDD": -27.025513065371069, "DpRVIVV": 2.359839365339004, "NDPolI": -0.17991968266950198, "VDDPI": 2.4387855161679077, "VHVVD": -6.87650276319334, "VHVVP": 353.36760566021974, "VHVVR": 1.4387855161679075, "VVVHD": 6.87650276319334, "VVVHR": 0.69503062740263166, "VVVHS": -38.219847107139046 }, "geometry": null },
{ "type": "Feature", "properties": { "inventory_date": "2026-01-15", "latitude_proj": 1786476, "longitude_proj": 391122, "agb": 6.51, "cagb": 3.06, "cagb_category": "0-10", "HCS": "non-HCS", "longitude": -16.018380590287052, "latitude": 16.156139096650755, "start_date": "2026-01-01", "end_date": "2026-02-01", "B2": 0.10905384297444934, "B3": 0.16997659962450806, "B4": 0.24556645141637309, "B8": 0.34508080359030646, "B5": 0.27823684981536423, "B6": 0.3011924976744646, "B7": 0.31678425500628532, "B8A": 0.34434433612621257, "B11": 0.48104759767533067, "B12": 0.40449258331907639, "B9": 0.3499000072479248, "B1": 0.078100003302097321, "VV": -16.494833247008536, "VH": -21.41330489565102, "elevation": 3.0, "ARI": 2.2891025114326728, "ARVI": 0.14354214322176637, "AVI": 0.29589832346419837, "BCC": 0.20788122121680427, "CCCI": 0.63649525882163982, "CVI": 0.002448319598466924, "EVI": 0.1243571446487837, "ExG": -0.014667095141806308, "GNDVI": 0.3399702690862359, "IKAW": 0.51972903279072247, "MCARI": 0.012484240092245781, "MSAVI": 0.12735323671763066, "MTVI2": 0.019083121911714022, "NDDI": -2.9649751367568653, "NDMI": -0.1645831251857722, "NDVI": 0.16848355990887992, "NDYI": 0.21833731145107094, "PSRI": 0.45324040105895846, "PVI": -0.18071557623946435, "RCC": 0.46810504259142033, "RENDVI": 0.039617682394838184, "S2REP": 709.48027515886474, "SAVI": 0.13686508408255782, "SI": 0.82322950861527433, "SIPI": 2.6828371431446816, "TCARI": 0.024413215995197243, "TNDVI": 0.81760843923535909, "TTVI": 0.046720306526213728, "TVI": 0.81760843923535909, "VARI": -0.24663136515880471, "VARI700": -0.1380030289039676, "AWEInsh": -0.21819958897340697, "AWEIsh": -0.80632040569250518, "MNDWI": -0.47781787426797334, "MuWIR": -0.14523491214557555, "NDWI": -0.3399702690862359, "S2WI": -0.18492791928431526, "WI2015": -42.998673672325758, "BAI": 9.7598437838269287, "BAIM": 7.7585599888214842, "MIRBI": 1.3306593759725223, "NBR": -0.07926079122650645, "NBRplus": -0.21294789920245702, "NBRSWIR": -0.097971666927705148, "NDSWIR": -0.1645831251857722, "NBSIMS": -3.2285002177413498, "NDSI": -0.47781787426797334, "NBAI": -0.7498943621611468, "NDBI": 0.1645831251857722, "UI": 0.07926079122650645, "BI": 0.23076832820506143, "BI2": 0.26348667739101594, "BSI": 0.1774366141454366, "SATVI": 0.085718549155707452, "DPDD": -26.805101542830982, "DpRVIVV": 2.2594942347277951, "NDPolI": -0.12974711736389738, "VDDPI": 2.2981825626842562, "VHVVD": -4.918471648642484, "VHVVP": 353.2088935211151, "VHVVR": 1.2981825626842567, "VVVHD": 4.918471648642484, "VVVHR": 0.77030768148071294, "VVVHS": -37.908138142659553 }, "geometry": null },
{ "type": "Feature", "properties": { "inventory_date": "2026-01-15", "latitude_proj": 1786589, "longitude_proj": 390610, "agb": 25.01, "cagb": 11.75, "cagb_category": "10-20", "HCS": "non-HCS", "longitude": -16.023174238232979, "latitude": 16.157137539873297, "start_date": "2026-01-01", "end_date": "2026-02-01", "B2": 0.077246004692287609, "B3": 0.12408784545594119, "B4": 0.17802340058565411, "B8": 0.31484408006890169, "B5": 0.2263963257824097, "B6": 0.26852242168446738, "B7": 0.29070810871519676, "B8A": 0.3201825875465909, "B11": 0.4076892094872116, "B12": 0.32804271426448223, "B9": 0.3354008761670092, "B1": 0.070892238404795069, "VV": -13.221213094456418, "VH": -18.634322460885222, "elevation": 3.0, "ARI": 3.6417742053194102, "ARVI": 0.25849771833319113, "AVI": 0.32837411062135302, "BCC": 0.20362337754939941, "CCCI": 0.58867422536927028, "CVI": 0.00086304037269314515, "EVI": 0.18964527473233134, "ExG": -0.0070937143660593366, "GNDVI": 0.43459184333622586, "IKAW": 0.60597828053042502, "MCARI": 0.035495332089185712, "MSAVI": 0.19008051210351562, "MTVI2": 0.091531516407614213, "NDDI": -4.536537180399133, "NDMI": -0.12849944875944624, "NDVI": 0.27760135300779432, "NDYI": 0.2326575522653892, "PSRI": 0.37530346725305114, "PVI": -0.18860056401095085, "RCC": 0.46927638852627757, "RENDVI": 0.08511719573701744, "S2REP": 711.62131166935228, "SAVI": 0.20670534912632166, "SI": 0.87257342162194185, "SIPI": 1.783004167100166, "TCARI": 0.06705399096275326, "TNDVI": 0.88181707457260905, "TTVI": 0.27591187338493017, "TVI": 0.88181707457260905, "VARI": -0.23985723540940213, "VARI700": -0.062033635667710474, "AWEInsh": -0.31099901191498092, "AWEIsh": -0.77834499456814998, "MNDWI": -0.53330876425570395, "MuWIR": -0.30743928712900204, "NDWI": -0.43459184333622586, "S2WI": -0.18333194659863009, "WI2015": -40.202640969802971, "BAI": 14.077932809207777, "BAIM": 11.555707530994098, "MIRBI": 1.2850728896701482, "NBR": -0.020530261800238626, "NBRplus": -0.22773425839052797, "NBRSWIR": -0.11923260604358052, "NDSWIR": -0.12849944875944624, "NBSIMS": -3.4517288653568405, "NDSI": -0.53330876425570395, "NBAI": -0.81843649328205181, "NDBI": 0.12849944875944624, "UI": 0.020530261800238626, "BI": 0.19801799108820875, "BI2": 0.22076904923502511, "BSI": 0.1269000093060314, "SATVI": 0.15328057908568296, "DPDD": -22.525265209511243, "DpRVIVV": 2.3398536092431899, "NDPolI": -0.16992680462159476, "VDDPI": 2.4094260736708413, "VHVVD": -5.4131093664288041, "VHVVP": 246.36834812617906, "VHVVR": 1.4094260736708413, "VVVHD": 5.4131093664288041, "VVVHR": 0.70950865652393269, "VVVHS": -31.855535555341639 }, "geometry": null },
{ "type": "Feature", "properties": { "inventory_date": "2026-01-15", "latitude_proj": 1785820, "longitude_proj": 391530, "agb": 11.83, "cagb": 5.56, "cagb_category": "0-10", "HCS": "non-HCS", "longitude": -16.01453460566421, "latitude": 16.150227813014681, "start_date": "2026-01-01", "end_date": "2026-02-01", "B2": 0.10414426124812477, "B3": 0.16011934397650548, "B4": 0.23146805067857104, "B8": 0.34495985253912509, "B5": 0.26304682162072923, "B6": 0.29303515415591197, "B7": 0.31123191949882578, "B8A": 0.3444053185116398, "B11": 0.47801672486225338, "B12": 0.37971999659347189, "B9": 0.35510000586509705, "B1": 0.07890000194311142, "VV": -16.39018977170506, "VH": -23.437688435767548, "elevation": 3.0, "ARI": 2.4437370275657706, "ARVI": 0.1738964925950153, "AVI": 0.31102716641516537, "BCC": 0.21008192639701112, "CCCI": 0.68426630327657578, "CVI": 0.0020471384335484237, "EVI": 0.14530215098105465, "ExG": -0.015373623973684844, "GNDVI": 0.36596341690129258, "IKAW": 0.53621328306308902, "MCARI": 0.01249306825799921, "MSAVI": 0.14712495180555485, "MTVI2": 0.039713866719760869, "NDDI": -3.3289990600466166, "NDMI": -0.16167759323511632, "NDVI": 0.19688811250640009, "NDYI": 0.21181532992710281, "PSRI": 0.43450005101675443, "PVI": -0.17746746711395156, "RCC": 0.46692206947495907, "RENDVI": 0.053927898837756984, "S2REP": 714.69079294548874, "SAVI": 0.15815058517337813, "SI": 0.83311674173498229, "SIPI": 2.3443089829776258, "TCARI": 0.0245544995549337, "TNDVI": 0.8347982465880005, "TTVI": 0.032839300283964867, "TVI": 0.8347982465880005, "VARI": -0.24821851145441207, "VARI700": -0.13427954376824972, "AWEInsh": -0.31359949604572535, "AWEIsh": -0.82495224406104706, "MNDWI": -0.49816551110210433, "MuWIR": -0.20007780702949279, "NDWI": -0.36596341690129258, "S2WI": -0.18151710957465991, "WI2015": -42.822850082658505, "BAI": 10.153730948129787, "BAIM": 8.3821880934028794, "MIRBI": 1.1126360622846354, "NBR": -0.047966207554898665, "NBRplus": -0.23163850022359339, "NBRSWIR": -0.12351695995218263, "NDSWIR": -0.16167759323511632, "NBSIMS": -3.2347572944222174, "NDSI": -0.49816551110210433, "NBAI": -0.77431859245090995, "NDBI": 0.16167759323511632, "UI": 0.047966207554898665, "BI": 0.2247394776110643, "BI2": 0.25704277378432494, "BSI": 0.15286723738753466, "SATVI": 0.11590905209098484, "DPDD": -28.162562760775796, "DpRVIVV": 2.3538977711717628, "NDPolI": -0.17694888558588134, "VDDPI": 2.4299827373706693, "VHVVD": -7.0474986640624877, "VHVVP": 384.14816127232723, "VHVVR": 1.4299827373706693, "VVVHD": 7.0474986640624877, "VVVHR": 0.69930914119894549, "VVVHS": -39.827878207472608 }, "geometry": null },
{ "type": "Feature", "properties": { "inventory_date": "2026-01-15", "latitude_proj": 1791852, "longitude_proj": 389136, "agb": 12.35, "cagb": 5.8, "cagb_category": "0-10", "HCS": "non-HCS", "longitude": -16.037207941970586, "latitude": 16.204641926604911, "start_date": "2026-01-01", "end_date": "2026-02-01", "B2": 0.10130667119316496, "B3": 0.15124352851891404, "B4": 0.20474866733927388, "B8": 0.31587627030314214, "B5": 0.2453938020088357, "B6": 0.27127885333908502, "B7": 0.28787840050456737, "B8A": 0.3198007588355245, "B11": 0.43899715901768394, "B12": 0.35431558208834119, "B9": 0.31911288663022414, "B1": 0.072096443805345189, "VV": -15.346889583850411, "VH": -19.576527520793203, "elevation": 3.0, "ARI": 2.5367705988030993, "ARVI": 0.19325374934602563, "AVI": 0.30335264398818623, "BCC": 0.22153274038570625, "CCCI": 0.58831813943152289, "CVI": 0.0014794206862955707, "EVI": 0.15567855637111894, "ExG": -0.0035682814946107616, "GNDVI": 0.35244222616850163, "IKAW": 0.51432975265091607, "MCARI": 0.026145642288756241, "MSAVI": 0.14999423681971102, "MTVI2": 0.06016489807812387, "NDDI": -4.0714095141405462, "NDMI": -0.16310136763631486, "NDVI": 0.21345040340767291, "NDYI": 0.19773042105165559, "PSRI": 0.38131242031169893, "PVI": -0.19412299953253115, "RCC": 0.44773491056185233, "RENDVI": 0.05009951864555065, "S2REP": 706.24359872991079, "SAVI": 0.16332288022557023, "SI": 0.84651178243804792, "SIPI": 2.193692835946969, "TCARI": 0.054231245914469921, "TNDVI": 0.84465993358728275, "TTVI": -0.005749270330802414, "TVI": 0.84465993358728275, "VARI": -0.21008315604403852, "VARI700": -0.08361912410633264, "AWEInsh": -0.25561573882792676, "AWEIsh": -0.7414735470128746, "MNDWI": -0.48751913681133291, "MuWIR": -0.22979995230594891, "NDWI": -0.35244222616850163, "S2WI": -0.18162427163530229, "WI2015": -38.825328026535828, "BAI": 13.081309006067718, "BAIM": 10.581619791530029, "MIRBI": 1.2409836625101094, "NBR": -0.057355683522612048, "NBRplus": -0.2352900065967968, "NBRSWIR": -0.11718357089560234, "NDSWIR": -0.16310136763631486, "NBSIMS": -3.2096319403986495, "NDSI": -0.48751913681133291, "NBAI": -0.78242159952922008, "NDBI": 0.16310136763631486, "UI": 0.057355683522612048, "BI": 0.21355145767145997, "BI2": 0.23421816029554149, "BSI": 0.14533338405515023, "SATVI": 0.13005446662745065, "DPDD": -24.694585056899761, "DpRVIVV": 2.2422236016750148, "NDPolI": -0.12111180083750728, "VDDPI": 2.2756022915153866, "VHVVD": -4.2296379369427921, "VHVVP": 300.43880629682212, "VHVVR": 1.2756022915153866, "VVVHD": 4.2296379369427921, "VVVHR": 0.78394340199249923, "VVVHS": -34.923417104643612 }, "geometry": null },
{ "type": "Feature", "properties": { "inventory_date": "2026-01-15", "latitude_proj": 1792414, "longitude_proj": 389802, "agb": 3.17, "cagb": 1.49, "cagb_category": "0-10", "HCS": "non-HCS", "longitude": -16.031004198365896, "latitude": 16.209752036190512, "start_date": "2026-01-01", "end_date": "2026-02-01", "B2": 0.13294025438079421, "B3": 0.19540305933448576, "B4": 0.25844134523894624, "B8": 0.36726346186384273, "B5": 0.29179582156118805, "B6": 0.31350607843781214, "B7": 0.3322944365455372, "B8A": 0.36285947337610919, "B11": 0.46999337928325546, "B12": 0.40275490402306802, "B9": 0.37305000424385071, "B1": 0.10220000147819519, "VV": -16.033967633093738, "VH": -21.407533057109614, "elevation": 3.0, "ARI": 1.6905732699836369, "ARVI": 0.1525008190871564, "AVI": 0.30946637431428764, "BCC": 0.22655714042988395, "CCCI": 0.6583981648918078, "CVI": 0.0036241188747510042, "EVI": 0.14163205262836512, "ExG": -0.00057548095076892514, "GNDVI": 0.30543918298771444, "IKAW": 0.46845555095485741, "MCARI": 0.015892564589832577, "MSAVI": 0.13616724450646644, "MTVI2": 0.043238734423326146, "NDDI": -3.6447591292088384, "NDMI": -0.12269821203092929, "NDVI": 0.17391925935294839, "NDYI": 0.19023626291307894, "PSRI": 0.40031469719349239, "PVI": -0.16623219424748831, "RCC": 0.44043643830011353, "RENDVI": 0.035866824268451745, "S2REP": 710.75868020803989, "SAVI": 0.14500531036858211, "SI": 0.80276969564499512, "SIPI": 2.4357499064211909, "TCARI": 0.034763493570194592, "TNDVI": 0.82092585496678594, "TTVI": 0.11317439055942957, "TVI": 0.82092585496678594, "VARI": -0.19643960935568699, "VARI700": -0.11978594994263755, "AWEInsh": -0.082601159197602358, "AWEIsh": -0.73512608500940568, "MNDWI": -0.41267176079148976, "MuWIR": -0.13056284646997723, "NDWI": -0.30543918298771444, "S2WI": -0.15975662881719863, "WI2015": -39.544095401939416, "BAI": 8.3671859302377793, "BAIM": 7.0538946658630577, "MIRBI": 1.4216139232547755, "NBR": -0.046091682655317025, "NBRplus": -0.26367371006320001, "NBRSWIR": -0.089682476707816094, "NDSWIR": -0.12269821203092929, "NBSIMS": -2.9158826296321103, "NDSI": -0.41267176079148976, "NBAI": -0.71313812304212909, "NDBI": 0.12269821203092929, "UI": 0.046091682655317025, "BI": 0.18575929313681364, "BI2": 0.28275828013010629, "BSI": 0.13861937127503332, "SATVI": 0.056941565459978916, "DPDD": -26.47513903584359, "DpRVIVV": 2.2870379298350012, "NDPolI": -0.14351896491750077, "VDDPI": 2.3351363522104762, "VHVVD": -5.3735654240158759, "VHVVP": 343.24769214207981, "VHVVR": 1.335136352210476, "VVVHD": 5.3735654240158759, "VVVHR": 0.74898717149329486, "VVVHS": -37.441500690203355 }, "geometry": null },
{ "type": "Feature", "properties": { "inventory_date": "2026-01-15", "latitude_proj": 1791718, "longitude_proj": 389640, "agb": 20.81, "cagb": 9.78, "cagb_category": "0-10", "HCS": "non-HCS", "longitude": -16.032486930068455, "latitude": 16.203453696622955, "start_date": "2026-01-01", "end_date": "2026-02-01", "B2": 0.068601841014693146, "B3": 0.10693886689570226, "B4": 0.14805477516828838, "B8": 0.26254919868060345, "B5": 0.18784661387954091, "B6": 0.22654978482394802, "B7": 0.24136815341759704, "B8A": 0.27517740487096609, "B11": 0.37371355872981404, "B12": 0.29652307145623358, "B9": 0.30054359237932254, "B1": 0.071602588280514107, "VV": -15.107139080596642, "VH": -18.002077558346848, "elevation": 3.0, "ARI": 4.0276447607442032, "ARVI": 0.26082177873775414, "AVI": 0.29476024011521818, "BCC": 0.21199875956863179, "CCCI": 0.5948125162498179, "CVI": 0.0004445332722501424, "EVI": 0.17492199255180788, "ExG": -0.0027788823915770172, "GNDVI": 0.42115117180358552, "IKAW": 0.585676426818312, "MCARI": 0.029955892306756386, "MSAVI": 0.16883846660327251, "MTVI2": 0.085386987100368128, "NDDI": -4.9188998451234207, "NDMI": -0.17471454796701968, "NDVI": 0.27884392457061474, "NDYI": 0.21839393458854123, "PSRI": 0.35070849533288306, "PVI": -0.22283561420004683, "RCC": 0.45753041346466555, "RENDVI": 0.093396494432617425, "S2REP": 711.20801238260776, "SAVI": 0.18860189522626866, "SI": 0.89154392628040269, "SIPI": 1.6677372097476089, "TCARI": 0.057783799323834567, "TNDVI": 0.88252134510764935, "TTVI": -0.11934579390782474, "TVI": 0.88252134510764935, "VARI": -0.22058860980538331, "VARI700": -0.054356885693371944, "AWEInsh": -0.31729762050195565, "AWEIsh": -0.69257589572573586, "MNDWI": -0.5550262052395426, "MuWIR": -0.35348770850132838, "NDWI": -0.42115117180358552, "S2WI": -0.22436676131239722, "WI2015": -35.797581559206506, "BAI": 23.075801609315324, "BAIM": 18.350689506787084, "MIRBI": 1.3028378390101576, "NBR": -0.060768302400894932, "NBRplus": -0.20635243958408425, "NBRSWIR": -0.12618263461464369, "NDSWIR": -0.17471454796701968, "NBSIMS": -3.60173123187653, "NDSI": -0.5550262052395426, "NBAI": -0.84357172639773426, "NDBI": 0.17471454796701968, "UI": 0.060768302400894932, "BI": 0.22348805772780617, "BI2": 0.18465122026033851, "BSI": 0.14621965087227859, "SATVI": 0.18301529495123842, "DPDD": -23.411751605171414, "DpRVIVV": 2.1748720611133479, "NDPolI": -0.08743603055667408, "VDDPI": 2.191627181182731, "VHVVD": -2.8949384777502054, "VHVVP": 271.95988941363345, "VHVVR": 1.1916271811827308, "VVVHD": 2.8949384777502054, "VVVHR": 0.83918864540121163, "VVVHS": -33.109216638943494 }, "geometry": null },
{ "type": "Feature", "properties": { "inventory_date": "2026-01-15", "latitude_proj": 1500196, "longitude_proj": 636311, "agb": 45.6, "cagb": 21.43, "cagb_category": "20-30", "HCS": "non-HCS", "longitude": -13.740167279436523, "latitude": 13.567044366293921, "start_date": "2026-01-01", "end_date": "2026-02-01", "B2": 0.047433751254273446, "B3": 0.076350756794796901, "B4": 0.1156473631531891, "B8": 0.18798148102181639, "B5": 0.14505669483396239, "B6": 0.16474875944626377, "B7": 0.18281681969767344, "B8A": 0.20394776619171048, "B11": 0.27419446243302326, "B12": 0.20719859404169916, "B9": 0.21462083905550525, "B1": 0.026782553093332682, "VV": -13.169247040899714, "VH": -19.770312894808669, "elevation": 48.0, "ARI": 6.2035908897917924, "ARVI": 0.21604024652025894, "AVI": 0.22910148830520449, "BCC": 0.19810959592010166, "CCCI": 0.54102079507274548, "CVI": 0.00012672943370693439, "EVI": 0.11849407671187563, "ExG": -0.010379600817868748, "GNDVI": 0.42231218238490426, "IKAW": 0.59702054284538231, "MCARI": 0.019652581186762375, "MSAVI": 0.11470119835746617, "MTVI2": 0.038210603642080489, "NDDI": -3.5883512337385253, "NDMI": -0.18653714593353982, "NDVI": 0.2382320364363518, "NDYI": 0.23360762987449324, "PSRI": 0.41404628555740319, "PVI": -0.27410047850263658, "RCC": 0.48300738983698749, "RENDVI": 0.063562678901351616, "S2REP": 712.42120664229992, "SAVI": 0.13501403986354768, "SI": 0.91976295670843589, "SIPI": 2.2285324363981607, "TCARI": 0.036521206323444369, "TNDVI": 0.85920430424687222, "TTVI": 0.28647512068600001, "TVI": 0.85920430424687222, "VARI": -0.27182774506247548, "VARI700": -0.078465974239937827, "AWEInsh": -0.26857405919368682, "AWEIsh": -0.50675292045141851, "MNDWI": -0.56438854329274779, "MuWIR": -0.26873344031472046, "NDWI": -0.42231218238490426, "S2WI": -0.17641154347485613, "WI2015": -25.085233156603998, "BAI": 60.15363433762559, "BAIM": 52.381501769950802, "MIRBI": 1.3848802085733634, "NBR": -0.048628749859906492, "NBRplus": -0.2253257146780164, "NBRSWIR": -0.14963348361747503, "NDSWIR": -0.18653714593353982, "NBSIMS": -3.4724354846672236, "NDSI": -0.56438854329274779, "NBAI": -0.8909034956075309, "NDBI": 0.18653714593353982, "UI": 0.048628749859906492, "BI": 0.24698096785679349, "BI2": 0.13483420420968775, "BSI": 0.15661257950180976, "SATVI": 0.16366241408503052, "DPDD": -23.291786199840111, "DpRVIVV": 2.4007986668184369, "NDPolI": -0.20039933340921834, "VDDPI": 2.5012485401335423, "VHVVD": -6.6010658539089544, "VHVVP": 260.36013458762051, "VHVVR": 1.5012485401335423, "VVVHD": 6.6010658539089544, "VVVHR": 0.66611222143872717, "VVVHS": -32.939559935708381 }, "geometry": null },
{ "type": "Feature", "properties": { "inventory_date": "2026-01-15", "latitude_proj": 1501031, "longitude_proj": 636351, "agb": 41.04, "cagb": 19.29, "cagb_category": "10-20", "HCS": "non-HCS", "longitude": -13.739757818907332, "latitude": 13.574590993839516, "start_date": "2026-01-01", "end_date": "2026-02-01", "B2": 0.033031291789564265, "B3": 0.060891660753761283, "B4": 0.10065549852058459, "B8": 0.19674988967466184, "B5": 0.13628988930220098, "B6": 0.15917122011035131, "B7": 0.18075571723309827, "B8A": 0.22275512892601679, "B11": 0.30146479987130403, "B12": 0.18511815195373946, "B9": 0.22503055188928586, "B1": 0.018035572471708831, "VV": -12.251123254271961, "VH": -17.695385800399389, "elevation": 48.0, "ARI": 9.0853086199566135, "ARVI": 0.30314422862091345, "AVI": 0.25714586212630391, "BCC": 0.1697582214729163, "CCCI": 0.56185316145363229, "CVI": 7.3429004416543511e-05, "EVI": 0.1546967111102181, "ExG": -0.011903468802626285, "GNDVI": 0.52731490202176878, "IKAW": 0.71249785052822701, "MCARI": 0.027831603555320814, "MSAVI": 0.15520429930068513, "MTVI2": 0.070206353415721873, "NDDI": -4.1645441034012336, "NDMI": -0.21018029454745948, "NDVI": 0.3231091129088467, "NDYI": 0.29663003781046338, "PSRI": 0.42485197188371959, "PVI": -0.26361280990720998, "RCC": 0.51730033809100395, "RENDVI": 0.077442783768205278, "S2REP": 711.75442138432641, "SAVI": 0.18076324648037428, "SI": 0.93472688385103209, "SIPI": 1.85977885968811, "TCARI": 0.045648597839826624, "TNDVI": 0.90725361002800464, "TTVI": -0.018022969365122599, "TVI": 0.90725361002800464, "VARI": -0.30940800186818951, "VARI700": -0.052196623748175845, "AWEInsh": -0.5024051110160529, "AWEIsh": -0.60834112863341627, "MNDWI": -0.66391292900519505, "MuWIR": -0.21412791176646007, "NDWI": -0.52731490202176878, "S2WI": -0.15191985384291004, "WI2015": -28.046956575695582, "BAI": 53.473184949939125, "BAIM": 45.962220068263761, "MIRBI": 0.89682648079861482, "NBR": 0.030460097344939156, "NBRplus": -0.26217799328254449, "NBRSWIR": -0.23244222746901763, "NDSWIR": -0.21018029454745948, "NBSIMS": -3.755061109986563, "NDSI": -0.66391292900519505, "NBAI": -0.92791288876353173, "NDBI": 0.21018029454745948, "UI": -0.030460097344939156, "BI": 0.27273099117746091, "BI2": 0.13235034670496104, "BSI": 0.10860623456783303, "SATVI": 0.24133647272436271, "DPDD": -21.175379625422458, "DpRVIVV": 2.3635991451416389, "NDPolI": -0.1817995725708195, "VDDPI": 2.4443888477106799, "VHVVD": -5.4442625461274279, "VHVVP": 216.78835247258684, "VHVVR": 1.4443888477106797, "VVVHD": 5.4442625461274279, "VVVHR": 0.69233434028861074, "VVVHS": -29.946509054671353 }, "geometry": null },
{ "type": "Feature", "properties": { "inventory_date": "2026-01-15", "latitude_proj": 1501153, "longitude_proj": 576980, "agb": 20.31, "cagb": 9.55, "cagb_category": "0-10", "HCS": "non-HCS", "longitude": -14.288457388025408, "latitude": 13.577862314356381, "start_date": "2026-01-01", "end_date": "2026-02-01", "B2": 0.036912279319324046, "B3": 0.074341558097237748, "B4": 0.10612022258049696, "B8": 0.21391442902986585, "B5": 0.14433407672578705, "B6": 0.18507659131073539, "B7": 0.20260298902816437, "B8A": 0.23163338299449007, "B11": 0.26450667567465375, "B12": 0.19382862759295197, "B9": 0.23174835208600431, "B1": 0.017776745865414539, "VV": -12.882309328619058, "VH": -19.312184313815354, "elevation": 35.0, "ARI": 6.5230556558138098, "ARVI": 0.31824415910269821, "AVI": 0.27418153524547562, "BCC": 0.16980995487604866, "CCCI": 0.57663874520868796, "CVI": 0.00012545892157840409, "EVI": 0.17123306652316594, "ExG": 0.0056506142946544935, "GNDVI": 0.48419764780491736, "IKAW": 0.70567504902279854, "MCARI": 0.032935289433173975, "MSAVI": 0.17161801646723274, "MTVI2": 0.096212863515260025, "NDDI": -5.5708612109410014, "NDMI": -0.10574835881463562, "NDVI": 0.33682042212293517, "NDYI": 0.33643135056788426, "PSRI": 0.37394217589071455, "PVI": -0.25133912318072277, "RCC": 0.48819174919920455, "RENDVI": 0.1236830453239333, "S2REP": 713.61418401206595, "SAVI": 0.19717619170912856, "SI": 0.92711137163045787, "SIPI": 1.8195568168738039, "TCARI": 0.057523482724148631, "TNDVI": 0.91477889247781352, "TTVI": 0.094428836138585437, "TVI": 0.91477889247781352, "VARI": -0.22137774205091151, "VARI700": -0.043668433064169558, "AWEInsh": -0.28111035168651255, "AWEIsh": -0.54332263939259895, "MNDWI": -0.56121029600948968, "MuWIR": 0.047411739817114329, "NDWI": -0.48419764780491736, "S2WI": -0.14636312708368124, "WI2015": -25.887475894180472, "BAI": 42.145885424266183, "BAIM": 37.166395527956809, "MIRBI": 1.3461208543179126, "NBR": 0.049260928201394792, "NBRplus": -0.2777234795142251, "NBRSWIR": -0.16240787131140891, "NDSWIR": -0.10574835881463562, "NBSIMS": -3.226325575650665, "NDSI": -0.56121029600948968, "NBAI": -0.89667489884065976, "NDBI": 0.10574835881463562, "UI": -0.049260928201394792, "BI": 0.19277414859744102, "BI2": 0.1443924650019669, "BSI": 0.089187221662523922, "SATVI": 0.17596914537228581, "DPDD": -22.76494477143256, "DpRVIVV": 2.3994394231888965, "NDPolI": -0.19971971159444818, "VDDPI": 2.499124405506381, "VHVVD": -6.429874985196296, "VHVVP": 248.7855321418742, "VHVVR": 1.4991244055063813, "VVVHD": 6.429874985196296, "VVVHR": 0.66705604706783184, "VVVHS": -32.194493642434409 }, "geometry": null },
{ "type": "Feature", "properties": { "inventory_date": "2026-01-15", "latitude_proj": 1563097, "longitude_proj": 615014, "agb": 34.36, "cagb": 16.15, "cagb_category": "10-20", "HCS": "non-HCS", "longitude": -13.934386521538995, "latitude": 14.136618850676795, "start_date": "2026-01-01", "end_date": "2026-02-01", "B2": 0.071605193280163834, "B3": 0.1097038674914376, "B4": 0.15888891321629234, "B8": 0.24970055253246654, "B5": 0.19566453010337787, "B6": 0.21853108975219904, "B7": 0.24034696560538277, "B8A": 0.27144323876110443, "B11": 0.35224626291522665, "B12": 0.27886150895341771, "B9": 0.26284784239958664, "B1": 0.041637016919271727, "VV": -15.238923095611161, "VH": -25.100506284202016, "elevation": 63.0, "ARI": 4.0046605708560925, "ARVI": 0.20074334344554093, "AVI": 0.26718052084559846, "BCC": 0.21048095154944091, "CCCI": 0.54589970367215968, "CVI": 0.00047748196748480807, "EVI": 0.13627237001605402, "ExG": -0.011086371513580981, "GNDVI": 0.38952410499491824, "IKAW": 0.55428625716565649, "MCARI": 0.024116177702022758, "MSAVI": 0.13291238805852235, "MTVI2": 0.045103181518533167, "NDDI": -3.6574943299419203, "NDMI": -0.17035676201142877, "NDVI": 0.22225643813346416, "NDYI": 0.21013111010082067, "PSRI": 0.39941099472437963, "PVI": -0.23556290232319099, "RCC": 0.46704838172242175, "RENDVI": 0.055207149840923862, "S2REP": 711.05116501503198, "SAVI": 0.14992189994411387, "SI": 0.88587718218100642, "SIPI": 2.2911549354239793, "TCARI": 0.046812843358137915, "TNDVI": 0.84985671623719261, "TTVI": 0.22588103713251706, "TVI": 0.84985671623719261, "VARI": -0.24968601507920121, "VARI700": -0.078681209282998099, "AWEInsh": -0.26572557020637411, "AWEIsh": -0.6267707384011364, "MNDWI": -0.52504021421159464, "MuWIR": -0.28416144752105332, "NDWI": -0.38952410499491824, "S2WI": -0.17532647737394677, "WI2015": -32.172859563465806, "BAI": 25.345841645166168, "BAIM": 21.692233581820471, "MIRBI": 1.3366017129649554, "NBR": -0.05517035471477922, "NBRplus": -0.2376811216003536, "NBRSWIR": -0.1277304900249194, "NDSWIR": -0.17035676201142877, "NBSIMS": -3.3603219838993188, "NDSI": -0.52504021421159464, "NBAI": -0.84018226951217434, "NDBI": 0.17035676201142877, "UI": 0.05517035471477922, "BI": 0.22803952246310255, "BI2": 0.18223701711475679, "BSI": 0.15340719339202941, "SATVI": 0.14741123400800024, "DPDD": -28.524284063661739, "DpRVIVV": 2.4889302273336482, "NDPolI": -0.24446511366682416, "VDDPI": 2.6471312393085706, "VHVVD": -9.8615831885908545, "VHVVP": 382.50468492585918, "VHVVR": 1.6471312393085709, "VVVHD": 9.8615831885908545, "VVVHR": 0.60711616423459847, "VVVHS": -40.339429379813176 }, "geometry": null },
{ "type": "Feature", "properties": { "inventory_date": "2026-01-15", "latitude_proj": 1564528, "longitude_proj": 614771, "agb": 14.15, "cagb": 6.65, "cagb_category": "0-10", "HCS": "non-HCS", "longitude": -13.936577531966204, "latitude": 14.149565523137626, "start_date": "2026-01-01", "end_date": "2026-02-01", "B2": 0.065250496091968452, "B3": 0.10740445118565993, "B4": 0.16244803161886781, "B8": 0.27127422060805145, "B5": 0.20658561561575872, "B6": 0.23225332859598033, "B7": 0.25632927328096056, "B8A": 0.29585226934023662, "B11": 0.36650477682417387, "B12": 0.25781500704501559, "B9": 0.2928631091082784, "B1": 0.041802537263415228, "VV": -15.41285595819693, "VH": -21.864606826848469, "elevation": 63.0, "ARI": 4.4699930081738515, "ARVI": 0.22914577706872827, "AVI": 0.29132957118775493, "BCC": 0.19471774410015757, "CCCI": 0.53951750387391673, "CVI": 0.00050835551371657204, "EVI": 0.15488329652544727, "ExG": -0.012889625339516403, "GNDVI": 0.43274095328944495, "IKAW": 0.61220978517228419, "MCARI": 0.030904096094636374, "MSAVI": 0.15709872012289694, "MTVI2": 0.058812327024679555, "NDDI": -3.7598727965246521, "NDMI": -0.14931591758200263, "NDVI": 0.25091216424894619, "NDYI": 0.24415144632900737, "PSRI": 0.41849792256790752, "PVI": -0.21935153921844042, "RCC": 0.48477047907426507, "RENDVI": 0.058490052714731212, "S2REP": 708.82216714325261, "SAVI": 0.17482638235776349, "SI": 0.88740235022053582, "SIPI": 2.1086071788054959, "TCARI": 0.056735373666933264, "TNDVI": 0.86655188202954492, "TTVI": 0.13736931680975406, "TVI": 0.86655188202954492, "VARI": -0.26902759507676416, "VARI700": -0.071786261001327942, "AWEInsh": -0.39522858833227581, "AWEIsh": -0.68736062385347363, "MNDWI": -0.5467298594851111, "MuWIR": -0.16581845376898285, "NDWI": -0.43274095328944495, "S2WI": -0.11031292580044158, "WI2015": -33.212870652243083, "BAI": 20.603028836843464, "BAIM": 19.118683834426886, "MIRBI": 0.98640325757325176, "NBR": 0.025438456992855855, "NBRplus": -0.29008090721817342, "NBRSWIR": -0.17766982573873666, "NDSWIR": -0.14931591758200263, "NBSIMS": -3.1796331884018536, "NDSI": -0.5467298594851111, "NBAI": -0.85950881495322773, "NDBI": 0.14931591758200263, "UI": -0.025438456992855855, "BI": 0.22233747977593504, "BI2": 0.19279936192654032, "BSI": 0.11064967868513895, "SATVI": 0.16856495128434706, "DPDD": -26.359146720734763, "DpRVIVV": 2.3461475318668836, "NDPolI": -0.1730737659334419, "VDDPI": 2.4185954171082966, "VHVVD": -6.4517508686515388, "VHVVP": 336.99603560482473, "VHVVR": 1.4185954171082966, "VVVHD": 6.4517508686515388, "VVVHR": 0.70492262130553551, "VVVHS": -37.277462785045401 }, "geometry": null },
{ "type": "Feature", "properties": { "inventory_date": "2026-01-15", "latitude_proj": 1500197, "longitude_proj": 577684, "agb": 12.99, "cagb": 6.11, "cagb_category": "0-10", "HCS": "non-HCS", "longitude": -14.281976514614115, "latitude": 13.569199904906581, "start_date": "2026-01-01", "end_date": "2026-02-01", "B2": 0.051107922597742307, "B3": 0.090645799667258081, "B4": 0.13250118002635905, "B8": 0.25322476153480905, "B5": 0.17639403413588634, "B6": 0.21202248040594945, "B7": 0.23476024206477936, "B8A": 0.2711655063803089, "B11": 0.34683437521350502, "B12": 0.22750703539142036, "B9": 0.2703418864229627, "B1": 0.030293736381040368, "VV": -11.947998695560685, "VH": -17.545924765026069, "elevation": 35.0, "ARI": 5.3628248054957952, "ARVI": 0.2942123631677257, "AVI": 0.29821012966252658, "BCC": 0.18635190171895968, "CCCI": 0.57139759514826505, "CVI": 0.00027569017310569946, "EVI": 0.18127508510007684, "ExG": -0.0023175032895851946, "GNDVI": 0.47279116100902691, "IKAW": 0.66413122702599781, "MCARI": 0.035602265622002416, "MSAVI": 0.18234791109132675, "MTVI2": 0.094305457529828232, "NDDI": -4.916784205674718, "NDMI": -0.15600064717947812, "NDVI": 0.31297760534290053, "NDYI": 0.27891949811097022, "PSRI": 0.38388975203373205, "PVI": -0.22651837003604725, "RCC": 0.48313149161357238, "RENDVI": 0.09172742387663238, "S2REP": 712.10902995654135, "SAVI": 0.20444853624078851, "SI": 0.90797299135693377, "SIPI": 1.8466236866752059, "TCARI": 0.063186446281273206, "TNDVI": 0.90165270772226958, "TTVI": 0.14953504522814098, "TVI": 0.90165270772226958, "VARI": -0.24328998929455642, "VARI700": -0.046357837847798712, "AWEInsh": -0.46241614524228414, "AWEIsh": -0.67924304220443887, "MNDWI": -0.5856004231873414, "MuWIR": -0.10465289996987048, "NDWI": -0.47279116100902691, "S2WI": -0.12654831866464869, "WI2015": -31.867944421654993, "BAI": 26.047001436266175, "BAIM": 23.77728820569191, "MIRBI": 0.87609347682185401, "NBR": 0.053497035785496819, "NBRplus": -0.28951372494500816, "NBRSWIR": -0.20661246310989492, "NDSWIR": -0.15600064717947812, "NBSIMS": -3.2490070504254254, "NDSI": -0.5856004231873414, "NBAI": -0.88775524238898096, "NDBI": 0.15600064717947812, "UI": -0.053497035785496819, "BI": 0.22331244564340147, "BI2": 0.17310498121087792, "BSI": 0.08380566561973353, "SATVI": 0.21453007321504314, "DPDD": -20.855353282777898, "DpRVIVV": 2.3795986028746561, "NDPolI": -0.18979930143732796, "VDDPI": 2.4685241614183728, "VHVVD": -5.5979260694653838, "VHVVP": 209.63868620493739, "VHVVR": 1.4685241614183731, "VVVHD": 5.5979260694653838, "VVVHR": 0.68095576924941481, "VVVHS": -29.493923460586753 }, "geometry": null },
{ "type": "Feature", "properties": { "inventory_date": "2026-01-15", "latitude_proj": 1501057, "longitude_proj": 578427, "agb": 20.93, "cagb": 9.84, "cagb_category": "0-10", "HCS": "non-HCS", "longitude": -14.275085843312437, "latitude": 13.57695581811919, "start_date": "2026-01-01", "end_date": "2026-02-01", "B2": 0.052563375495538918, "B3": 0.090008807359654538, "B4": 0.13244074957778815, "B8": 0.23318931286881409, "B5": 0.16361860367596459, "B6": 0.19494450749526068, "B7": 0.20998165089370754, "B8A": 0.2415863249118749, "B11": 0.32256242035501748, "B12": 0.24330342336994995, "B9": 0.23870000243186951, "B1": 0.027100000530481339, "VV": -13.677727466032184, "VH": -21.526154588604523, "elevation": 35.0, "ARI": 4.9982494482690747, "ARVI": 0.25504164707061627, "AVI": 0.27315902238421658, "BCC": 0.19113055895416187, "CCCI": 0.63628126741515345, "CVI": 0.00025020747905406943, "EVI": 0.15418101040384105, "ExG": -0.0049865103540179881, "GNDVI": 0.44301156642849693, "IKAW": 0.6321058199213353, "MCARI": 0.020329774210057626, "MSAVI": 0.15347434676651317, "MTVI2": 0.068522873483540497, "NDDI": -4.2908352009571038, "NDMI": -0.16081480658236286, "NDVI": 0.27554781085797497, "NDYI": 0.26264192014334165, "PSRI": 0.40974416313930334, "PVI": -0.24234345062871557, "RCC": 0.4815800784570845, "RENDVI": 0.087365104895960624, "S2REP": 713.48310334876032, "SAVI": 0.17458132693475067, "SI": 0.90774145130575079, "SIPI": 2.0455806574930078, "TCARI": 0.038970602804151808, "TNDVI": 0.88065192378031798, "TTVI": -0.062977612054276877, "TVI": 0.88065192378031798, "VARI": -0.24976688426329793, "VARI700": -0.092486288323017044, "AWEInsh": -0.31942736593129295, "AWEIsh": -0.61686806178355946, "MNDWI": -0.56366900397667441, "MuWIR": -0.19161237653491414, "NDWI": -0.44301156642849693, "S2WI": -0.19582331355337082, "WI2015": -30.603875568824925, "BAI": 32.209293074533164, "BAIM": 28.221871802133808, "MIRBI": 1.2719225142203281, "NBR": -0.021226158830819662, "NBRplus": -0.22448387289707941, "NBRSWIR": -0.14906756056114207, "NDSWIR": -0.16081480658236286, "NBSIMS": -3.4456196306277951, "NDSI": -0.56366900397667441, "NBAI": -0.8728483307589926, "NDBI": 0.16081480658236286, "UI": 0.021226158830819662, "BI": 0.22848348706620253, "BI2": 0.16331910807502334, "BSI": 0.13604219437244996, "SATVI": 0.17696772241167785, "DPDD": -24.892903724925024, "DpRVIVV": 2.4458841846130217, "NDPolI": -0.22294209230651088, "VDDPI": 2.573810754897949, "VHVVD": -7.848427122572339, "VHVVP": 294.42887585461085, "VHVVR": 1.573810754897949, "VVVHD": 7.848427122572339, "VVVHR": 0.63540041068333097, "VVVHS": -35.203882054636708 }, "geometry": null },
{ "type": "Feature", "properties": { "inventory_date": "2026-01-15", "latitude_proj": 1500524, "longitude_proj": 637139, "agb": 23.46, "cagb": 11.03, "cagb_category": "10-20", "HCS": "non-HCS", "longitude": -13.732500208492894, "latitude": 13.569970782391131, "start_date": "2026-01-01", "end_date": "2026-02-01", "B2": 0.044455821813937257, "B3": 0.079141304962056999, "B4": 0.12318780450541565, "B8": 0.22932660018554393, "B5": 0.15986134852546929, "B6": 0.18848942565013135, "B7": 0.21307667396419083, "B8A": 0.25162878089537055, "B11": 0.31479757275314296, "B12": 0.20393780413013038, "B9": 0.24646363187205203, "B1": 0.021551216003336097, "VV": -13.101882167545892, "VH": -19.242354166121654, "elevation": 48.0, "ARI": 6.3802061055387487, "ARVI": 0.28085289511124345, "AVI": 0.27738207328445225, "BCC": 0.18013993635309966, "CCCI": 0.59280374996269725, "CVI": 0.00017694103442397841, "EVI": 0.16228828591625208, "ExG": -0.0093610163952389108, "GNDVI": 0.48687494782195817, "IKAW": 0.67524707036143095, "MCARI": 0.026641267063845689, "MSAVI": 0.16395972958031679, "MTVI2": 0.074236076674051285, "NDDI": -4.2412931180717353, "NDMI": -0.15707990348230697, "NDVI": 0.30109066258775291, "NDYI": 0.28063340995768643, "PSRI": 0.41769973259729931, "PVI": -0.24320266452321951, "RCC": 0.49917069030825095, "RENDVI": 0.082181752552187209, "S2REP": 715.11179247443454, "SAVI": 0.1867513236657932, "SI": 0.91717057957806136, "SIPI": 1.9575818893628953, "TCARI": 0.047170181552224043, "TNDVI": 0.89503668225819266, "TTVI": 0.17920688185607481, "TVI": 0.89503668225819266, "VARI": -0.27899906436370636, "VARI700": -0.07032011786583714, "AWEInsh": -0.43912775985287122, "AWEIsh": -0.624861626221483, "MNDWI": -0.59820515598223034, "MuWIR": -0.13471868728439829, "NDWI": -0.48687494782195817, "S2WI": -0.12115601502345238, "WI2015": -29.075210318090775, "BAI": 34.235821767465296, "BAIM": 31.081445480960848, "MIRBI": 0.95436182832050243, "NBR": 0.058598850499879521, "NBRplus": -0.29575075242273186, "NBRSWIR": -0.21149553348991673, "NDSWIR": -0.15707990348230697, "NBSIMS": -3.2980106931459039, "NDSI": -0.59820515598223034, "NBAI": -0.90245949711863616, "NDBI": 0.15707990348230697, "UI": -0.058598850499879521, "BI": 0.23069736426717488, "BI2": 0.15708731211508048, "BSI": 0.088770966465022652, "SATVI": 0.20444808410546034, "DPDD": -22.870828843836637, "DpRVIVV": 2.3796949747231513, "NDPolI": -0.18984748736157556, "VDDPI": 2.4686709833023883, "VHVVD": -6.1404719985757623, "VHVVP": 252.11105691071168, "VHVVR": 1.4686709833023885, "VVVHD": 6.1404719985757623, "VVVHR": 0.68088769463630605, "VVVHS": -32.344236333667546 }, "geometry": null },
{ "type": "Feature", "properties": { "inventory_date": "2026-01-15", "latitude_proj": 1499831, "longitude_proj": 637187, "agb": 26.97, "cagb": 12.68, "cagb_category": "10-20", "HCS": "non-HCS", "longitude": -13.732089896486627, "latitude": 13.563703748584992, "start_date": "2026-01-01", "end_date": "2026-02-01", "B2": 0.056307490249931598, "B3": 0.085537874033510458, "B4": 0.12547061416780814, "B8": 0.2030294655954244, "B5": 0.15066662617455953, "B6": 0.17197076489870577, "B7": 0.18767248904796394, "B8A": 0.21264505413186047, "B11": 0.28034438679273105, "B12": 0.19618819934312412, "B9": 0.2062145766855657, "B1": 0.041432394830945352, "VV": -14.205444733941107, "VH": -21.519233591255208, "elevation": 48.0, "ARI": 5.0535578522434603, "ARVI": 0.2152827197743834, "AVI": 0.23969277820736423, "BCC": 0.21064019657994468, "CCCI": 0.62704258693721093, "CVI": 0.00018638802197238241, "EVI": 0.12643703250752758, "ExG": -0.010702356350718818, "GNDVI": 0.40715484889244535, "IKAW": 0.56575806894634761, "MCARI": 0.014614196828975013, "MSAVI": 0.12067843173341131, "MTVI2": 0.043331833300661753, "NDDI": -3.760516587733715, "NDMI": -0.15994849703873054, "NDVI": 0.23609994701832965, "NDYI": 0.20607218241668679, "PSRI": 0.40217954463722372, "PVI": -0.26453379068324856, "RCC": 0.46937192043194648, "RENDVI": 0.066031214340276034, "S2REP": 714.7010441418214, "SAVI": 0.14042035720101725, "SI": 0.91045163347406388, "SIPI": 2.0835413081805827, "TCARI": 0.028663601559797251, "TNDVI": 0.85796267227562384, "TTVI": 0.1068605408158092, "TVI": 0.85796267227562384, "VARI": -0.25812852317116969, "VARI700": -0.096509690860175773, "AWEInsh": -0.29046586924214712, "AWEIsh": -0.50395565308430645, "MNDWI": -0.53242950975350711, "MuWIR": -0.24310856711791262, "NDWI": -0.40715484889244535, "S2WI": -0.13124099715384749, "WI2015": -24.033133848480702, "BAI": 47.379487421809863, "BAIM": 42.675684933978367, "MIRBI": 1.2145070028624767, "NBR": 0.017136682199053871, "NBRplus": -0.28746752455462671, "NBRSWIR": -0.18065967120384657, "NDSWIR": -0.15994849703873054, "NBSIMS": -3.083149095474496, "NDSI": -0.53242950975350711, "NBAI": -0.88704100844184031, "NDBI": 0.15994849703873054, "UI": -0.017136682199053871, "BI": 0.22021741590986321, "BI2": 0.14637915017035191, "BSI": 0.10726731751356043, "SATVI": 0.15837179975717203, "DPDD": -25.261162299454387, "DpRVIVV": 2.4094530280014164, "NDPolI": -0.20472651400070824, "VDDPI": 2.5148581402621804, "VHVVD": -7.3137888573141012, "VHVVP": 305.69028349734486, "VHVVR": 1.5148581402621804, "VVVHD": 7.3137888573141012, "VVVHR": 0.66012781885102945, "VVVHS": -35.724678325196315 }, "geometry": null },
{ "type": "Feature", "properties": { "inventory_date": "2026-01-15", "latitude_proj": 1563728, "longitude_proj": 614414, "agb": 68.18, "cagb": 32.04, "cagb_category": "30-40", "HCS": "HCS", "longitude": -13.939918466296204, "latitude": 14.142347880228288, "start_date": "2026-01-01", "end_date": "2026-02-01", "B2": 0.069514778978191333, "B3": 0.11296735380995362, "B4": 0.16670801551355161, "B8": 0.28334102805923017, "B5": 0.21510330905370859, "B6": 0.2446259541217895, "B7": 0.2712955149657586, "B8A": 0.30959706156350242, "B11": 0.39297720878658915, "B12": 0.28698853721075196, "B9": 0.31583339108482877, "B1": 0.05386742568054402, "VV": -15.023436219942292, "VH": -22.319095365642237, "elevation": 63.0, "ARI": 4.2031859897749246, "ARVI": 0.23843312467226885, "AVI": 0.30197852139911091, "BCC": 0.19907428464485574, "CCCI": 0.52825812395230942, "CVI": 0.00060279807762676719, "EVI": 0.16546240624516148, "ExG": -0.010288086871835689, "GNDVI": 0.42990176853114009, "IKAW": 0.60598761538409907, "MCARI": 0.036087235369709376, "MSAVI": 0.16661001606977743, "MTVI2": 0.06939190278875372, "NDDI": -4.0355841468491915, "NDMI": -0.16210738488832557, "NDVI": 0.25915622799633109, "NDYI": 0.23811961296073372, "PSRI": 0.39731367378529114, "PVI": -0.21082223420304913, "RCC": 0.47741328420731288, "RENDVI": 0.064217458910834815, "S2REP": 709.62173921725082, "SAVI": 0.18414788162998158, "SI": 0.88270468014380865, "SIPI": 1.9674841399540657, "TCARI": 0.066114282730180204, "TNDVI": 0.8712957178801759, "TTVI": 0.26996874275124094, "TVI": 0.8712957178801759, "VARI": -0.25571236555482141, "VARI700": -0.05751855981596854, "AWEInsh": -0.401656199591782, "AWEIsh": -0.73429132606834158, "MNDWI": -0.55343979494434226, "MuWIR": -0.22408716657035332, "NDWI": -0.42990176853114009, "S2WI": -0.14317147090092391, "WI2015": -36.35609095346328, "BAI": 18.405639408238411, "BAIM": 16.125120360613796, "MIRBI": 1.0187087259989456, "NBR": -0.0063954411162169605, "NBRplus": -0.26325138217391142, "NBRSWIR": -0.16153103161567131, "NDSWIR": -0.16210738488832557, "NBSIMS": -3.3460996358831352, "NDSI": -0.55343979494434226, "NBAI": -0.84757629164256987, "NDBI": 0.16210738488832557, "UI": 0.0063954411162169605, "BI": 0.2266521834744876, "BI2": 0.20069489583689903, "BSI": 0.12502690552746365, "SATVI": 0.17679309798852214, "DPDD": -26.405157310839659, "DpRVIVV": 2.3907426109544385, "NDPolI": -0.19537130547721929, "VDDPI": 2.4856185388543532, "VHVVD": -7.2956591456999451, "VHVVP": 335.30950571253572, "VHVVR": 1.4856185388543532, "VVVHD": 7.2956591456999451, "VVVHR": 0.67312030231606967, "VVVHS": -37.342531585584531 }, "geometry": null },
{ "type": "Feature", "properties": { "inventory_date": "2026-01-15", "latitude_proj": 1564204, "longitude_proj": 613957, "agb": 3.83, "cagb": 1.8, "cagb_category": "0-10", "HCS": "non-HCS", "longitude": -13.944132341771173, "latitude": 14.14666972575815, "start_date": "2026-01-01", "end_date": "2026-02-01", "B2": 0.078266114006099952, "B3": 0.11918995665924968, "B4": 0.16317961704893269, "B8": 0.24111582230258469, "B5": 0.18797487013365435, "B6": 0.20727336145197325, "B7": 0.22389470392219987, "B8A": 0.25362799712473905, "B11": 0.33900245697380788, "B12": 0.29078741886977161, "B9": 0.23319999873638156, "B1": 0.036650000140070929, "VV": -16.903088105966635, "VH": -23.93794243504902, "elevation": 63.0, "ARI": 3.0701086127520538, "ARVI": 0.17082756465000692, "AVI": 0.25053346142282823, "BCC": 0.21702265380931229, "CCCI": 0.64245072547157822, "CVI": 0.00055894740410880324, "EVI": 0.11930001907715405, "ExG": -0.0030658177365332773, "GNDVI": 0.33839553169156938, "IKAW": 0.50989016529441256, "MCARI": 0.012715543035060974, "MSAVI": 0.11391549420961222, "MTVI2": 0.036175737659346043, "NDDI": -3.6474890008391059, "NDMI": -0.168735649552918, "NDVI": 0.19277042891866472, "NDYI": 0.20725542909494959, "PSRI": 0.40966915597838566, "PVI": -0.24336735724504968, "RCC": 0.4524777292096881, "RENDVI": 0.048826255947809406, "S2REP": 715.08784360941831, "SAVI": 0.12927667529133141, "SI": 0.87910352329616981, "SIPI": 2.6235024081177305, "TCARI": 0.02684366271782394, "TNDVI": 0.83232831798435447, "TTVI": 0.042209237424699175, "TVI": 0.83232831798435447, "VARI": -0.21552628482580391, "VARI700": -0.11611448442612182, "AWEInsh": -0.13986355494200697, "AWEIsh": -0.56663326797780766, "MNDWI": -0.47973841070750367, "MuWIR": -0.20513792050001722, "NDWI": -0.33839553169156938, "S2WI": -0.21474654770769036, "WI2015": -30.187703424877572, "BAI": 27.177897338891459, "BAIM": 22.337576964540627, "MIRBI": 1.5856501103543987, "NBR": -0.093384647286049324, "NBRplus": -0.21607064269584372, "NBRSWIR": -0.093472162826573987, "NDSWIR": -0.168735649552918, "NBSIMS": -3.2468952861348965, "NDSI": -0.47973841070750367, "NBAI": -0.81449012316202918, "NDBI": 0.168735649552918, "UI": 0.093384647286049324, "BI": 0.22250261137937741, "BI2": 0.18163211257311829, "BSI": 0.17402893705591868, "SATVI": 0.11776631579754357, "DPDD": -28.87896964619906, "DpRVIVV": 2.3444993544919219, "NDPolI": -0.17224967724596107, "VDDPI": 2.4161875205867944, "VHVVD": -7.0348543290823855, "VHVVP": 404.62515005519106, "VHVVR": 1.4161875205867942, "VVVHD": 7.0348543290823855, "VVVHR": 0.7061211777841766, "VVVHS": -40.841030541015655 }, "geometry": null },
{ "type": "Feature", "properties": { "inventory_date": "2026-01-15", "latitude_proj": 1501277, "longitude_proj": 637684, "agb": 30.63, "cagb": 14.4, "cagb_category": "10-20", "HCS": "non-HCS", "longitude": -13.72742767542349, "latitude": 13.576752324472588, "start_date": "2026-01-01", "end_date": "2026-02-01", "B2": 0.043357180326285938, "B3": 0.075276560215062863, "B4": 0.11051609362731692, "B8": 0.16950934024128184, "B5": 0.13488730258521839, "B6": 0.15175994722418082, "B7": 0.16544396379373305, "B8A": 0.18579287170241704, "B11": 0.27151291708789566, "B12": 0.21074396444999582, "B9": 0.20104219519418728, "B1": 0.025035991505662995, "VV": -15.144979222131905, "VH": -22.61332139838688, "elevation": 48.0, "ARI": 5.8707514604710314, "ARVI": 0.18607522784656072, "AVI": 0.20719439780552737, "BCC": 0.18920886625810468, "CCCI": 0.53989331151524478, "CVI": 0.00010615456878794821, "EVI": 0.097837647651442067, "ExG": -0.003320153523477129, "GNDVI": 0.38495999912799111, "IKAW": 0.59263504462155603, "MCARI": 0.01519434982973778, "MSAVI": 0.094830070176329273, "MTVI2": 0.026915526443026652, "NDDI": -3.4174912655402672, "NDMI": -0.23128895458552493, "NDVI": 0.21067103012381139, "NDYI": 0.26905819325195846, "PSRI": 0.44253384723324513, "PVI": -0.2874870006098314, "RCC": 0.48228746936806227, "RENDVI": 0.058862049610389017, "S2REP": 711.41543852205416, "SAVI": 0.11344485202498431, "SI": 0.92320877911516996, "SIPI": 2.4489811466219424, "TCARI": 0.029459900183756375, "TNDVI": 0.84301306640158991, "TTVI": 0.12354315931493576, "TVI": 0.84301306640158991, "VARI": -0.24740700151688214, "VARI700": -0.10189312750858281, "AWEInsh": -0.24777686031416324, "AWEIsh": -0.48267079624232206, "MNDWI": -0.56586594956397396, "MuWIR": -0.075077801372816277, "NDWI": -0.38495999912799111, "S2WI": -0.21947279977146536, "WI2015": -24.122316484137038, "BAI": 82.624935877922724, "BAIM": 69.454500023504224, "MIRBI": 1.4466130570385807, "NBR": -0.10843988388790415, "NBRplus": -0.18184782289975149, "NBRSWIR": -0.13871704259564624, "NDSWIR": -0.23128895458552493, "NBSIMS": -3.5191721588897189, "NDSI": -0.56586594956397396, "NBAI": -0.88959394210151477, "NDBI": 0.23128895458552493, "UI": 0.10843988388790415, "BI": 0.28435663280723872, "BI2": 0.12465122528811944, "BSI": 0.20293604895069542, "SATVI": 0.16842313364658371, "DPDD": -26.699150414849054, "DpRVIVV": 2.3955867744851047, "NDPolI": -0.19779338724255233, "VDDPI": 2.493123302892434, "VHVVD": -7.4683421762549749, "VHVVP": 342.47828272196011, "VHVVR": 1.4931233028924342, "VVVHD": 7.4683421762549749, "VVVHR": 0.66973705256814997, "VVVHS": -37.758300620518781 }, "geometry": null },
{ "type": "Feature", "properties": { "inventory_date": "2026-01-15", "latitude_proj": 1518243, "longitude_proj": 568328, "agb": 20.44, "cagb": 9.61, "cagb_category": "0-10", "HCS": "non-HCS", "longitude": -14.368014670506842, "latitude": 13.732600199822809, "start_date": "2026-01-01", "end_date": "2026-02-01", "B2": 0.044903905768504726, "B3": 0.086377745605428713, "B4": 0.13659609450671109, "B8": 0.23316691215194674, "B5": 0.17109520931013733, "B6": 0.20270851059551181, "B7": 0.22319314688136674, "B8A": 0.25442361065194113, "B11": 0.31797929832886146, "B12": 0.21988515002967332, "B9": 0.26275445392400626, "B1": 0.0217635597602664, "VV": -14.154552468243983, "VH": -20.645611941270523, "elevation": 35.0, "ARI": 5.732357015583359, "ARVI": 0.23734025152110286, "AVI": 0.26889059545439276, "BCC": 0.16762835457228348, "CCCI": 0.58790636218888126, "CVI": 0.0002376341945399081, "EVI": 0.14069468704118918, "ExG": -0.0087445090643583911, "GNDVI": 0.45936980319656107, "IKAW": 0.67703259116279857, "MCARI": 0.021989522044518477, "MSAVI": 0.146317625039873, "MTVI2": 0.052388634281364733, "NDDI": -3.6354095704065603, "NDMI": -0.15388364206101715, "NDVI": 0.26116949480125745, "NDYI": 0.31591497671516039, "PSRI": 0.45233517067850493, "PVI": -0.24334668653327296, "RCC": 0.50991953085782937, "RENDVI": 0.084571927998346078, "S2REP": 714.7420827915571, "SAVI": 0.16654677809802837, "SI": 0.90993265134045787, "SIPI": 2.1891018171586332, "TCARI": 0.039828969832838901, "TNDVI": 0.87245028213718723, "TTVI": 0.16841511665270237, "TVI": 0.87245028213718723, "VARI": -0.28201475496909106, "VARI700": -0.10225946613897269, "AWEInsh": -0.38001377635011602, "AWEIsh": -0.62084233344655415, "MNDWI": -0.57276497639316271, "MuWIR": 0.045836898705775231, "NDWI": -0.45936980319656107, "S2WI": -0.12478872545393373, "WI2015": -29.341815145493403, "BAI": 31.922310191140813, "BAIM": 29.458953705045133, "MIRBI": 1.0826543766738905, "NBR": 0.02931619394538592, "NBRplus": -0.27381561645495694, "NBRSWIR": -0.18513988136991932, "NDSWIR": -0.15388364206101715, "NBSIMS": -3.2192463607221504, "NDSI": -0.57276497639316271, "NBAI": -0.88727160481663236, "NDBI": 0.15388364206101715, "UI": -0.02931619394538592, "BI": 0.24091378938953972, "BI2": 0.16379501100749494, "BSI": 0.12356815343463903, "SATVI": 0.17507923444646267, "DPDD": -24.607432240374454, "DpRVIVV": 2.373047632571061, "NDPolI": -0.18652381628553047, "VDDPI": 2.4585845781835465, "VHVVD": -6.4910594730265405, "VHVVP": 292.22939746171812, "VHVVR": 1.4585845781835463, "VVVHD": 6.4910594730265405, "VVVHR": 0.68559616970950954, "VVVHS": -34.800164409514508 }, "geometry": null },
{ "type": "Feature", "properties": { "inventory_date": "2026-01-15", "latitude_proj": 1518356, "longitude_proj": 568614, "agb": 21.31, "cagb": 10.02, "cagb_category": "10-20", "HCS": "non-HCS", "longitude": -14.365366740603328, "latitude": 13.73361511910915, "start_date": "2026-01-01", "end_date": "2026-02-01", "B2": 0.040125571009438747, "B3": 0.084564186643614161, "B4": 0.13951002336989102, "B8": 0.2570164356388937, "B5": 0.1808917429202079, "B6": 0.21231193791638431, "B7": 0.23554270609104208, "B8A": 0.28264263007644358, "B11": 0.34615582494544211, "B12": 0.21542295732850442, "B9": 0.28769005818584864, "B1": 0.011336919438099393, "VV": -14.792257547296167, "VH": -23.709748732580881, "elevation": 35.0, "ARI": 6.297168632765219, "ARVI": 0.27339289785368304, "AVI": 0.29620298187262206, "BCC": 0.15187586777732459, "CCCI": 0.58661491577997049, "CVI": 0.00025641253956243957, "EVI": 0.16382819170773541, "ExG": -0.010507221092101442, "GNDVI": 0.50486543365053982, "IKAW": 0.72992326825787801, "MCARI": 0.028676358648879619, "MSAVI": 0.17558625127501848, "MTVI2": 0.071717745714306419, "NDDI": -3.8422292475787128, "NDMI": -0.14778429833658588, "NDVI": 0.29633939829069372, "NDYI": 0.35639347185055165, "PSRI": 0.46810581324726663, "PVI": -0.22518308161221615, "RCC": 0.52804746025802163, "RENDVI": 0.07990819142212971, "S2REP": 712.39052585088382, "SAVI": 0.19660280701406149, "SI": 0.91102307862431331, "SIPI": 2.0907754007361752, "TCARI": 0.049204910809756128, "TNDVI": 0.89237850617924097, "TTVI": -0.060186870525163583, "TVI": 0.89237850617924097, "VARI": -0.29870205631182845, "VARI700": -0.090900248104544848, "AWEInsh": -0.51820752946364823, "AWEIsh": -0.70707809259015575, "MNDWI": -0.60733569665532228, "MuWIR": 0.15074952561049426, "NDWI": -0.50486543365053982, "S2WI": -0.087130793752101587, "WI2015": -32.263786601423575, "BAI": 24.766870771358501, "BAIM": 23.205263048628662, "MIRBI": 0.76190248881971145, "NBR": 0.088039818291061833, "NBRplus": -0.30816183582192841, "NBRSWIR": -0.22783812246645213, "NDSWIR": -0.14778429833658588, "NBSIMS": -3.1949106442719541, "NDSI": -0.60733569665532228, "NBAI": -0.90000865835522681, "NDBI": 0.14778429833658588, "UI": -0.088039818291061833, "BI": 0.24083028864822911, "BI2": 0.17575702591161199, "BSI": 0.088626270247249575, "SATVI": 0.20676497691459808, "DPDD": -27.225029729788098, "DpRVIVV": 2.4632221562929519, "NDPolI": -0.23161107814647602, "VDDPI": 2.6028485616054406, "VHVVD": -8.9174911852847139, "VHVVP": 350.72070963401524, "VHVVR": 1.6028485616054404, "VVVHD": 8.9174911852847139, "VVVHR": 0.62388925813327178, "VVVHS": -38.502006279877051 }, "geometry": null },
{ "type": "Feature", "properties": { "inventory_date": "2026-01-15", "latitude_proj": 1562327, "longitude_proj": 599784, "agb": 8.97, "cagb": 4.22, "cagb_category": "0-10", "HCS": "non-HCS", "longitude": -14.075507695674675, "latitude": 14.130241597373175, "start_date": "2026-01-01", "end_date": "2026-02-01", "B2": 0.064532117486603785, "B3": 0.10262110390002337, "B4": 0.14526477105380423, "B8": 0.24921425691296387, "B5": 0.17775731528551758, "B6": 0.21427366695680675, "B7": 0.2341170532049176, "B8A": 0.26089107270179318, "B11": 0.34349644411334679, "B12": 0.28420887555426216, "B9": 0.26048057007965242, "B1": 0.038707772940122842, "VV": -12.516255468931938, "VH": -21.779390046504002, "elevation": 50.0, "ARI": 4.1189367997637696, "ARVI": 0.24401648003234544, "AVI": 0.28080765611925473, "BCC": 0.20655698150582064, "CCCI": 0.63510720186952851, "CVI": 0.00038124710247967636, "EVI": 0.15876821181459275, "ExG": -0.0045546807403612777, "GNDVI": 0.41665269992819137, "IKAW": 0.58863513492321839, "MCARI": 0.021371907060337977, "MSAVI": 0.15472032839617467, "MTVI2": 0.070802470410464141, "NDDI": -4.4413940439797068, "NDMI": -0.15906948708219409, "NDVI": 0.26351080409759225, "NDYI": 0.22786869494617373, "PSRI": 0.37677356585060223, "PVI": -0.23271610373668417, "RCC": 0.46496928656086228, "RENDVI": 0.093146596379766425, "S2REP": 716.43805091194019, "SAVI": 0.17431848474208431, "SI": 0.89525230090784036, "SIPI": 2.025084417041318, "TCARI": 0.042312112026689649, "TNDVI": 0.87379105288254821, "TTVI": 0.23793741698972015, "TVI": 0.87379105288254821, "VARI": -0.23257591086675067, "VARI700": -0.084964568775611843, "AWEInsh": -0.24423051730731371, "AWEIsh": -0.6390333931913692, "MNDWI": -0.53993693206191562, "MuWIR": -0.32074424923261713, "NDWI": -0.41665269992819137, "S2WI": -0.23043149559328763, "WI2015": -33.37676505329528, "BAI": 26.419426963763517, "BAIM": 21.377819776131027, "MIRBI": 1.4758236032318228, "NBR": -0.065603864008369372, "NBRplus": -0.20194423087834956, "NBRSWIR": -0.10895559839427928, "NDSWIR": -0.15906948708219409, "NBSIMS": -3.5628764092866159, "NDSI": -0.53993693206191562, "NBAI": -0.8434731353978453, "NDBI": 0.15906948708219409, "UI": 0.065603864008369372, "BI": 0.21808496647623668, "BI2": 0.17676791802026209, "BSI": 0.15571064952152314, "SATVI": 0.15862288144629436, "DPDD": -24.250683509134756, "DpRVIVV": 2.5401930442395595, "NDPolI": -0.27009652211977964, "VDDPI": 2.7400883275804948, "VHVVD": -9.2631345775720639, "VHVVP": 272.59640977955752, "VHVVR": 1.7400883275804953, "VVVHD": 9.2631345775720639, "VVVHR": 0.57468347103416839, "VVVHS": -34.295645515435936 }, "geometry": null },
{ "type": "Feature", "properties": { "inventory_date": "2026-01-15", "latitude_proj": 1518800, "longitude_proj": 568575, "agb": 50.65, "cagb": 23.81, "cagb_category": "20-30", "HCS": "non-HCS", "longitude": -14.365716653956346, "latitude": 13.737630532021294, "start_date": "2026-01-01", "end_date": "2026-02-01", "B2": 0.023169414690439656, "B3": 0.0575833273122624, "B4": 0.099712182720728945, "B8": 0.21995414101906377, "B5": 0.13714331567265511, "B6": 0.17456853118261351, "B7": 0.20135251902397569, "B8A": 0.24497321181144624, "B11": 0.29915152577341253, "B12": 0.17528174508240987, "B9": 0.25144737545383045, "B1": 0.0034287081792968464, "VV": -11.465938581145139, "VH": -20.472366749223905, "elevation": 35.0, "ARI": 10.074495563131983, "ARVI": 0.35674111103765144, "AVI": 0.28768895292592589, "BCC": 0.12838735685589661, "CCCI": 0.61651152817916166, "CVI": 7.2723350215000054e-05, "EVI": 0.18279892019046218, "ExG": -0.0077149427866438011, "GNDVI": 0.58504105655731475, "IKAW": 0.80940214021776102, "MCARI": 0.029597241602386394, "MSAVI": 0.19283930668613758, "MTVI2": 0.099198779897075831, "NDDI": -4.60135439208611, "NDMI": -0.15256505528769276, "NDVI": 0.37614834397198299, "NDYI": 0.42616401336156767, "PSRI": 0.43846830532256154, "PVI": -0.24504451150934889, "RCC": 0.55252943403568011, "RENDVI": 0.12006350059365997, "S2REP": 717.52140370079394, "SAVI": 0.2200443427083621, "SI": 0.93932207277494661, "SIPI": 1.8007477248710566, "TCARI": 0.046637706837592552, "TNDVI": 0.93602796110585451, "TTVI": 0.16029860656523276, "TVI": 0.93602796110585451, "VARI": -0.31409887316015156, "VARI700": -0.06823950462595986, "AWEInsh": -0.53923653012273931, "AWEIsh": -0.65535120348822129, "MNDWI": -0.6771645561728562, "MuWIR": 0.20086626427324339, "NDWI": -0.58504105655731475, "S2WI": -0.12207224771784402, "WI2015": -29.43732691343007, "BAI": 39.084775164629463, "BAIM": 33.903589245645158, "MIRBI": 0.82113249824465573, "NBR": 0.11302717568815251, "NBRplus": -0.30028322730984675, "NBRSWIR": -0.25045516684062796, "NDSWIR": -0.15256505528769276, "NBSIMS": -3.6096718486180843, "NDSI": -0.6771645561728562, "NBAI": -0.93472287935850762, "NDBI": 0.15256505528769276, "UI": -0.11302717568815251, "BI": 0.24259072020350189, "BI2": 0.14333897250773237, "BSI": 0.061511863829736488, "SATVI": 0.24517823201492828, "DPDD": -22.583792278710405, "DpRVIVV": 2.5639891080579571, "NDPolI": -0.28199455402897855, "VDDPI": 2.7854941925896193, "VHVVD": -9.0064281680787666, "VHVVP": 234.73489975727927, "VHVVR": 1.7854941925896193, "VVVHD": 9.0064281680787666, "VVVHR": 0.56006902971195571, "VVVHS": -31.938305330369044 }, "geometry": null },
{ "type": "Feature", "properties": { "inventory_date": "2026-01-15", "latitude_proj": 1562356, "longitude_proj": 599435, "agb": 30.43, "cagb": 14.3, "cagb_category": "10-20", "HCS": "non-HCS", "longitude": -14.078739805977619, "latitude": 14.130516186404165, "start_date": "2026-01-01", "end_date": "2026-02-01", "B2": 0.060418832363468018, "B3": 0.097409194759253789, "B4": 0.13988220353121961, "B8": 0.23579103335795273, "B5": 0.16462467372760006, "B6": 0.19972295270683207, "B7": 0.21827997961491918, "B8A": 0.24595057644035614, "B11": 0.33320084409467099, "B12": 0.27921028533429482, "B9": 0.24671126984316719, "B1": 0.031303217814400271, "VV": -12.974735602645632, "VH": -20.234064992426834, "elevation": 50.0, "ARI": 4.1915477426911432, "ARVI": 0.23490741368980173, "AVI": 0.26893537831920794, "BCC": 0.20294509943697203, "CCCI": 0.69617000967878939, "CVI": 0.00031296059389141406, "EVI": 0.14783014743402809, "ExG": -0.0054826463761800462, "GNDVI": 0.41531135611954551, "IKAW": 0.59205388236264433, "MCARI": 0.01329801631239794, "MSAVI": 0.14454591911471637, "MTVI2": 0.061671834964137064, "NDDI": -4.1909762308957301, "NDMI": -0.17119719032338726, "NDVI": 0.25529854248048889, "NDYI": 0.23437131585648788, "PSRI": 0.39786799709692722, "PVI": -0.24205150575322232, "RCC": 0.46986025043196711, "RENDVI": 0.096331844734957497, "S2REP": 719.41593831112959, "SAVI": 0.16428873086400772, "SI": 0.90017658908085341, "SIPI": 2.1321062504148558, "TCARI": 0.02676464828511995, "TNDVI": 0.86907913476304843, "TTVI": 0.16592027148467681, "TVI": 0.86907913476304843, "VARI": -0.24013338953591173, "VARI700": -0.11526230330664455, "AWEInsh": -0.23428607101184618, "AWEIsh": -0.61934856825090678, "MNDWI": -0.54757582977624086, "MuWIR": -0.31099808838725396, "NDWI": -0.41531135611954551, "S2WI": -0.25817166779490947, "WI2015": -32.526321663625758, "BAI": 30.775785947659518, "BAIM": 24.514263727691567, "MIRBI": 1.5267345812151722, "NBR": -0.084309011259616581, "NBRplus": -0.18238703477283219, "NBRSWIR": -0.10385935270225694, "NDSWIR": -0.17119719032338726, "NBSIMS": -3.649513951459622, "NDSI": -0.54757582977624086, "NBAI": -0.84906901899269138, "NDBI": 0.17119719032338726, "UI": 0.084309011259616581, "BI": 0.22991656212568953, "BI2": 0.16798114328738109, "BSI": 0.17179116265464348, "SATVI": 0.15839404820629321, "DPDD": -23.482168095847594, "DpRVIVV": 2.4371931090373882, "NDPolI": -0.21859655451869417, "VDDPI": 2.5594972885845149, "VHVVD": -7.2593293897812021, "VHVVP": 262.53164344348608, "VHVVR": 1.5594972885845149, "VVVHD": 7.2593293897812021, "VVVHR": 0.64123227870928512, "VVVHS": -33.208800595072468 }, "geometry": null },
{ "type": "Feature", "properties": { "inventory_date": "2026-01-15", "latitude_proj": 1518829, "longitude_proj": 568363, "agb": 7.2, "cagb": 3.38, "cagb_category": "0-10", "HCS": "non-HCS", "longitude": -14.367676756796524, "latitude": 13.737897771128862, "start_date": "2026-01-01", "end_date": "2026-02-01", "B2": 0.033253200322206841, "B3": 0.075682904983946725, "B4": 0.13801326310556938, "B8": 0.26100728729073697, "B5": 0.17947298053604935, "B6": 0.21181717192866237, "B7": 0.2390622513225226, "B8A": 0.29145845457848668, "B11": 0.34103177222267977, "B12": 0.1992651570192833, "B9": 0.29361593806684227, "B1": 0.0070956690406841598, "VV": -14.580712789727608, "VH": -19.870553857858873, "elevation": 35.0, "ARI": 7.6411541189051855, "ARVI": 0.28457320408488102, "AVI": 0.30246775013904387, "BCC": 0.13465594399401704, "CCCI": 0.60051682112301075, "CVI": 0.00020633316698926056, "EVI": 0.16713979939871923, "ExG": -0.019900653459882775, "GNDVI": 0.55042999932589698, "IKAW": 0.7739880023175485, "MCARI": 0.026920573674930989, "MSAVI": 0.1838209716704936, "MTVI2": 0.06876890266713688, "NDDI": -3.5454362329072593, "NDMI": -0.13292241369957064, "NDVI": 0.30823982389631355, "NDYI": 0.38949166157992909, "PSRI": 0.49457776170595152, "PVI": -0.22167304849031169, "RCC": 0.55887271141130712, "RENDVI": 0.082660376676691252, "S2REP": 714.80909307265415, "SAVI": 0.20521336936783482, "SI": 0.91666666282216913, "SIPI": 2.0644223972035318, "TCARI": 0.043397743156222177, "TNDVI": 0.89902159256400149, "TTVI": -0.0094701148549585223, "TVI": 0.89902159256400149, "VARI": -0.34542968835449961, "VARI700": -0.10097009209923373, "AWEInsh": -0.57866810897458754, "AWEIsh": -0.73041441574287225, "MNDWI": -0.6367639100630017, "MuWIR": 0.19492076237732192, "NDWI": -0.55042999932589698, "S2WI": -0.052258208299243068, "WI2015": -32.688549467169693, "BAI": 23.895469146394245, "BAIM": 22.459486592336905, "MIRBI": 0.65054020241057087, "NBR": 0.13414257367505311, "NBRplus": -0.33540589303513546, "NBRSWIR": -0.2526431219885894, "NDSWIR": -0.13292241369957064, "NBSIMS": -3.242409041564978, "NDSI": -0.6367639100630017, "NBAI": -0.91530229430777721, "NDBI": 0.13292241369957064, "UI": -0.13414257367505311, "BI": 0.23895412903879845, "BI2": 0.17597383036380299, "BSI": 0.068116044767536479, "SATVI": 0.21141313714894922, "DPDD": -24.360724266974334, "DpRVIVV": 2.3070912383131117, "NDPolI": -0.15354561915655576, "VDDPI": 2.3627971515808239, "VHVVD": -5.2898410681312651, "VHVVP": 289.72683877425413, "VHVVR": 1.3627971515808239, "VVVHD": 5.2898410681312651, "VVVHR": 0.73378492084461377, "VVVHS": -34.451266647586479 }, "geometry": null },
{ "type": "Feature", "properties": { "inventory_date": "2026-01-15", "latitude_proj": 1561899, "longitude_proj": 599289, "agb": 7.75, "cagb": 3.64, "cagb_category": "0-10", "HCS": "non-HCS", "longitude": -14.080108957889029, "latitude": 14.126389751279991, "start_date": "2026-01-01", "end_date": "2026-02-01", "B2": 0.057873731598290908, "B3": 0.093952795971703043, "B4": 0.13243088594927693, "B8": 0.22337549700072085, "B5": 0.16176972390208019, "B6": 0.19387875363570609, "B7": 0.21130351135075487, "B8A": 0.23734334033911855, "B11": 0.32722328879580587, "B12": 0.2736812754752796, "B9": 0.25234143955686489, "B1": 0.033644260394553475, "VV": -14.118102076692216, "VH": -19.306436158509957, "elevation": 50.0, "ARI": 4.4620163711471541, "ARVI": 0.2354143819356484, "AVI": 0.2602388881186401, "BCC": 0.20359620838654902, "CCCI": 0.62579726905141031, "CVI": 0.00026112246336848705, "EVI": 0.14354467093235543, "ExG": -0.0023990256041617544, "GNDVI": 0.40785112419920516, "IKAW": 0.5884523354138419, "MCARI": 0.019270357934276981, "MSAVI": 0.13909569454460979, "MTVI2": 0.061593017055169903, "NDDI": -4.3576600836512327, "NDMI": -0.18860882819574884, "NDVI": 0.25560140404851744, "NDYI": 0.23763346860962245, "PSRI": 0.38455556863686718, "PVI": -0.25009961393397817, "RCC": 0.46588366618026289, "RENDVI": 0.090283051275579923, "S2REP": 716.0066115080283, "SAVI": 0.15940161150344717, "SI": 0.90473489274222507, "SIPI": 2.0862284682139505, "TCARI": 0.038311829206282608, "TNDVI": 0.86925336010194265, "TTVI": 0.15455874306718098, "TVI": 0.86925336010194265, "VARI": -0.2283431328766643, "VARI700": -0.088332809897322048, "AWEInsh": -0.23630233798957267, "AWEIsh": -0.60156277603606134, "MNDWI": -0.55385502942995735, "MuWIR": -0.28907081296142567, "NDWI": -0.40785112419920516, "S2WI": -0.25700148061026123, "WI2015": -31.609082575597522, "BAI": 36.044718742878779, "BAIM": 28.178544531895273, "MIRBI": 1.5300245245538981, "NBR": -0.10120730922540178, "NBRplus": -0.17423005690865989, "NBRSWIR": -0.10492443204019825, "NDSWIR": -0.18860882819574884, "NBSIMS": -3.6942630468711295, "NDSI": -0.55385502942995735, "NBAI": -0.85429034625099831, "NDBI": 0.18860882819574884, "UI": 0.10120730922540178, "BI": 0.24079380029951788, "BI2": 0.15943826400264346, "BSI": 0.18165543575449225, "SATVI": 0.16763217336372258, "DPDD": -23.63471764414049, "DpRVIVV": 2.3104506063963197, "NDPolI": -0.15522530319815978, "VDDPI": 2.3674951529344188, "VHVVD": -5.1883340818177413, "VHVVP": 272.57023642298509, "VHVVR": 1.3674951529344188, "VVVHD": 5.1883340818177413, "VVVHR": 0.73126401790468154, "VVVHS": -33.424538235202171 }, "geometry": null },
{ "type": "Feature", "properties": { "inventory_date": "2026-01-15", "latitude_proj": 1561823, "longitude_proj": 599942, "agb": 22.07, "cagb": 10.37, "cagb_category": "10-20", "HCS": "non-HCS", "longitude": -14.074062391051706, "latitude": 14.125679445953923, "start_date": "2026-01-01", "end_date": "2026-02-01", "B2": 0.063903952092754041, "B3": 0.098967997296987187, "B4": 0.15329926474677288, "B8": 0.22941448457867783, "B5": 0.1807360307258718, "B6": 0.19576097550966282, "B7": 0.21430801925632881, "B8A": 0.24659419051535866, "B11": 0.36375705402563596, "B12": 0.29375978438731498, "B9": 0.25408794843756094, "B1": 0.037192775346064827, "VV": -15.564571799926394, "VH": -20.587174121464333, "elevation": 50.0, "ARI": 4.5713453349157982, "ARVI": 0.17458990691864837, "AVI": 0.24543740988495491, "BCC": 0.20211818544986854, "CCCI": 0.59675500877724286, "CVI": 0.00034446925874975749, "EVI": 0.11394968670067535, "ExG": -0.019267222245552551, "GNDVI": 0.39723948286340505, "IKAW": 0.56426910754104642, "MCARI": 0.013066769901906805, "MSAVI": 0.11312311627195848, "MTVI2": 0.020897165315053284, "NDDI": -3.0053067510304463, "NDMI": -0.22648181968247444, "NDVI": 0.19888289868357556, "NDYI": 0.215285967507685, "PSRI": 0.45665543104941397, "PVI": -0.25027474566267027, "RCC": 0.48486154935212561, "RENDVI": 0.039907209180812149, "S2REP": 712.14587615420692, "SAVI": 0.12934298331152724, "SI": 0.89384768910547285, "SIPI": 2.5254043758544085, "TCARI": 0.024468807986479067, "TNDVI": 0.83599216424771328, "TTVI": 0.066276111544163685, "TVI": 0.83599216424771328, "VARI": -0.28843869575193526, "VARI700": -0.1183362866242187, "AWEInsh": -0.30867044099414831, "AWEIsh": -0.65187330866807747, "MNDWI": -0.57223842965016258, "MuWIR": -0.35309059250009944, "NDWI": -0.39723948286340505, "S2WI": -0.23819757743170478, "WI2015": -34.181200711135297, "BAI": 31.703680452329621, "BAIM": 24.401876785978203, "MIRBI": 1.372778714421917, "NBR": -0.12299018439077648, "NBRplus": -0.16453653302700483, "NBRSWIR": -0.11880563582833532, "NDSWIR": -0.22648181968247444, "NBSIMS": -3.8042848789051353, "NDSI": -0.57223842965016258, "NBAI": -0.85198265380988825, "NDBI": 0.22648181968247444, "UI": 0.12299018439077648, "BI": 0.27609187057960138, "BI2": 0.16923980500597177, "BSI": 0.20765165798550519, "SATVI": 0.1635126377886838, "DPDD": -25.563144692748494, "DpRVIVV": 2.2778622273158931, "NDPolI": -0.1389311136579465, "VDDPI": 2.3226945389889679, "VHVVD": -5.0226023215379385, "VHVVP": 320.43054977111819, "VHVVR": 1.3226945389889679, "VVVHD": 5.0226023215379385, "VVVHR": 0.75603245535766184, "VVVHS": -36.151745921390727 }, "geometry": null },
{ "type": "Feature", "properties": { "inventory_date": "2026-01-15", "latitude_proj": 1518608, "longitude_proj": 568330, "agb": 10.88, "cagb": 5.11, "cagb_category": "0-10", "HCS": "non-HCS", "longitude": -14.36798733137473, "latitude": 13.735900351002366, "start_date": "2026-01-01", "end_date": "2026-02-01", "B2": 0.037191599219016235, "B3": 0.078872328828649668, "B4": 0.13986941930743907, "B8": 0.26629292614093669, "B5": 0.17860125501035504, "B6": 0.20932892423916497, "B7": 0.23929502511933703, "B8A": 0.2893928254164575, "B11": 0.35013592026869689, "B12": 0.20757147989887129, "B9": 0.28409643623876329, "B1": 0.0088023951434301785, "VV": -13.670736627844462, "VH": -22.38003822749214, "elevation": 35.0, "ARI": 7.0796530079280551, "ARVI": 0.28860351906601361, "AVI": 0.30707935319129748, "BCC": 0.14531751959393263, "CCCI": 0.63324744506174491, "CVI": 0.00023170303911432995, "EVI": 0.17303379751347212, "ExG": -0.019316360869155967, "GNDVI": 0.54298801693930998, "IKAW": 0.75490282956006072, "MCARI": 0.023988175589999692, "MSAVI": 0.18805609318523175, "MTVI2": 0.074581237245613621, "NDDI": -3.686495734758175, "NDMI": -0.13601406653192907, "NDVI": 0.31126348429452422, "NDYI": 0.35911872285173491, "PSRI": 0.49050947193093175, "PVI": -0.2179346101732072, "RCC": 0.54650720882172354, "RENDVI": 0.079209277525803506, "S2REP": 717.50774503084688, "SAVI": 0.2092729423185351, "SI": 0.91370926677460795, "SIPI": 2.0367298570243499, "TCARI": 0.039788334768652379, "TNDVI": 0.90070166220259873, "TTVI": 0.15150742969896491, "TVI": 0.90070166220259873, "VARI": -0.33597929190711556, "VARI700": -0.10619835054943019, "AWEInsh": -0.58080602757352684, "AWEIsh": -0.7421637182985279, "MNDWI": -0.63230390560274419, "MuWIR": 0.08420312753798731, "NDWI": -0.54298801693930998, "S2WI": -0.07501882517761381, "WI2015": -33.507019827155382, "BAI": 22.651933440849898, "BAIM": 21.349293629626093, "MIRBI": 0.64438278035548313, "NBR": 0.12392035673836281, "NBRplus": -0.32279960823285209, "NBRSWIR": -0.24716833097576227, "NDSWIR": -0.13601406653192907, "NBSIMS": -3.2788054472390642, "NDSI": -0.63230390560274419, "NBAI": -0.91066134768292784, "NDBI": 0.13601406653192907, "UI": -0.12392035673836281, "BI": 0.23506388985977314, "BI2": 0.17953293219254346, "BSI": 0.067529047395325364, "SATVI": 0.21479814928183155, "DPDD": -25.491747367237984, "DpRVIVV": 2.4831686217339897, "NDPolI": -0.24158431086699483, "VDDPI": 2.637076248101264, "VHVVD": -8.7093015996476773, "VHVVP": 305.95160832913604, "VHVVR": 1.6370762481012642, "VVVHD": 8.7093015996476773, "VVVHR": 0.61084509726399949, "VVVHS": -36.050774855336599 }, "geometry": null },
{ "type": "Feature", "properties": { "inventory_date": "2026-01-15", "latitude_proj": 1518114, "longitude_proj": 568644, "agb": 11.72, "cagb": 5.51, "cagb_category": "0-10", "HCS": "non-HCS", "longitude": -14.36509516094484, "latitude": 13.731426329727144, "start_date": "2026-01-01", "end_date": "2026-02-01", "B2": 0.05019083201188447, "B3": 0.093898380356285296, "B4": 0.15286222290088572, "B8": 0.2745962467082998, "B5": 0.19309558340832483, "B6": 0.22651686445866148, "B7": 0.25212666047778159, "B8A": 0.29481789169062222, "B11": 0.36143740860193935, "B12": 0.23319263486342517, "B9": 0.28941192762138923, "B1": 0.014780854198681147, "VV": -14.059802497470629, "VH": -21.239081142635708, "elevation": 35.0, "ARI": 5.4710286033450046, "ARVI": 0.2624648668399463, "AVI": 0.30480368118185774, "BCC": 0.16902033817889656, "CCCI": 0.6119040235604688, "CVI": 0.00037009308451524495, "EVI": 0.16764646685303039, "ExG": -0.015256294200199597, "GNDVI": 0.49036770981288713, "IKAW": 0.69093085716549907, "MCARI": 0.025761602741137864, "MSAVI": 0.17749382852549167, "MTVI2": 0.070096156422563907, "NDDI": -3.7705293975325485, "NDMI": -0.13653548231072915, "NDVI": 0.28478561652717377, "NDYI": 0.30333671498405734, "PSRI": 0.45326157561985153, "PVI": -0.21445177283034833, "RCC": 0.51477179344960411, "RENDVI": 0.079647973314964482, "S2REP": 714.84283155812773, "SAVI": 0.19688324781600836, "SI": 0.90002748269848887, "SIPI": 2.1342873946289029, "TCARI": 0.04551652825856331, "TNDVI": 0.88588126547928181, "TTVI": 0.13214016570785092, "TVI": 0.88588126547928181, "VARI": -0.29996393733919186, "VARI700": -0.096875919201320243, "AWEInsh": -0.49752542878527195, "AWEIsh": -0.72741185877861725, "MNDWI": -0.58756424320997047, "MuWIR": -0.03153988202988145, "NDWI": -0.49036770981288713, "S2WI": -0.094060895273299083, "WI2015": -33.807488022343996, "BAI": 20.472520634666211, "BAIM": 19.400439112141171, "MIRBI": 0.78983974433524606, "NBR": 0.081537058701877815, "NBRplus": -0.30607729371425091, "NBRSWIR": -0.21341543622120329, "NDSWIR": -0.13653548231072915, "NBSIMS": -3.1917292932875934, "NDSI": -0.58756424320997047, "NBAI": -0.88575800192556009, "NDBI": 0.13653548231072915, "UI": -0.081537058701877815, "BI": 0.22585574348123438, "BI2": 0.18937340866659813, "BSI": 0.086190439673733354, "SATVI": 0.19185571078013938, "DPDD": -24.960079990234075, "DpRVIVV": 2.4067708609916507, "NDPolI": -0.20338543049582547, "VDDPI": 2.5106244306388117, "VHVVD": -7.1792786451650787, "VHVVP": 298.61728609321091, "VHVVR": 1.5106244306388115, "VVVHD": 7.1792786451650787, "VVVHR": 0.66197790775641097, "VVVHS": -35.298883640106339 }, "geometry": null },
{ "type": "Feature", "properties": { "inventory_date": "2026-01-15", "latitude_proj": 1562656, "longitude_proj": 599648, "agb": 17.8, "cagb": 8.37, "cagb_category": "0-10", "HCS": "non-HCS", "longitude": -14.076755618607526, "latitude": 14.133220833943264, "start_date": "2026-01-01", "end_date": "2026-02-01", "B2": 0.06686645571928504, "B3": 0.10586240407740211, "B4": 0.153887614784392, "B8": 0.25838654622184937, "B5": 0.18197394297415509, "B6": 0.22049659174448305, "B7": 0.23707431258593858, "B8A": 0.26867069022598977, "B11": 0.35514513755200111, "B12": 0.2930330838495438, "B9": 0.27415808421254884, "B1": 0.040136010105513736, "VV": -15.518477494879418, "VH": -21.579279799579439, "elevation": 50.0, "ARI": 3.9509319110572827, "ARVI": 0.23307264485141493, "AVI": 0.28375047652662749, "BCC": 0.20472468758671308, "CCCI": 0.68459057711511273, "CVI": 0.00044561219731986592, "EVI": 0.1554845734186846, "ExG": -0.0090292623488728296, "GNDVI": 0.41873598268200884, "IKAW": 0.58883419786922186, "MCARI": 0.015211857821453454, "MSAVI": 0.15328135651067976, "MTVI2": 0.063508694717747352, "NDDI": -4.0674040212396276, "NDMI": -0.15770757059356244, "NDVI": 0.25346951451530664, "NDYI": 0.22576394242408465, "PSRI": 0.39465988284276637, "PVI": -0.22750985930038878, "RCC": 0.47115692795891412, "RENDVI": 0.095715451063414211, "S2REP": 717.27189043266128, "SAVI": 0.1718215903246586, "SI": 0.89041418495197999, "SIPI": 2.0885432330660589, "TCARI": 0.03025730214041451, "TNDVI": 0.86802621764282362, "TTVI": 0.00036443523857632165, "TVI": 0.86802621764282362, "VARI": -0.2489855015354896, "VARI700": -0.11124473696298223, "AWEInsh": -0.25588658986761303, "AWEIsh": -0.66203333071037129, "MNDWI": -0.54073461053050087, "MuWIR": -0.33212629277157646, "NDWI": -0.41873598268200884, "S2WI": -0.2338052588780099, "WI2015": -34.589404437098175, "BAI": 23.66242423710921, "BAIM": 19.201189305016538, "MIRBI": 1.4499084904858268, "NBR": -0.062831527457970049, "NBRplus": -0.20201507848430722, "NBRSWIR": -0.10974932356175607, "NDSWIR": -0.15770757059356244, "NBSIMS": -3.5683077032619672, "NDSI": -0.54073461053050087, "NBAI": -0.83933769062766961, "NDBI": 0.15770757059356244, "UI": 0.062831527457970049, "BI": 0.22028393683218025, "BI2": 0.18407593890342511, "BSI": 0.15756519109908868, "SATVI": 0.15266728878082478, "DPDD": -26.232075749724565, "DpRVIVV": 2.326747639033441, "NDPolI": -0.16337381951672045, "VDDPI": 2.3905539255832209, "VHVVD": -6.0608023047000206, "VHVVP": 334.87756792547958, "VHVVR": 1.3905539255832207, "VVVHD": 6.0608023047000206, "VVVHR": 0.71913787851167577, "VVVHS": -37.097757294458859 }, "geometry": null },
{ "type": "Feature", "properties": { "inventory_date": "2026-01-15", "latitude_proj": 1562425, "longitude_proj": 600000, "agb": 23.88, "cagb": 11.22, "cagb_category": "10-20", "HCS": "non-HCS", "longitude": -14.073503070909714, "latitude": 14.131119885741303, "start_date": "2026-01-01", "end_date": "2026-02-01", "B2": 0.05574459600919749, "B3": 0.089479024938362489, "B4": 0.13425615957445086, "B8": 0.23713999913238429, "B5": 0.16426470659344511, "B6": 0.19582788593628825, "B7": 0.21787683638908412, "B8A": 0.24958137994741691, "B11": 0.33411020062425562, "B12": 0.26697771287358868, "B9": 0.24950293670682352, "B1": 0.030505882356973262, "VV": -13.39229202640694, "VH": -21.723733485691245, "elevation": 50.0, "ARI": 5.0880685209524952, "ARVI": 0.25723493870747677, "AVI": 0.27642700133820231, "BCC": 0.1994584220192174, "CCCI": 0.65537232150318803, "CVI": 0.00025490685789722597, "EVI": 0.15832253382345876, "ExG": -0.011042705706923374, "GNDVI": 0.45208932521345707, "IKAW": 0.61934088078445859, "MCARI": 0.018415658308079657, "MSAVI": 0.15609981187764321, "MTVI2": 0.067820270828132134, "NDDI": -4.1646634223780179, "NDMI": -0.16975084040790167, "NDVI": 0.27701912673562595, "NDYI": 0.23229298862714937, "PSRI": 0.40092126404712747, "PVI": -0.23965072118604699, "RCC": 0.48037879278310558, "RENDVI": 0.08765295370589142, "S2REP": 718.0868533269271, "SAVI": 0.17710172095080365, "SI": 0.90626724018492522, "SIPI": 2.0084215136533303, "TCARI": 0.035124704995346478, "TNDVI": 0.88148688404061115, "TTVI": 0.22235928206047539, "TVI": 0.88148688404061115, "VARI": -0.26654549540508682, "VARI700": -0.093679164591148209, "AWEInsh": -0.30362099212429972, "AWEIsh": -0.64417756949825333, "MNDWI": -0.57751982563052684, "MuWIR": -0.39339279157726559, "NDWI": -0.45208932521345707, "S2WI": -0.23817927375299738, "WI2015": -33.166094838199861, "BAI": 30.72001847039401, "BAIM": 25.311718049360124, "MIRBI": 1.3954971626181814, "NBR": -0.059187989294156883, "NBRplus": -0.19315597908785992, "NBRSWIR": -0.12428182838860886, "NDSWIR": -0.16975084040790167, "NBSIMS": -3.7748762433538952, "NDSI": -0.57751982563052684, "NBAI": -0.8665420945229827, "NDBI": 0.16975084040790167, "UI": 0.059187989294156883, "BI": 0.23051762868222908, "BI2": 0.16559648896852427, "BSI": 0.15609623193387839, "SATVI": 0.17608515800252675, "DPDD": -24.83077976792443, "DpRVIVV": 2.4745093636188389, "NDPolI": -0.2372546818094193, "VDDPI": 2.6221072123320157, "VHVVD": -8.3314414592843047, "VHVVP": 290.9305827442123, "VHVVR": 1.6221072123320157, "VVVHD": 8.3314414592843047, "VVVHR": 0.6164820625896571, "VVVHS": -35.116025512098183 }, "geometry": null },
{ "type": "Feature", "properties": { "inventory_date": "2024-05-01", "latitude_proj": 1427175, "longitude_proj": 481301, "agb": 103.58, "cagb": 48.68, "cagb_category": "40-50", "HCS": "HCS", "longitude": -15.172371979119248, "latitude": 12.909870871909455, "start_date": "2024-05-01", "end_date": "2024-06-01", "B2": 0.069743913138556879, "B3": 0.093954923073950744, "B4": 0.12789851821942474, "B8": 0.19099415322527188, "B5": 0.15273717525025637, "B6": 0.16663255074304797, "B7": 0.18639774460050462, "B8A": 0.21456669187717839, "B11": 0.33792790075657902, "B12": 0.29047664966872677, "B9": 0.22812543861253631, "B1": 0.053425445239977165, "VV": -12.336292280738254, "VH": -17.172834544786962, "elevation": 34.0, "ARI": 4.096207287095269, "ARVI": 0.1789935343870051, "AVI": 0.21904271014274193, "BCC": 0.23917882682586963, "CCCI": 0.56251844501383863, "CVI": 0.00021563768871242414, "EVI": 0.10989928068695137, "ExG": -0.0097325852100801358, "GNDVI": 0.34054937609069863, "IKAW": 0.4650269973143269, "MCARI": 0.015622849343881154, "MSAVI": 0.098303972962584973, "MTVI2": 0.033076406337538743, "NDDI": -3.7732476745217203, "NDMI": -0.27779848925783107, "NDVI": 0.19785852939172791, "NDYI": 0.14789970714247502, "PSRI": 0.34899906903870109, "PVI": -0.27462436854932837, "RCC": 0.43861343827548382, "RENDVI": 0.043508743509029155, "S2REP": 716.11042056185386, "SAVI": 0.11557491696903333, "SI": 0.90248456550198108, "SIPI": 2.1803205241146411, "TCARI": 0.032397100863581267, "TNDVI": 0.83537927278076984, "TTVI": 0.20474058170723652, "TVI": 0.83537927278076984, "VARI": -0.22315232686098316, "VARI700": -0.069500281498397459, "AWEInsh": -0.22482966244783231, "AWEIsh": -0.56137102256652427, "MNDWI": -0.56490548875905966, "MuWIR": -0.54699602998010666, "NDWI": -0.34054937609069863, "S2WI": -0.31077431856654825, "WI2015": -31.029800985990839, "BAI": 55.748210537295691, "BAIM": 35.631092992565016, "MIRBI": 1.5930730692727932, "NBR": -0.20662207520267248, "NBRplus": -0.13127462472192614, "NBRSWIR": -0.092601358748333418, "NDSWIR": -0.27779848925783107, "NBSIMS": -4.0232749634157017, "NDSI": -0.56490548875905966, "NBAI": -0.85054629940251458, "NDBI": 0.27779848925783107, "UI": 0.20662207520267248, "BI": 0.28227136992011104, "BI2": 0.14336936574084339, "BSI": 0.23212196961226142, "SATVI": 0.1809528702043372, "DPDD": -20.866103685222736, "DpRVIVV": 2.3277997544722422, "NDPolI": -0.16389987723612101, "VDDPI": 2.3920580150002144, "VHVVD": -4.8365422640487079, "VHVVP": 211.84910623325064, "VHVVR": 1.3920580150002144, "VVVHD": 4.8365422640487079, "VVVHR": 0.71836086515391817, "VVVHS": -29.509126825525215 }, "geometry": null },
{ "type": "Feature", "properties": { "inventory_date": "2024-05-01", "latitude_proj": 1427168, "longitude_proj": 482300, "agb": 94.78, "cagb": 44.55, "cagb_category": "40-50", "HCS": "HCS", "longitude": -15.163162937491657, "latitude": 12.909813482478782, "start_date": "2024-05-01", "end_date": "2024-06-01", "B2": 0.085140306354009238, "B3": 0.1106286942353541, "B4": 0.15127662559929944, "B8": 0.217179616200607, "B5": 0.17561360903667561, "B6": 0.18687677191930824, "B7": 0.20771588060999377, "B8A": 0.2365239659101431, "B11": 0.35583369939022613, "B12": 0.29926575282299711, "B9": 0.242620568111693, "B1": 0.060192726313121392, "VV": -11.128276145133507, "VH": -16.663261920603439, "elevation": 34.0, "ARI": 3.3449266549486119, "ARVI": 0.15986150257962692, "AVI": 0.22987766780765151, "BCC": 0.24532885571571739, "CCCI": 0.59163671187654154, "CVI": 0.00040209295371763405, "EVI": 0.1108517187503342, "ExG": -0.015159543482600485, "GNDVI": 0.32504033172175517, "IKAW": 0.43675358451689172, "MCARI": 0.013164349762389602, "MSAVI": 0.098680933347494615, "MTVI2": 0.026543690477011703, "NDDI": -3.4471893408295928, "NDMI": -0.24197357970059236, "NDVI": 0.17886246214576759, "NDYI": 0.13019624049063933, "PSRI": 0.35390336940241718, "PVI": -0.25946754740514089, "RCC": 0.43589837814887678, "RENDVI": 0.031071618653517541, "S2REP": 717.06522038214746, "SAVI": 0.11382782590989489, "SI": 0.88389617983522539, "SIPI": 2.3820905311749372, "TCARI": 0.027747240696753002, "TNDVI": 0.82393110279062021, "TTVI": 0.23502962236489622, "TVI": 0.82393110279062021, "VARI": -0.22995461920634128, "VARI700": -0.083941935324397199, "AWEInsh": -0.21213410440639779, "AWEIsh": -0.5726243696496045, "MNDWI": -0.5256693969454117, "MuWIR": -0.52404403618043605, "NDWI": -0.32504033172175517, "S2WI": -0.26038643436111425, "WI2015": -31.371221465992008, "BAI": 36.583504446823994, "BAIM": 26.453127318884384, "MIRBI": 1.505487274205755, "NBR": -0.15894447224414623, "NBRplus": -0.18184078757164679, "NBRSWIR": -0.10140114172087619, "NDSWIR": -0.24197357970059236, "NBSIMS": -3.6581041182681369, "NDSI": -0.5256693969454117, "NBAI": -0.82975632421402012, "NDBI": 0.24197357970059236, "UI": 0.15894447224414623, "BI": 0.25300562099854218, "BI2": 0.16562036019561227, "BSI": 0.19687857351250962, "SATVI": 0.15503643644613826, "DPDD": -19.651585025886657, "DpRVIVV": 2.3983216590875762, "NDPolI": -0.19916082954378805, "VDDPI": 2.4973803402506713, "VHVVD": -5.5349857754699325, "VHVVP": 185.43338013116278, "VHVVR": 1.4973803402506713, "VVVHD": 5.5349857754699325, "VVVHR": 0.6678329968140182, "VVVHS": -27.791538065736944 }, "geometry": null },
{ "type": "Feature", "properties": { "inventory_date": "2024-05-01", "latitude_proj": 1428175, "longitude_proj": 481300, "agb": 118.71, "cagb": 55.79, "cagb_category": ">=50", "HCS": "HCS", "longitude": -15.172387396010482, "latitude": 12.918913600810363, "start_date": "2024-05-01", "end_date": "2024-06-01", "B2": 0.073348751707702164, "B3": 0.10037049154154111, "B4": 0.13564029116840925, "B8": 0.20365567065371504, "B5": 0.16359669580820752, "B6": 0.18003379378535114, "B7": 0.19875801767994924, "B8A": 0.22352458885521764, "B11": 0.33287397117534084, "B12": 0.28235223125100639, "B9": 0.221451154406233, "B1": 0.056040137834339948, "VV": -10.735191179139663, "VH": -15.579718880582336, "elevation": 34.0, "ARI": 3.8504947108601844, "ARVI": 0.18152707416962349, "AVI": 0.22877016342218934, "BCC": 0.23709872671542517, "CCCI": 0.54413516516157445, "CVI": 0.00027828982175493296, "EVI": 0.11587880607997203, "ExG": -0.0082480597930291999, "GNDVI": 0.33972464200577779, "IKAW": 0.47041457979323142, "MCARI": 0.018466900821776894, "MSAVI": 0.10440568619604484, "MTVI2": 0.037022574653952804, "NDDI": -3.8788469924655473, "NDMI": -0.24084093486636501, "NDVI": 0.20046032708447856, "NDYI": 0.15554833954157612, "PSRI": 0.34599914910961332, "PVI": -0.26645068279587902, "RCC": 0.43845518265258099, "RENDVI": 0.047833642458750374, "S2REP": 712.67082192576436, "SAVI": 0.12155791743173057, "SI": 0.89651626664401518, "SIPI": 2.1703257989065006, "TCARI": 0.038114675865452079, "TNDVI": 0.83693507937263489, "TTVI": 0.23521189941025156, "TVI": 0.83693507937263489, "VARI": -0.21682871786090432, "VARI700": -0.063978854676811331, "AWEInsh": -0.20445920025836017, "AWEIsh": -0.55110753999478057, "MNDWI": -0.53665655222865916, "MuWIR": -0.47158414076932453, "NDWI": -0.33972464200577779, "S2WI": -0.26629851141458244, "WI2015": -29.991559140363083, "BAI": 45.647130562406204, "BAIM": 32.903444223353006, "MIRBI": 1.561357394991723, "NBR": -0.16192444667848072, "NBRplus": -0.16905866153223978, "NBRSWIR": -0.098600610107816428, "NDSWIR": -0.24084093486636501, "NBSIMS": -3.7184741017100169, "NDSI": -0.53665655222865916, "NBAI": -0.84308555226476523, "NDBI": 0.24084093486636501, "UI": 0.16192444667848072, "BI": 0.25688134169040966, "BI2": 0.15269594662810129, "BSI": 0.20286146740178695, "SATVI": 0.16429230287197533, "DPDD": -18.607451349543521, "DpRVIVV": 2.3681964095980539, "NDPolI": -0.18409820479902683, "VDDPI": 2.451275400745208, "VHVVD": -4.8445277014426722, "VHVVP": 167.25126070030316, "VHVVR": 1.4512754007452078, "VVVHD": 4.8445277014426722, "VVVHR": 0.68904909398072567, "VVVHS": -26.314910059721999 }, "geometry": null },
{ "type": "Feature", "properties": { "inventory_date": "2024-05-01", "latitude_proj": 1426175, "longitude_proj": 481300, "agb": 70.22, "cagb": 33.0, "cagb_category": "30-40", "HCS": "HCS", "longitude": -15.172375003372949, "latitude": 12.900828124605349, "start_date": "2024-05-01", "end_date": "2024-06-01", "B2": 0.06378198034257973, "B3": 0.093220420319317376, "B4": 0.11393589276869945, "B8": 0.19775554072249413, "B5": 0.14619885352570866, "B6": 0.17389641642196313, "B7": 0.19073281128460232, "B8A": 0.20898857095348961, "B11": 0.29563039409181041, "B12": 0.25564391941844627, "B9": 0.20704999566078186, "B1": 0.046950001269578934, "VV": -10.788186801726445, "VH": -16.312366039102837, "elevation": 34.0, "ARI": 3.8872644490726618, "ARVI": 0.25378962283101136, "AVI": 0.24489497792360038, "BCC": 0.23541146411966346, "CCCI": 0.55739513701003585, "CVI": 0.00019579938964650861, "EVI": 0.14935724665358405, "ExG": 0.008722967527355574, "GNDVI": 0.35925689541121814, "IKAW": 0.51225369053865144, "MCARI": 0.027802745541985776, "MSAVI": 0.13275686930693154, "MTVI2": 0.079144165594957586, "NDDI": -6.953597094903273, "NDMI": -0.19837382151186253, "NDVI": 0.2689186770869752, "NDYI": 0.1875031200327503, "PSRI": 0.28841257029943762, "PVI": -0.26596749500026695, "RCC": 0.42052340156887136, "RENDVI": 0.086529122722689353, "S2REP": 712.75311706439038, "SAVI": 0.15489811367099529, "SI": 0.9094551583667333, "SIPI": 1.7991669391888436, "TCARI": 0.05600075479962615, "TNDVI": 0.87688008136060147, "TTVI": 0.29779335648712979, "TVI": 0.87688008136060147, "VARI": -0.14448522307101264, "VARI700": -0.013456916792417804, "AWEInsh": -0.1560580018698684, "AWEIsh": -0.50715685093519514, "MNDWI": -0.52053375297418603, "MuWIR": -0.37912319959925012, "NDWI": -0.35925689541121814, "S2WI": -0.27235793016973697, "WI2015": -27.294074310506375, "BAI": 52.162669202304819, "BAIM": 40.115620306243905, "MIRBI": 1.6592613320847205, "NBR": -0.12767632912036858, "NBRplus": -0.17751103386977468, "NBRSWIR": -0.092106311317649472, "NDSWIR": -0.19837382151186253, "NBSIMS": -3.5764278798765128, "NDSI": -0.52053375297418603, "NBAI": -0.85080378015387892, "NDBI": 0.19837382151186253, "UI": 0.12767632912036858, "BI": 0.22057506461332785, "BI2": 0.14233609089283109, "BSI": 0.17119208335685793, "SATVI": 0.17181728145634476, "DPDD": -19.162984687654738, "DpRVIVV": 2.4076801879151151, "NDPolI": -0.20384009395755751, "VDDPI": 2.512058174270059, "VHVVD": -5.5241792373763925, "VHVVP": 175.98085200797991, "VHVVR": 1.5120581742700592, "VVVHD": 5.5241792373763925, "VVVHR": 0.66135021589546084, "VVVHS": -27.10055284082928 }, "geometry": null },
{ "type": "Feature", "properties": { "inventory_date": "2024-05-01", "latitude_proj": 1427175, "longitude_proj": 480300, "agb": 97.64, "cagb": 45.89, "cagb_category": "40-50", "HCS": "HCS", "longitude": -15.181599411413139, "latitude": 12.909864624945415, "start_date": "2024-05-01", "end_date": "2024-06-01", "B2": 0.073231736294139427, "B3": 0.10422765568839394, "B4": 0.14081408782038349, "B8": 0.24058853072602526, "B5": 0.17918786048040286, "B6": 0.20403856876448914, "B7": 0.227790590034392, "B8A": 0.25849515238663529, "B11": 0.35126287062825201, "B12": 0.27999505560108107, "B9": 0.25330138626329901, "B1": 0.056346535764410927, "VV": -8.2539102537362208, "VH": -15.091490288708085, "elevation": 34.0, "ARI": 4.0136473429578672, "ARVI": 0.24473636068017318, "AVI": 0.27423768005844568, "BCC": 0.23009060113801, "CCCI": 0.55913858249131887, "CVI": 0.00036803317251019572, "EVI": 0.16236845372576214, "ExG": -0.0055905127377350317, "GNDVI": 0.39545961126588552, "IKAW": 0.53328867514197942, "MCARI": 0.029753574679856593, "MSAVI": 0.1498919199082136, "MTVI2": 0.07423100611672373, "NDDI": -4.9085167399097385, "NDMI": -0.18699683678872972, "NDVI": 0.26159873596541994, "NDYI": 0.17466485739625054, "PSRI": 0.33122341494294039, "PVI": -0.23847976683049057, "RCC": 0.44243110644210504, "RENDVI": 0.064846018926857485, "S2REP": 712.20328545963821, "SAVI": 0.16979943241521298, "SI": 0.89348099044290608, "SIPI": 1.8465850532070103, "TCARI": 0.05788858398691038, "TNDVI": 0.87269624495893183, "TTVI": 0.31368478149278678, "TVI": 0.87269624495893183, "VARI": -0.21294703798180403, "VARI700": -0.033454571961806526, "AWEInsh": -0.2783015895379658, "AWEIsh": -0.6239749904165619, "MNDWI": -0.54234984191114699, "MuWIR": -0.46483452341605713, "NDWI": -0.39545961126588552, "S2WI": -0.21953603148160145, "WI2015": -32.561903890593349, "BAI": 29.173224520576252, "BAIM": 23.406488068319877, "MIRBI": 1.3575744238539409, "NBR": -0.075696825466746262, "NBRplus": -0.21783584874489526, "NBRSWIR": -0.12480933437232658, "NDSWIR": -0.18699683678872972, "NBSIMS": -3.565428936988261, "NDSI": -0.54234984191114699, "NBAI": -0.84658416350848864, "NDBI": 0.18699683678872972, "UI": 0.075696825466746262, "BI": 0.22119035255987729, "BI2": 0.17182825985645539, "BSI": 0.14563652758876416, "SATVI": 0.17819671259935549, "DPDD": -16.507691033078473, "DpRVIVV": 2.5857753455581496, "NDPolI": -0.29288767277907485, "VDDPI": 2.8284049407826748, "VHVVD": -6.8375800349718645, "VHVVP": 124.56380643812827, "VHVVR": 1.8284049407826746, "VVVHD": 6.8375800349718645, "VVVHR": 0.5469247964140459, "VVVHS": -23.345400542444306 }, "geometry": null },
{ "type": "Feature", "properties": { "inventory_date": "2024-05-01", "latitude_proj": 1439717, "longitude_proj": 453863, "agb": 32.76, "cagb": 15.4, "cagb_category": "10-20", "HCS": "non-HCS", "longitude": -15.425491407417486, "latitude": 13.022992656463485, "start_date": "2024-05-01", "end_date": "2024-06-01", "B2": 0.085847867649195983, "B3": 0.11517018804779615, "B4": 0.15248667080380393, "B8": 0.22335282212557628, "B5": 0.17750347488965157, "B6": 0.19311682878207395, "B7": 0.21228146356112951, "B8A": 0.24026090922238413, "B11": 0.35901713540725322, "B12": 0.30980382180195609, "B9": 0.23270833230664351, "B1": 0.067998173777937113, "VV": -12.198125487270111, "VH": -18.234732769226142, "elevation": 30.0, "ARI": 3.0491100016068664, "ARVI": 0.17001184262545377, "AVI": 0.23760684239776553, "BCC": 0.24284786373005585, "CCCI": 0.60660783151393272, "CVI": 0.00045175553140191203, "EVI": 0.11855175160468948, "ExG": -0.0079941623574076165, "GNDVI": 0.31957246871453454, "IKAW": 0.44471102110587635, "MCARI": 0.014609110691342278, "MSAVI": 0.10569029077573722, "MTVI2": 0.036896150477679336, "NDDI": -3.8782922886604645, "NDMI": -0.23295211493465345, "NDVI": 0.18855429686067612, "NDYI": 0.14586908771418847, "PSRI": 0.34506989149975981, "PVI": -0.25487418702695341, "RCC": 0.43135680903961138, "RENDVI": 0.04212762694796076, "S2REP": 715.94068138245655, "SAVI": 0.12136838751941222, "SI": 0.88174211938306901, "SIPI": 2.1922264078126852, "TCARI": 0.031514639757301323, "TNDVI": 0.82979171896366632, "TTVI": 0.18419194422430341, "TVI": 0.82979171896366632, "VARI": -0.20525103026650721, "VARI700": -0.081891633626744703, "AWEInsh": -0.17926548501384287, "AWEIsh": -0.577232553981047, "MNDWI": -0.5142418097192607, "MuWIR": -0.45740577435914587, "NDWI": -0.31957246871453454, "S2WI": -0.27149264501169734, "WI2015": -31.91457782147106, "BAI": 33.968550771378958, "BAIM": 23.74841110652487, "MIRBI": 1.5796702910284792, "NBR": -0.16214934327655192, "NBRplus": -0.1750474720521058, "NBRSWIR": -0.090025269155693699, "NDSWIR": -0.23295211493465345, "NBSIMS": -3.6176191398642463, "NDSI": -0.5142418097192607, "NBAI": -0.81920238911723875, "NDBI": 0.23295211493465345, "UI": 0.16214934327655192, "BI": 0.24649933980595368, "BI2": 0.16970841674202228, "BSI": 0.19843363907103911, "SATVI": 0.15137048768308908, "DPDD": -21.519280444057511, "DpRVIVV": 2.3967164195408719, "NDPolI": -0.19835820977043603, "VDDPI": 2.4948799131682811, "VHVVD": -6.0366072819560301, "VHVVP": 222.42955854585691, "VHVVR": 1.4948799131682811, "VVVHD": 6.0366072819560301, "VVVHR": 0.66895005491148662, "VVVHS": -30.432858256496253 }, "geometry": null },
{ "type": "Feature", "properties": { "inventory_date": "2024-05-01", "latitude_proj": 1439717, "longitude_proj": 454863, "agb": 64.32, "cagb": 30.23, "cagb_category": "30-40", "HCS": "HCS", "longitude": -15.416269234156125, "latitude": 13.023007624774584, "start_date": "2024-05-01", "end_date": "2024-06-01", "B2": 0.079720270441701768, "B3": 0.10787565362568081, "B4": 0.14474215445610195, "B8": 0.20878595968851676, "B5": 0.16857911817729471, "B6": 0.18184338366182948, "B7": 0.19752359581108275, "B8A": 0.22174984692954097, "B11": 0.34999227194831917, "B12": 0.31254792738419301, "B9": 0.22400830825360921, "B1": 0.062214999088587665, "VV": -11.755271520945618, "VH": -18.302296654499568, "elevation": 30.0, "ARI": 3.3379994480760047, "ARVI": 0.16172988590220999, "AVI": 0.22529860102295232, "BCC": 0.23987702762164334, "CCCI": 0.58814590731473659, "CVI": 0.00035167638228923048, "EVI": 0.10823059819204187, "ExG": -0.0087111176464420847, "GNDVI": 0.31866920971791696, "IKAW": 0.44735841298318113, "MCARI": 0.013622479412915563, "MSAVI": 0.096993571547946633, "MTVI2": 0.029529127611992612, "NDDI": -3.6347495520364319, "NDMI": -0.25270546393005505, "NDVI": 0.18115618721688495, "NDYI": 0.15008526077499379, "PSRI": 0.35757079914064999, "PVI": -0.26455352961518225, "RCC": 0.43552684392701574, "RENDVI": 0.037852208162774535, "S2REP": 711.73851813163947, "SAVI": 0.11255131056215589, "SI": 0.88882058619650317, "SIPI": 2.2886048083499011, "TCARI": 0.029090616726439027, "TNDVI": 0.8253218688589834, "TTVI": 0.12202429907253254, "TVI": 0.8253218688589834, "VARI": -0.21322744865901877, "VARI700": -0.085648782894622633, "AWEInsh": -0.16115616290615187, "AWEIsh": -0.56689492479539838, "MNDWI": -0.52879139332398561, "MuWIR": -0.4818539085962632, "NDWI": -0.31866920971791696, "S2WI": -0.29923241799654599, "WI2015": -31.954209026788519, "BAI": 41.426527124833996, "BAIM": 26.399143412453721, "MIRBI": 1.6955550087484017, "NBR": -0.19903169594115547, "NBRplus": -0.1340887776549437, "NBRSWIR": -0.075332873748046245, "NDSWIR": -0.25270546393005505, "NBSIMS": -3.8201865312829497, "NDSI": -0.52879139332398561, "NBAI": -0.82426084080341577, "NDBI": 0.25270546393005505, "UI": 0.19903169594115547, "BI": 0.26330118917298811, "BI2": 0.15935183806576866, "BSI": 0.22631360466790509, "SATVI": 0.15323093335984844, "DPDD": -21.253910282834251, "DpRVIVV": 2.4356323901746908, "NDPolI": -0.21781619508734532, "VDDPI": 2.5569437610937711, "VHVVD": -6.5470251335539498, "VHVVP": 215.14846663053703, "VHVVR": 1.5569437610937713, "VVVHD": 6.5470251335539498, "VVVHR": 0.64228395719154829, "VVVHS": -30.057568175445184 }, "geometry": null },
{ "type": "Feature", "properties": { "inventory_date": "2024-05-01", "latitude_proj": 1440717, "longitude_proj": 453863, "agb": 38.04, "cagb": 17.88, "cagb_category": "10-20", "HCS": "non-HCS", "longitude": -15.425506846284799, "latitude": 13.032035103297703, "start_date": "2024-05-01", "end_date": "2024-06-01", "B2": 0.080910380501464804, "B3": 0.11787124095869173, "B4": 0.15825443977532319, "B8": 0.26221749700981123, "B5": 0.19690870936216645, "B6": 0.23120980400710964, "B7": 0.25282160690865668, "B8A": 0.28625977172250244, "B11": 0.36693771972375755, "B12": 0.28896611517596732, "B9": 0.27991792418690015, "B1": 0.060015685800484428, "VV": -12.787984593422069, "VH": -16.581649140394369, "elevation": 30.0, "ARI": 3.4053381180933027, "ARVI": 0.22939276183777985, "AVI": 0.28416713458351117, "BCC": 0.22661683030415558, "CCCI": 0.57530415739171825, "CVI": 0.00057654509548693057, "EVI": 0.16194467338720089, "ExG": -0.0034223383594045448, "GNDVI": 0.37976988432391051, "IKAW": 0.52839517973117234, "MCARI": 0.02842719081469838, "MSAVI": 0.15143979745053171, "MTVI2": 0.072424158440974676, "NDDI": -4.7316564939565211, "NDMI": -0.16644576716319698, "NDVI": 0.24725326029930569, "NDYI": 0.18593701060354462, "PSRI": 0.33451894311315655, "PVI": -0.22551691026049617, "RCC": 0.44324497426871395, "RENDVI": 0.080120559083032644, "S2REP": 713.8051414224575, "SAVI": 0.16941807742274945, "SI": 0.88042066069763392, "SIPI": 1.9449390638182353, "TCARI": 0.056957200134282543, "TNDVI": 0.86443811825908379, "TTVI": 0.16716337546574489, "TVI": 0.86443811825908379, "VARI": -0.20686492692183969, "VARI700": -0.052063406392788447, "AWEInsh": -0.26716347257880591, "AWEIsh": -0.64038587099615085, "MNDWI": -0.51374149193625318, "MuWIR": -0.3431474031652596, "NDWI": -0.37976988432391051, "S2WI": -0.18946733019416973, "WI2015": -33.032870832487298, "BAI": 22.580756538821589, "BAIM": 18.885300541774189, "MIRBI": 1.2936714984668489, "NBR": -0.048529414835251611, "NBRplus": -0.25332477513363183, "NBRSWIR": -0.12960855604177052, "NDSWIR": -0.16644576716319698, "NBSIMS": -3.3111048348135093, "NDSI": -0.51374149193625318, "NBAI": -0.83012009583614221, "NDBI": 0.16644576716319698, "UI": 0.048529414835251611, "BI": 0.20967416877152303, "BI2": 0.18946953395540378, "BSI": 0.13170479394218909, "SATVI": 0.16084986660800191, "DPDD": -20.76746717414678, "DpRVIVV": 2.2583392480379656, "NDPolI": -0.12916962401898271, "VDDPI": 2.2966585171617817, "VHVVD": -3.7936645469723, "VHVVP": 212.04587374089348, "VHVVR": 1.2966585171617817, "VVVHD": 3.7936645469723, "VVVHR": 0.77121307326841237, "VVVHS": -29.369633733816435 }, "geometry": null },
{ "type": "Feature", "properties": { "inventory_date": "2024-05-01", "latitude_proj": 1438717, "longitude_proj": 453863, "agb": 58.95, "cagb": 27.71, "cagb_category": "20-30", "HCS": "non-HCS", "longitude": -15.42547598020038, "latitude": 13.013950203316885, "start_date": "2024-05-01", "end_date": "2024-06-01", "B2": 0.091499521313888152, "B3": 0.11959073935597585, "B4": 0.1587218463805769, "B8": 0.22151789606387334, "B5": 0.18138863393741347, "B6": 0.19235103302996101, "B7": 0.20914714001531542, "B8A": 0.23786494161150118, "B11": 0.37176851895242607, "B12": 0.32299459682179565, "B9": 0.23790000379085541, "B1": 0.069750003516674042, "VV": -12.767799525270913, "VH": -19.146084178065692, "elevation": 30.0, "ARI": 2.848826878487011, "ARVI": 0.14612818746700171, "AVI": 0.22703540294302801, "BCC": 0.24742164891158627, "CCCI": 0.60308989368575538, "CVI": 0.0005028525149692629, "EVI": 0.10553230275031668, "ExG": -0.01103988898251336, "GNDVI": 0.29881142288421331, "IKAW": 0.41537105455404733, "MCARI": 0.011779162967486016, "MSAVI": 0.093030843712080258, "MTVI2": 0.024510758735696823, "NDDI": -3.4711214254311717, "NDMI": -0.25325141295275549, "NDVI": 0.16514856989855659, "NDYI": 0.13307680777381359, "PSRI": 0.34947732802775255, "PVI": -0.25780362518272371, "RCC": 0.42919591693878173, "RENDVI": 0.029331644621774913, "S2REP": 713.12824577598349, "SAVI": 0.1070095679426665, "SI": 0.87629390553991493, "SIPI": 2.4168382137510331, "TCARI": 0.025626476779120614, "TNDVI": 0.81556641047713374, "TTVI": 0.071207652081537232, "TVI": 0.81556641047713374, "VARI": -0.20946665130478731, "VARI700": -0.090739834200682198, "AWEInsh": -0.1758554511418311, "AWEIsh": -0.58020190202607025, "MNDWI": -0.51322484583809491, "MuWIR": -0.47125297706566982, "NDWI": -0.29881142288421331, "S2WI": -0.28075073525191085, "WI2015": -32.521870482664198, "BAI": 33.856660254997529, "BAIM": 22.448674716253883, "MIRBI": 1.5866144824841806, "NBR": -0.18636248402702729, "NBRplus": -0.16317201663360567, "NBRSWIR": -0.086533862437279854, "NDSWIR": -0.25325141295275549, "NBSIMS": -3.6577677976451306, "NDSI": -0.51322484583809491, "NBAI": -0.81175648587800575, "NDBI": 0.25325141295275549, "UI": 0.18636248402702729, "BI": 0.25781972900872702, "BI2": 0.1718184582000562, "BSI": 0.21227109374887507, "SATVI": 0.14861720591491867, "DPDD": -22.566523580628161, "DpRVIVV": 2.3997184869184647, "NDPolI": -0.19985924345923237, "VDDPI": 2.4995602131886892, "VHVVD": -6.378284652794779, "VHVVP": 244.45336447950407, "VHVVR": 1.4995602131886889, "VVVHD": 6.378284652794779, "VVVHR": 0.66686218479589021, "VVVHS": -31.913883703336605 }, "geometry": null },
{ "type": "Feature", "properties": { "inventory_date": "2024-05-01", "latitude_proj": 1439717, "longitude_proj": 452863, "agb": 78.8, "cagb": 37.04, "cagb_category": "30-40", "HCS": "HCS", "longitude": -15.43471356902864, "latitude": 13.022977360195954, "start_date": "2024-05-01", "end_date": "2024-06-01", "B2": 0.078414020230728715, "B3": 0.10713474327539402, "B4": 0.14957428952843485, "B8": 0.23623239772761043, "B5": 0.17843818044724127, "B6": 0.19933294891584474, "B7": 0.22214233357284532, "B8A": 0.25981167034222968, "B11": 0.37166299637631378, "B12": 0.29700632747310873, "B9": 0.2589433400512931, "B1": 0.060544552459712832, "VV": -11.968693314130828, "VH": -18.026505514715904, "elevation": 30.0, "ARI": 3.729858413297678, "ARVI": 0.20616657616132691, "AVI": 0.25917613820212487, "BCC": 0.23398575395122917, "CCCI": 0.62049989349184964, "CVI": 0.00040556182918575492, "EVI": 0.14017149164571324, "ExG": -0.01371882320837553, "GNDVI": 0.37597556386761771, "IKAW": 0.50157373003298489, "MCARI": 0.017421236408202204, "MSAVI": 0.1290076229815571, "MTVI2": 0.049544798432728389, "NDDI": -3.9679579688052238, "NDMI": -0.22278602529689587, "NDVI": 0.22461536064994092, "NDYI": 0.15478800560003503, "PSRI": 0.35699200601175518, "PVI": -0.24400125660888841, "RCC": 0.44632647075165816, "RENDVI": 0.055310654638515123, "S2REP": 717.4291680479347, "SAVI": 0.1467443903606365, "SI": 0.88780868297042437, "SIPI": 2.0273676510926766, "TCARI": 0.035553801360106121, "TNDVI": 0.85124342032695965, "TTVI": 0.1252940303952601, "TVI": 0.85124342032695965, "VARI": -0.2380299125621409, "VARI700": -0.07731524573605536, "AWEInsh": -0.30040371128453258, "AWEIsh": -0.63984379460494978, "MNDWI": -0.55248433982446477, "MuWIR": -0.51994499832046004, "NDWI": -0.37597556386761771, "S2WI": -0.2493837767618737, "WI2015": -33.859387959779887, "BAI": 29.836969434501047, "BAIM": 22.679473914838095, "MIRBI": 1.3277659102432122, "NBR": -0.11397133567638412, "NBRplus": -0.19983937065172977, "NBRSWIR": -0.1231435494643828, "NDSWIR": -0.22278602529689587, "NBSIMS": -3.6983926968260659, "NDSI": -0.55248433982446477, "NBAI": -0.84227478801268774, "NDBI": 0.22278602529689587, "UI": 0.11397133567638412, "BI": 0.24715264455047647, "BI2": 0.17287381432782753, "BSI": 0.17331780531173266, "SATVI": 0.17770218037863295, "DPDD": -21.209808494916309, "DpRVIVV": 2.4039187894803491, "NDPolI": -0.20195939474017446, "VDDPI": 2.5061381423678828, "VHVVD": -6.0578122005850759, "VHVVP": 215.75371603112274, "VHVVR": 1.5061381423678828, "VVVHD": 6.0578122005850759, "VVVHR": 0.66394972138999475, "VVVHS": -29.995198828846732 }, "geometry": null },
{ "type": "Feature", "properties": { "inventory_date": "2024-05-01", "latitude_proj": 1445731, "longitude_proj": 416832, "agb": 119.52, "cagb": 56.17, "cagb_category": ">=50", "HCS": "HCS", "longitude": -15.767155038994925, "latitude": 13.076585238719447, "start_date": "2024-05-01", "end_date": "2024-06-01", "B2": 0.077220971839941616, "B3": 0.10717802950720036, "B4": 0.14191696226751022, "B8": 0.25296851246447716, "B5": 0.18018789902186272, "B6": 0.21492505566948708, "B7": 0.24060163032387416, "B8A": 0.27391579953151024, "B11": 0.34406457975760091, "B12": 0.26987906127441225, "B9": 0.2835273803469876, "B1": 0.057958535424654616, "VV": -11.374643106097061, "VH": -17.085284621642508, "elevation": 30.0, "ARI": 3.7805081845049884, "ARVI": 0.26607413352813303, "AVI": 0.28887290119678782, "BCC": 0.23664478741570905, "CCCI": 0.59747191911813402, "CVI": 0.00041239397323616651, "EVI": 0.18201436425790696, "ExG": -0.0047818750930511134, "GNDVI": 0.40480878188951763, "IKAW": 0.53226268242541852, "MCARI": 0.030051803675058431, "MSAVI": 0.16572198810776917, "MTVI2": 0.090471939753646688, "NDDI": -5.5511477571105621, "NDMI": -0.15258126974850966, "NDVI": 0.28122470261115257, "NDYI": 0.16245780860202608, "PSRI": 0.30101651120220457, "PVI": -0.22895410155124982, "RCC": 0.43490658776075236, "RENDVI": 0.087917027865512462, "S2REP": 716.15517048544996, "SAVI": 0.18614373570577764, "SI": 0.89083505925542483, "SIPI": 1.7560311107223849, "TCARI": 0.059193687141286269, "TNDVI": 0.88386916600317744, "TTVI": 0.33648492286569454, "TVI": 0.88386916600317744, "VARI": -0.20211857948917622, "VARI700": -0.026547297376247107, "AWEInsh": -0.2686209106130879, "AWEIsh": -0.61785335804377772, "MNDWI": -0.52496494211030764, "MuWIR": -0.49782614566441941, "NDWI": -0.40480878188951763, "S2WI": -0.19928404029815175, "WI2015": -31.878521379554918, "BAI": 25.645050908936884, "BAIM": 21.701718438226376, "MIRBI": 1.326957731119633, "NBR": -0.032343171622673028, "NBRplus": -0.25877139234199054, "NBRSWIR": -0.13192290409232094, "NDSWIR": -0.15258126974850966, "NBSIMS": -3.4018588952098705, "NDSI": -0.52496494211030764, "NBAI": -0.84490130908331451, "NDBI": 0.15258126974850966, "UI": 0.032343171622673028, "BI": 0.19088163227420324, "BI2": 0.17853162417041091, "BSI": 0.10998400693077111, "SATVI": 0.17259302784492167, "DPDD": -20.124207888363699, "DpRVIVV": 2.4013110342497006, "NDPolI": -0.20065551712485025, "VDDPI": 2.5020501709178391, "VHVVD": -5.7106415155454471, "VHVVP": 194.33901493727208, "VHVVR": 1.5020501709178389, "VVVHD": 5.7106415155454471, "VVVHR": 0.66575672328504354, "VVVHS": -28.459927727739569 }, "geometry": null },
{ "type": "Feature", "properties": { "inventory_date": "2024-05-01", "latitude_proj": 1445731, "longitude_proj": 417832, "agb": 46.94, "cagb": 22.06, "cagb_category": "20-30", "HCS": "non-HCS", "longitude": -15.757931450107931, "latitude": 13.076612467043867, "start_date": "2024-05-01", "end_date": "2024-06-01", "B2": 0.075650461330196636, "B3": 0.10495609157846852, "B4": 0.14100123030762776, "B8": 0.24349458154282319, "B5": 0.17828462552923499, "B6": 0.21246996510496144, "B7": 0.23422108125585853, "B8A": 0.26455382299505681, "B11": 0.34644775606869366, "B12": 0.27399241390547135, "B9": 0.27416010699209842, "B1": 0.056370407219784313, "VV": -11.547541707760722, "VH": -17.789433402214993, "elevation": 30.0, "ARI": 3.9187852011012723, "ARVI": 0.25051493587576407, "AVI": 0.27779590888133027, "BCC": 0.23522584115857345, "CCCI": 0.57999554975798973, "CVI": 0.00037820520638655487, "EVI": 0.16833941366360561, "ExG": -0.006739508480887349, "GNDVI": 0.39758422253393377, "IKAW": 0.52591799233869896, "MCARI": 0.028598233529885268, "MSAVI": 0.15375100140553422, "MTVI2": 0.078291284877352166, "NDDI": -5.0691246947395898, "NDMI": -0.17451396172496134, "NDVI": 0.26656558557017535, "NDYI": 0.16226227551716843, "PSRI": 0.30757650355497285, "PVI": -0.23622671667417311, "RCC": 0.43842605081730662, "RENDVI": 0.087485445840171677, "S2REP": 714.54878795674063, "SAVI": 0.17381656848227933, "SI": 0.8923961827746073, "SIPI": 1.8257201278709079, "TCARI": 0.056219393561103587, "TNDVI": 0.8755373124945478, "TTVI": 0.23964181479401736, "TVI": 0.8755373124945478, "VARI": -0.21164818969420304, "VARI700": -0.0321460377028382, "AWEInsh": -0.27336116510656006, "AWEIsh": -0.61537091961727519, "MNDWI": -0.53497918936434508, "MuWIR": -0.50327362232940576, "NDWI": -0.39758422253393377, "S2WI": -0.2116131928692643, "WI2015": -31.997335767536303, "BAI": 28.287452978948384, "BAIM": 23.301859293419255, "MIRBI": 1.3447361295815159, "NBR": -0.058934490394735722, "NBRplus": -0.23801334629274701, "NBRSWIR": -0.1283317421994081, "NDSWIR": -0.17451396172496134, "NBSIMS": -3.5015702943375211, "NDSI": -0.53497918936434508, "NBAI": -0.84671217957711753, "NDBI": 0.17451396172496134, "UI": 0.058934490394735722, "BI": 0.20866004135926233, "BI2": 0.17338467766636428, "BSI": 0.13055925675367072, "SATVI": 0.17509058729523969, "DPDD": -20.744374039764786, "DpRVIVV": 2.4255306943579051, "NDPolI": -0.21276534717895249, "VDDPI": 2.5405385711020467, "VHVVD": -6.2418916944542708, "VHVVP": 205.42422416950936, "VHVVR": 1.5405385711020469, "VVVHD": 6.2418916944542708, "VVVHR": 0.64912363686203278, "VVVHS": -29.336975109975715 }, "geometry": null },
{ "type": "Feature", "properties": { "inventory_date": "2024-05-01", "latitude_proj": 1446731, "longitude_proj": 416832, "agb": 29.82, "cagb": 14.02, "cagb_category": "10-20", "HCS": "non-HCS", "longitude": -15.767182993033099, "latitude": 13.085627083533979, "start_date": "2024-05-01", "end_date": "2024-06-01", "B2": 0.082580978615807446, "B3": 0.11303206547764837, "B4": 0.13909129195767578, "B8": 0.24345206728830557, "B5": 0.176771643152976, "B6": 0.21336843091513397, "B7": 0.23324459463467903, "B8A": 0.26071821298326514, "B11": 0.33543922232525819, "B12": 0.27279521606285195, "B9": 0.27034722815140588, "B1": 0.059160941030926381, "VV": -12.325236299009086, "VH": -19.354447983092253, "elevation": 30.0, "ARI": 3.1900311145552172, "ARVI": 0.25901572458134947, "AVI": 0.27966360704740861, "BCC": 0.24672814099185092, "CCCI": 0.58164924774126603, "CVI": 0.0004326301032846073, "EVI": 0.17886626915669382, "ExG": 0.0043918603818135088, "GNDVI": 0.36585079060526704, "IKAW": 0.49341958029558336, "MCARI": 0.031686725728355854, "MSAVI": 0.15693742493570784, "MTVI2": 0.094228263298320042, "NDDI": -6.8641154769183714, "NDMI": -0.15890229597055819, "NDVI": 0.27280770351452938, "NDYI": 0.15567002191987081, "PSRI": 0.26484852093393785, "PVI": -0.23580734549027166, "RCC": 0.41556465505850898, "RENDVI": 0.093804226211760461, "S2REP": 713.98632161788009, "SAVI": 0.17737503926117437, "SI": 0.88813214032859655, "SIPI": 1.7659041500364354, "TCARI": 0.064436932993047313, "TNDVI": 0.87909482054811883, "TTVI": 0.22423991800674625, "TVI": 0.87909482054811883, "VARI": -0.15370331985118771, "VARI700": -0.0075004206655976549, "AWEInsh": -0.20030480003967277, "AWEIsh": -0.57137459612613017, "MNDWI": -0.49592284477608062, "MuWIR": -0.44125755938106193, "NDWI": -0.36585079060526704, "S2WI": -0.21359130670211832, "WI2015": -30.038712982729599, "BAI": 28.422987408854098, "BAIM": 23.406680449586727, "MIRBI": 1.4406477818409891, "NBR": -0.056839328207344435, "NBRplus": -0.25172044600654025, "NBRSWIR": -0.11669018305647204, "NDSWIR": -0.15890229597055819, "NBSIMS": -3.3010619796711813, "NDSI": -0.49592284477608062, "NBAI": -0.8316308494983502, "NDBI": 0.15890229597055819, "UI": 0.056839328207344435, "BI": 0.18549116617814251, "BI2": 0.1745389587757305, "BSI": 0.11634528677252316, "SATVI": 0.1658216567681835, "DPDD": -22.400919581722739, "DpRVIVV": 2.4437677864141207, "NDPolI": -0.22188389320706051, "VDDPI": 2.5703105006309936, "VHVVD": -7.0292116840831671, "VHVVP": 238.54814482849184, "VHVVR": 1.5703105006309936, "VVVHD": 7.0292116840831671, "VVVHR": 0.63681673121218552, "VVVHS": -31.679684282101341 }, "geometry": null },
{ "type": "Feature", "properties": { "inventory_date": "2024-05-01", "latitude_proj": 1444731, "longitude_proj": 416832, "agb": 48.58, "cagb": 22.83, "cagb_category": "20-30", "HCS": "non-HCS", "longitude": -15.767127105977297, "latitude": 13.067543387528563, "start_date": "2024-05-01", "end_date": "2024-06-01", "B2": 0.060612550460476977, "B3": 0.09415144129843897, "B4": 0.1087402584482253, "B8": 0.26820617721944551, "B5": 0.15934397343566811, "B6": 0.23447352822959533, "B7": 0.26232490322506136, "B8A": 0.29358162659593956, "B11": 0.29567821246198278, "B12": 0.21132175703145661, "B9": 0.29835250277395831, "B1": 0.04611367950983717, "VV": -9.1903067262454385, "VH": -15.176391290247805, "elevation": 30.0, "ARI": 4.3454547752635628, "ARVI": 0.41361318449281453, "AVI": 0.33654797500818306, "BCC": 0.23002494423839207, "CCCI": 0.60186878469834681, "CVI": 0.00025853127168400732, "EVI": 0.27193057407736859, "ExG": 0.018950073688175667, "GNDVI": 0.48033966177646653, "IKAW": 0.63133151880887861, "MCARI": 0.055046674344070262, "MSAVI": 0.24742897612892767, "MTVI2": 0.1875955478896475, "NDDI": -15.767820976758403, "NDMI": -0.048719268958762725, "NDVI": 0.42304662859794473, "NDYI": 0.21670991072786036, "PSRI": 0.20525859934440832, "PVI": -0.20903912363987584, "RCC": 0.41266984636014165, "RENDVI": 0.19077251385791827, "S2REP": 717.20027539825412, "SAVI": 0.27276338488646024, "SI": 0.91194409106755803, "SIPI": 1.3927270442547424, "TCARI": 0.094492702332225675, "TNDVI": 0.9607531569544514, "TTVI": 0.46988682234022572, "TVI": 0.9607531569544514, "VARI": -0.10253657843034794, "VARI700": 0.076221530652461761, "AWEInsh": -0.2920237971225309, "AWEIsh": -0.60266587007343209, "MNDWI": -0.51696111165364667, "MuWIR": -0.34401831397116511, "NDWI": -0.48033966177646653, "S2WI": -0.14022818761875949, "WI2015": -28.937279478006086, "BAI": 23.027570909457772, "BAIM": 20.945865888453238, "MIRBI": 1.2155710881871347, "NBR": 0.11862587374988129, "NBRplus": -0.35930814554015772, "NBRSWIR": -0.1719216815078507, "NDSWIR": -0.048719268958762725, "NBSIMS": -3.0143479224809595, "NDSI": -0.51696111165364667, "NBAI": -0.87390457407128197, "NDBI": 0.048719268958762725, "UI": -0.11862587374988129, "BI": 0.10310407515555525, "BI2": 0.1757114027836828, "BSI": -0.013495102594047344, "SATVI": 0.20438025845755164, "DPDD": -17.229857402587168, "DpRVIVV": 2.4913332581994099, "NDPolI": -0.24566662909970513, "VDDPI": 2.6513476364077668, "VHVVD": -5.9860845640023665, "VHVVP": 139.47569095489709, "VHVVR": 1.6513476364077666, "VVVHD": 5.9860845640023665, "VVVHR": 0.60556601042245373, "VVVHS": -24.366698016493245 }, "geometry": null },
{ "type": "Feature", "properties": { "inventory_date": "2024-05-01", "latitude_proj": 1445731, "longitude_proj": 415832, "agb": 83.36, "cagb": 39.18, "cagb_category": "30-40", "HCS": "HCS", "longitude": -15.776378606861371, "latitude": 13.076557681122477, "start_date": "2024-05-01", "end_date": "2024-06-01", "B2": 0.073351671620831324, "B3": 0.1008175562121206, "B4": 0.12491133266682812, "B8": 0.2269073773692124, "B5": 0.15923768545841188, "B6": 0.192284387239025, "B7": 0.21471129715602952, "B8A": 0.24202545395366423, "B11": 0.329010368343779, "B12": 0.26628374687030693, "B9": 0.23950000107288361, "B1": 0.060199998319149017, "VV": -10.296251333920328, "VH": -15.582860743566538, "elevation": 30.0, "ARI": 3.6389868899063318, "ARVI": 0.27655195471702065, "AVI": 0.27258042780826119, "BCC": 0.24525723603786434, "CCCI": 0.60447635034127778, "CVI": 0.00028808642227417619, "EVI": 0.17878512635231361, "ExG": 0.0033721081365817585, "GNDVI": 0.38474283838949808, "IKAW": 0.51141075103276168, "MCARI": 0.028864568640104227, "MSAVI": 0.15734417115850741, "MTVI2": 0.096135774633573506, "NDDI": -7.1141955123160754, "NDMI": -0.18366564435466004, "NDVI": 0.28991080290168691, "NDYI": 0.15769653992858132, "PSRI": 0.26814273268013167, "PVI": -0.24552399868509614, "RCC": 0.41765112536265953, "RENDVI": 0.09401031783587932, "S2REP": 716.19860715034201, "SAVI": 0.17960871867571826, "SI": 0.90006030452203256, "SIPI": 1.634449448863446, "TCARI": 0.058294468273514678, "TNDVI": 0.88876926302707326, "TTVI": 0.33224893544803913, "TVI": 0.88876926302707326, "VARI": -0.15811928376336068, "VARI700": -0.0078023911362631645, "AWEInsh": -0.23721778897559265, "AWEIsh": -0.57505199313593092, "MNDWI": -0.53089340895528925, "MuWIR": -0.50928038384102181, "NDWI": -0.38474283838949808, "S2WI": -0.25156444136332262, "WI2015": -30.260192908833606, "BAI": 35.114027571047082, "BAIM": 28.019245089351532, "MIRBI": 1.4385358589340349, "NBR": -0.079839980011423117, "NBRplus": -0.21965666403746276, "NBRSWIR": -0.11898075888072197, "NDSWIR": -0.18366564435466004, "NBSIMS": -3.5348735635724555, "NDSI": -0.53089340895528925, "NBAI": -0.84911850270791567, "NDBI": 0.18366564435466004, "UI": 0.079839980011423117, "BI": 0.20374777799676108, "BI2": 0.16047219756473005, "BSI": 0.13151419131850178, "SATVI": 0.18779490071631547, "DPDD": -18.299295641077645, "DpRVIVV": 2.408561885262301, "NDPolI": -0.20428094263115057, "VDDPI": 2.5134499186349326, "VHVVD": -5.2866094096462106, "VHVVP": 160.44505071724168, "VHVVR": 1.5134499186349328, "VVVHD": 5.2866094096462106, "VVVHR": 0.66074204880327803, "VVVHS": -25.879112077486866 }, "geometry": null },
{ "type": "Feature", "properties": { "inventory_date": "2024-05-01", "latitude_proj": 1407415, "longitude_proj": 450100, "agb": 40.96, "cagb": 19.25, "cagb_category": "10-20", "HCS": "non-HCS", "longitude": -15.459661726692921, "latitude": 12.730842274615942, "start_date": "2024-05-01", "end_date": "2024-06-01", "B2": 0.07038856354810237, "B3": 0.10186032557944119, "B4": 0.14603815789711555, "B8": 0.25077642247268306, "B5": 0.18239783534268644, "B6": 0.20542296622745382, "B7": 0.23085262758766256, "B8A": 0.27448452778607274, "B11": 0.38287631915861542, "B12": 0.27737284104838184, "B9": 0.2676660643958057, "B1": 0.050623445139493357, "VV": -12.29714980191193, "VH": -17.592687882347693, "elevation": 34.0, "ARI": 4.3348438418749842, "ARVI": 0.24583181213196009, "AVI": 0.28201801224350265, "BCC": 0.22114806180802279, "CCCI": 0.59805307888746895, "CVI": 0.0003799821263541201, "EVI": 0.16374655224943918, "ExG": -0.012706070286335538, "GNDVI": 0.4222931889992082, "IKAW": 0.56166726379352638, "MCARI": 0.025294436906630611, "MSAVI": 0.15563886913753544, "MTVI2": 0.069650116826928815, "NDDI": -4.3338176125377936, "NDMI": -0.20847364495867188, "NDVI": 0.26394762127429905, "NDYI": 0.18271097242337056, "PSRI": 0.36826259370264591, "PVI": -0.23166452821923345, "RCC": 0.45882532532277798, "RENDVI": 0.05937054121786995, "S2REP": 714.19276029521382, "SAVI": 0.17518381201894434, "SI": 0.89336294518165704, "SIPI": 1.9109823725290151, "TCARI": 0.048725487799172788, "TNDVI": 0.87404097230867794, "TTVI": 0.1045302615027397, "TVI": 0.87404097230867794, "VARI": -0.24887528728242508, "VARI700": -0.059111285068408417, "AWEInsh": -0.42398276705181759, "AWEIsh": -0.69478294521233774, "MNDWI": -0.57972921302665381, "MuWIR": -0.45963123759742275, "NDWI": -0.4222931889992082, "S2WI": -0.20657038515634318, "WI2015": -34.900625501884832, "BAI": 25.963805437311471, "BAIM": 21.59933188037137, "MIRBI": 1.021540482729387, "NBR": -0.050357768935216915, "NBRplus": -0.23388912055794256, "NBRSWIR": -0.16508203452150089, "NDSWIR": -0.20847364495867188, "NBSIMS": -3.617454011130965, "NDSI": -0.57972921302665381, "NBAI": -0.86255775594228201, "NDBI": 0.20847364495867188, "UI": 0.050357768935216915, "BI": 0.24438831904382316, "BI2": 0.17756828128669286, "BSI": 0.13732112637146371, "SATVI": 0.20658740914222493, "DPDD": -21.13530691510519, "DpRVIVV": 2.3543370249363691, "NDPolI": -0.17716851246818455, "VDDPI": 2.4306313386222578, "VHVVD": -5.2955380804357635, "VHVVP": 216.33991830751035, "VHVVR": 1.4306313386222576, "VVVHD": 5.2955380804357635, "VVVHR": 0.69899209740717061, "VVVHS": -29.889837684259625 }, "geometry": null },
{ "type": "Feature", "properties": { "inventory_date": "2024-05-01", "latitude_proj": 1407408, "longitude_proj": 451100, "agb": 81.77, "cagb": 38.43, "cagb_category": "30-40", "HCS": "HCS", "longitude": -15.45045015933526, "latitude": 12.730794803351722, "start_date": "2024-05-01", "end_date": "2024-06-01", "B2": 0.077374229935499347, "B3": 0.10232861509116799, "B4": 0.13082496271683619, "B8": 0.19614403679393808, "B5": 0.15658837069112524, "B6": 0.17321307783516554, "B7": 0.18921426747280817, "B8A": 0.21055344409094406, "B11": 0.31973896329219526, "B12": 0.27543504223227505, "B9": 0.20962799668312071, "B1": 0.058060001581907265, "VV": -10.300001898177607, "VH": -16.586675605325805, "elevation": 34.0, "ARI": 3.3862672588230209, "ARVI": 0.18294198568756984, "AVI": 0.22330963307232213, "BCC": 0.24917005178296492, "CCCI": 0.56134505125647549, "CVI": 0.00026869520835239361, "EVI": 0.11657566415638691, "ExG": -0.0035419624699995628, "GNDVI": 0.31431831730728665, "IKAW": 0.43422988993976441, "MCARI": 0.017847975531239967, "MSAVI": 0.10118322143753489, "MTVI2": 0.043096544113263219, "NDDI": -4.4880303471868173, "NDMI": -0.23957937454349421, "NDVI": 0.19977145899102122, "NDYI": 0.13886471943148973, "PSRI": 0.30858370193157164, "PVI": -0.27124709536325459, "RCC": 0.42129870322241098, "RENDVI": 0.050408229613081959, "S2REP": 712.22379967892812, "SAVI": 0.11847918262185873, "SI": 0.8962243425297145, "SIPI": 2.11399253836694, "TCARI": 0.038323134399351304, "TNDVI": 0.83652343600823353, "TTVI": 0.19725647785342626, "TVI": 0.83652343600823353, "VARI": -0.18292763459884681, "VARI700": -0.051541036603394777, "AWEInsh": -0.16123103586383725, "AWEIsh": -0.50948749302384932, "MNDWI": -0.51510791005025702, "MuWIR": -0.47454989347710819, "NDWI": -0.31431831730728665, "S2WI": -0.275093126867691, "WI2015": -28.063155853475742, "BAI": 51.320536207269882, "BAIM": 36.970592547396812, "MIRBI": 1.6209085820592368, "NBR": -0.16813936191162018, "NBRplus": -0.17248421524808238, "NBRSWIR": -0.092500468298446312, "NDSWIR": -0.23957937454349421, "NBSIMS": -3.6129983994375729, "NDSI": -0.51510791005025702, "NBAI": -0.83798244102791408, "NDBI": 0.23957937454349421, "UI": 0.16813936191162018, "BI": 0.244510445160942, "BI2": 0.14839002606437732, "BSI": 0.19527211114279969, "SATVI": 0.16039078397469361, "DPDD": -19.011751986303057, "DpRVIVV": 2.4676422891098406, "NDPolI": -0.2338211445549204, "VDDPI": 2.6103565581148591, "VHVVD": -6.2866737071481982, "VHVVP": 170.84279021931201, "VHVVR": 1.6103565581148589, "VVVHD": 6.2866737071481982, "VVVHR": 0.62098048718517085, "VVVHS": -26.886677503503414 }, "geometry": null },
{ "type": "Feature", "properties": { "inventory_date": "2024-05-01", "latitude_proj": 1408415, "longitude_proj": 450100, "agb": 44.82, "cagb": 21.07, "cagb_category": "20-30", "HCS": "non-HCS", "longitude": -15.459678018725313, "latitude": 12.739884880835682, "start_date": "2024-05-01", "end_date": "2024-06-01", "B2": 0.066195164443100307, "B3": 0.094455595969844611, "B4": 0.13330263067789103, "B8": 0.20550129464618719, "B5": 0.16167862108788164, "B6": 0.1781435169006286, "B7": 0.19569016305682127, "B8A": 0.22031902540343998, "B11": 0.32060511168968947, "B12": 0.27408384804197394, "B9": 0.21840000152587891, "B1": 0.046950001269578934, "VV": -9.9879646480487665, "VH": -18.124121350034972, "elevation": 34.0, "ARI": 4.4018755829439931, "ARVI": 0.19295727237790208, "AVI": 0.23428099898933558, "BCC": 0.22518932065201119, "CCCI": 0.56006601996526739, "CVI": 0.00024440420150414165, "EVI": 0.11962505201196542, "ExG": -0.010586603181302112, "GNDVI": 0.3702055266951334, "IKAW": 0.51272707296235598, "MCARI": 0.018109813646780291, "MSAVI": 0.11108162066924532, "MTVI2": 0.037553862404509059, "NDDI": -3.7127862043099737, "NDMI": -0.21878429089118093, "NDVI": 0.21309866436534208, "NDYI": 0.17591221762101997, "PSRI": 0.3767045099498309, "PVI": -0.26443716404979584, "RCC": 0.45348220064145656, "RENDVI": 0.048451510281839423, "S2REP": 710.9898436894606, "SAVI": 0.12911002521906714, "SI": 0.90159421409708851, "SIPI": 2.1960419301696663, "TCARI": 0.036208339481506147, "TNDVI": 0.8444516945126832, "TTVI": 0.18989195195159714, "TVI": 0.8444516945126832, "VARI": -0.24044502609663876, "VARI700": -0.074720235203628388, "AWEInsh": -0.20224280442549802, "AWEIsh": -0.55534641714659672, "MNDWI": -0.54485888822160145, "MuWIR": -0.4667148378765209, "NDWI": -0.3702055266951334, "S2WI": -0.25795068395529025, "WI2015": -30.000059059372173, "BAI": 44.883923982177535, "BAIM": 33.705135608485342, "MIRBI": 1.5989083858607827, "NBR": -0.14300391586646991, "NBRplus": -0.16317127674697052, "NBRSWIR": -0.095756903454188497, "NDSWIR": -0.21878429089118093, "NBSIMS": -3.7671605653588687, "NDSI": -0.54485888822160145, "NBAI": -0.85056732118578748, "NDBI": 0.21878429089118093, "UI": 0.14300391586646991, "BI": 0.251116632059805, "BI2": 0.15157202144736759, "BSI": 0.19981361933247599, "SATVI": 0.15748731506493974, "DPDD": -19.878246642544404, "DpRVIVV": 2.5788369246267111, "NDPolI": -0.28941846231335544, "VDDPI": 2.8145960652329376, "VHVVD": -8.1361567019862058, "VHVVP": 181.02308332109519, "VHVVR": 1.8145960652329374, "VVVHD": 8.1361567019862058, "VVVHR": 0.55108683368142941, "VVVHS": -28.112085998083739 }, "geometry": null },
{ "type": "Feature", "properties": { "inventory_date": "2024-05-01", "latitude_proj": 1406415, "longitude_proj": 450100, "agb": 127.89, "cagb": 60.11, "cagb_category": ">=50", "HCS": "HCS", "longitude": -15.459645447191157, "latitude": 12.721799662212849, "start_date": "2024-05-01", "end_date": "2024-06-01", "B2": 0.047304386457212619, "B3": 0.081484149182562943, "B4": 0.090017661265957227, "B8": 0.26086121264353496, "B5": 0.14230709854067633, "B6": 0.21451987484387594, "B7": 0.24405183037940062, "B8A": 0.27621446941485084, "B11": 0.27354706220096608, "B12": 0.18691389297076769, "B9": 0.26350443760630443, "B1": 0.038722258832315698, "VV": -8.8711260042314777, "VH": -14.389636279199433, "elevation": 34.0, "ARI": 5.2452691303506311, "ARVI": 0.47890916024438052, "AVI": 0.34356877597554181, "BCC": 0.21619308377080629, "CCCI": 0.60393315173553264, "CVI": 0.00015591342239157626, "EVI": 0.29533503013138385, "ExG": 0.025646250641956039, "GNDVI": 0.52396522185713346, "IKAW": 0.69299372418433014, "MCARI": 0.063432559044737852, "MSAVI": 0.27380610061797056, "MTVI2": 0.21984425344915945, "NDDI": -27.273971372893683, "NDMI": -0.023738123368546981, "NDVI": 0.48690178885391128, "NDYI": 0.26539445110977811, "PSRI": 0.19911103733316379, "PVI": -0.21040537417742203, "RCC": 0.4114036189968564, "RENDVI": 0.20237476897626777, "S2REP": 716.98496580766061, "SAVI": 0.30117721208533088, "SI": 0.92688231273843547, "SIPI": 1.3002478116383489, "TCARI": 0.099176050153860273, "TNDVI": 0.99342930742650803, "TTVI": 0.51931343769433225, "TVI": 0.99342930742650803, "VARI": -0.068709251843995858, "VARI700": 0.1131762216878727, "AWEInsh": -0.31945374956488515, "AWEIsh": -0.59732612609582347, "MNDWI": -0.54097472802447122, "MuWIR": -0.23100021268293258, "NDWI": -0.52396522185713346, "S2WI": -0.13549195093940655, "WI2015": -27.916546590999292, "BAI": 24.72501222708167, "BAIM": 22.404597038829543, "MIRBI": 1.1883777201382089, "NBR": 0.16514388304664446, "NBRplus": -0.36844549093190848, "NBRSWIR": -0.19025976429977068, "NDSWIR": -0.023738123368546981, "NBSIMS": -2.9922993317345212, "NDSI": -0.54097472802447122, "NBAI": -0.89451729980319838, "NDBI": 0.023738123368546981, "UI": -0.16514388304664446, "BI": 0.082472269756133781, "BI2": 0.16612386761054168, "BSI": -0.053382664205182902, "SATVI": 0.22533108864567114, "DPDD": -16.447842746182278, "DpRVIVV": 2.4744909223287919, "NDPolI": -0.23724546116439599, "VDDPI": 2.6220755146906556, "VHVVD": -5.5185102749679551, "VHVVP": 127.65227658783877, "VHVVR": 1.6220755146906556, "VVVHD": 5.5185102749679551, "VVVHR": 0.61649410951789696, "VVVHS": -23.26076228343091 }, "geometry": null },
{ "type": "Feature", "properties": { "inventory_date": "2024-05-01", "latitude_proj": 1407415, "longitude_proj": 449100, "agb": 83.86, "cagb": 39.41, "cagb_category": "30-40", "HCS": "HCS", "longitude": -15.468873169804228, "latitude": 12.730826127181365, "start_date": "2024-05-01", "end_date": "2024-06-01", "B2": 0.071105345780435786, "B3": 0.095278560831354511, "B4": 0.13483584896308867, "B8": 0.22992911433185695, "B5": 0.16624972654787032, "B6": 0.18617448661113908, "B7": 0.21161044814875068, "B8A": 0.25828346611723124, "B11": 0.36807658699455853, "B12": 0.28018593772711076, "B9": 0.25433270145335812, "B1": 0.055045560484699003, "VV": -9.6854197928631578, "VH": -15.421312669959638, "elevation": 34.0, "ARI": 4.480493075423154, "ARVI": 0.24405578796054134, "AVI": 0.26644899160230895, "BCC": 0.23605804222479024, "CCCI": 0.61655377069444528, "CVI": 0.00028144252439040113, "EVI": 0.15789360988813145, "ExG": -0.015384073080815436, "GNDVI": 0.41404482053790875, "IKAW": 0.52759331437396328, "MCARI": 0.021231454406691459, "MSAVI": 0.1446001630474083, "MTVI2": 0.065079916687466169, "NDDI": -4.4000873177630071, "NDMI": -0.23101363809121137, "NDVI": 0.26069736662694964, "NDYI": 0.14528577639014134, "PSRI": 0.34231598723710299, "PVI": -0.24548891157500027, "RCC": 0.4476328211134557, "RENDVI": 0.056536297221663832, "S2REP": 717.2495713628025, "SAVI": 0.16494643528301942, "SI": 0.89920756866088403, "SIPI": 1.8390740203206377, "TCARI": 0.041738072385688225, "TNDVI": 0.8721796641902112, "TTVI": 0.039404536719743533, "TVI": 0.8721796641902112, "VARI": -0.248773793978496, "VARI700": -0.05298076055735923, "AWEInsh": -0.37816305448622578, "AWEIsh": -0.65775328856257897, "MNDWI": -0.58874499925853174, "MuWIR": -0.64315418880138442, "NDWI": -0.41404482053790875, "S2WI": -0.25521305822256551, "WI2015": -34.134144547559096, "BAI": 33.234250654289212, "BAIM": 25.770359281419712, "MIRBI": 1.1947088247244335, "NBR": -0.098520565492829795, "NBRplus": -0.20498085609956543, "NBRSWIR": -0.14418823033744713, "NDSWIR": -0.23101363809121137, "NBSIMS": -3.8894528338286913, "NDSI": -0.58874499925853174, "NBAI": -0.8647538699237336, "NDBI": 0.23101363809121137, "UI": 0.098520565492829795, "BI": 0.25110859539632074, "BI2": 0.16342797387750885, "BSI": 0.15918767148099119, "SATVI": 0.20875214911838913, "DPDD": -17.753140777898427, "DpRVIVV": 2.456920699305654, "NDPolI": -0.22846034965282708, "VDDPI": 2.5922193358436623, "VHVVD": -5.7358928770964805, "VHVVP": 149.36188696555848, "VHVVR": 1.5922193358436623, "VVVHD": 5.7358928770964805, "VVVHR": 0.62805417412553555, "VVVHS": -25.106732462822798 }, "geometry": null },
{ "type": "Feature", "properties": { "inventory_date": "2024-05-01", "latitude_proj": 1402135, "longitude_proj": 474632, "agb": 34.83, "cagb": 16.37, "cagb_category": "10-20", "HCS": "non-HCS", "longitude": -15.233639669112128, "latitude": 12.683391864291902, "start_date": "2024-05-01", "end_date": "2024-06-01", "B2": 0.076257142444436959, "B3": 0.10350347817947826, "B4": 0.14317209619910165, "B8": 0.23006883643010559, "B5": 0.1746646535674525, "B6": 0.19561913368505165, "B7": 0.21695066778903357, "B8A": 0.24875262647668669, "B11": 0.35546110557195087, "B12": 0.29048537817555475, "B9": 0.23689278131895466, "B1": 0.059815358825518777, "VV": -11.417568546823523, "VH": -19.68347883093875, "elevation": 34.0, "ARI": 3.9362542424882658, "ARVI": 0.21508602195688439, "AVI": 0.25778142938960841, "BCC": 0.23613941379073605, "CCCI": 0.58797544979198002, "CVI": 0.00035287920647407976, "EVI": 0.14318859663994263, "ExG": -0.012422282284582087, "GNDVI": 0.37942404902145604, "IKAW": 0.50211769354587787, "MCARI": 0.021056953787873589, "MSAVI": 0.13073001283830754, "MTVI2": 0.054000468544220269, "NDDI": -4.1760594036365832, "NDMI": -0.21415176261200472, "NDVI": 0.23281674820304532, "NDYI": 0.15157010273147925, "PSRI": 0.34206752935731888, "PVI": -0.24735556618782573, "RCC": 0.44334961662483729, "RENDVI": 0.056590325687983355, "S2REP": 714.01408643266166, "SAVI": 0.14926591903342745, "SI": 0.89193067700481121, "SIPI": 1.9592619602529344, "TCARI": 0.04238927341607155, "TNDVI": 0.85604716470708864, "TTVI": 0.19085078647871656, "TVI": 0.85604716470708864, "VARI": -0.23277187549145542, "VARI700": -0.058657252625532896, "AWEInsh": -0.26651292869464138, "AWEIsh": -0.61590041965384068, "MNDWI": -0.54896965106338247, "MuWIR": -0.55277158236113821, "NDWI": -0.37942404902145604, "S2WI": -0.24899648866861204, "WI2015": -32.87601909402148, "BAI": 32.480989916489833, "BAIM": 24.623027896074078, "MIRBI": 1.4213349471504286, "NBR": -0.11606195867843852, "NBRplus": -0.19197236833663306, "NBRSWIR": -0.11391665387239688, "NDSWIR": -0.21415176261200472, "NBSIMS": -3.7271200397304263, "NDSI": -0.54896965106338247, "NBAI": -0.84402534968915544, "NDBI": 0.21415176261200472, "UI": 0.11606195867843852, "BI": 0.23890307424318749, "BI2": 0.16747426530823298, "BSI": 0.17207343615727222, "SATVI": 0.17362665502629721, "DPDD": -21.991761502819791, "DpRVIVV": 2.531551891723459, "NDPolI": -0.26577594586172942, "VDDPI": 2.7239641479021275, "VHVVD": -8.2659102841152272, "VHVVP": 224.73746879219291, "VHVVR": 1.7239641479021277, "VVVHD": 8.2659102841152272, "VVVHR": 0.58005846653881321, "VVVHS": -31.101047377762271 }, "geometry": null },
{ "type": "Feature", "properties": { "inventory_date": "2024-05-01", "latitude_proj": 1402135, "longitude_proj": 475632, "agb": 54.32, "cagb": 25.53, "cagb_category": "20-30", "HCS": "non-HCS", "longitude": -15.224429704454435, "latitude": 12.683399801120354, "start_date": "2024-05-01", "end_date": "2024-06-01", "B2": 0.073218973113786015, "B3": 0.099032027032446762, "B4": 0.13608003068803509, "B8": 0.22666257275433768, "B5": 0.16871301900352956, "B6": 0.19431745812032358, "B7": 0.2193233744081485, "B8A": 0.2530025187438939, "B11": 0.35622811295400719, "B12": 0.28339037579104043, "B9": 0.2668446738647639, "B1": 0.054206360252739415, "VV": -10.187266694233729, "VH": -18.226559347928674, "elevation": 34.0, "ARI": 4.1705185693313434, "ARVI": 0.23296758132728893, "AVI": 0.26079500974950715, "BCC": 0.237468713141436, "CCCI": 0.58694080360094336, "CVI": 0.00030250011873750473, "EVI": 0.15157716577189226, "ExG": -0.011234949736927582, "GNDVI": 0.39187185113122569, "IKAW": 0.51168070111266606, "MCARI": 0.023180417121782079, "MSAVI": 0.1377029726888086, "MTVI2": 0.062711722011905807, "NDDI": -4.513261182910866, "NDMI": -0.22228102691711032, "NDVI": 0.24971575217988703, "NDYI": 0.14985720777671369, "PSRI": 0.32349670576343581, "PVI": -0.24836642304469947, "RCC": 0.44134393583362669, "RENDVI": 0.070529723343472059, "S2REP": 717.28708516615495, "SAVI": 0.15749055692545227, "SI": 0.89685038744203782, "SIPI": 1.9038570630460736, "TCARI": 0.046064362338758935, "TNDVI": 0.86586127767667675, "TTVI": 0.30114096458229578, "TVI": 0.86586127767667675, "VARI": -0.22884241007324682, "VARI700": -0.045400484384969568, "AWEInsh": -0.30612645344946476, "AWEIsh": -0.62438458181537448, "MNDWI": -0.56494312445015094, "MuWIR": -0.58353256676957266, "NDWI": -0.39187185113122569, "S2WI": -0.25365294334854266, "WI2015": -32.95424514228533, "BAI": 34.390045700126528, "BAIM": 26.202965443762956, "MIRBI": 1.3428682509611334, "NBR": -0.11121943946895117, "NBRplus": -0.20018960745144543, "NBRSWIR": -0.12552111470400071, "NDSWIR": -0.22228102691711032, "NBSIMS": -3.790938954787753, "NDSI": -0.56494312445015094, "NBAI": -0.8539409496906234, "NDBI": 0.22228102691711032, "UI": 0.11121943946895117, "BI": 0.24290469861189629, "BI2": 0.16299390481224266, "BSI": 0.16624527148462034, "SATVI": 0.19108664556495369, "DPDD": -20.091609073867957, "DpRVIVV": 2.5658718851706688, "NDPolI": -0.2829359425853345, "VDDPI": 2.7891510937124484, "VHVVD": -8.0392926536949449, "VHVVP": 185.67882099562823, "VHVVR": 1.7891510937124482, "VVVHD": 8.0392926536949449, "VVVHR": 0.55892428734178201, "VVVHS": -28.413826042162405 }, "geometry": null },
{ "type": "Feature", "properties": { "inventory_date": "2024-05-01", "latitude_proj": 1403135, "longitude_proj": 474632, "agb": 27.88, "cagb": 13.1, "cagb_category": "10-20", "HCS": "non-HCS", "longitude": -15.23364791831133, "latitude": 12.692434719955292, "start_date": "2024-05-01", "end_date": "2024-06-01", "B2": 0.072073743218478897, "B3": 0.10170014947377277, "B4": 0.13487293038340892, "B8": 0.25770443998629883, "B5": 0.17124038299865271, "B6": 0.21929083074602854, "B7": 0.24606213570963703, "B8A": 0.27907610230544616, "B11": 0.34085362825608823, "B12": 0.26802005300287313, "B9": 0.27549999952316284, "B1": 0.053399998694658279, "VV": -10.928504150921965, "VH": -17.471933807643911, "elevation": 34.0, "ARI": 3.9930832346086778, "ARVI": 0.29875062658474111, "AVI": 0.30141893467393699, "BCC": 0.23351526025852207, "CCCI": 0.64424291462529015, "CVI": 0.00035949253543308399, "EVI": 0.20117989872750169, "ExG": -0.0035463746543422658, "GNDVI": 0.43406315636338727, "IKAW": 0.56289562567136664, "MCARI": 0.028515412685580419, "MSAVI": 0.18459624848213707, "MTVI2": 0.10828188266766944, "NDDI": -6.1640403433352597, "NDMI": -0.13891582568413063, "NDVI": 0.31288484480706047, "NDYI": 0.17048824651561065, "PSRI": 0.28637397629115119, "PVI": -0.22353938325079595, "RCC": 0.43698143087753938, "RENDVI": 0.12303868693781263, "S2REP": 719.00507764700717, "SAVI": 0.20642161735292391, "SI": 0.89675036915890904, "SIPI": 1.6632901602540737, "TCARI": 0.056127622935926075, "TNDVI": 0.90160126708377053, "TTVI": 0.38782322169805195, "TVI": 0.90160126708377053, "VARI": -0.2016590558203587, "VARI700": -0.030022139456384121, "AWEInsh": -0.28398487936793537, "AWEIsh": -0.63851799871138792, "MNDWI": -0.54039416409252072, "MuWIR": -0.54548603503900517, "NDWI": -0.43406315636338727, "S2WI": -0.22032412225690234, "WI2015": -32.891403482603508, "BAI": 24.811946003618978, "BAIM": 20.934577310342789, "MIRBI": 1.3398349731190664, "NBR": -0.019621709001841698, "NBRplus": -0.25639842091854853, "NBRSWIR": -0.1309592635578492, "NDSWIR": -0.13891582568413063, "NBSIMS": -3.506997264559518, "NDSI": -0.54039416409252072, "NBAI": -0.85190523147988007, "NDBI": 0.13891582568413063, "UI": 0.019621709001841698, "BI": 0.18118872286283211, "BI2": 0.17789997764834739, "BSI": 0.099792107995309395, "SATVI": 0.18264738542740572, "DPDD": -20.082142269169758, "DpRVIVV": 2.4607977994049475, "NDPolI": -0.23039889970247371, "VDDPI": 2.5987488833199479, "VHVVD": -6.5434296567219459, "VHVVP": 190.94210114147029, "VHVVR": 1.5987488833199484, "VVVHD": 6.5434296567219459, "VVVHR": 0.62548909990380008, "VVVHS": -28.400437958565874 }, "geometry": null },
{ "type": "Feature", "properties": { "inventory_date": "2024-05-01", "latitude_proj": 1401135, "longitude_proj": 474633, "agb": 32.18, "cagb": 15.12, "cagb_category": "10-20", "HCS": "non-HCS", "longitude": -15.233622216641185, "latitude": 12.674349010571783, "start_date": "2024-05-01", "end_date": "2024-06-01", "B2": 0.066615721946564233, "B3": 0.090573718606966308, "B4": 0.11623576127839685, "B8": 0.17903784174680248, "B5": 0.139952409410982, "B6": 0.16229961299138262, "B7": 0.1770347979773905, "B8A": 0.19623040517860293, "B11": 0.27878647581001226, "B12": 0.2503883186677518, "B9": 0.20174335350994888, "B1": 0.051935837692033804, "VV": -11.948826005801969, "VH": -18.362097682611079, "elevation": 34.0, "ARI": 3.8954442467383972, "ARVI": 0.19566004537219264, "AVI": 0.21499008412144235, "BCC": 0.24363416941907373, "CCCI": 0.57608703592712562, "CVI": 0.00017072180562249906, "EVI": 0.11403345991253194, "ExG": -0.0017040460110284705, "GNDVI": 0.32811695100817878, "IKAW": 0.45764497819607225, "MCARI": 0.016664997739825486, "MSAVI": 0.099824384041144243, "MTVI2": 0.04483290060497102, "NDDI": -4.6853308627382937, "NDMI": -0.21787535139138003, "NDVI": 0.21269114416247345, "NDYI": 0.15241479692297288, "PSRI": 0.30573110075417875, "PVI": -0.28131059704112904, "RCC": 0.42510990391385417, "RENDVI": 0.073935662705513785, "S2REP": 715.4666544406947, "SAVI": 0.11845372503785152, "SI": 0.90863222532029053, "SIPI": 2.0238502149416999, "TCARI": 0.035477617694288727, "TNDVI": 0.84421036724413279, "TTVI": 0.19143702960025533, "TVI": 0.84421036724413279, "VARI": -0.18304697048375876, "VARI700": -0.053885661520056541, "AWEInsh": -0.10904261291256701, "AWEIsh": -0.45628353753818013, "MNDWI": -0.50956426828866297, "MuWIR": -0.47444384089800318, "NDWI": -0.32811695100817878, "S2WI": -0.28292182012453054, "WI2015": -25.298397793510674, "BAI": 69.282747595170804, "BAIM": 52.111160527939553, "MIRBI": 1.7717757237393976, "NBR": -0.16615307472667676, "NBRplus": -0.17063619397525534, "NBRSWIR": -0.076923229549321889, "NDSWIR": -0.21787535139138003, "NBSIMS": -3.6398375585286926, "NDSI": -0.50956426828866297, "NBAI": -0.84954409082058524, "NDBI": 0.21787535139138003, "UI": 0.16615307472667676, "BI": 0.23314236812562192, "BI2": 0.13387668390427496, "BSI": 0.197574609345045, "SATVI": 0.14723043716622009, "DPDD": -21.433059684104823, "DpRVIVV": 2.4231657037400489, "NDPolI": -0.21158285187002435, "VDDPI": 2.5367281834797017, "VHVVD": -6.41327167680911, "VHVVP": 219.40551031105934, "VHVVR": 1.5367281834797017, "VVVHD": 6.41327167680911, "VVVHR": 0.65073316852668295, "VVVHS": -30.310923688413048 }, "geometry": null },
{ "type": "Feature", "properties": { "inventory_date": "2024-05-01", "latitude_proj": 1402128, "longitude_proj": 473632, "agb": 142.52, "cagb": 66.98, "cagb_category": ">=50", "HCS": "HCS", "longitude": -15.242849567407676, "latitude": 12.683320308345229, "start_date": "2024-05-01", "end_date": "2024-06-01", "B2": 0.074001927704262407, "B3": 0.10004710747861094, "B4": 0.13295821275679812, "B8": 0.21698357607184149, "B5": 0.16228565835640263, "B6": 0.18679683668712704, "B7": 0.20883269115145062, "B8A": 0.23555959784120623, "B11": 0.32570308260763264, "B12": 0.26856984861005528, "B9": 0.25032698517592028, "B1": 0.053039167903553286, "VV": -10.952279323636535, "VH": -18.759428746473638, "elevation": 34.0, "ARI": 3.8333175155917294, "ARVI": 0.22363181835273094, "AVI": 0.25097228423629742, "BCC": 0.24104293367954682, "CCCI": 0.60063216680102471, "CVI": 0.00028876935652362022, "EVI": 0.14390680355300811, "ExG": -0.0068659255038386463, "GNDVI": 0.3688490567652617, "IKAW": 0.49137034839232063, "MCARI": 0.020603006910027546, "MSAVI": 0.12875341556774134, "MTVI2": 0.060407335144382492, "NDDI": -4.7302880228083053, "NDMI": -0.20033569058126402, "NDVI": 0.24011240154055774, "NDYI": 0.14964277019394481, "PSRI": 0.31561714908097604, "PVI": -0.25527793765744511, "RCC": 0.43307841638619921, "RENDVI": 0.070216005324666694, "S2REP": 717.29409585513611, "SAVI": 0.14829020837564219, "SI": 0.89733917799645524, "SIPI": 1.95113001241777, "TCARI": 0.042402192504186857, "TNDVI": 0.86029785629196931, "TTVI": 0.32884153920752102, "TVI": 0.86029785629196931, "VARI": -0.20698366716760669, "VARI700": -0.04998121821847671, "AWEInsh": -0.21830271085639519, "AWEIsh": -0.55705275377093522, "MNDWI": -0.53001966971127101, "MuWIR": -0.52345890519504079, "NDWI": -0.3688490567652617, "S2WI": -0.24668174953123409, "WI2015": -29.686618276573427, "BAI": 38.865006642219406, "BAIM": 30.688648218213078, "MIRBI": 1.493808276545753, "NBR": -0.10624221746970436, "NBRplus": -0.20796705916439293, "NBRSWIR": -0.11109929615474579, "NDSWIR": -0.20033569058126402, "NBSIMS": -3.5878118336657203, "NDSI": -0.53001966971127101, "NBAI": -0.84757960527011134, "NDBI": 0.20033569058126402, "UI": 0.10624221746970436, "BI": 0.22367305747262062, "BI2": 0.15787039234684819, "BSI": 0.15962511516713745, "SATVI": 0.1672994894751752, "DPDD": -21.00935025700997, "DpRVIVV": 2.5255267993623738, "NDPolI": -0.26276339968118678, "VDDPI": 2.7128333009173891, "VHVVD": -7.807149422837103, "VHVVP": 205.45850358323608, "VHVVR": 1.7128333009173893, "VVVHD": 7.807149422837103, "VVVHR": 0.58382797640868056, "VVVHS": -29.711708070110173 }, "geometry": null },
{ "type": "Feature", "properties": { "inventory_date": "2024-05-01", "latitude_proj": 1386827, "longitude_proj": 444295, "agb": 26.54, "cagb": 12.47, "cagb_category": "10-20", "HCS": "non-HCS", "longitude": -15.512762640652801, "latitude": 12.544575007602162, "start_date": "2024-05-01", "end_date": "2024-06-01", "B2": 0.058461250419226986, "B3": 0.092745403595841838, "B4": 0.1333487676571195, "B8": 0.20612674757265126, "B5": 0.16006738492502615, "B6": 0.17932667691547138, "B7": 0.19661621352800956, "B8A": 0.2209644823349439, "B11": 0.32388033038148517, "B12": 0.28411692669758432, "B9": 0.21798582867934152, "B1": 0.031140020322771019, "VV": -11.827712948931508, "VH": -18.446673815386848, "elevation": 34.0, "ARI": 4.5348366074289777, "ARVI": 0.19192283545142869, "AVI": 0.23513984926363887, "BCC": 0.20544767720706136, "CCCI": 0.58669853267539396, "CVI": 0.00023643303008630308, "EVI": 0.11605408522165778, "ExG": -0.0063192108846628139, "GNDVI": 0.37936403085240689, "IKAW": 0.55809597666617128, "MCARI": 0.015909922020988381, "MSAVI": 0.11193904675205424, "MTVI2": 0.035902743739545877, "NDDI": -3.5988970636945692, "NDMI": -0.22217360429104233, "NDVI": 0.21438359071720584, "NDYI": 0.22673706656585491, "PSRI": 0.41760388652711167, "PVI": -0.2639536424409889, "RCC": 0.46862142662225947, "RENDVI": 0.056746107713270426, "S2REP": 713.93224415773898, "SAVI": 0.13004187482873494, "SI": 0.90462915034009062, "SIPI": 2.4043911008930854, "TCARI": 0.031669223744092853, "TNDVI": 0.84521215722279208, "TTVI": 0.18538322176497735, "TVI": 0.84521215722279208, "VARI": -0.24221593144910872, "VARI700": -0.099846667868254246, "AWEInsh": -0.19474984561737929, "AWEIsh": -0.57571508919676906, "MNDWI": -0.55477832485072043, "MuWIR": -0.31260588482193985, "NDWI": -0.37936403085240689, "S2WI": -0.27927492828236944, "WI2015": -31.195878674920593, "BAI": 44.51335772915894, "BAIM": 31.795270341101553, "MIRBI": 1.6671420292372883, "NBR": -0.15908451902215215, "NBRplus": -0.13417006130437925, "NBRSWIR": -0.084411914151281034, "NDSWIR": -0.22217360429104233, "NBSIMS": -3.8620291023198345, "NDSI": -0.55477832485072043, "NBAI": -0.84952474875283479, "NDBI": 0.22217360429104233, "UI": 0.15908451902215215, "BI": 0.26688353754174732, "BI2": 0.15151659951823487, "BSI": 0.22414319881013348, "SATVI": 0.15650887509939868, "DPDD": -21.407224177313768, "DpRVIVV": 2.4372647358959223, "NDPolI": -0.21863236794796131, "VDDPI": 2.559614601320984, "VHVVD": -6.6189608664553408, "VHVVP": 218.18196275096682, "VHVVR": 1.5596146013209835, "VVVHD": 6.6189608664553408, "VVVHR": 0.64118404582324784, "VVVHS": -30.274386764318358 }, "geometry": null },
{ "type": "Feature", "properties": { "inventory_date": "2024-05-01", "latitude_proj": 1386827, "longitude_proj": 444795, "agb": 86.16, "cagb": 40.5, "cagb_category": "40-50", "HCS": "HCS", "longitude": -15.508160285251272, "latitude": 12.544583756970979, "start_date": "2024-05-01", "end_date": "2024-06-01", "B2": 0.051436176557276045, "B3": 0.081396631107543319, "B4": 0.11332706889890003, "B8": 0.17493704240805011, "B5": 0.13729994378849136, "B6": 0.15249100888652165, "B7": 0.16770733686355524, "B8A": 0.19069591989689808, "B11": 0.30658956095260703, "B12": 0.27669882731893042, "B9": 0.19301613617916494, "B1": 0.031655949339253385, "VV": -10.985168175799734, "VH": -18.571287822384946, "elevation": 34.0, "ARI": 5.002196568144436, "ARVI": 0.19186549582379783, "AVI": 0.21220979087013714, "BCC": 0.20895434818745368, "CCCI": 0.56398992379803137, "CVI": 0.0001313494615918927, "EVI": 0.10484104854954729, "ExG": -0.0019699832410894347, "GNDVI": 0.36491659491165712, "IKAW": 0.54556305916068115, "MCARI": 0.015498239336088128, "MSAVI": 0.098464957918067308, "MTVI2": 0.034776079076645254, "NDDI": -3.827287874360346, "NDMI": -0.27340653169675633, "NDVI": 0.21372751963405667, "NDYI": 0.22555011127873847, "PSRI": 0.4058658460819875, "PVI": -0.2838627066056727, "RCC": 0.46037993876538563, "RENDVI": 0.052420770758383035, "S2REP": 712.41251963039576, "SAVI": 0.11723857389688862, "SI": 0.9175984694513063, "SIPI": 2.3256152357786219, "TCARI": 0.031281263639705036, "TNDVI": 0.84482395777703689, "TTVI": 0.12961491184150642, "TVI": 0.84482395777703689, "VARI": -0.22284171728799793, "VARI700": -0.088863511432947545, "AWEInsh": -0.18358420485520888, "AWEIsh": -0.53653685754458391, "MNDWI": -0.58041480458188976, "MuWIR": -0.33800081165226359, "NDWI": -0.36491659491165712, "S2WI": -0.3367132785383769, "WI2015": -29.708534824988273, "BAI": 74.693005308082249, "BAIM": 46.528995822535506, "MIRBI": 1.7624105758537549, "NBR": -0.22531820816711604, "NBRplus": -0.07802024392582059, "NBRSWIR": -0.073015632184064191, "NDSWIR": -0.27340653169675633, "NBSIMS": -4.2048210907844323, "NDSI": -0.58041480458188976, "NBAI": -0.86313256091256774, "NDBI": 0.27340653169675633, "UI": 0.22531820816711604, "BI": 0.29946843701862569, "BI2": 0.1291915953243469, "BSI": 0.26549791072278978, "SATVI": 0.17678103259342523, "DPDD": -20.899570464158195, "DpRVIVV": 2.5133308030604984, "NDPolI": -0.25666540153024914, "VDDPI": 2.6905783803380814, "VHVVD": -7.5861196465852121, "VHVVP": 204.00871997008025, "VHVVR": 1.6905783803380809, "VVVHD": 7.5861196465852121, "VVVHR": 0.59151353857963129, "VVVHS": -29.556455998184681 }, "geometry": null },
{ "type": "Feature", "properties": { "inventory_date": "2024-05-01", "latitude_proj": 1387327, "longitude_proj": 444295, "agb": 77.89, "cagb": 36.61, "cagb_category": "30-40", "HCS": "HCS", "longitude": -15.512771588696946, "latitude": 12.549096338755296, "start_date": "2024-05-01", "end_date": "2024-06-01", "B2": 0.050531802579666774, "B3": 0.082412607013428923, "B4": 0.12307493592226607, "B8": 0.20662941539543558, "B5": 0.15544109339958562, "B6": 0.17432813712708473, "B7": 0.19504857117359128, "B8A": 0.22690853649203496, "B11": 0.33966288719738646, "B12": 0.28544026455451982, "B9": 0.24069896749724554, "B1": 0.025258700131283167, "VV": -10.800259923654009, "VH": -15.872810359173281, "elevation": 34.0, "ARI": 5.7007606098642896, "ARVI": 0.23213481255356405, "AVI": 0.24738581251324668, "BCC": 0.19737493851469418, "CCCI": 0.5578695816221072, "CVI": 0.00017272256176194492, "EVI": 0.13338066806367282, "ExG": -0.0087815244750749921, "GNDVI": 0.42975345711598889, "IKAW": 0.60700293008754425, "MCARI": 0.022431093155516182, "MSAVI": 0.1302474485056343, "MTVI2": 0.050134400325129967, "NDDI": -3.8743942099047199, "NDMI": -0.24352067779565098, "NDVI": 0.25342243479418564, "NDYI": 0.2398055287269322, "PSRI": 0.41612980289989304, "PVI": -0.26111959549091063, "RCC": 0.48072514080730389, "RENDVI": 0.05727351729369913, "S2REP": 711.70952569498741, "SAVI": 0.15105587792893663, "SI": 0.91417662955174683, "SIPI": 2.1706881116097794, "TCARI": 0.041758393537175628, "TNDVI": 0.86799909838327916, "TTVI": 0.16454854156022969, "TVI": 0.86799909838327916, "VARI": -0.26241253673733467, "VARI700": -0.073730709751369847, "AWEInsh": -0.29569774705975971, "AWEIsh": -0.63423519991462385, "MNDWI": -0.60948878509271609, "MuWIR": -0.39464852284835483, "NDWI": -0.42975345711598889, "S2WI": -0.29486202763979591, "WI2015": -33.83296717787065, "BAI": 45.387211201615536, "BAIM": 31.414126466742971, "MIRBI": 1.5257063510108106, "NBR": -0.16016196967693574, "NBRplus": -0.11531607694562424, "NBRSWIR": -0.10236146741817209, "NDSWIR": -0.24352067779565098, "NBSIMS": -4.2680079670520792, "NDSI": -0.60948878509271609, "NBAI": -0.8704585149587033, "NDBI": 0.24352067779565098, "UI": 0.16016196967693574, "BI": 0.28556310455967343, "BI2": 0.14678214350262914, "BSI": 0.22736870092781064, "SATVI": 0.19473615032721311, "DPDD": -18.860708872052559, "DpRVIVV": 2.3803499470988978, "NDPolI": -0.19017497354944893, "VDDPI": 2.4696692923482062, "VHVVD": -5.0725504355192719, "VHVVP": 171.43047759793939, "VHVVR": 1.4696692923482064, "VVVHD": 5.0725504355192719, "VVVHR": 0.68042518490824644, "VVVHS": -26.67307028282729 }, "geometry": null },
{ "type": "Feature", "properties": { "inventory_date": "2024-05-01", "latitude_proj": 1386327, "longitude_proj": 444295, "agb": 134.24, "cagb": 63.09, "cagb_category": ">=50", "HCS": "HCS", "longitude": -15.512753696093574, "latitude": 12.540053674923101, "start_date": "2024-05-01", "end_date": "2024-06-01", "B2": 0.047429992319417691, "B3": 0.083317933575826106, "B4": 0.10352022930974207, "B8": 0.24517024993322298, "B5": 0.14939275794711185, "B6": 0.20846083539421795, "B7": 0.23218717656011004, "B8A": 0.2589356078952274, "B11": 0.31025234982233296, "B12": 0.2490955772400785, "B9": 0.25339116943394885, "B1": 0.033622675898639126, "VV": -10.527192093804175, "VH": -17.464375263503541, "elevation": 34.0, "ARI": 5.3084530713455642, "ARVI": 0.393950663952708, "AVI": 0.31458762544485841, "BCC": 0.20246026301746475, "CCCI": 0.59754489731784111, "CVI": 0.00017618542381736329, "EVI": 0.23443192243758582, "ExG": 0.01568564552249245, "GNDVI": 0.49271883885874462, "IKAW": 0.6758034651354452, "MCARI": 0.047128986778103302, "MSAVI": 0.22365451657651958, "MTVI2": 0.15811777870724267, "NDDI": -10.394375161069373, "NDMI": -0.11717582236976477, "NDVI": 0.40623426521714751, "NDYI": 0.27448191633389346, "PSRI": 0.26906846499129089, "PVI": -0.22601258458474305, "RCC": 0.44188775559000465, "RENDVI": 0.16506213307956216, "S2REP": 715.93878626999651, "SAVI": 0.25035632675501424, "SI": 0.92162032548762263, "SIPI": 1.4934524760635031, "TCARI": 0.080404998713357045, "TNDVI": 0.9519633738842832, "TTVI": 0.39768871409655238, "TVI": 0.9519633738842832, "VARI": -0.14491471806761702, "VARI700": 0.029730380013993755, "AWEInsh": -0.28401739005911719, "AWEIsh": -0.63968296768437061, "MNDWI": -0.57660455023970014, "MuWIR": -0.30832366730092475, "NDWI": -0.49271883885874462, "S2WI": -0.25020260441533659, "WI2015": -32.530731891980672, "BAI": 29.154167506956117, "BAIM": 24.690259360863056, "MIRBI": 1.4504827441419219, "NBR": -0.007941733154615209, "NBRplus": -0.22008853157953229, "NBRSWIR": -0.12308641500373212, "NDSWIR": -0.11717582236976477, "NBSIMS": -3.7136938422087251, "NDSI": -0.57660455023970014, "NBAI": -0.87459986373981879, "NDBI": 0.11717582236976477, "UI": 0.007941733154615209, "BI": 0.17154161826597172, "BI2": 0.16100389993620898, "BSI": 0.093016229848235182, "SATVI": 0.21481255973209196, "DPDD": -19.793027094392293, "DpRVIVV": 2.4956623601063401, "NDPolI": -0.24783118005317009, "VDDPI": 2.6589775419584369, "VHVVD": -6.9371831696993667, "VHVVP": 183.85083319718368, "VHVVR": 1.6589775419584369, "VVVHD": 6.9371831696993667, "VVVHR": 0.60278091457434169, "VVVHS": -27.991567357307716 }, "geometry": null },
{ "type": "Feature", "properties": { "inventory_date": "2024-05-01", "latitude_proj": 1386827, "longitude_proj": 443795, "agb": 39.79, "cagb": 18.7, "cagb_category": "10-20", "HCS": "non-HCS", "longitude": -15.517364992569409, "latitude": 12.544566179356631, "start_date": "2024-05-01", "end_date": "2024-06-01", "B2": 0.060822057466730646, "B3": 0.090233623030161872, "B4": 0.12238715700170981, "B8": 0.19689933431757375, "B5": 0.14725240468317102, "B6": 0.16820797826033185, "B7": 0.18433895060236946, "B8A": 0.21006545634577664, "B11": 0.31551981107955684, "B12": 0.26860298025528656, "B9": 0.20099066826566611, "B1": 0.034062899629841201, "VV": -9.5193434851281875, "VH": -15.906193005307049, "elevation": 34.0, "ARI": 4.291282862286792, "ARVI": 0.21428153685432003, "AVI": 0.23438230665020923, "BCC": 0.22243061117679314, "CCCI": 0.61815262391070902, "CVI": 0.00019620807866199921, "EVI": 0.12628695896009315, "ExG": -0.0027419684081167114, "GNDVI": 0.37148543403965001, "IKAW": 0.5280014821770429, "MCARI": 0.016196445939242299, "MSAVI": 0.11668874535822915, "MTVI2": 0.050371646548429752, "NDDI": -4.3793823956406719, "NDMI": -0.23149111001707573, "NDVI": 0.23337090463170412, "NDYI": 0.19470678273523301, "PSRI": 0.36600582309892693, "PVI": -0.26864877890327726, "RCC": 0.44757858030322473, "RENDVI": 0.066428542885887024, "S2REP": 715.20600645326635, "SAVI": 0.1364214681409153, "SI": 0.90850414305389127, "SIPI": 2.1853667488128017, "TCARI": 0.033433812742858754, "TNDVI": 0.85637077520879012, "TTVI": 0.10824999254028767, "TVI": 0.85637077520879012, "VARI": -0.21181689429402123, "VARI700": -0.080208367656891114, "AWEInsh": -0.21171139007493534, "AWEIsh": -0.54937334811738225, "MNDWI": -0.55522928239339542, "MuWIR": -0.40306809231708451, "NDWI": -0.37148543403965001, "S2WI": -0.29180955680079557, "WI2015": -29.534645489772757, "BAI": 51.967995414863616, "BAIM": 38.043378343249685, "MIRBI": 1.5939356539732081, "NBR": -0.15403499336734183, "NBRplus": -0.1469185538164661, "NBRSWIR": -0.097814064480593932, "NDSWIR": -0.23149111001707573, "NBSIMS": -3.818893974750424, "NDSI": -0.55522928239339542, "NBAI": -0.85732725382753605, "NDBI": 0.23149111001707573, "UI": 0.15403499336734183, "BI": 0.25902563307192189, "BI2": 0.14363155500424712, "BSI": 0.20543606750699089, "SATVI": 0.17457667260679657, "DPDD": -17.978569267692766, "DpRVIVV": 2.5023964408838739, "NDPolI": -0.2511982204419369, "VDDPI": 2.6709338233415845, "VHVVD": -6.3868495201788615, "VHVVP": 151.4165147582612, "VHVVR": 1.6709338233415849, "VVVHD": 6.3868495201788615, "VVVHR": 0.59846774661618207, "VVVHS": -25.425536490435235 }, "geometry": null },
{ "type": "Feature", "properties": { "inventory_date": "2024-05-01", "latitude_proj": 1409135, "longitude_proj": 425274, "agb": 58.9, "cagb": 27.68, "cagb_category": "20-30", "HCS": "non-HCS", "longitude": -15.688382640779245, "latitude": 12.745899313067687, "start_date": "2024-05-01", "end_date": "2024-06-01", "B2": 0.069389138939356818, "B3": 0.097399403153131323, "B4": 0.11089392550080525, "B8": 0.23575674678008868, "B5": 0.15483416341924061, "B6": 0.20107339259547846, "B7": 0.22307760532270807, "B8A": 0.25339465360602981, "B11": 0.30997284612074494, "B12": 0.24459590143260931, "B9": 0.2520103842558562, "B1": 0.053619992881669576, "VV": -9.9951470026012021, "VH": -15.515376982255395, "elevation": 34.0, "ARI": 3.8084804021534016, "ARVI": 0.35039787808618988, "AVI": 0.29690461647208821, "BCC": 0.24988664045217057, "CCCI": 0.57518361984820898, "CVI": 0.00024801872949627092, "EVI": 0.22608579401624024, "ExG": 0.014515741866100579, "GNDVI": 0.41529277984119634, "IKAW": 0.54520678674229961, "MCARI": 0.045312467246993719, "MSAVI": 0.19574531368459147, "MTVI2": 0.14336592032716114, "NDDI": -14.075530897715348, "NDMI": -0.13599427318236398, "NDVI": 0.3601978339107505, "NDYI": 0.16793877962097756, "PSRI": 0.20641610521262846, "PVI": -0.23520343787135337, "RCC": 0.39935515721225018, "RENDVI": 0.12991921187063968, "S2REP": 714.19794895622147, "SAVI": 0.22121783877446255, "SI": 0.9072753332024901, "SIPI": 1.4586948463308369, "TCARI": 0.083705203279000884, "TNDVI": 0.92746850831214245, "TTVI": 0.25035618372499635, "TVI": 0.92746850831214245, "VARI": -0.09714985829730885, "VARI700": 0.071300636079330765, "AWEInsh": -0.23659422962580101, "AWEIsh": -0.56685571788721767, "MNDWI": -0.52181620949025553, "MuWIR": -0.49782428556424307, "NDWI": -0.41529277984119634, "S2WI": -0.22472454106994089, "WI2015": -29.109679636067121, "BAI": 32.24858587493344, "BAIM": 27.401491815853817, "MIRBI": 1.4082251223427922, "NBR": -0.018401386326086618, "NBRplus": -0.26412878356684272, "NBRSWIR": -0.13043235719281954, "NDSWIR": -0.13599427318236398, "NBSIMS": -3.373800285273965, "NDSI": -0.52181620949025553, "NBAI": -0.85725730398015365, "NDBI": 0.13599427318236398, "UI": 0.018401386326086618, "BI": 0.15939238074158332, "BI2": 0.16058782654142376, "BSI": 0.076205297790831003, "SATVI": 0.20198172809551063, "DPDD": -18.038664501314166, "DpRVIVV": 2.4327806032468073, "NDPolI": -0.21639030162340367, "VDDPI": 2.5522910246560229, "VHVVD": -5.5202299796541929, "VHVVP": 155.0784737384177, "VHVVR": 1.5522910246560229, "VVVHD": 5.5202299796541929, "VVVHR": 0.64420909746714106, "VVVHS": -25.510523984856597 }, "geometry": null },
{ "type": "Feature", "properties": { "inventory_date": "2024-05-01", "latitude_proj": 1409135, "longitude_proj": 426274, "agb": 88.11, "cagb": 41.41, "cagb_category": "40-50", "HCS": "HCS", "longitude": -15.679171008923674, "latitude": 12.745923122511925, "start_date": "2024-05-01", "end_date": "2024-06-01", "B2": 0.06977962346240528, "B3": 0.099932987664512127, "B4": 0.11610251564543542, "B8": 0.23611641876928557, "B5": 0.15570170111601528, "B6": 0.20726486725302848, "B7": 0.22755388663144865, "B8A": 0.24996475462068826, "B11": 0.30535454261144246, "B12": 0.24920576695110325, "B9": 0.25194999575614929, "B1": 0.055250000208616257, "VV": -11.338674779201767, "VH": -19.382847545592924, "elevation": 34.0, "ARI": 3.5841683186149025, "ARVI": 0.32962779908295159, "AVI": 0.29258578007619612, "BCC": 0.2441425135555671, "CCCI": 0.60232676747273362, "CVI": 0.00027376981379947891, "EVI": 0.21288356199395989, "ExG": 0.013983836221183557, "GNDVI": 0.40524824176888347, "IKAW": 0.54376903373236185, "MCARI": 0.038147354562182378, "MSAVI": 0.1867171325174577, "MTVI2": 0.13196831877736862, "NDDI": -11.563580910390247, "NDMI": -0.12787042848170951, "NDVI": 0.34073665949639015, "NDYI": 0.1776730910088764, "PSRI": 0.22349611295424832, "PVI": -0.23615441781639726, "RCC": 0.40621543357958523, "RENDVI": 0.14206037313217978, "S2REP": 715.94633132661295, "SAVI": 0.21123780218449181, "SI": 0.90452560201767485, "SIPI": 1.5070455493312429, "TCARI": 0.073923678329880657, "TNDVI": 0.9169169316227016, "TTVI": 0.35001613274657561, "TVI": 0.9169169316227016, "VARI": -0.11055643026303268, "VARI700": 0.033221157872715769, "AWEInsh": -0.1953994653645087, "AWEIsh": -0.55489579118518229, "MNDWI": -0.50685387435202278, "MuWIR": -0.44804167979164977, "NDWI": -0.40524824176888347, "S2WI": -0.23092699742349154, "WI2015": -28.805464747325349, "BAI": 31.973107833137849, "BAIM": 26.982885333475579, "MIRBI": 1.499583151918896, "NBR": -0.026970430297532093, "NBRplus": -0.25486006517866477, "NBRSWIR": -0.11633576699942408, "NDSWIR": -0.12787042848170951, "NBSIMS": -3.3345727838111143, "NDSI": -0.50685387435202278, "NBAI": -0.84918551432288358, "NDBI": 0.12787042848170951, "UI": 0.026970430297532093, "BI": 0.15887883883022394, "BI2": 0.16249857371188087, "BSI": 0.088515878350533927, "SATVI": 0.18347228715260896, "DPDD": -21.723396764236234, "DpRVIVV": 2.5236832134388649, "NDPolI": -0.26184160671943246, "VDDPI": 2.7094455854000126, "VHVVD": -8.0441727663911564, "VHVVP": 219.77580461432737, "VHVVR": 1.7094455854000126, "VVVHD": 8.0441727663911564, "VVVHR": 0.58498498492187956, "VVVHS": -30.721522324794691 }, "geometry": null },
{ "type": "Feature", "properties": { "inventory_date": "2024-05-01", "latitude_proj": 1410135, "longitude_proj": 425274, "agb": 36.07, "cagb": 16.95, "cagb_category": "10-20", "HCS": "non-HCS", "longitude": -15.688407068979457, "latitude": 12.754941545147924, "start_date": "2024-05-01", "end_date": "2024-06-01", "B2": 0.060824473435626872, "B3": 0.092682213859999363, "B4": 0.11170103408101743, "B8": 0.25401396350333028, "B5": 0.15979645410322113, "B6": 0.21345356985304598, "B7": 0.23966867330002092, "B8A": 0.2715258362947639, "B11": 0.31722938581767185, "B12": 0.23647750415373081, "B9": 0.25618026220340506, "B1": 0.053054119926462057, "VV": -10.065229046610213, "VH": -15.766285672592662, "elevation": 34.0, "ARI": 4.5315955441059801, "ARVI": 0.37823757707578382, "AVI": 0.31784864815769664, "BCC": 0.22934654059051679, "CCCI": 0.58509799804424878, "CVI": 0.00024372921111232951, "EVI": 0.24235248588620406, "ExG": 0.01283892020335442, "GNDVI": 0.46534043400847463, "IKAW": 0.6136146905886215, "MCARI": 0.049601636203250449, "MSAVI": 0.22118078293611387, "MTVI2": 0.15805758369827386, "NDDI": -11.212974495634862, "NDMI": -0.1106628591641048, "NDVI": 0.38913615892793701, "NDYI": 0.20753324161715656, "PSRI": 0.23834954215297025, "PVI": -0.22096126333360369, "RCC": 0.42118318992070919, "RENDVI": 0.14375649646605712, "S2REP": 715.36384415718896, "SAVI": 0.24658160564287862, "SI": 0.91135682299725318, "SIPI": 1.4120982850442281, "TCARI": 0.086679178633936538, "TNDVI": 0.9429401672046519, "TTVI": 0.38989023693899871, "TVI": 0.9429401672046519, "VARI": -0.13248107116088542, "VARI700": 0.055244974297086025, "AWEInsh": -0.31137904228376279, "AWEIsh": -0.62345439193431051, "MNDWI": -0.54779413935649124, "MuWIR": -0.42646510914184554, "NDWI": -0.46534043400847463, "S2WI": -0.19350514575269706, "WI2015": -30.942040929640296, "BAI": 26.470199738748811, "BAIM": 23.281637288472346, "MIRBI": 1.2559270605241237, "NBR": 0.035752832630027528, "NBRplus": -0.28503728065872097, "NBRSWIR": -0.15412394026984874, "NDSWIR": -0.1106628591641048, "NBSIMS": -3.3599629290316253, "NDSI": -0.54779413935649124, "NBAI": -0.87075055010587465, "NDBI": 0.1106628591641048, "UI": -0.035752832630027528, "BI": 0.15339709630331663, "BI2": 0.1689084638055284, "BSI": 0.050285441465591843, "SATVI": 0.21364027890438342, "DPDD": -18.265639226268469, "DpRVIVV": 2.4414031997701122, "NDPolI": -0.22070159988505605, "VDDPI": 2.5664110175319319, "VHVVD": -5.7010566259824493, "VHVVP": 158.6912765089341, "VHVVR": 1.5664110175319321, "VVVHD": 5.7010566259824493, "VVVHR": 0.63840204697718461, "VVVHS": -25.831514719202875 }, "geometry": null },
{ "type": "Feature", "properties": { "inventory_date": "2024-05-01", "latitude_proj": 1408135, "longitude_proj": 425273, "agb": 74.59, "cagb": 35.06, "cagb_category": "30-40", "HCS": "HCS", "longitude": -15.688367442643848, "latitude": 12.736857050819873, "start_date": "2024-05-01", "end_date": "2024-06-01", "B2": 0.074750307617598613, "B3": 0.10052886781059749, "B4": 0.13832844385419835, "B8": 0.2268306776032345, "B5": 0.16843573553480487, "B6": 0.19065209830880991, "B7": 0.21457854111186347, "B8A": 0.24993370216428726, "B11": 0.35467330489689058, "B12": 0.28739530875923269, "B9": 0.25398062880769706, "B1": 0.05884047236875721, "VV": -12.40991839326818, "VH": -17.518851294624767, "elevation": 34.0, "ARI": 4.0104090332049642, "ARVI": 0.22537246831761604, "AVI": 0.25862227426288348, "BCC": 0.23835615916680952, "CCCI": 0.60955548075020127, "CVI": 0.00031709899403464711, "EVI": 0.14788091452218716, "ExG": -0.012021015850601988, "GNDVI": 0.3858198472049208, "IKAW": 0.50427705140055445, "MCARI": 0.020122796866850423, "MSAVI": 0.13414326723660219, "MTVI2": 0.058901169275947809, "NDDI": -4.3790181313992793, "NDMI": -0.21984824032332156, "NDVI": 0.24236621392833807, "NDYI": 0.14707143692354471, "PSRI": 0.33347724363158415, "PVI": -0.24876678249710538, "RCC": 0.44108763738178708, "RENDVI": 0.061868881872729847, "S2REP": 717.63129775303548, "SAVI": 0.15344385481357478, "SI": 0.89508163260784124, "SIPI": 1.8981465000176541, "TCARI": 0.04070976536589152, "TNDVI": 0.86160676293094285, "TTVI": 0.22084819229808472, "TVI": 0.86160676293094285, "VARI": -0.23033493459383175, "VARI700": -0.057340227721975889, "AWEInsh": -0.282948318658091, "AWEIsh": -0.61803232379590356, "MNDWI": -0.55831112486716039, "MuWIR": -0.58846017108915927, "NDWI": -0.3858198472049208, "S2WI": -0.2609729519600073, "WI2015": -32.917691347317245, "BAI": 34.127893724543014, "BAIM": 25.702296928357939, "MIRBI": 1.3981546996027991, "NBR": -0.11777823906648593, "NBRplus": -0.19339880101409504, "NBRSWIR": -0.11761445576797129, "NDSWIR": -0.21984824032332156, "NBSIMS": -3.7894298362675976, "NDSI": -0.55831112486716039, "NBAI": -0.84935258526630331, "NDBI": 0.21984824032332156, "UI": 0.11777823906648593, "BI": 0.2409072779286191, "BI2": 0.16400504864622023, "BSI": 0.17068879237919554, "SATVI": 0.18310669613858555, "DPDD": -21.162835998879491, "DpRVIVV": 2.3414061422927985, "NDPolI": -0.17070307114639927, "VDDPI": 2.4116814260541752, "VHVVD": -5.108932901356587, "VHVVP": 217.40751491009397, "VHVVR": 1.4116814260541755, "VVVHD": 5.108932901356587, "VVVHR": 0.7083751202954649, "VVVHS": -29.928769687892945 }, "geometry": null },
{ "type": "Feature", "properties": { "inventory_date": "2024-05-01", "latitude_proj": 1409135, "longitude_proj": 424274, "agb": 127.1, "cagb": 59.74, "cagb_category": ">=50", "HCS": "HCS", "longitude": -15.697594253865933, "latitude": 12.745875182930071, "start_date": "2024-05-01", "end_date": "2024-06-01", "B2": 0.053974961394873941, "B3": 0.081772230631456916, "B4": 0.089869923792206305, "B8": 0.26182107603320709, "B5": 0.13660392285539549, "B6": 0.21985607472749849, "B7": 0.24676007575713668, "B8A": 0.27311861290381506, "B11": 0.27488384258288601, "B12": 0.20331776793186476, "B9": 0.27044368092830356, "B1": 0.047343538896395608, "VV": -8.9566311236329472, "VH": -15.049090839205213, "elevation": 34.0, "ARI": 4.9086564029193136, "ARVI": 0.48226873979273982, "AVI": 0.34475008878539526, "BCC": 0.23923256530894474, "CCCI": 0.64279636140352059, "CVI": 0.00015733692807187496, "EVI": 0.30788506954835793, "ExG": 0.019699576075833586, "GNDVI": 0.52401732487027763, "IKAW": 0.65816568292332589, "MCARI": 0.05436749632870843, "MSAVI": 0.27554024420206036, "MTVI2": 0.22206597697319649, "NDDI": -28.866592420057046, "NDMI": -0.024338823991704017, "NDVI": 0.48892679177562359, "NDYI": 0.20477233320002042, "PSRI": 0.16326572937237474, "PVI": -0.2096114965204677, "RCC": 0.39832937082879954, "RENDVI": 0.23355257935427354, "S2REP": 718.33163968998349, "SAVI": 0.30284073497826453, "SI": 0.92466731540097102, "SIPI": 1.2473166613981579, "TCARI": 0.090194893999572895, "TNDVI": 0.99444798344389218, "TTVI": 0.53635549356158063, "TVI": 0.99444798344389218, "VARI": -0.068818614197486222, "VARI700": 0.11790164783157926, "AWEInsh": -0.27877785500139007, "AWEIsh": -0.59748128193358951, "MNDWI": -0.541450507798792, "MuWIR": -0.54017668442964417, "NDWI": -0.52401732487027763, "S2WI": -0.19626239479440011, "WI2015": -29.159748552361016, "BAI": 24.489177086751635, "BAIM": 22.282049110173965, "MIRBI": 1.3393160220063649, "NBR": 0.12577601045449441, "NBRplus": -0.33576209181394151, "NBRSWIR": -0.15836357593245631, "NDSWIR": -0.024338823991704017, "NBSIMS": -3.2652931239244967, "NDSI": -0.541450507798792, "NBAI": -0.8859334445144138, "NDBI": 0.024338823991704017, "UI": -0.12577601045449441, "BI": 0.07193849542445932, "BI2": 0.16664690892227549, "BSI": -0.037124712240647388, "SATVI": 0.21926585666785764, "DPDD": -16.974608787201699, "DpRVIVV": 2.5075839606076955, "NDPolI": -0.2537919803038477, "VDDPI": 2.6802177773623739, "VHVVD": -6.0924597155722662, "VHVVP": 134.78915539280487, "VHVVR": 1.6802177773623741, "VVVHD": 6.0924597155722662, "VVVHR": 0.59516094489240079, "VVVHS": -24.005721962838159 }, "geometry": null },
{ "type": "Feature", "properties": { "inventory_date": "2024-05-01", "latitude_proj": 1413732, "longitude_proj": 400618, "agb": 37.52, "cagb": 17.63, "cagb_category": "10-20", "HCS": "non-HCS", "longitude": -15.915647614582653, "latitude": 12.786775615293887, "start_date": "2024-05-01", "end_date": "2024-06-01", "B2": 0.057449796731321119, "B3": 0.093320985239889756, "B4": 0.10405081353645955, "B8": 0.28580296476358485, "B5": 0.15351087901104296, "B6": 0.2452867690895682, "B7": 0.276774801639254, "B8A": 0.3030801772255089, "B11": 0.28037048089866012, "B12": 0.19318467667595174, "B9": 0.29614684108140116, "B1": 0.044479700108696396, "VV": -10.065487895653959, "VH": -16.744821693446294, "elevation": 34.0, "ARI": 4.2015071129891046, "ARVI": 0.4580433461044352, "AVI": 0.35970230679462178, "BCC": 0.22545105181084157, "CCCI": 0.64592361448424696, "CVI": 0.0002589827512649038, "EVI": 0.30717267468238663, "ExG": 0.025141360211998844, "GNDVI": 0.50770197852689347, "IKAW": 0.66526243529042262, "MCARI": 0.05521049986654724, "MSAVI": 0.28183669905030395, "MTVI2": 0.22405955031620325, "NDDI": -23.469907187399809, "NDMI": 0.0095950877006787776, "NDVI": 0.46620595039415724, "NDYI": 0.23791870042445032, "PSRI": 0.18998585605781998, "PVI": -0.19401544208825555, "RCC": 0.40832808274810251, "RENDVI": 0.23013147272967732, "S2REP": 719.07305882932212, "SAVI": 0.30637418583703768, "SI": 0.91484421246979908, "SIPI": 1.3277601559352139, "TCARI": 0.095099670190363, "TNDVI": 0.98295775615951941, "TTVI": 0.7254437594326375, "TVI": 0.98295775615951941, "VARI": -0.076684353709553385, "VARI700": 0.078654680756807538, "AWEInsh": -0.28839086296711047, "AWEIsh": -0.60680407783130985, "MNDWI": -0.50054526958188528, "MuWIR": -0.26029884516639379, "NDWI": -0.50770197852689347, "S2WI": -0.11443411089101833, "WI2015": -28.348550301252693, "BAI": 19.606540653102964, "BAIM": 17.969617638615286, "MIRBI": 1.1842160539526478, "NBR": 0.19336258407269258, "NBRplus": -0.40286232792912791, "NBRSWIR": -0.18687967984799256, "NDSWIR": 0.0095950877006787776, "NBSIMS": -2.7921522480236751, "NDSI": -0.50054526958188528, "NBAI": -0.87916712465866553, "NDBI": -0.0095950877006787776, "UI": -0.19336258407269258, "BI": 0.056575512902678718, "BI2": 0.18368334414729218, "BSI": -0.071847174651258228, "SATVI": 0.2024501007206902, "DPDD": -18.957751716163507, "DpRVIVV": 2.498266070042535, "NDPolI": -0.24913303502126741, "VDDPI": 2.6635876836806207, "VHVVD": -6.679333797792335, "VHVVP": 168.54480007026751, "VHVVR": 1.6635876836806207, "VVVHD": 6.679333797792335, "VVVHR": 0.60111048537432088, "VVVHS": -26.810309589100253 }, "geometry": null },
{ "type": "Feature", "properties": { "inventory_date": "2024-05-01", "latitude_proj": 1413732, "longitude_proj": 401618, "agb": 38.28, "cagb": 17.99, "cagb_category": "10-20", "HCS": "non-HCS", "longitude": -15.906435014639902, "latitude": 12.786807437579682, "start_date": "2024-05-01", "end_date": "2024-06-01", "B2": 0.062009033622542203, "B3": 0.09180172196265636, "B4": 0.096226582496045307, "B8": 0.24887149274812628, "B5": 0.13764170629807818, "B6": 0.22007269813082295, "B7": 0.24781406964583996, "B8A": 0.26770542395949043, "B11": 0.25931572831369953, "B12": 0.20404414979893382, "B9": 0.2722302854325937, "B1": 0.04521823490175747, "VV": -10.91225446739692, "VH": -18.118503424823405, "elevation": 34.0, "ARI": 3.627802078147611, "ARVI": 0.43526791018013133, "AVI": 0.32501670364377799, "BCC": 0.24799909524870165, "CCCI": 0.65060438095926532, "CVI": 0.00020182356338796005, "EVI": 0.28035746607166562, "ExG": 0.02536782780672521, "GNDVI": 0.46105700126385218, "IKAW": 0.60107482867159256, "MCARI": 0.04612602317784114, "MSAVI": 0.24338292497765246, "MTVI2": 0.19830686309501735, "NDDI": -48.222130500951394, "NDMI": -0.020551944505315712, "NDVI": 0.44232327330159177, "NDYI": 0.19369704171052879, "PSRI": 0.15548293434000782, "PVI": -0.22135665498912777, "RCC": 0.38484885191338386, "RENDVI": 0.23043799973430662, "S2REP": 719.59707890560981, "SAVI": 0.27093585003369774, "SI": 0.916529182942599, "SIPI": 1.3341634353222231, "TCARI": 0.084903891139786913, "TNDVI": 0.97073336879989447, "TTVI": 0.70973211437221262, "TVI": 0.97073336879989447, "VARI": -0.035112570514249437, "VARI700": 0.095884066607465623, "AWEInsh": -0.17115248664413629, "AWEIsh": -0.52177853051328915, "MNDWI": -0.47708823990148325, "MuWIR": -0.42902748301788113, "NDWI": -0.46105700126385218, "S2WI": -0.1943377003056356, "WI2015": -25.87017269910725, "BAI": 28.021660051875003, "BAIM": 25.274081123505049, "MIRBI": 1.4991473605150825, "NBR": 0.098975038038203095, "NBRplus": -0.34764357575861704, "NBRSWIR": -0.13361189079872063, "NDSWIR": -0.020551944505315712, "NBSIMS": -3.000160264853974, "NDSI": -0.47708823990148325, "NBAI": -0.86526319723097433, "NDBI": 0.020551944505315712, "UI": -0.098975038038203095, "BI": 0.067017187808324732, "BI2": 0.16291524507839217, "BSI": -0.017360340709850066, "SATVI": 0.18391786709468522, "DPDD": -20.527845768573872, "DpRVIVV": 2.4964561369138503, "NDPolI": -0.24822806845692508, "VDDPI": 2.6603813152412226, "VHVVD": -7.2062489574264852, "VHVVP": 197.71371994007561, "VHVVR": 1.6603813152412226, "VVVHD": 7.2062489574264852, "VVVHR": 0.60227129203433527, "VVVHS": -29.030757892220326 }, "geometry": null },
{ "type": "Feature", "properties": { "inventory_date": "2024-05-01", "latitude_proj": 1414732, "longitude_proj": 400618, "agb": 26.64, "cagb": 12.52, "cagb_category": "10-20", "HCS": "non-HCS", "longitude": -15.91568021467325, "latitude": 12.795817314292846, "start_date": "2024-05-01", "end_date": "2024-06-01", "B2": 0.06117090159969369, "B3": 0.094562147981989322, "B4": 0.103309342337764, "B8": 0.26561255907114356, "B5": 0.14870745838348765, "B6": 0.2254022535162275, "B7": 0.25598689093855675, "B8A": 0.28043528069553558, "B11": 0.27842845436477237, "B12": 0.21085223295840061, "B9": 0.27765657145260358, "B1": 0.047127639763387394, "VV": -11.378786513865853, "VH": -18.430846845498461, "elevation": 34.0, "ARI": 3.8504436153264319, "ARVI": 0.43176126064954468, "AVI": 0.33812150455715673, "BCC": 0.2361424365580892, "CCCI": 0.64136440730318167, "CVI": 0.00024537078950025268, "EVI": 0.28440581864239894, "ExG": 0.024644052026520959, "GNDVI": 0.47490955844359428, "IKAW": 0.62561812966838015, "MCARI": 0.04976003174149226, "MSAVI": 0.25418694655187768, "MTVI2": 0.20180994610583969, "NDDI": -26.160713729569785, "NDMI": -0.023556855047911621, "NDVI": 0.43993922863767598, "NDYI": 0.21441335973313552, "PSRI": 0.18694773490823421, "PVI": -0.20980150397044448, "RCC": 0.39881249386351225, "RENDVI": 0.20500615913788112, "S2REP": 719.11990262232621, "SAVI": 0.28018033002197451, "SI": 0.91347348201790635, "SIPI": 1.3461527362496333, "TCARI": 0.089431037224590199, "TNDVI": 0.96950463053957403, "TTVI": 0.72832975454045457, "TVI": 0.96950463053957403, "VARI": -0.063987978674235932, "VARI700": 0.078143438266085705, "AWEInsh": -0.22202472466331646, "AWEIsh": -0.57119830683880701, "MNDWI": -0.4929515790101498, "MuWIR": -0.36073740782305613, "NDWI": -0.47490955844359428, "S2WI": -0.17283576571941833, "WI2015": -27.892212789507781, "BAI": 23.647663327097003, "BAIM": 21.456213197045454, "MIRBI": 1.3799234768092368, "NBR": 0.11493047761091953, "NBRplus": -0.34823637782400241, "NBRSWIR": -0.14861546168123999, "NDSWIR": -0.023556855047911621, "NBSIMS": -2.9882340479434424, "NDSI": -0.4929515790101498, "NBAI": -0.86634826407988241, "NDBI": 0.023556855047911621, "UI": -0.11493047761091953, "BI": 0.077562014491174988, "BI2": 0.17336363669231089, "BSI": -0.019692617410835903, "SATVI": 0.19248406614295849, "DPDD": -21.078593893091227, "DpRVIVV": 2.4731396892150834, "NDPolI": -0.23656984460754177, "VDDPI": 2.6197550435663044, "VHVVD": -7.0520603316326085, "VHVVP": 209.72067152468489, "VHVVR": 1.6197550435663044, "VVVHD": 7.0520603316326085, "VVVHR": 0.61737730280391323, "VVVHS": -29.809633359364312 }, "geometry": null },
{ "type": "Feature", "properties": { "inventory_date": "2024-05-01", "latitude_proj": 1412732, "longitude_proj": 400618, "agb": 23.88, "cagb": 11.22, "cagb_category": "10-20", "HCS": "non-HCS", "longitude": -15.915615039470717, "latitude": 12.777733910026349, "start_date": "2024-05-01", "end_date": "2024-06-01", "B2": 0.057938182514284196, "B3": 0.091071324011424218, "B4": 0.10097107515484671, "B8": 0.2757641662190381, "B5": 0.14644896318193945, "B6": 0.23314132161145945, "B7": 0.26521864838559783, "B8A": 0.29082005491065827, "B11": 0.2750656593869153, "B12": 0.198703852637719, "B9": 0.28579080029117598, "B1": 0.043659046065747692, "VV": -11.624959401218302, "VH": -17.215683933334141, "elevation": 34.0, "ARI": 4.1520873875218802, "ARVI": 0.45614051323527399, "AVI": 0.35124643065554106, "BCC": 0.23177073244961952, "CCCI": 0.66013055790663566, "CVI": 0.00023093944267176534, "EVI": 0.30198088853722505, "ExG": 0.023233390353717527, "GNDVI": 0.50347593710625349, "IKAW": 0.65275532081684329, "MCARI": 0.049897358956993626, "MSAVI": 0.27354523043391998, "MTVI2": 0.21762916031522533, "NDDI": -24.487321846260851, "NDMI": 0.0012680991472355256, "NDVI": 0.46396798565154884, "NDYI": 0.22235589037014633, "PSRI": 0.18457857381575102, "PVI": -0.20122138509009302, "RCC": 0.40391567407373868, "RENDVI": 0.22838402852355505, "S2REP": 719.79491934266207, "SAVI": 0.299052238604466, "SI": 0.91648977481993221, "SIPI": 1.3278849795502021, "TCARI": 0.088241657642514099, "TNDVI": 0.98181871323149517, "TTVI": 0.76474015745087454, "TVI": 0.98181871323149517, "VARI": -0.073821326357793038, "VARI700": 0.075867050808524072, "AWEInsh": -0.25848278830299665, "AWEIsh": -0.59030420902551517, "MNDWI": -0.50252868111745508, "MuWIR": -0.35786884402195407, "NDWI": -0.50347593710625349, "S2WI": -0.15139638751515389, "WI2015": -28.192910213603824, "BAI": 21.479915294564758, "BAIM": 19.618945634551782, "MIRBI": 1.2913950643854197, "NBR": 0.16241413650386363, "NBRplus": -0.37762426128990506, "NBRSWIR": -0.16794514997698079, "NDSWIR": 0.0012680991472355256, "NBSIMS": -2.924688721164491, "NDSI": -0.50252868111745508, "NBAI": -0.87654450297638076, "NDBI": -0.0012680991472355256, "UI": -0.16241413650386363, "BI": 0.059647815381799342, "BI2": 0.17751527581741691, "BSI": -0.053723779178500027, "SATVI": 0.19874273803868162, "DPDD": -20.393414475644633, "DpRVIVV": 2.3876976298526524, "NDPolI": -0.19384881492632619, "VDDPI": 2.4809242199615706, "VHVVD": -5.5907245321158392, "VHVVP": 200.1316267892156, "VHVVR": 1.4809242199615706, "VVVHD": 5.5907245321158392, "VVVHR": 0.67525399782167761, "VVVHS": -28.840643334552443 }, "geometry": null },
{ "type": "Feature", "properties": { "inventory_date": "2024-05-01", "latitude_proj": 1413732, "longitude_proj": 399618, "agb": 49.07, "cagb": 23.06, "cagb_category": "20-30", "HCS": "non-HCS", "longitude": -15.924860189546742, "latitude": 12.786743471322335, "start_date": "2024-05-01", "end_date": "2024-06-01", "B2": 0.061547079521710783, "B3": 0.098874833445841734, "B4": 0.10685273657205718, "B8": 0.2912378313912618, "B5": 0.15910502354553813, "B6": 0.24916718051542894, "B7": 0.2808347200567024, "B8A": 0.30604051364332258, "B11": 0.28193969461383545, "B12": 0.20506257585872559, "B9": 0.28795768893682033, "B1": 0.045992306218697473, "VV": -10.689862678015315, "VH": -16.747640026701678, "elevation": 34.0, "ARI": 3.8286403916931731, "ARVI": 0.45536379575560243, "AVI": 0.36332801862939718, "BCC": 0.23027653250215785, "CCCI": 0.63346622487383042, "CVI": 0.0003042320526738774, "EVI": 0.31341993896492076, "ExG": 0.029349850797915501, "GNDVI": 0.49309600862546632, "IKAW": 0.65107873030945107, "MCARI": 0.059867593396797321, "MSAVI": 0.28400305716305729, "MTVI2": 0.23002659729237498, "NDDI": -31.958457483284683, "NDMI": 0.016222088891433034, "NDVI": 0.46317373396345907, "NDYI": 0.23268488221855946, "PSRI": 0.18182834896886022, "PVI": -0.19038333715415479, "RCC": 0.3997862751148113, "RENDVI": 0.22059340820675089, "S2REP": 718.50017263428344, "SAVI": 0.30796186052374097, "SI": 0.91069627521054519, "SIPI": 1.3300723977338584, "TCARI": 0.10294676982837934, "TNDVI": 0.98141415007297461, "TTVI": 0.75644455907987851, "TVI": 0.98141415007297461, "VARI": -0.055332750629159287, "VARI700": 0.094211481791573279, "AWEInsh": -0.24114681890829492, "AWEIsh": -0.60229776983601224, "MNDWI": -0.48071921546886393, "MuWIR": -0.27348070683411035, "NDWI": -0.49309600862546632, "S2WI": -0.12619890508757159, "WI2015": -28.684822612025329, "BAI": 18.685338918103454, "BAIM": 17.17583839325588, "MIRBI": 1.2876167513716683, "NBR": 0.17363527064189893, "NBRplus": -0.38926302042489153, "NBRSWIR": -0.16503704266274777, "NDSWIR": 0.016222088891433034, "NBSIMS": -2.7994680993662717, "NDSI": -0.48071921546886393, "NBAI": -0.8658206038970252, "NDBI": -0.016222088891433034, "UI": -0.17363527064189893, "BI": 0.048555313422884494, "BI2": 0.18798334539294115, "BSI": -0.061485760116938896, "SATVI": 0.1929600189804479, "DPDD": -19.401244221329623, "DpRVIVV": 2.4415691481750579, "NDPolI": -0.22078457408752891, "VDDPI": 2.5666842999905639, "VHVVD": -6.0577773486863631, "VHVVP": 179.02997206627367, "VHVVR": 1.5666842999905639, "VVVHD": 6.0577773486863631, "VVVHR": 0.6382906881788647, "VVVHS": -27.437502704716991 }, "geometry": null }
]
}
