{
"type": "FeatureCollection",
"name": "senegal_depts_preds_2024-05",
"crs": { "type": "name", "properties": { "name": "urn:ogc:def:crs:EPSG::3857" } },
"features": [
{ "type": "Feature", "properties": { "GID_2": "SEN.1.1_1", "GID_0": "SEN", "COUNTRY": "Senegal", "GID_1": "SEN.1_1", "NAME_1": "Dakar", "NL_NAME_1": "NA", "NAME_2": "Dakar", "VARNAME_2": "NA", "NL_NAME_2": "NA", "TYPE_2": "Département", "ENGTYPE_2": "Department", "CC_2": "11", "HASC_2": "SN.DK.DK", "area_ha": 8263.03, "carbon_mean": 15.06, "carbon_min": 9.22, "carbon_max": 72.83, "carbon_median": 14.65, "carbon_std": 4.35, "carbon_pixel_count": 15014 }, "geometry": { "type": "MultiPolygon", "coordinates": [ [ [ [ -1944395.28178795077838, 1648908.124626610428095 ], [ -1944484.337380585726351, 1648747.040740517899394 ], [ -1944584.524922299198806, 1649034.691258938517421 ], [ -1944462.073482426814735, 1649011.679096719250083 ], [ -1944395.28178795077838, 1648908.124626610428095 ] ] ], [ [ [ -1943504.725861604558304, 1652072.481135861482471 ], [ -1943872.08018122240901, 1652176.048612919170409 ], [ -1943983.399672015802935, 1651715.751976295141503 ], [ -1944328.490093474974856, 1651911.377018499420956 ], [ -1944796.031954806763679, 1651658.215488451067358 ], [ -1944684.712464013369754, 1652855.00151740713045 ], [ -1945630.928135756170377, 1653775.644890936091542 ], [ -1945163.386274424381554, 1654189.945404327707365 ], [ -1945263.573816138319671, 1654443.13241224642843 ], [ -1946376.768724070861936, 1655076.111089757177979 ], [ -1946465.824316705344245, 1655363.833941085962579 ], [ -1946777.518890926847234, 1655398.360904658678919 ], [ -1947089.213465148117393, 1656365.13515309873037 ], [ -1947823.922104383585975, 1656330.606860535219312 ], [ -1947890.713798859622329, 1656652.872770994668826 ], [ -1948480.707100063795224, 1656779.478367579635233 ], [ -1948658.818285333225504, 1657159.298988610738888 ], [ -1948569.762692698743194, 1657642.715365192852914 ], [ -1949838.804887741804123, 1658977.913752029882744 ], [ -1950451.062087104888633, 1659300.21366914617829 ], [ -1951508.597249641083181, 1659300.213669145479798 ], [ -1951508.597249641083181, 1659680.072462999494746 ], [ -1951285.958268054528162, 1659841.226417914498597 ], [ -1951352.749962530331686, 1660163.537436940008774 ], [ -1951074.451235547428951, 1660647.011740111513063 ], [ -1950306.346749073592946, 1660232.60462329024449 ], [ -1950050.311920249368995, 1660577.94341122591868 ], [ -1949226.547688378952444, 1660497.363934893393889 ], [ -1949092.964299427112564, 1661061.425713235046715 ], [ -1948502.970998222474009, 1660900.263908853521571 ], [ -1948046.561085970373824, 1661188.053572865668684 ], [ -1947723.734562669647858, 1660980.844681401737034 ], [ -1947144.87321054446511, 1661406.775929635157809 ], [ -1946866.574483561795205, 1661314.682072856463492 ], [ -1946031.678302611922845, 1662373.781881841598079 ], [ -1945263.573816138319671, 1661924.81018649507314 ], [ -1944428.677635188680142, 1661890.274235839489847 ], [ -1944272.830348078161478, 1662051.442413272103295 ], [ -1943749.628741349792108, 1662016.906287883874029 ], [ -1941734.74595799157396, 1662465.879635496065021 ], [ -1939118.737924349727109, 1663455.951900612795725 ], [ -1938862.703095525037497, 1662845.786452744621783 ], [ -1940287.592577678849921, 1661924.81018649507314 ], [ -1940176.273086885455996, 1660842.706372912973166 ], [ -1939552.88393844361417, 1659691.583425412187353 ], [ -1939185.529618825763464, 1658471.450824121478945 ], [ -1938573.272419462446123, 1658862.807642887579277 ], [ -1938439.689030510606244, 1658505.982062456896529 ], [ -1939742.127072792034596, 1657723.285666718846187 ], [ -1940343.252323075430468, 1656744.949505189899355 ], [ -1940398.912068472243845, 1656330.606860535219312 ], [ -1940187.405035964911804, 1655651.560087439371273 ], [ -1939541.751989364158362, 1655340.815991730894893 ], [ -1938918.362840921618044, 1655467.414974153973162 ], [ -1938840.439197366125882, 1654822.917705736821517 ], [ -1939307.981058698147535, 1654661.795971285784617 ], [ -1939686.467327395221218, 1654086.369635993614793 ], [ -1939397.036651332862675, 1653556.989038529573008 ], [ -1939430.432498570997268, 1653269.286865705391392 ], [ -1939141.001822508173063, 1653004.603772880975157 ], [ -1939241.18936422211118, 1652210.571199968457222 ], [ -1939263.453262381022796, 1652624.845938166836277 ], [ -1939831.182665426516905, 1652751.431246232474223 ], [ -1940154.009188727010041, 1653418.891584880184382 ], [ -1940721.738591772736982, 1653165.714889032067731 ], [ -1940744.002489931648597, 1652878.017191119492054 ], [ -1940532.495457424083725, 1653131.190991569776088 ], [ -1940287.592577678849921, 1652970.080096508609131 ], [ -1940254.196730440948159, 1652624.845938166836277 ], [ -1940565.891304662451148, 1652486.753601053031161 ], [ -1939853.44656358496286, 1652072.481135861482471 ], [ -1939909.106308981776237, 1651692.737365379463881 ], [ -1939697.599276474909857, 1651911.377018499420956 ], [ -1939230.057415143121034, 1651761.781261238968 ], [ -1939296.849109618691728, 1651151.900064287474379 ], [ -1940220.800883203279227, 1650864.225380775518715 ], [ -1940443.439864789601415, 1650599.567573519656435 ], [ -1940499.099610186181962, 1650035.740645601646975 ], [ -1940688.342744534602389, 1650001.221039433497936 ], [ -1940688.342744534602389, 1649644.521210740320385 ], [ -1940343.252323075430468, 1649483.43262004526332 ], [ -1940254.196730440948159, 1649011.679096719250083 ], [ -1940532.495457424083725, 1648459.393502795603126 ], [ -1940866.453929803799838, 1648528.428540682420135 ], [ -1940899.849777042167261, 1649126.740117817185819 ], [ -1941122.48875862872228, 1649517.951517109759152 ], [ -1941890.593245101859793, 1650035.740645601646975 ], [ -1941757.009856150485575, 1650634.087999398820102 ], [ -1942168.89197208522819, 1651232.449564476963133 ], [ -1942792.281120527768508, 1651623.693658855743706 ], [ -1943493.593912525335327, 1651600.67913208832033 ], [ -1943504.725861604558304, 1652072.481135861482471 ] ] ], [ [ [ -1944762.636107568396255, 1649644.521210740786046 ], [ -1944606.788820457644761, 1649483.432620045961812 ], [ -1944673.580514933913946, 1649138.246248803799972 ], [ -1945141.1223762659356, 1648942.642736066132784 ], [ -1945163.386274424381554, 1649460.420048262458295 ], [ -1945386.025256011169404, 1649552.470461440039799 ], [ -1945141.1223762659356, 1649748.078705500112846 ], [ -1944762.636107568396255, 1649644.521210740786046 ] ] ], [ [ [ -1952221.041990717872977, 1659910.292715839575976 ], [ -1952465.944870463339612, 1659875.759543082443997 ], [ -1952866.695037318859249, 1659392.300120851257816 ], [ -1952811.035291922511533, 1659818.204360906966031 ], [ -1952343.493430590489879, 1660071.448151306016371 ], [ -1952221.041990717872977, 1659910.292715839575976 ] ] ], [ [ [ -1949371.263026410248131, 1661257.123584382934496 ], [ -1949248.811586537398398, 1661118.983751869527623 ], [ -1949527.110313520533964, 1660900.263908853521571 ], [ -1950028.04802209045738, 1660900.263908853521571 ], [ -1949805.40904050366953, 1661314.682072856463492 ], [ -1949371.263026410248131, 1661257.123584382934496 ] ] ], [ [ [ -1945441.68500140751712, 1662627.051520092179999 ], [ -1945664.32398299430497, 1662408.31849973811768 ], [ -1945909.226862739538774, 1662465.879635496065021 ], [ -1945853.567117342492566, 1662696.125502745620906 ], [ -1945508.476695883553475, 1662753.687300637597218 ], [ -1945441.68500140751712, 1662627.051520092179999 ] ] ], [ [ [ -1936691.973025056300685, 1651117.378928781719878 ], [ -1936480.465992549434304, 1650542.033635498024523 ], [ -1936758.764719532104209, 1650346.419228943297639 ], [ -1937103.85514099127613, 1651117.378928781487048 ], [ -1936948.007853880524635, 1651405.056503854924813 ], [ -1936691.973025056300685, 1651117.378928781719878 ] ] ] ] } },
{ "type": "Feature", "properties": { "GID_2": "SEN.1.2_1", "GID_0": "SEN", "COUNTRY": "Senegal", "GID_1": "SEN.1_1", "NAME_1": "Dakar", "NL_NAME_1": "NA", "NAME_2": "Guédiawaye", "VARNAME_2": "NA", "NL_NAME_2": "NA", "TYPE_2": "Département", "ENGTYPE_2": "Department", "CC_2": "14", "HASC_2": "SN.DK.GD", "area_ha": 1865.43, "carbon_mean": 16.8, "carbon_min": 8.74, "carbon_max": 75.18, "carbon_median": 14.31, "carbon_std": 8.57, "carbon_pixel_count": 3401 }, "geometry": { "type": "MultiPolygon", "coordinates": [ [ [ [ -1940187.405035964911804, 1661959.346184803871438 ], [ -1938862.703095525037497, 1662845.786452744621783 ], [ -1939051.946229873923585, 1663525.028172341408208 ], [ -1934877.465325125958771, 1665251.997001974144951 ], [ -1934098.22888957336545, 1665735.569663611939177 ], [ -1933608.423130082897842, 1665735.569663612172008 ], [ -1933174.27711598854512, 1665988.873365886276588 ], [ -1933174.27711598854512, 1666150.067968783900142 ], [ -1932895.978389005409554, 1665988.873365886276588 ], [ -1932851.450592688517645, 1666299.749603281030431 ], [ -1932417.304578594863415, 1665367.132500858744606 ], [ -1932818.054745450383052, 1664952.647188137751073 ], [ -1932740.13110189512372, 1664664.81421081488952 ], [ -1933152.013217830099165, 1663985.541527258232236 ], [ -1933129.749319671653211, 1663271.749442131957039 ], [ -1933575.027282844530419, 1663076.035816491348669 ], [ -1933897.853806144790724, 1663421.413836300373077 ], [ -1934331.999820239143446, 1663490.490012624766678 ], [ -1934665.958292618626729, 1662719.150206009857357 ], [ -1935122.368204871192575, 1662327.733132126741111 ], [ -1935645.569811599561945, 1662373.781881841598079 ], [ -1935634.437862520338967, 1662650.076159787364304 ], [ -1936402.542348993709311, 1662661.588487580651417 ], [ -1936925.743955722078681, 1662085.978586319135502 ], [ -1936614.049381500808522, 1661775.154744469095021 ], [ -1936769.896668611327186, 1661510.38192342617549 ], [ -1936970.271752039436251, 1661245.611902565695345 ], [ -1937170.646835467545316, 1661360.72895890311338 ], [ -1937515.737256926717237, 1661049.914121384266764 ], [ -1938038.938863655086607, 1660025.403635410359129 ], [ -1939686.467327395221218, 1659829.715386766940355 ], [ -1940154.009188727010041, 1660750.614590540761128 ], [ -1940187.405035964911804, 1661959.346184803871438 ] ] ] ] } },
{ "type": "Feature", "properties": { "GID_2": "SEN.1.3_1", "GID_0": "SEN", "COUNTRY": "Senegal", "GID_1": "SEN.1_1", "NAME_1": "Dakar", "NL_NAME_1": "NA", "NAME_2": "Pikine", "VARNAME_2": "NA", "NL_NAME_2": "NA", "TYPE_2": "Département", "ENGTYPE_2": "Department", "CC_2": "12", "HASC_2": "SN.DK.PK", "area_ha": 8298.26, "carbon_mean": 15.02, "carbon_min": 8.59, "carbon_max": 70.75, "carbon_median": 14.07, "carbon_std": 5.59, "carbon_pixel_count": 15218 }, "geometry": { "type": "MultiPolygon", "coordinates": [ [ [ [ -1925459.836404015077278, 1660531.897964439354837 ], [ -1925114.745982555905357, 1660347.717023657169193 ], [ -1926406.052075757877901, 1657539.125357669545338 ], [ -1926316.996483123395592, 1657401.006012860452756 ], [ -1926517.371566551271826, 1656906.084602675167844 ], [ -1930168.650864570401609, 1658563.534232007572427 ], [ -1930547.137133267708123, 1658505.982062457595021 ], [ -1930981.283147361362353, 1658759.212596456287429 ], [ -1932717.867203736212105, 1659139.063192645553499 ], [ -1935367.271084616426378, 1659208.127555724931881 ], [ -1937037.063446515472606, 1658954.892487926175818 ], [ -1938306.105641558766365, 1658505.982062456896529 ], [ -1938461.952928669052199, 1658505.982062457595021 ], [ -1938573.272419462446123, 1658862.807642887579277 ], [ -1939185.529618825763464, 1658471.450824121478945 ], [ -1939686.467327395221218, 1659829.715386766940355 ], [ -1938038.938863655086607, 1660025.403635410359129 ], [ -1937515.737256926717237, 1661049.914121384266764 ], [ -1937170.646835467545316, 1661360.72895890311338 ], [ -1936970.271752039436251, 1661245.611902565695345 ], [ -1936769.896668611327186, 1661510.38192342617549 ], [ -1936614.049381500808522, 1661775.154744469095021 ], [ -1936925.743955722078681, 1662085.978586319135502 ], [ -1936402.542348993709311, 1662661.588487580651417 ], [ -1935634.437862520338967, 1662650.076159787364304 ], [ -1935645.569811599561945, 1662373.781881841598079 ], [ -1935122.368204871192575, 1662327.733132126741111 ], [ -1934665.958292618626729, 1662719.150206009857357 ], [ -1934331.999820239143446, 1663490.490012624766678 ], [ -1933897.853806144790724, 1663421.413836300373077 ], [ -1933575.027282844530419, 1663076.035816491348669 ], [ -1933129.749319671653211, 1663271.749442131957039 ], [ -1933152.013217830099165, 1663985.541527258232236 ], [ -1932740.13110189512372, 1664664.81421081488952 ], [ -1932818.054745450383052, 1664952.647188137751073 ], [ -1932417.304578594863415, 1665367.132500858744606 ], [ -1932829.186694529606029, 1666334.291646370431408 ], [ -1930602.79687866428867, 1666852.428028212627396 ], [ -1930291.102304443018511, 1667301.488259889185429 ], [ -1929801.296544952783734, 1667301.488259889185429 ], [ -1926305.864534043939784, 1668890.535527399973944 ], [ -1926161.149196012644097, 1668395.386751648737118 ], [ -1925281.725218745646998, 1667186.343840384855866 ], [ -1925381.912760459585115, 1666979.085224140668288 ], [ -1925059.086237159091979, 1666057.956639708485454 ], [ -1924869.843102810671553, 1666127.040104658342898 ], [ -1924513.620732272043824, 1665862.221193588571623 ], [ -1924803.051408334868029, 1665378.646079933270812 ], [ -1925214.933524269843474, 1665447.727665825746953 ], [ -1925448.704454935854301, 1664975.673969559138641 ], [ -1925226.065473348833621, 1664595.734789580805227 ], [ -1924903.238950048340484, 1664595.734789580106735 ], [ -1925003.426491762511432, 1663594.1046348803211 ], [ -1925482.100302173988894, 1663651.668499430175871 ], [ -1925560.023945728782564, 1663525.028172341408208 ], [ -1925036.822339000413194, 1662995.448298101313412 ], [ -1925014.55844084196724, 1662776.712056877091527 ], [ -1925437.572505856398493, 1662684.613159060711041 ], [ -1925560.023945728782564, 1662212.611628569662571 ], [ -1926227.940890488680452, 1662304.708789047319442 ], [ -1926472.843770233681425, 1662132.026891181478277 ], [ -1925804.926825474016368, 1661567.940994130680338 ], [ -1925159.273778873262927, 1661337.705505293793976 ], [ -1925459.836404015077278, 1660531.897964439354837 ] ] ] ] } },
{ "type": "Feature", "properties": { "GID_2": "SEN.1.4_1", "GID_0": "SEN", "COUNTRY": "Senegal", "GID_1": "SEN.1_1", "NAME_1": "Dakar", "NL_NAME_1": "NA", "NAME_2": "Rufisque", "VARNAME_2": "Rufisque-Bargny", "NL_NAME_2": "NA", "TYPE_2": "Département", "ENGTYPE_2": "Department", "CC_2": "13", "HASC_2": "SN.DK.RF", "area_ha": 38291.61, "carbon_mean": 12.76, "carbon_min": 8.35, "carbon_max": 62.06, "carbon_median": 12.11, "carbon_std": 3.03, "carbon_pixel_count": 70342 }, "geometry": { "type": "MultiPolygon", "coordinates": [ [ [ [ -1920806.681688856100664, 1655076.111089757177979 ], [ -1923400.425824339035898, 1656134.947432791581377 ], [ -1923712.120398560306057, 1656042.872935454826802 ], [ -1923778.912093036575243, 1655824.197357121156529 ], [ -1925125.877931635361165, 1656514.75830287556164 ], [ -1925782.662927315570414, 1656710.420690292259678 ], [ -1925994.169959822902456, 1656583.815441962564364 ], [ -1925971.906061664223671, 1656779.478367580100894 ], [ -1926450.57987207500264, 1656940.613686707569286 ], [ -1926406.052075757877901, 1657539.125357669545338 ], [ -1925114.745982555905357, 1660347.717023657169193 ], [ -1925459.836404015077278, 1660531.897964439354837 ], [ -1925159.273778873262927, 1661337.705505293793976 ], [ -1925804.926825474016368, 1661567.940994130680338 ], [ -1926472.843770233681425, 1662132.026891181478277 ], [ -1926227.940890488680452, 1662304.708789047319442 ], [ -1925560.023945728782564, 1662212.611628569662571 ], [ -1925437.572505856398493, 1662684.613159060711041 ], [ -1925014.55844084196724, 1662776.712056877091527 ], [ -1925036.822339000413194, 1662995.448298101313412 ], [ -1925560.023945728782564, 1663525.028172341408208 ], [ -1925482.100302173988894, 1663651.668499430175871 ], [ -1925003.426491762511432, 1663594.1046348803211 ], [ -1924903.238950048340484, 1664595.734789580106735 ], [ -1925226.065473348833621, 1664595.734789580805227 ], [ -1925448.704454935854301, 1664975.673969559138641 ], [ -1925214.933524269843474, 1665447.727665825746953 ], [ -1924803.051408334868029, 1665378.646079933270812 ], [ -1924513.620732272043824, 1665862.221193588571623 ], [ -1924869.843102810671553, 1666127.040104658342898 ], [ -1925059.086237159091979, 1666057.956639708485454 ], [ -1925381.912760459585115, 1666979.085224140668288 ], [ -1925281.725218745646998, 1667186.343840384855866 ], [ -1926161.149196012644097, 1668395.386751648737118 ], [ -1926305.864534043939784, 1668890.535527399973944 ], [ -1921975.536342185456306, 1670813.648488449864089 ], [ -1910309.253707050113007, 1676952.482469035545364 ], [ -1909741.524304004851729, 1676434.135796728078276 ], [ -1909719.260405846172944, 1674487.552698810584843 ], [ -1909296.246340831276029, 1670951.841963654616848 ], [ -1908327.766770930495113, 1669270.54009488876909 ], [ -1907860.224909598473459, 1667635.410081346984953 ], [ -1907147.780168521450832, 1665988.873365886276588 ], [ -1906424.203478364972398, 1662995.448298101779073 ], [ -1906290.620089413365349, 1661038.402534824097529 ], [ -1906001.189413350773975, 1660647.011740111513063 ], [ -1904932.522301735589281, 1660301.672000040765852 ], [ -1904709.8833201485686, 1658828.275913188001141 ], [ -1904899.126454497221857, 1657458.555647476576269 ], [ -1905444.591959384502843, 1656952.123391938395798 ], [ -1907103.252372204093263, 1656572.305905590532348 ], [ -1907626.453978932695463, 1655996.835813371930271 ], [ -1907648.717877091374248, 1655663.069201838457957 ], [ -1907225.703812076710165, 1655617.032775879139081 ], [ -1907259.099659314844757, 1654776.88281906559132 ], [ -1907325.891353790648282, 1653902.2359902379103 ], [ -1907715.509571567177773, 1653349.843142387690023 ], [ -1907815.69711328111589, 1651934.391829284839332 ], [ -1906535.522969158366323, 1650818.197736303554848 ], [ -1906535.522969158366323, 1649046.197347921784967 ], [ -1906914.009237855207175, 1648010.670361372176558 ], [ -1907325.891353790648282, 1645537.083416479174048 ], [ -1906568.918816396268085, 1643351.324405561434105 ], [ -1908773.04473410313949, 1642074.468378055840731 ], [ -1909207.190748197026551, 1643604.402619980974123 ], [ -1909452.093627942027524, 1643707.935346534010023 ], [ -1909518.88532241852954, 1644179.589797066990286 ], [ -1910242.462012574542314, 1645422.038756720488891 ], [ -1914127.512241259915754, 1650127.793159877415746 ], [ -1917333.513576105935499, 1652716.907917242962867 ], [ -1918357.652891404228285, 1653257.778847238048911 ], [ -1920806.681688856100664, 1655076.111089757177979 ] ] ] ] } },
{ "type": "Feature", "properties": { "GID_2": "SEN.2.1_1", "GID_0": "SEN", "COUNTRY": "Senegal", "GID_1": "SEN.2_1", "NAME_1": "Diourbel", "NL_NAME_1": "NA", "NAME_2": "Bambey", "VARNAME_2": "NA", "NL_NAME_2": "NA", "TYPE_2": "Département", "ENGTYPE_2": "Department", "CC_2": "31", "HASC_2": "SN.DB.BB", "area_ha": 135293.69, "carbon_mean": 11.04, "carbon_min": 8.44, "carbon_max": 23.8, "carbon_median": 11.03, "carbon_std": 0.56, "carbon_pixel_count": 249181 }, "geometry": { "type": "MultiPolygon", "coordinates": [ [ [ [ -1839699.300696877064183, 1643799.964792556827888 ], [ -1841257.773567982716486, 1643822.972206381615251 ], [ -1844975.844560478115454, 1643316.813936109887436 ], [ -1845098.296000350732356, 1643523.877458950970322 ], [ -1846289.414551838766783, 1643512.373885442502797 ], [ -1846567.71327882213518, 1643788.461093492573127 ], [ -1847502.797001485479996, 1644053.047495737206191 ], [ -1847636.380390437319875, 1644225.605336364824325 ], [ -1847547.324797802837566, 1644536.21241696132347 ], [ -1848782.971145608229563, 1645203.455346105387434 ], [ -1849751.450715509243309, 1646814.114324634894729 ], [ -1850174.464780524140224, 1647170.774132522754371 ], [ -1850040.881391571834683, 1647538.944381125969812 ], [ -1850764.458081728080288, 1647734.537010129075497 ], [ -1851109.548503187485039, 1648574.452004239661619 ], [ -1851966.708582295803353, 1648378.852864049375057 ], [ -1852334.062901913421229, 1648816.07656571501866 ], [ -1852055.764174930285662, 1649920.675475577125326 ], [ -1852078.028073088964447, 1650058.753742648055777 ], [ -1852812.73671232489869, 1650116.286577205173671 ], [ -1852690.285272452048957, 1651957.406661111162975 ], [ -1850853.513674362795427, 1654466.149539411766455 ], [ -1850552.951049221213907, 1654650.287315491586924 ], [ -1850497.29130382463336, 1655018.566914839670062 ], [ -1849818.242409985512495, 1655962.308027190621942 ], [ -1848493.540469545638189, 1656549.286848676623777 ], [ -1848504.672418624861166, 1657170.808794122887775 ], [ -1847859.019372023874894, 1658655.617978014750406 ], [ -1848371.089029672788456, 1658828.27591318753548 ], [ -1848471.276571387192234, 1659772.160310342209414 ], [ -1848025.998608213849366, 1660324.694501270307228 ], [ -1847480.533103326801211, 1662673.100820671301335 ], [ -1848315.42928427644074, 1663478.9773033214733 ], [ -1850909.173419759608805, 1665344.105358629254624 ], [ -1851309.923586615594104, 1665908.276454648002982 ], [ -1852924.056203117826954, 1667002.11387427803129 ], [ -1853291.410522735444829, 1667543.293270420981571 ], [ -1853313.674420894356444, 1667865.703596796840429 ], [ -1852668.021374293603003, 1669005.68781489203684 ], [ -1850541.819100141758099, 1670894.261255783028901 ], [ -1850497.29130382463336, 1671331.877975327661261 ], [ -1850920.305368838831782, 1673209.110676481155679 ], [ -1852178.215614803135395, 1674902.196666684467345 ], [ -1853970.459416574565694, 1676376.542390240821987 ], [ -1854382.3415325100068, 1677228.938454668503255 ], [ -1855617.987880314933136, 1678346.312786732567474 ], [ -1857421.363631166284904, 1680823.146787327248603 ], [ -1855161.577968062600121, 1683208.053646306507289 ], [ -1853569.709249719046056, 1684291.130758909508586 ], [ -1852378.590698231011629, 1684798.119333307025954 ], [ -1847491.665052406024188, 1685835.173827914055437 ], [ -1840367.21764163672924, 1688013.130092256702483 ], [ -1839777.224340432323515, 1688255.137102753389627 ], [ -1839888.543831225251779, 1689050.319720896193758 ], [ -1836370.847922158427536, 1689234.713557316688821 ], [ -1834422.756833275780082, 1690640.761942703276873 ], [ -1832218.630915569141507, 1691655.010620222659782 ], [ -1830359.595419321442023, 1692000.786768204066902 ], [ -1829135.081020595273003, 1692035.364650252508 ], [ -1828812.254497294779867, 1691804.846354453824461 ], [ -1828077.545858059078455, 1691977.734873834764585 ], [ -1824582.113847150467336, 1691724.165461116237566 ], [ -1824248.155374770518392, 1691355.341888539493084 ], [ -1823635.898175407899544, 1691366.867541519924998 ], [ -1823602.50232816953212, 1691551.27872325386852 ], [ -1821966.105813508620486, 1691159.406613590661436 ], [ -1821632.147341128904372, 1691966.20893474877812 ], [ -1821342.716665066312999, 1692346.567775615025312 ], [ -1821175.737428876105696, 1692311.989456169540063 ], [ -1820808.383109258487821, 1692000.786768203601241 ], [ -1821142.341581638203934, 1690986.523842610884458 ], [ -1822411.383776681497693, 1689626.555041183950379 ], [ -1821231.397174272686243, 1687667.409911341732368 ], [ -1821342.716665066312999, 1687068.173076391452923 ], [ -1822166.48089693649672, 1686031.066789420787245 ], [ -1822366.855980364140123, 1683208.053646307904273 ], [ -1822021.765558905201033, 1682931.530923153506592 ], [ -1822500.439369316445664, 1679671.100174731807783 ], [ -1822678.550554585410282, 1679371.576830921228975 ], [ -1822444.779623919865116, 1679014.457575503271073 ], [ -1822467.043522078543901, 1677459.320795767009258 ], [ -1821832.522424556780607, 1671884.667985617183149 ], [ -1821954.973864429164678, 1671216.714934956980869 ], [ -1821621.015392049448565, 1670410.588565859245136 ], [ -1821153.473530717659742, 1670226.334773642476648 ], [ -1820941.9664982103277, 1669086.294732636539266 ], [ -1822211.00869325385429, 1669005.68781489203684 ], [ -1821988.36971166706644, 1667163.315020242705941 ], [ -1821031.022090844810009, 1666507.002578700426966 ], [ -1820552.348280433798209, 1665919.790283184498549 ], [ -1820307.445400688797235, 1664238.827488222857937 ], [ -1819795.375743039883673, 1662983.935816668439656 ], [ -1818103.31948298192583, 1661360.728958902880549 ], [ -1817379.742792825680226, 1661049.914121384266764 ], [ -1815776.742125402204692, 1659599.495874144136906 ], [ -1815209.012722356943414, 1659553.45222539245151 ], [ -1814318.456796010956168, 1659127.552483963081613 ], [ -1813550.352309536887333, 1657516.105414074612781 ], [ -1813182.997989919269457, 1657170.808794122654945 ], [ -1812737.720026745926589, 1657067.220734529197216 ], [ -1813483.560615061083809, 1656019.854363864986226 ], [ -1813416.768920585047454, 1655524.960177056491375 ], [ -1814184.873407058650628, 1655133.655396451009437 ], [ -1814251.665101534686983, 1654650.287315490888432 ], [ -1814774.866708263056353, 1653637.546236659400165 ], [ -1814908.450097214896232, 1652728.415688310284168 ], [ -1815709.950430926633999, 1652924.048601705348119 ], [ -1816734.089746224693954, 1650691.622147643240169 ], [ -1818849.160071296617389, 1651128.885968692600727 ], [ -1819272.174136311514303, 1650254.365916041657329 ], [ -1819372.361678024986759, 1649161.258526528021321 ], [ -1819839.903539356775582, 1648816.07656571525149 ], [ -1820374.23709516460076, 1647964.647926316596568 ], [ -1820385.369044243823737, 1647285.826758346753195 ], [ -1820708.195567544316873, 1646422.944844303186983 ], [ -1821220.265225193463266, 1646089.305075328797102 ], [ -1822266.668438650667667, 1644789.30248919967562 ], [ -1822400.251827602274716, 1644018.536068903515115 ], [ -1822856.661739854607731, 1644110.566645117942244 ], [ -1824771.356981498887762, 1643063.738598400494084 ], [ -1825027.391810323810205, 1643431.84901734883897 ], [ -1825517.197569814277813, 1643558.388210861710832 ], [ -1826797.371713936794549, 1642879.685397115536034 ], [ -1827509.816455013351515, 1642983.215158120263368 ], [ -1828422.636279518716037, 1642557.595515715423971 ], [ -1828767.726700977655128, 1642718.639944046270102 ], [ -1830337.331521162763238, 1642523.08612866862677 ], [ -1831973.728035823907703, 1642569.098655186360702 ], [ -1833153.714638232719153, 1641844.411076629767194 ], [ -1833955.214971943991259, 1641740.885972899617627 ], [ -1834389.36098603787832, 1641763.891514931805432 ], [ -1834701.055560259148479, 1642281.521736630937085 ], [ -1835213.125217908294871, 1642108.977153559681028 ], [ -1835602.743435684591532, 1642396.552112013567239 ], [ -1837740.077658915426582, 1642339.036858984269202 ], [ -1838040.640284057008103, 1642120.48008918017149 ], [ -1838808.744770531076938, 1642120.48008918040432 ], [ -1839454.397817131830379, 1643834.475921141216531 ], [ -1839699.300696877064183, 1643799.964792556827888 ] ] ] ] } },
{ "type": "Feature", "properties": { "GID_2": "SEN.2.2_1", "GID_0": "SEN", "COUNTRY": "Senegal", "GID_1": "SEN.2_1", "NAME_1": "Diourbel", "NL_NAME_1": "NA", "NAME_2": "Diourbel", "VARNAME_2": "NA", "NL_NAME_2": "NA", "TYPE_2": "Département", "ENGTYPE_2": "Department", "CC_2": "32", "HASC_2": "SN.DB.DB", "area_ha": 130055.37, "carbon_mean": 11.06, "carbon_min": 8.52, "carbon_max": 68.49, "carbon_median": 11.03, "carbon_std": 0.61, "carbon_pixel_count": 239556 }, "geometry": { "type": "MultiPolygon", "coordinates": [ [ [ [ -1792700.211683956906199, 1667140.286221351940185 ], [ -1792032.294739197241142, 1667117.257443712791428 ], [ -1790841.176187709206715, 1666645.172184889903292 ], [ -1790640.801104281330481, 1665965.84565041679889 ], [ -1791720.600164976203814, 1664929.620427939109504 ], [ -1791731.732114055659622, 1664607.24801319395192 ], [ -1792065.690586435608566, 1664676.327466252492741 ], [ -1792165.878128149081022, 1664227.314434320433065 ], [ -1791375.509743516799062, 1661567.940994130680338 ], [ -1790752.120595074724406, 1661383.752433682791889 ], [ -1790707.592798757366836, 1660267.138287863926962 ], [ -1791264.190252723637968, 1659311.724457109346986 ], [ -1790852.308136788429692, 1658839.786484470590949 ], [ -1789605.529839903814718, 1658586.555136810522527 ], [ -1789772.509076094022021, 1656111.928776810178533 ], [ -1789405.154756475938484, 1653580.005354522261769 ], [ -1789115.72408041334711, 1653614.529868006706238 ], [ -1788614.786371843656525, 1651796.30328017170541 ], [ -1788915.348996985703707, 1650426.966153600485995 ], [ -1788770.633658954175189, 1650380.939307983033359 ], [ -1789204.779673048295081, 1650346.419228943297639 ], [ -1789104.592131334356964, 1648528.428540682187304 ], [ -1788258.564001305261627, 1647953.142330668866634 ], [ -1786778.014773754635826, 1647550.449787929654121 ], [ -1786867.070366389583796, 1645157.438026880146936 ], [ -1787201.028838769299909, 1644743.28592396620661 ], [ -1787323.480278641916811, 1642638.117601795354858 ], [ -1786889.334264548029751, 1641717.880451768171042 ], [ -1786043.306134519167244, 1641326.789789834758267 ], [ -1785286.333597125019878, 1640452.608965396881104 ], [ -1785119.354360935045406, 1639635.967280388809741 ], [ -1785163.882157252170146, 1639187.400646057212725 ], [ -1785341.993342521367595, 1639049.381739404983819 ], [ -1786021.042236360488459, 1639129.892677007708699 ], [ -1786332.736810581758618, 1639486.444187288172543 ], [ -1786599.903588485438377, 1639532.451198946218938 ], [ -1785531.236476870253682, 1638014.263874198077247 ], [ -1788759.501709874952212, 1637703.73674828466028 ], [ -1789394.022807396948338, 1636622.671939328080043 ], [ -1792254.933720784028992, 1636806.679720452753827 ], [ -1792288.329568021930754, 1636634.172386592486873 ], [ -1792956.246512781595811, 1636565.169781110016629 ], [ -1795004.525143377715722, 1636990.688834778266028 ], [ -1795661.310139058157802, 1636956.187024282058701 ], [ -1798422.033510731067508, 1638048.767122713150457 ], [ -1799045.422659173607826, 1637772.742447950178757 ], [ -1799190.137997204903513, 1638439.807217891560867 ], [ -1799635.415960378013551, 1638623.828171498375013 ], [ -1800080.693923550890759, 1638600.825479303952307 ], [ -1800581.631632120814174, 1638267.288786017103121 ], [ -1801772.750183608848602, 1638681.334993232740089 ], [ -1801861.805776243330911, 1639509.447682682890445 ], [ -1802206.896197702270001, 1639727.98192979907617 ], [ -1803598.389832618646324, 1639382.928716253023595 ], [ -1804377.626268171239644, 1639981.023937650723383 ], [ -1805212.522449120646343, 1640383.595974233467132 ], [ -1806192.133968101814389, 1640544.626579291652888 ], [ -1806971.37040365440771, 1641131.246723326155916 ], [ -1807260.801079717231914, 1641108.241755915805697 ], [ -1807850.79438092187047, 1640314.58317099721171 ], [ -1811891.691896717064083, 1640671.151343969162554 ], [ -1812236.782318176236004, 1640544.626579292118549 ], [ -1813439.032818743959069, 1640648.146794311935082 ], [ -1814318.456796010956168, 1640234.068471393547952 ], [ -1816455.791019241325557, 1640487.115531452931464 ], [ -1817090.312116763088852, 1640855.188493104185909 ], [ -1817268.423302032286301, 1641154.251711630029604 ], [ -1819149.72269643866457, 1641418.810578758828342 ], [ -1819884.431335674133152, 1642247.012725939974189 ], [ -1820975.362345448462293, 1642546.092381472233683 ], [ -1820875.174803734524176, 1642868.182116481941193 ], [ -1821253.661072431830689, 1643627.409855927573517 ], [ -1822400.251827602274716, 1644018.536068903515115 ], [ -1822266.668438650667667, 1644789.30248919967562 ], [ -1821220.265225193463266, 1646089.305075328797102 ], [ -1820708.195567544316873, 1646422.944844303186983 ], [ -1820385.369044243823737, 1647285.826758346753195 ], [ -1820374.23709516460076, 1647964.647926316596568 ], [ -1819839.903539356775582, 1648816.07656571525149 ], [ -1819372.361678024986759, 1649161.258526528021321 ], [ -1819272.174136311514303, 1650254.365916041657329 ], [ -1818849.160071296617389, 1651128.885968692600727 ], [ -1816734.089746224693954, 1650691.622147643240169 ], [ -1815709.950430926633999, 1652924.048601705348119 ], [ -1814908.450097214896232, 1652728.415688310284168 ], [ -1814774.866708263056353, 1653637.546236659400165 ], [ -1814251.665101534686983, 1654650.287315490888432 ], [ -1814184.873407058650628, 1655133.655396451009437 ], [ -1813416.768920585047454, 1655524.960177056491375 ], [ -1813483.560615061083809, 1656019.854363864986226 ], [ -1812737.720026745926589, 1657067.220734529197216 ], [ -1813182.997989919269457, 1657170.808794122654945 ], [ -1813550.352309536887333, 1657516.105414074612781 ], [ -1814318.456796010956168, 1659127.552483963081613 ], [ -1815209.012722356943414, 1659553.45222539245151 ], [ -1815776.742125402204692, 1659599.495874144136906 ], [ -1817379.742792825680226, 1661049.914121384266764 ], [ -1818103.31948298192583, 1661360.728958902880549 ], [ -1819795.375743039883673, 1662983.935816668439656 ], [ -1820307.445400688797235, 1664238.827488222857937 ], [ -1820552.348280433798209, 1665919.790283184498549 ], [ -1821031.022090844810009, 1666507.002578700426966 ], [ -1821988.36971166706644, 1667163.315020242705941 ], [ -1822211.00869325385429, 1669005.68781489203684 ], [ -1820941.9664982103277, 1669086.294732636539266 ], [ -1821153.473530717659742, 1670226.334773642476648 ], [ -1821621.015392049448565, 1670410.588565859245136 ], [ -1821954.973864429164678, 1671216.714934956980869 ], [ -1821832.522424556780607, 1671884.667985617183149 ], [ -1822467.043522078543901, 1677459.320795767009258 ], [ -1822444.779623919865116, 1679014.457575503271073 ], [ -1822678.550554585410282, 1679371.576830921228975 ], [ -1822500.439369316445664, 1679671.100174731807783 ], [ -1822021.765558905201033, 1682931.530923153506592 ], [ -1822366.855980364140123, 1683208.053646307904273 ], [ -1822166.48089693649672, 1686031.066789420787245 ], [ -1821342.716665066312999, 1687068.173076391452923 ], [ -1821231.397174272686243, 1687667.409911341732368 ], [ -1822411.383776681497693, 1689626.555041183950379 ], [ -1821142.341581638203934, 1690986.523842610884458 ], [ -1818971.611511169467121, 1690306.530054574133828 ], [ -1818504.069649837445468, 1690905.845631641335785 ], [ -1817691.437367046950385, 1690951.947434107307345 ], [ -1817145.971862159669399, 1690640.761942702578381 ], [ -1816990.124575048917904, 1690329.580383983440697 ], [ -1817012.388473208062351, 1689407.584032070124522 ], [ -1815954.853310671634972, 1688992.696929949801415 ], [ -1811936.219693034887314, 1688024.654181755846366 ], [ -1810066.052247707732022, 1687310.170815209858119 ], [ -1808129.093107904540375, 1686111.729048888897523 ], [ -1808474.183529363712296, 1685593.190550633938983 ], [ -1808084.565311587182805, 1683887.85182057833299 ], [ -1807605.891501176171005, 1683841.76321803429164 ], [ -1806837.787014702567831, 1684302.653110986342654 ], [ -1806437.036847846815363, 1683784.152585699222982 ], [ -1805390.633634390076622, 1683668.931723831454292 ], [ -1800303.332905137678608, 1685120.753843162674457 ], [ -1796084.324204072356224, 1684694.416278569959104 ], [ -1794614.906925601419061, 1684348.742573024705052 ], [ -1792210.405924466205761, 1684821.164515697164461 ], [ -1790295.71068282192573, 1684671.371214409358799 ], [ -1790651.933053360553458, 1683104.357262763893232 ], [ -1790651.933053360553458, 1681929.161965987179428 ], [ -1791197.398558247368783, 1680419.924377463757992 ], [ -1791030.419322057627141, 1680143.432805006159469 ], [ -1791765.127961293561384, 1679290.936549242120236 ], [ -1792633.419989481102675, 1676710.586008073762059 ], [ -1788536.862728288630024, 1675846.689319585682824 ], [ -1790206.655090187909082, 1675501.139060579938814 ], [ -1790774.384493233403191, 1675098.003168115392327 ], [ -1792143.614229990635067, 1674879.160709154326469 ], [ -1794292.080402300925925, 1673220.627878727158532 ], [ -1794403.399893093854189, 1672460.503970018820837 ], [ -1794058.309471634915099, 1669339.632456863299012 ], [ -1793646.427355699706823, 1668418.41670923307538 ], [ -1793078.697952654445544, 1668176.603215340990573 ], [ -1792822.663123829290271, 1667140.286221351940185 ], [ -1792700.211683956906199, 1667140.286221351940185 ] ] ] ] } },
{ "type": "Feature", "properties": { "GID_2": "SEN.2.3_1", "GID_0": "SEN", "COUNTRY": "Senegal", "GID_1": "SEN.2_1", "NAME_1": "Diourbel", "NL_NAME_1": "NA", "NAME_2": "Mbacké", "VARNAME_2": "M'Back", "NL_NAME_2": "NA", "TYPE_2": "Département", "ENGTYPE_2": "Department", "CC_2": "33", "HASC_2": "SN.DB.MK", "area_ha": 220608.46, "carbon_mean": 11.3, "carbon_min": 8.01, "carbon_max": 19.94, "carbon_median": 11.24, "carbon_std": 0.72, "carbon_pixel_count": 406420 }, "geometry": { "type": "MultiPolygon", "coordinates": [ [ [ [ -1788781.765608033630997, 1650380.939307982567698 ], [ -1788915.348996985703707, 1650426.966153600485995 ], [ -1788614.786371843656525, 1651796.30328017170541 ], [ -1789115.72408041334711, 1653614.529868006706238 ], [ -1789405.154756475938484, 1653580.005354522261769 ], [ -1789772.509076094022021, 1656111.928776810178533 ], [ -1789605.529839903814718, 1658586.555136810522527 ], [ -1790852.308136788429692, 1658839.786484470590949 ], [ -1791264.190252723637968, 1659311.724457109346986 ], [ -1790707.592798757366836, 1660267.138287863926962 ], [ -1790752.120595074724406, 1661383.752433682791889 ], [ -1791375.509743516799062, 1661567.940994130680338 ], [ -1792199.273975386982784, 1664503.629191627027467 ], [ -1792065.690586435608566, 1664676.327466252492741 ], [ -1791731.732114055659622, 1664607.24801319395192 ], [ -1791720.600164976203814, 1664929.620427939109504 ], [ -1790640.801104281330481, 1665965.84565041679889 ], [ -1790841.176187709206715, 1666645.172184889903292 ], [ -1791364.377794437576085, 1666944.542288778116927 ], [ -1792822.663123829290271, 1667140.286221351940185 ], [ -1793078.697952654445544, 1668176.603215340990573 ], [ -1793646.427355699706823, 1668418.41670923307538 ], [ -1793869.066337286029011, 1668763.868625498609617 ], [ -1794136.233115190174431, 1669800.253098664106801 ], [ -1794403.399893093854189, 1672460.503970018820837 ], [ -1794292.080402300925925, 1673220.627878727158532 ], [ -1792789.26727659185417, 1674522.10609852313064 ], [ -1792143.614229990635067, 1674879.160709154326469 ], [ -1790774.384493233403191, 1675098.003168115392327 ], [ -1790206.655090187909082, 1675501.139060579938814 ], [ -1788536.862728288630024, 1675846.689319585682824 ], [ -1792633.419989481102675, 1676710.586008073762059 ], [ -1791765.127961293561384, 1679290.936549242120236 ], [ -1791030.419322057627141, 1680143.432805006159469 ], [ -1791197.398558247368783, 1680419.924377463757992 ], [ -1790651.933053360553458, 1681929.161965987179428 ], [ -1790651.933053360553458, 1683104.357262763893232 ], [ -1790217.787039266899228, 1684832.687114954460412 ], [ -1788136.112561432644725, 1685719.943400115007535 ], [ -1786098.965879915514961, 1686226.961305334232748 ], [ -1783093.339628497604281, 1685247.50426786695607 ], [ -1780811.290067235007882, 1684049.162606261670589 ], [ -1780043.185580761404708, 1685754.512471989262849 ], [ -1779263.949145208811387, 1686491.997536652255803 ], [ -1777738.872121340828016, 1686618.755001172656193 ], [ -1774933.620953350327909, 1686296.100917403586209 ], [ -1774744.377819001907483, 1686906.842569170985371 ], [ -1773208.168846054701135, 1688139.89537295838818 ], [ -1771905.730803773505613, 1688520.19512545526959 ], [ -1769979.903613049769774, 1688116.847091631498188 ], [ -1769890.848020415287465, 1687667.409911341965199 ], [ -1770269.334289112361148, 1687298.647059535607696 ], [ -1763311.866114532575011, 1688347.330874402076006 ], [ -1763089.227132946252823, 1687725.029604947194457 ], [ -1761775.657141585368663, 1686434.380722535774112 ], [ -1757378.53725525108166, 1684452.444176917662844 ], [ -1756064.967263890663162, 1682724.140909838490188 ], [ -1755675.349046114133671, 1681203.333931016502902 ], [ -1754217.063716722186655, 1678657.343465427635238 ], [ -1753860.841346184024587, 1678162.000151549233124 ], [ -1752803.306183647830039, 1677493.878331457031891 ], [ -1752313.500424157362431, 1677413.244156397879124 ], [ -1750766.159502130700275, 1677678.186001518042758 ], [ -1749018.443496676394716, 1678668.863195129903033 ], [ -1747749.401301632868126, 1680074.310394140891731 ], [ -1746268.852074082242325, 1682470.666588382096961 ], [ -1745389.428096815710887, 1682966.096094450680539 ], [ -1744621.323610342107713, 1682920.009210122516379 ], [ -1743975.670563741121441, 1682528.274160635657609 ], [ -1743574.920396885368973, 1681191.813022699672729 ], [ -1742751.156165014952421, 1680051.269633381860331 ], [ -1741426.454224575078115, 1678853.179598396178335 ], [ -1740547.030247308313847, 1677275.014751743292436 ], [ -1740524.766349149635062, 1676341.986410490004346 ], [ -1741103.627701274584979, 1675305.3293813157361 ], [ -1740157.412029531784356, 1675063.448967481497675 ], [ -1738354.036278680898249, 1674038.362874318379909 ], [ -1736528.396629671100527, 1673566.146426605526358 ], [ -1736984.806541923666373, 1673059.38753265957348 ], [ -1730261.109298009891063, 1668890.535527399973944 ], [ -1725563.426786533556879, 1670606.359713543904945 ], [ -1724160.80120253842324, 1670779.100239477818832 ], [ -1721767.432150483131409, 1670249.366423135623336 ], [ -1719285.007505792891607, 1669143.871262042084709 ], [ -1718416.715477605350316, 1668936.596378567395732 ], [ -1718260.868190495064482, 1668798.414080374874175 ], [ -1718216.340394177474082, 1668199.632970882346854 ], [ -1718494.639121160842478, 1666196.123760747723281 ], [ -1716869.374555579153821, 1665263.510527982842177 ], [ -1717826.722176401177421, 1664273.366681746207178 ], [ -1720108.771737663308159, 1659369.278476209612563 ], [ -1720798.95258058141917, 1657516.105414073448628 ], [ -1721043.855460326652974, 1655743.633150283247232 ], [ -1723459.48841054062359, 1655375.342923671239987 ], [ -1726665.489745386876166, 1654489.166687654564157 ], [ -1728301.886260048253462, 1653303.810952693223953 ], [ -1731363.172256863443181, 1650519.020097077824175 ], [ -1732320.519877685233951, 1650553.540412591770291 ], [ -1732977.304873365676031, 1651497.114021946908906 ], [ -1733244.471651269588619, 1653004.603772880276665 ], [ -1734357.666559202363715, 1654017.319360815687105 ], [ -1734569.173591709230095, 1653879.219379327492788 ], [ -1734947.659860406536609, 1652486.753601053031161 ], [ -1737830.834671952528879, 1653338.335087066749111 ], [ -1737508.008148652035743, 1655156.673156027216464 ], [ -1737953.28611182491295, 1655306.289107238873839 ], [ -1739444.967288454761729, 1654592.744115561246872 ], [ -1741114.759650354040787, 1655973.817283976590261 ], [ -1740747.40533073595725, 1657354.966400192119181 ], [ -1740836.460923370905221, 1657757.815875147236511 ], [ -1742094.371169334743172, 1657884.427045977674425 ], [ -1742628.704725142335519, 1657711.775607804302126 ], [ -1743419.073109774850309, 1656963.633102448191494 ], [ -1744576.795814024750143, 1657308.926871986594051 ], [ -1745868.101907226722687, 1656675.891922884155065 ], [ -1746291.115972241153941, 1656250.041029190178961 ], [ -1746446.963259351672605, 1653591.513520418433473 ], [ -1747315.255287539446726, 1653890.72768214950338 ], [ -1749530.513154325308278, 1655467.414974153740332 ], [ -1752113.125340729253367, 1656376.644594504963607 ], [ -1753916.501091580372304, 1657447.045709994621575 ], [ -1754740.265323450556025, 1658183.692353544989601 ], [ -1755441.578115448122844, 1658344.836690329015255 ], [ -1757100.238528267946094, 1659323.235250357771292 ], [ -1758213.433436200721189, 1658862.807642887346447 ], [ -1759193.044955181423575, 1653580.005354522028938 ], [ -1758502.864112263312563, 1649000.173023486044258 ], [ -1758714.371144770411775, 1646917.660201419843361 ], [ -1758647.57945029460825, 1646227.362376239849254 ], [ -1758436.072417787276208, 1645870.715892015956342 ], [ -1758669.843348453054205, 1644559.220500649185851 ], [ -1759682.850714671891183, 1642062.96546334004961 ], [ -1761207.927738539641723, 1640360.591685607330874 ], [ -1764681.095851289806888, 1637818.746351950336248 ], [ -1765783.158810143359005, 1637197.700682185357437 ], [ -1766996.541259789839387, 1636818.180251038866118 ], [ -1769590.285395273240283, 1636289.161233608610928 ], [ -1770670.084455967880785, 1635449.653664578450844 ], [ -1773052.32155894394964, 1634046.702898373827338 ], [ -1778729.61558940098621, 1633989.206567095825449 ], [ -1780143.373122475808486, 1633609.734039624454454 ], [ -1782559.006072689779103, 1634253.690767051419243 ], [ -1784707.47224499983713, 1635081.659088803455234 ], [ -1785453.312833314761519, 1636231.659830333897844 ], [ -1785408.785036997403949, 1637818.746351950336248 ], [ -1786599.903588485438377, 1639532.451198946218938 ], [ -1786332.736810581758618, 1639486.444187288172543 ], [ -1786021.042236360488459, 1639129.892677007708699 ], [ -1785341.993342521367595, 1639049.381739404983819 ], [ -1785163.882157252170146, 1639187.400646057212725 ], [ -1785119.354360935045406, 1639635.967280388809741 ], [ -1785286.333597125019878, 1640452.608965396881104 ], [ -1786043.306134519167244, 1641326.789789834758267 ], [ -1786889.334264548029751, 1641717.880451768171042 ], [ -1787323.480278641916811, 1642638.117601795354858 ], [ -1787201.028838769299909, 1644743.28592396620661 ], [ -1786867.070366389583796, 1645157.438026880146936 ], [ -1786778.014773754635826, 1647550.449787929654121 ], [ -1788258.564001305261627, 1647953.142330668866634 ], [ -1789104.592131334356964, 1648528.428540682187304 ], [ -1789204.779673048295081, 1650346.419228943297639 ], [ -1788781.765608033630997, 1650380.939307982567698 ] ] ], [ [ [ -1763412.053656246280298, 1690133.653271654853597 ], [ -1763356.393910849932581, 1690825.16768505377695 ], [ -1763345.261961770709604, 1690894.320194514701143 ], [ -1763423.185605326201767, 1689972.302702348679304 ], [ -1763412.053656246280298, 1690133.653271654853597 ] ] ] ] } },
{ "type": "Feature", "properties": { "GID_2": "SEN.3.1_1", "GID_0": "SEN", "COUNTRY": "Senegal", "GID_1": "SEN.3_1", "NAME_1": "Fatick", "NL_NAME_1": "NA", "NAME_2": "Fatick", "VARNAME_2": "NA", "NL_NAME_2": "NA", "TYPE_2": "Département", "ENGTYPE_2": "Department", "CC_2": "91", "HASC_2": "SN.FK.FK", "area_ha": 251857.31, "carbon_mean": 11.94, "carbon_min": 8.37, "carbon_max": 79.16, "carbon_median": 11.02, "carbon_std": 3.05, "carbon_pixel_count": 461870 }, "geometry": { "type": "MultiPolygon", "coordinates": [ [ [ [ -1861495.656994200078771, 1573356.106816846644506 ], [ -1863955.817740731174126, 1571130.562023091362789 ], [ -1864902.03341247420758, 1569811.38431372307241 ], [ -1865291.651630250737071, 1568687.267434452893212 ], [ -1865291.651630250737071, 1566003.344743797322735 ], [ -1865937.304676851723343, 1566060.690675353398547 ], [ -1866226.735352914314717, 1567253.514198167482391 ], [ -1866627.485519770067185, 1574067.402983563253656 ], [ -1867273.138566371053457, 1580033.869060238590464 ], [ -1866193.339505675947294, 1581479.793471093755215 ], [ -1865647.874000789131969, 1581342.082953709177673 ], [ -1864902.03341247420758, 1581537.173066570889205 ], [ -1864857.505616157082841, 1583316.002768458332866 ], [ -1865002.220954187912866, 1583958.706397355301306 ], [ -1865369.575273805996403, 1584486.653311450732872 ], [ -1866560.69382529403083, 1585680.311643349705264 ], [ -1866460.506283580092713, 1586368.985434426926076 ], [ -1867829.736020337091759, 1587046.199001246597618 ], [ -1869288.021349729271606, 1588458.073497530771419 ], [ -1869232.361604332458228, 1589146.820436186622828 ], [ -1868486.521016017766669, 1590248.853308504913002 ], [ -1867918.791612971806899, 1590409.570321419509128 ], [ -1866939.180093991104513, 1590042.21860269154422 ], [ -1865636.742051709676161, 1590512.888923610560596 ], [ -1865258.255783012602478, 1590294.772354098269716 ], [ -1865013.352903267135844, 1590398.090501972008497 ], [ -1864890.901463394984603, 1590650.647695963969454 ], [ -1864991.089005108689889, 1591063.928375475807115 ], [ -1865425.23501920257695, 1591798.66574544692412 ], [ -1866048.624167645117268, 1592303.809692044509575 ], [ -1866104.283913041697815, 1592682.674073548521847 ], [ -1865425.23501920257695, 1593624.118499023839831 ], [ -1864523.547143777133897, 1593899.669643039116636 ], [ -1863632.99121743068099, 1595105.240174022037536 ], [ -1862831.490883719641715, 1595208.577388209756464 ], [ -1861696.032077627955005, 1596529.033466916065663 ], [ -1861506.788943279301748, 1597573.963611997896805 ], [ -1861696.032077627955005, 1598090.702830426162109 ], [ -1863343.560541368555278, 1598963.441288747126237 ], [ -1864044.873333366122097, 1599962.533157681114972 ], [ -1863710.914860986173153, 1600410.414408516138792 ], [ -1863710.914860986173153, 1600869.787824123632163 ], [ -1863866.762148096924648, 1601914.892651403089985 ], [ -1864122.796976921148598, 1602362.807615375844762 ], [ -1862731.303342005237937, 1602948.554248027969152 ], [ -1861696.032077627955005, 1603936.313858134439215 ], [ -1862341.685124229174107, 1603924.828064806526527 ], [ -1862887.150629115989432, 1604705.873618324287236 ], [ -1861473.393096041632816, 1606440.338482157094404 ], [ -1860015.107766649452969, 1608933.117607209831476 ], [ -1859825.864632300799713, 1610001.525179107906297 ], [ -1860170.955053759971634, 1612827.848909346852452 ], [ -1860193.218951918883249, 1614666.274671840714291 ], [ -1859914.920224935282022, 1615642.991778692929074 ], [ -1859625.489548872923478, 1619481.274994912790135 ], [ -1859124.551840303232893, 1620366.230076282983646 ], [ -1858868.517011478543282, 1622251.171288272598758 ], [ -1858423.239048305898905, 1623182.199515271233395 ], [ -1858033.620830529136583, 1623366.110329631948844 ], [ -1855807.231014663819224, 1623090.244603535160422 ], [ -1853413.861962608294562, 1623101.738949440186843 ], [ -1851821.993244264507666, 1623446.571726399008185 ], [ -1849851.638257223647088, 1625573.143211302813143 ], [ -1847346.949714374728501, 1626596.259530604816973 ], [ -1842827.378388168057427, 1630401.692349565215409 ], [ -1842471.156017629429698, 1630735.125898732338101 ], [ -1842159.46144340839237, 1631551.481623999541625 ], [ -1841703.051531156059355, 1631988.415153407957405 ], [ -1840790.231706651160493, 1633759.222541454480961 ], [ -1839754.960442273877561, 1637887.752364289015532 ], [ -1839810.620187670225278, 1638715.839148844592273 ], [ -1838886.668414086103439, 1640303.081055394606665 ], [ -1838741.953076055040583, 1640786.174405532656237 ], [ -1838808.744770531076938, 1642120.48008918040432 ], [ -1838652.897483420325443, 1642166.491883923765272 ], [ -1835602.743435684591532, 1642396.552112013567239 ], [ -1835213.125217908294871, 1642108.977153559681028 ], [ -1834701.055560259148479, 1642281.521736630937085 ], [ -1834389.36098603787832, 1641763.891514931805432 ], [ -1833721.444041278213263, 1641752.388741303235292 ], [ -1833153.714638232719153, 1641844.411076629767194 ], [ -1831973.728035823907703, 1642569.098655186360702 ], [ -1830337.331521162763238, 1642523.08612866862677 ], [ -1828767.726700977655128, 1642718.639944046270102 ], [ -1828333.580686883768067, 1642569.098655186360702 ], [ -1827509.816455013351515, 1642983.215158120263368 ], [ -1826797.371713936794549, 1642879.685397115536034 ], [ -1825517.197569814277813, 1643558.388210861710832 ], [ -1825027.391810323810205, 1643431.84901734883897 ], [ -1824771.356981498887762, 1643063.738598400494084 ], [ -1822856.661739854607731, 1644110.566645117942244 ], [ -1821253.661072431830689, 1643627.409855927573517 ], [ -1820875.174803734524176, 1642868.182116481941193 ], [ -1820975.362345448462293, 1642546.092381472233683 ], [ -1819884.431335674133152, 1642247.012725939974189 ], [ -1819149.72269643866457, 1641418.810578758828342 ], [ -1817268.423302032286301, 1641154.251711630029604 ], [ -1817090.312116763088852, 1640855.188493104185909 ], [ -1816455.791019241325557, 1640487.115531452931464 ], [ -1814318.456796010956168, 1640234.068471393547952 ], [ -1813439.032818743959069, 1640648.146794311935082 ], [ -1812236.782318176236004, 1640544.626579292118549 ], [ -1811891.691896717064083, 1640671.151343969162554 ], [ -1807850.79438092187047, 1640314.58317099721171 ], [ -1807260.801079717231914, 1641108.241755915805697 ], [ -1806971.37040365440771, 1641131.246723326155916 ], [ -1806192.133968101814389, 1640544.626579291652888 ], [ -1805212.522449120646343, 1640383.595974233467132 ], [ -1804377.626268171239644, 1639981.023937650723383 ], [ -1803598.389832618646324, 1639382.928716253023595 ], [ -1802206.896197702270001, 1639727.98192979907617 ], [ -1801861.805776243330911, 1639509.447682682890445 ], [ -1801861.805776243330911, 1638715.839148843893781 ], [ -1800581.631632120814174, 1638267.288786017103121 ], [ -1799947.110534599050879, 1638635.329525416251272 ], [ -1799190.137997204903513, 1638439.807217891560867 ], [ -1799045.422659173607826, 1637772.742447950178757 ], [ -1799368.249182474100962, 1637588.727665710495785 ], [ -1799446.172826029127464, 1637289.706489440053701 ], [ -1799702.207654853817075, 1637243.703544138465077 ], [ -1799813.527145646745339, 1636818.180251038866118 ], [ -1799268.061640759930015, 1635334.654787366744131 ], [ -1800770.874766469467431, 1633874.214294391684234 ], [ -1800626.159428437938914, 1631562.97977875592187 ], [ -1801038.041544372914359, 1631057.065878390567377 ], [ -1801739.354336370946839, 1631275.527466667583212 ], [ -1802106.708655988564715, 1630631.646054634824395 ], [ -1801193.888831483665854, 1630275.218695956282318 ], [ -1801572.375100180972368, 1629401.417865152703598 ], [ -1801572.375100180972368, 1628677.105657083913684 ], [ -1802529.722721002995968, 1628585.130974928382784 ], [ -1802830.28534614504315, 1627699.891605818644166 ], [ -1802952.736786017427221, 1626458.308873734204099 ], [ -1803832.16076328442432, 1625216.786468691891059 ], [ -1805023.279314772458747, 1624159.240854430478066 ], [ -1805969.494986514793709, 1625159.310039853444323 ], [ -1806648.543880353914574, 1625021.367137728491798 ], [ -1806236.661764418939129, 1623320.132502173772082 ], [ -1805746.856004928471521, 1622343.123187058838084 ], [ -1804232.910930139943957, 1622044.280722842784598 ], [ -1804600.265249757561833, 1620297.271440534153953 ], [ -1804032.535846712067723, 1619906.509340257616714 ], [ -1803119.716022207634524, 1620055.917675610631704 ], [ -1802206.896197702270001, 1620527.134280862053856 ], [ -1801550.111202022060752, 1620458.175212410045788 ], [ -1801449.923660308122635, 1621308.683353499276564 ], [ -1799234.665793522028252, 1620561.61388463457115 ], [ -1797709.588769654277712, 1620435.188897471409291 ], [ -1796362.62293105549179, 1620607.586761788465083 ], [ -1795561.122597343986854, 1620435.188897471409291 ], [ -1795115.844634170876816, 1620182.340793012175709 ], [ -1794280.948453221470118, 1619136.495564418612048 ], [ -1793958.121929920976982, 1618067.708762349095196 ], [ -1792911.718716464238241, 1616343.952801482286304 ], [ -1794893.205652584321797, 1615620.009773618075997 ], [ -1797598.269278860883787, 1615711.937917157076299 ], [ -1797587.137329781427979, 1615918.777441746555269 ], [ -1800225.409261582186446, 1615654.482788933906704 ], [ -1801327.472220435505733, 1615033.975582850398496 ], [ -1801416.527813070220873, 1614654.78410304733552 ], [ -1802218.028146781725809, 1613781.515886205015704 ], [ -1802629.910262716934085, 1612666.992899821139872 ], [ -1802808.021447986131534, 1611345.713680008193478 ], [ -1805390.633634390076622, 1611782.302798295859247 ], [ -1808451.919631205266342, 1611897.195900596445426 ], [ -1808585.503020157106221, 1611805.281377783045173 ], [ -1808307.204293173970655, 1611586.98569974466227 ], [ -1809197.760219520190731, 1610989.55434889649041 ], [ -1808952.857339774724096, 1609909.617412652354687 ], [ -1809231.156066758092493, 1609817.70997355831787 ], [ -1810155.107840342214331, 1608496.576700432924554 ], [ -1810088.316145866177976, 1608370.210973124718294 ], [ -1810566.989956277422607, 1608117.481373290298507 ], [ -1812058.671132906805724, 1608956.093648856971413 ], [ -1812526.212994238827378, 1608220.870456148171797 ], [ -1812971.490957412170246, 1608370.210973124718294 ], [ -1813661.671800330281258, 1607600.542165689170361 ], [ -1814908.450097214896232, 1607072.12610923871398 ], [ -1815164.484926039585844, 1606199.114551714155823 ], [ -1816656.166102669201791, 1605521.402215858921409 ], [ -1816834.277287938864902, 1605119.377864153357223 ], [ -1819216.514390914933756, 1605429.510384738445282 ], [ -1819761.97989580174908, 1604935.597383682616055 ], [ -1819895.56328475358896, 1604085.629635013407096 ], [ -1820396.500993323512375, 1603201.233353865100071 ], [ -1820441.028789640869945, 1602512.114323354093358 ], [ -1820774.987262020586058, 1602293.897117159329355 ], [ -1820530.084382275119424, 1601788.559060735162348 ], [ -1821609.883442969992757, 1601409.561981748323888 ], [ -1821509.69590125628747, 1601145.41577778593637 ], [ -1820630.271923989290372, 1600777.912490340182558 ], [ -1820574.612178592709824, 1600467.835640709381551 ], [ -1820763.855312941130251, 1600111.826049185823649 ], [ -1821220.265225193463266, 1599732.853462771046907 ], [ -1821531.959799414733425, 1599744.337399254087359 ], [ -1821865.918271794449538, 1600398.930177324451506 ], [ -1822177.612846015952528, 1600352.993303381372243 ], [ -1822322.328184047248214, 1600123.310153332073241 ], [ -1821832.522424556780607, 1598699.319977229461074 ], [ -1822133.085049698362127, 1596965.372816901421174 ], [ -1821721.202933763153851, 1596896.476643347879872 ], [ -1820507.820484116440639, 1595794.162684763781726 ], [ -1820964.230396369239315, 1595598.966121956473216 ], [ -1821042.154039924265817, 1595323.396996211726218 ], [ -1821364.980563224758953, 1595518.591492222156376 ], [ -1821598.75149389100261, 1595311.9150126199238 ], [ -1821810.258526397868991, 1595415.253047281177714 ], [ -1821966.105813508620486, 1594944.494211710290983 ], [ -1821587.619544811546803, 1594783.749241856858134 ], [ -1821431.772257700795308, 1594324.48336710780859 ], [ -1821075.54988716263324, 1594450.78067525732331 ], [ -1820964.230396369239315, 1594198.186671391595155 ], [ -1821275.924970590509474, 1593888.188287185970694 ], [ -1821754.598781001288444, 1594358.928026772337034 ], [ -1822177.612846015952528, 1594473.743887996301055 ], [ -1822433.647674840409309, 1593658.562232655007392 ], [ -1822923.453434330644086, 1593980.039275693474337 ], [ -1823157.224364996654913, 1592866.367876670556143 ], [ -1823402.127244741888717, 1592797.482548815198243 ], [ -1823691.557920804480091, 1592992.658117186743766 ], [ -1824070.044189501553774, 1592751.559098037192598 ], [ -1823424.391142900334671, 1592016.794885794632137 ], [ -1824270.419272929430008, 1591018.007976792519912 ], [ -1826830.76756117423065, 1591523.136806936003268 ], [ -1827676.795691203325987, 1592246.406478089280427 ], [ -1828366.976534121436998, 1593578.193591675255448 ], [ -1829279.79635862656869, 1593624.118499024305493 ], [ -1827598.872047648299485, 1595174.131604568567127 ], [ -1827109.066288157831877, 1596506.068440749077126 ], [ -1827443.024760537547991, 1597160.579633281333372 ], [ -1829602.622881927294657, 1598308.884696553461254 ], [ -1831172.227702112402767, 1596747.202226816676557 ], [ -1832352.214304520981386, 1595151.167774129426107 ], [ -1833042.395147439092398, 1594588.560255415504798 ], [ -1836604.618852824205533, 1592682.674073549220338 ], [ -1839020.251803037943318, 1590168.495173041243106 ], [ -1840100.050863732816651, 1587895.610294129466638 ], [ -1841046.266535475384444, 1582856.938393640797585 ], [ -1841424.752804172458127, 1582248.690473505994305 ], [ -1842359.836526836268604, 1581835.548985238419846 ], [ -1844408.115157432621345, 1582351.976862050127238 ], [ -1845209.615491144126281, 1582179.833107044454664 ], [ -1845532.442014444619417, 1581606.028746723197401 ], [ -1845721.685148793039843, 1580389.604983877157792 ], [ -1847736.567932151490822, 1580699.443423638818786 ], [ -1849762.582664589164779, 1577532.378217480378225 ], [ -1853870.271874861093238, 1577084.888889106689021 ], [ -1856497.411857581930235, 1577222.577102740993723 ], [ -1856608.73134837532416, 1576430.879710198845714 ], [ -1857187.592700500041246, 1575157.329502037959173 ], [ -1858478.898793702479452, 1575455.63303758110851 ], [ -1859547.565905317664146, 1575260.588035981403664 ], [ -1861495.656994200078771, 1573356.106816846644506 ] ] ] ] } },
{ "type": "Feature", "properties": { "GID_2": "SEN.3.2_1", "GID_0": "SEN", "COUNTRY": "Senegal", "GID_1": "SEN.3_1", "NAME_1": "Fatick", "NL_NAME_1": "NA", "NAME_2": "Foundiougne", "VARNAME_2": "NA", "NL_NAME_2": "NA", "TYPE_2": "Département", "ENGTYPE_2": "Department", "CC_2": "92", "HASC_2": "SN.FK.FD", "area_ha": 306650.25, "carbon_mean": 17.44, "carbon_min": 8.42, "carbon_max": 91.39, "carbon_median": 13.46, "carbon_std": 9.36, "carbon_pixel_count": 559741 }, "geometry": { "type": "MultiPolygon", "coordinates": [ [ [ [ -1813127.338244522921741, 1527529.053790933219716 ], [ -1835569.347588446456939, 1527483.242913118097931 ], [ -1836471.035463871899992, 1527231.284467289689928 ], [ -1838363.466807357734069, 1527494.69562532263808 ], [ -1841803.239072869764641, 1527494.695625322172418 ], [ -1841903.426614583702758, 1528330.756672648945823 ], [ -1842382.100424994714558, 1528525.459519507596269 ], [ -1842983.225675278808922, 1527998.619747517397627 ], [ -1843417.371689372463152, 1527918.449374796822667 ], [ -1844274.531768480315804, 1529682.252319172723219 ], [ -1846178.095061045605689, 1531171.266231132904068 ], [ -1846244.886755521409214, 1531434.715677219443023 ], [ -1845988.851926696719602, 1531869.985596644226462 ], [ -1846278.282602759310976, 1531984.531475684838369 ], [ -1847024.123191074002534, 1533175.837365457089618 ], [ -1847135.44268186786212, 1533049.831376688554883 ], [ -1848293.165386117761955, 1533473.672036606818438 ], [ -1849217.117159701883793, 1533977.707416123943403 ], [ -1851243.131892139324918, 1536509.481898660305887 ], [ -1851844.257142423186451, 1537941.586190306115896 ], [ -1852211.611462041037157, 1537953.043331257300451 ], [ -1852055.764174930285662, 1539820.622407939052209 ], [ -1852211.611462041037157, 1541138.317464116727933 ], [ -1851655.014008074766025, 1542891.524848305154592 ], [ -1853424.993911687750369, 1545790.870389133226126 ], [ -1854115.174754605861381, 1546054.462784691248089 ], [ -1857009.481515230843797, 1549068.768784470623359 ], [ -1857254.384394976310432, 1548782.223210241645575 ], [ -1858311.919557512272149, 1548942.688354045851156 ], [ -1859235.871331096626818, 1550616.167890956625342 ], [ -1860950.191489312564954, 1551521.724436724092811 ], [ -1863521.671726637752727, 1552324.14194315019995 ], [ -1864145.060875079594553, 1552358.531803236110136 ], [ -1864645.998583649517968, 1553115.119924670085311 ], [ -1864890.901463394984603, 1552828.530993985477835 ], [ -1865146.936292219208553, 1551773.910200202371925 ], [ -1865391.839171964442357, 1551773.910200202371925 ], [ -1865581.082306313328445, 1552381.458401215728372 ], [ -1865603.346204471774399, 1556611.752677451819181 ], [ -1865848.249084217008203, 1558813.14691347675398 ], [ -1865825.985186058096588, 1559546.985445082420483 ], [ -1865603.346204471774399, 1559764.84765567840077 ], [ -1865725.797644344624132, 1560120.310882880352437 ], [ -1865480.894764598924667, 1561897.69831347791478 ], [ -1865269.387732092058286, 1561484.87515071942471 ], [ -1865113.540444981306791, 1560085.911008091876283 ], [ -1865291.651630250737071, 1559260.327359878690913 ], [ -1865146.936292219208553, 1558595.292494881199673 ], [ -1865358.443324726540595, 1558274.247127807466313 ], [ -1865391.839171964442357, 1557185.01490570558235 ], [ -1865080.144597743405029, 1556141.686851619044319 ], [ -1865169.200190377887338, 1555213.044579836074263 ], [ -1864812.97781983925961, 1554834.718109236331657 ], [ -1864857.505616157082841, 1563170.610127141466364 ], [ -1864979.957056029466912, 1565796.900417779106647 ], [ -1865291.651630250737071, 1566003.344743797322735 ], [ -1865291.651630250737071, 1568687.267434452893212 ], [ -1864902.03341247420758, 1569811.38431372307241 ], [ -1863955.817740731174126, 1571130.562023091362789 ], [ -1859781.336835983674973, 1575111.436950174393132 ], [ -1858478.898793702479452, 1575455.63303758110851 ], [ -1857187.592700500041246, 1575157.329502037959173 ], [ -1856608.73134837532416, 1576430.879710198845714 ], [ -1856497.411857581930235, 1577222.577102740993723 ], [ -1853870.271874861093238, 1577084.888889106689021 ], [ -1849762.582664589164779, 1577532.378217480378225 ], [ -1847736.567932151490822, 1580699.443423638818786 ], [ -1845721.685148793039843, 1580389.604983877157792 ], [ -1845532.442014444619417, 1581606.028746723197401 ], [ -1845209.615491144126281, 1582179.833107044454664 ], [ -1844408.115157432621345, 1582351.976862050127238 ], [ -1842359.836526836268604, 1581835.548985238419846 ], [ -1841424.752804172458127, 1582248.690473505994305 ], [ -1841046.266535475384444, 1582856.938393640797585 ], [ -1840100.050863732816651, 1587895.610294129466638 ], [ -1839020.251803037943318, 1590168.495173041243106 ], [ -1836604.618852824205533, 1592682.674073549220338 ], [ -1833042.395147439092398, 1594588.560255415504798 ], [ -1832352.214304520981386, 1595151.167774129426107 ], [ -1831172.227702112402767, 1596747.202226816676557 ], [ -1829602.622881927294657, 1598308.884696553461254 ], [ -1827443.024760537547991, 1597160.579633281333372 ], [ -1827109.066288157831877, 1596506.068440749077126 ], [ -1827598.872047648299485, 1595174.131604568567127 ], [ -1829279.79635862656869, 1593624.118499024305493 ], [ -1828366.976534121436998, 1593578.193591675255448 ], [ -1827676.795691203325987, 1592246.406478089280427 ], [ -1826830.76756117423065, 1591523.136806936003268 ], [ -1824459.662407277617604, 1590995.047807751456276 ], [ -1823847.405207914765924, 1591419.814205218805 ], [ -1823424.391142900334671, 1592016.794885794632137 ], [ -1822645.154707347741351, 1592269.367748508462682 ], [ -1820129.334215419366956, 1592154.561598582891747 ], [ -1818081.055584823479876, 1592797.482548815198243 ], [ -1814964.109842611243948, 1592579.346878080628812 ], [ -1814340.720694169402122, 1592326.771013007499278 ], [ -1812971.490957412170246, 1591086.888605118729174 ], [ -1812103.198929224628955, 1590926.167421827325597 ], [ -1811991.87943843123503, 1590731.007315578171983 ], [ -1810544.726058118743822, 1590179.974891536869109 ], [ -1808952.857339774724096, 1588676.174730782629922 ], [ -1807138.349639844382182, 1587402.030104064848274 ], [ -1806815.523116543889046, 1586564.112969699781388 ], [ -1806526.092440481530502, 1584119.384766980540007 ], [ -1806459.300746005261317, 1581594.552787486696616 ], [ -1806637.411931274458766, 1581146.994290728354827 ], [ -1807216.273283399641514, 1580217.474096683785319 ], [ -1809676.434029931202531, 1578806.043355280999094 ], [ -1810322.087076531955972, 1578186.41477314918302 ], [ -1810555.858007197966799, 1577876.605956608662382 ], [ -1810667.177497991127893, 1577050.466948252404109 ], [ -1811546.601475257892162, 1576109.6179938854184 ], [ -1811813.768253162037581, 1574732.826446845196187 ], [ -1811669.052915130741894, 1574319.803009646013379 ], [ -1810500.198261801153421, 1573539.665281414287165 ], [ -1810299.823178373510018, 1573792.06025611050427 ], [ -1809119.836575964931399, 1573734.69754975871183 ], [ -1807294.196926955133677, 1574044.45764645957388 ], [ -1805513.085074262693524, 1573493.77554551535286 ], [ -1805902.703292039223015, 1572323.61424906225875 ], [ -1805880.4393938803114, 1571704.138095747213811 ], [ -1805457.425328865880147, 1571520.592397120315582 ], [ -1804221.77898106072098, 1571566.478702172869816 ], [ -1804299.702624616213143, 1569788.442675217287615 ], [ -1803498.202290904708207, 1568629.915813449304551 ], [ -1802908.208989700069651, 1562494.009764266200364 ], [ -1803509.334239983698353, 1562092.644814786734059 ], [ -1803587.257883538724855, 1561381.670362254837528 ], [ -1804366.494319092016667, 1559822.180112931644544 ], [ -1804210.647031981265172, 1559214.462352856760845 ], [ -1804377.626268171239644, 1558687.020453799283132 ], [ -1804822.904231344582513, 1558446.23523580795154 ], [ -1805179.126601883210242, 1557483.11613908666186 ], [ -1806091.946426387643442, 1556153.151773136807606 ], [ -1808162.488955142442137, 1556290.731215962208807 ], [ -1808685.690561870811507, 1556038.502779827453196 ], [ -1807995.509718952467665, 1555522.588410606607795 ], [ -1807706.079042890574783, 1554937.897523676743731 ], [ -1808463.051580284256488, 1551005.897329231956974 ], [ -1806236.661764418939129, 1549745.028499047271907 ], [ -1805735.724055849015713, 1548724.914463329128921 ], [ -1800893.326206341851503, 1544392.7279264095705 ], [ -1800681.819173834752291, 1544369.808164789108559 ], [ -1800269.937057899544016, 1545023.029037970816717 ], [ -1799713.339603933272883, 1545034.489195157540962 ], [ -1799457.304775108583272, 1544690.686607742216438 ], [ -1799446.172826029127464, 1544255.209650110919029 ], [ -1799212.401895363349468, 1543877.03802096657455 ], [ -1798900.707321142312139, 1538583.193582239095122 ], [ -1798433.165459810523316, 1536704.243615775834769 ], [ -1797976.75554755795747, 1535581.518900079187006 ], [ -1796462.810472769429907, 1534126.628758718958125 ], [ -1796329.227083817822859, 1533817.331503238761798 ], [ -1796663.185556197538972, 1533210.202737018000335 ], [ -1796585.26191264227964, 1533095.651668311562389 ], [ -1795115.844634170876816, 1532912.370967590250075 ], [ -1795416.407259312691167, 1531446.170059115858749 ], [ -1797008.275977656710893, 1530632.920985542004928 ], [ -1796885.82453778386116, 1529865.511153675615788 ], [ -1795627.91429182025604, 1529132.483249919954687 ], [ -1795950.740815120516345, 1528181.867203341098502 ], [ -1796852.428690546192229, 1527414.526741383364424 ], [ -1813127.338244522921741, 1527529.053790933219716 ] ] ], [ [ [ -1851933.31273505766876, 1537609.331220408435911 ], [ -1852122.555869406322017, 1537540.589323953958228 ], [ -1852155.951716644689441, 1537666.616267974488437 ], [ -1852000.104429533937946, 1537700.98735492490232 ], [ -1851933.31273505766876, 1537609.331220408435911 ] ] ], [ [ [ -1853825.744078543270007, 1533920.430195146240294 ], [ -1853825.744078543270007, 1533599.680000476073474 ], [ -1853324.806369973812252, 1532935.280987257836387 ], [ -1852868.396457721246406, 1532774.911257097963244 ], [ -1852835.000610483344644, 1532328.172021920559928 ], [ -1852245.007309278706089, 1532328.172021920559928 ], [ -1851788.597397026373073, 1531365.989487615413964 ], [ -1851476.902822805568576, 1531503.44204129348509 ], [ -1851198.604095822200179, 1531343.080796516966075 ], [ -1851042.756808711681515, 1531503.44204129348509 ], [ -1851354.451382932718843, 1531079.63224205491133 ], [ -1852245.007309278706089, 1531148.357704790774733 ], [ -1852712.549170610494912, 1531503.442041293717921 ], [ -1854159.70255092298612, 1533977.707416123943403 ], [ -1853825.744078543270007, 1533920.430195146240294 ] ] ], [ [ [ -1852556.701883500209078, 1534836.8802986710798 ], [ -1852556.701883500209078, 1534527.574913845164701 ], [ -1852189.347563882125542, 1534871.247782246675342 ], [ -1852033.500276771839708, 1534710.866566283628345 ], [ -1852801.604763244977221, 1534138.084280598443002 ], [ -1852745.945017848629504, 1534836.8802986710798 ], [ -1852556.701883500209078, 1534836.8802986710798 ] ] ], [ [ [ -1852189.347563882125542, 1537517.675397406797856 ], [ -1851933.31273505766876, 1537448.933734575519338 ], [ -1851966.708582295803353, 1537128.141624524956569 ], [ -1851565.958415440050885, 1536784.44002553448081 ], [ -1851599.354262677952647, 1536372.003885810729116 ], [ -1852211.611462041037157, 1535478.413869124138728 ], [ -1852835.000610483344644, 1535123.277331177610904 ], [ -1852712.549170610494912, 1535925.205180157441646 ], [ -1852501.042138103628531, 1536177.244566371198744 ], [ -1852367.458749151555821, 1537574.960250278469175 ], [ -1852189.347563882125542, 1537517.675397406797856 ] ] ], [ [ [ -1861651.504281310597435, 1548140.372248768573627 ], [ -1861707.164026707177982, 1548083.064875067444518 ], [ -1862018.858600928448141, 1548117.449284578440711 ], [ -1861985.462753690546378, 1548209.141259020427242 ], [ -1861651.504281310597435, 1548140.372248768573627 ] ] ] ] } },
{ "type": "Feature", "properties": { "GID_2": "SEN.3.3_1", "GID_0": "SEN", "COUNTRY": "Senegal", "GID_1": "SEN.3_1", "NAME_1": "Fatick", "NL_NAME_1": "NA", "NAME_2": "Gossas", "VARNAME_2": "NA", "NL_NAME_2": "NA", "TYPE_2": "Département", "ENGTYPE_2": "Department", "CC_2": "93", "HASC_2": "SN.FK.GS", "area_ha": 126344.31, "carbon_mean": 11.11, "carbon_min": 8.2, "carbon_max": 15.82, "carbon_median": 11.12, "carbon_std": 0.38, "carbon_pixel_count": 232188 }, "geometry": { "type": "MultiPolygon", "coordinates": [ [ [ [ -1793078.697952654445544, 1616573.780248330207542 ], [ -1793958.121929920976982, 1618067.708762349095196 ], [ -1794280.948453221470118, 1619136.495564418612048 ], [ -1795115.844634170876816, 1620182.340793012175709 ], [ -1795561.122597343986854, 1620435.188897471409291 ], [ -1796362.62293105549179, 1620607.586761788465083 ], [ -1797709.588769654277712, 1620435.188897471409291 ], [ -1799234.665793522028252, 1620561.61388463457115 ], [ -1801449.923660308122635, 1621308.683353499276564 ], [ -1801550.111202022060752, 1620458.175212410045788 ], [ -1802206.896197702270001, 1620527.134280862053856 ], [ -1803119.716022207634524, 1620055.917675610631704 ], [ -1804032.535846712067723, 1619906.509340257616714 ], [ -1804600.265249757561833, 1620297.271440534153953 ], [ -1804232.910930139943957, 1622044.280722842784598 ], [ -1805746.856004928471521, 1622343.123187058838084 ], [ -1806236.661764418939129, 1623320.132502173772082 ], [ -1806648.543880353914574, 1625021.367137728491798 ], [ -1805969.494986514793709, 1625159.310039853444323 ], [ -1805023.279314772458747, 1624159.240854430478066 ], [ -1803832.16076328442432, 1625216.786468691891059 ], [ -1802952.736786017427221, 1626458.308873734204099 ], [ -1802830.28534614504315, 1627699.891605818644166 ], [ -1802529.722721002995968, 1628585.130974928382784 ], [ -1801572.375100180972368, 1628677.105657083913684 ], [ -1801572.375100180972368, 1629401.417865152703598 ], [ -1801193.888831483665854, 1630275.218695956282318 ], [ -1802106.708655988564715, 1630631.646054634824395 ], [ -1801739.354336370946839, 1631275.527466667583212 ], [ -1801038.041544372914359, 1631057.065878390567377 ], [ -1800626.159428437938914, 1631562.97977875592187 ], [ -1800770.874766469467431, 1633874.214294391684234 ], [ -1799268.061640759930015, 1635334.654787366744131 ], [ -1799813.527145646745339, 1636818.180251038866118 ], [ -1799702.207654853817075, 1637243.703544138465077 ], [ -1799446.172826029127464, 1637289.706489440053701 ], [ -1799368.249182474100962, 1637588.727665710495785 ], [ -1799000.894862855784595, 1637807.245368133299053 ], [ -1798422.033510731067508, 1638048.767122713150457 ], [ -1795661.310139058157802, 1636956.187024282058701 ], [ -1795004.525143377715722, 1636990.688834778266028 ], [ -1792956.246512781595811, 1636565.169781110016629 ], [ -1792288.329568021930754, 1636634.172386592486873 ], [ -1792254.933720784028992, 1636806.679720452753827 ], [ -1789750.245177935110405, 1636611.171497270697728 ], [ -1789394.022807396948338, 1636622.671939328080043 ], [ -1788759.501709874952212, 1637703.73674828466028 ], [ -1785531.236476870253682, 1638014.263874198077247 ], [ -1785364.25724068004638, 1637623.230335770407692 ], [ -1785453.312833314761519, 1636231.659830333897844 ], [ -1784707.47224499983713, 1635081.659088803455234 ], [ -1782559.006072689779103, 1634253.690767051419243 ], [ -1780143.373122475808486, 1633609.734039624454454 ], [ -1778729.61558940098621, 1633989.206567095825449 ], [ -1773052.32155894394964, 1634046.702898373827338 ], [ -1770670.084455967880785, 1635449.653664578450844 ], [ -1769590.285395273240283, 1636289.161233608610928 ], [ -1765649.575421191519126, 1637266.705006370320916 ], [ -1763946.387212054571137, 1638267.288786017103121 ], [ -1761207.927738539641723, 1640360.591685607330874 ], [ -1760406.427404828369617, 1641131.246723326155916 ], [ -1759382.288089530309662, 1642661.123959155753255 ], [ -1758669.843348453054205, 1644559.220500649185851 ], [ -1758436.072417787276208, 1645870.715892015956342 ], [ -1758647.57945029460825, 1646227.362376239849254 ], [ -1758714.371144770411775, 1646917.660201419843361 ], [ -1758502.864112263312563, 1649000.173023486044258 ], [ -1759181.913006102433428, 1654109.386436526430771 ], [ -1758324.752926994115114, 1658586.555136810522527 ], [ -1758213.433436200721189, 1658862.807642887346447 ], [ -1757100.238528267946094, 1659323.235250357771292 ], [ -1755441.578115448122844, 1658344.836690329015255 ], [ -1754740.265323450556025, 1658183.692353544989601 ], [ -1753916.501091580372304, 1657447.045709994621575 ], [ -1752113.125340729253367, 1656376.644594504963607 ], [ -1749530.513154325308278, 1655467.414974153740332 ], [ -1747693.74155623652041, 1654120.894844694063067 ], [ -1746747.525884493719786, 1653649.054428884061053 ], [ -1746446.963259351672605, 1653591.513520418433473 ], [ -1746291.115972241153941, 1656250.041029190178961 ], [ -1745868.101907226722687, 1656675.891922884155065 ], [ -1744576.795814024750143, 1657308.926871986594051 ], [ -1743419.073109774850309, 1656963.633102448191494 ], [ -1742628.704725142335519, 1657711.775607804302126 ], [ -1741760.412696954794228, 1657918.957476189127192 ], [ -1740836.460923370905221, 1657757.815875147236511 ], [ -1740747.40533073595725, 1657354.966400192119181 ], [ -1741114.759650354040787, 1655973.817283976590261 ], [ -1739444.967288454761729, 1654592.744115561246872 ], [ -1737953.28611182491295, 1655306.289107238873839 ], [ -1737508.008148652035743, 1655156.673156027216464 ], [ -1737830.834671952528879, 1653338.335087066749111 ], [ -1734947.659860406536609, 1652486.753601053031161 ], [ -1734569.173591709230095, 1653879.219379327492788 ], [ -1734357.666559202363715, 1654017.319360815687105 ], [ -1733244.471651269588619, 1653004.603772880276665 ], [ -1732977.304873365676031, 1651497.114021946908906 ], [ -1732320.519877685233951, 1650553.540412591770291 ], [ -1732398.443521240726113, 1647653.998685189522803 ], [ -1732031.089201623108238, 1644869.831679923459888 ], [ -1730606.199719468830153, 1643247.79313842416741 ], [ -1729437.345066139474511, 1642822.169046234805137 ], [ -1730049.602265502559021, 1642661.123959155753255 ], [ -1731585.811238449765369, 1641602.853159588528797 ], [ -1732064.485048860777169, 1642154.98892739857547 ], [ -1739645.342371882870793, 1635990.155357711249962 ], [ -1739534.022881089476869, 1632988.791201216168702 ], [ -1740391.182960197562352, 1632298.872479421086609 ], [ -1741348.530581019818783, 1632425.356178856920451 ], [ -1743641.712091361172497, 1633299.260726590408012 ], [ -1744587.927763104205951, 1633184.271571896970272 ], [ -1744933.018184563377872, 1632241.38009646255523 ], [ -1744086.990054534515366, 1631183.543411738006398 ], [ -1744821.698693769983947, 1630907.593239205889404 ], [ -1745556.407333005685359, 1631631.968816274544224 ], [ -1746780.921731731621549, 1632206.884728990728036 ], [ -1749519.381205246318132, 1632126.395719941006973 ], [ -1750443.332978830207139, 1631689.459823597921059 ], [ -1750632.576113178860396, 1630792.614882545778528 ], [ -1751267.097210700623691, 1629918.79632030101493 ], [ -1751422.944497810909525, 1628343.699011347955093 ], [ -1751779.166868349537253, 1627067.596561971120536 ], [ -1752669.72279469599016, 1625986.983081797370687 ], [ -1754116.876175008248538, 1625354.730425025336444 ], [ -1756254.210398239083588, 1625297.253686112351716 ], [ -1757167.030222743982449, 1623986.819084100658074 ], [ -1759070.593515309039503, 1618136.661406880710274 ], [ -1759048.329617150127888, 1617493.110590827651322 ], [ -1761786.789090664824471, 1617389.684285074239597 ], [ -1769334.250566448550671, 1617608.029196743387729 ], [ -1769289.722770131658763, 1625113.328989800531417 ], [ -1769735.00073330453597, 1625872.026890135835856 ], [ -1771215.549960855161771, 1626055.957044972339645 ], [ -1771972.522498249309137, 1624550.067835782887414 ], [ -1772629.307493929518387, 1624101.766801889752969 ], [ -1773274.960540530737489, 1624389.138355676317587 ], [ -1773954.009434369858354, 1625435.198076572269201 ], [ -1775011.544596905587241, 1626251.384284865576774 ], [ -1776503.22577353566885, 1626619.251379163935781 ], [ -1776803.788398677483201, 1626113.435489811934531 ], [ -1777850.191612134221941, 1625492.675125589827076 ], [ -1778429.052964258939028, 1624929.405616350471973 ], [ -1778662.823894925182685, 1623664.968221166171134 ], [ -1779564.511770350625739, 1622687.945747659541667 ], [ -1781345.62362304283306, 1622377.605234206886962 ], [ -1781479.207011994672939, 1620412.202603136887774 ], [ -1783026.547934021335095, 1618745.751142871798947 ], [ -1782848.436748752137646, 1617768.916108813369647 ], [ -1783416.166151798097417, 1617251.783191803842783 ], [ -1785386.521138838957995, 1616412.900819759815931 ], [ -1786633.2994357238058, 1616343.952801482286304 ], [ -1787045.181551658781245, 1616424.392174120526761 ], [ -1787791.022139973472804, 1616987.474831958301365 ], [ -1790963.627627581590787, 1617562.061692680697888 ], [ -1791898.711350245401263, 1617125.374506559222937 ], [ -1792611.15609132242389, 1616378.426787502830848 ], [ -1793078.697952654445544, 1616573.780248330207542 ] ] ] ] } },
{ "type": "Feature", "properties": { "GID_2": "SEN.4.1_1", "GID_0": "SEN", "COUNTRY": "Senegal", "GID_1": "SEN.4_1", "NAME_1": "Kaffrine", "NL_NAME_1": "NA", "NAME_2": "Birkilane", "VARNAME_2": "NA", "NL_NAME_2": "NA", "TYPE_2": "Département", "ENGTYPE_2": "Department", "CC_2": "122", "HASC_2": "SN.KF.BR", "area_ha": 112466.56, "carbon_mean": 11.02, "carbon_min": 7.95, "carbon_max": 24.75, "carbon_median": 10.99, "carbon_std": 0.78, "carbon_pixel_count": 205867 }, "geometry": { "type": "MultiPolygon", "coordinates": [ [ [ [ -1731864.109965432900935, 1558916.341734153684229 ], [ -1733901.256646949797869, 1557597.771347922738642 ], [ -1735259.354434627806768, 1554536.646486609475687 ], [ -1737062.730185478925705, 1552049.024655675748363 ], [ -1737318.765014303149655, 1551051.748224748298526 ], [ -1738754.786445536417887, 1549687.717691167723387 ], [ -1739099.876866995589808, 1548954.150186826242134 ], [ -1740190.807876769686118, 1548426.910956120118499 ], [ -1740880.98871968802996, 1548518.603989811381325 ], [ -1740970.0443123227451, 1548850.993868419667706 ], [ -1741593.433460765052587, 1549091.692562876036391 ], [ -1742840.21175764943473, 1550283.756092337192968 ], [ -1742862.475655808346346, 1550639.092994840117171 ], [ -1743953.406665582442656, 1551831.225478244014084 ], [ -1743686.239887678530067, 1551945.856403026729822 ], [ -1743853.21912386873737, 1552610.725462978938594 ], [ -1744176.045647168764845, 1552828.530993985943496 ], [ -1744743.775050214724615, 1552622.188867710530758 ], [ -1746302.247921320609748, 1554009.297156062209979 ], [ -1747693.74155623652041, 1554639.824748401530087 ], [ -1748216.94316296488978, 1555419.406734510324895 ], [ -1748127.887570329941809, 1556038.502779827453196 ], [ -1747215.067745825275779, 1556909.84749697172083 ], [ -1747148.276051349705085, 1557253.807201946619898 ], [ -1747994.30418137810193, 1557872.94586293422617 ], [ -1748818.068413248285651, 1558813.146913477219641 ], [ -1747025.824611476855353, 1560406.978236698545516 ], [ -1745712.254620115971193, 1563078.866694482974708 ], [ -1745834.706059988820925, 1564133.935318738454953 ], [ -1747905.248588743619621, 1566680.034645723644644 ], [ -1748239.207061123335734, 1568331.689388378756121 ], [ -1748706.748922455357388, 1569134.614345959853381 ], [ -1749207.686631025047973, 1569627.851763122947887 ], [ -1750187.298150005983189, 1569845.796808810904622 ], [ -1751912.750257301377133, 1569214.908182277111337 ], [ -1753905.369142500916496, 1570373.460677111754194 ], [ -1755118.751592147862539, 1571658.251551483524963 ], [ -1756487.981328905094415, 1571887.685070243664086 ], [ -1757345.141408013179898, 1572243.31096467981115 ], [ -1757411.933102489216253, 1573184.021916382480413 ], [ -1757233.821917219785973, 1573964.1491238407325 ], [ -1756799.675903125898913, 1574537.786795044085011 ], [ -1756766.280055888462812, 1575329.42728343163617 ], [ -1756910.995393919758499, 1576052.250242696842179 ], [ -1757233.821917219785973, 1576476.774561084341258 ], [ -1756899.863444840302691, 1577234.051153061212972 ], [ -1757345.141408013179898, 1577876.605956608662382 ], [ -1757278.349713537376374, 1579150.287766393972561 ], [ -1757534.384542361833155, 1580125.671418054029346 ], [ -1758647.57945029460825, 1580137.14673533779569 ], [ -1758803.426737404894084, 1580412.555854064645246 ], [ -1760072.468932448420674, 1580710.918991608079523 ], [ -1762677.345017011044547, 1582443.787326583405957 ], [ -1763679.220434150425717, 1583361.909647980472073 ], [ -1763812.803823102265596, 1583488.153981137787923 ], [ -1763690.352383229881525, 1584073.476560849929228 ], [ -1764324.87348075164482, 1584199.724321227520704 ], [ -1764681.095851289806888, 1584027.568435139721259 ], [ -1764992.790425511309877, 1584257.10986791853793 ], [ -1765627.311523033073172, 1586621.503698155749589 ], [ -1764447.324920624028891, 1587688.994197169551626 ], [ -1764870.338985638460144, 1589054.986462136963382 ], [ -1764580.90830957586877, 1590627.68785008485429 ], [ -1764558.644411417422816, 1594048.927729604067281 ], [ -1762387.914340948453173, 1599434.272897195303813 ], [ -1761107.740196825703606, 1602041.226857660803944 ], [ -1760317.371812193654478, 1601914.892651402391493 ], [ -1758046.454200010746717, 1602110.136684193275869 ], [ -1755519.501759003382176, 1602787.75973638263531 ], [ -1754595.549985419260338, 1607164.023777730995789 ], [ -1754250.459563960088417, 1607635.004457742674276 ], [ -1746970.164866080274805, 1607313.358185949968174 ], [ -1747070.352407794212922, 1606658.590644104173407 ], [ -1745912.629703544080257, 1605854.512839932925999 ], [ -1745545.275383926229551, 1605245.727701601339504 ], [ -1742717.760317777050659, 1598550.035206470405683 ], [ -1740190.807876769686118, 1593268.202584084821865 ], [ -1738509.883565791184083, 1591362.412936623208225 ], [ -1736973.674592844210565, 1590088.137284888653085 ], [ -1735905.007481228560209, 1588871.319482339546084 ], [ -1734992.187656723661348, 1586667.416371549479663 ], [ -1734290.87486472632736, 1584314.49554028082639 ], [ -1734123.895628536120057, 1583993.137393630342558 ], [ -1733645.221818125341088, 1583832.459797996329144 ], [ -1734179.555373932933435, 1582753.650016764877364 ], [ -1734580.305540788918734, 1581158.470054301200435 ], [ -1735348.410027262521908, 1579425.686541307717562 ], [ -1735793.687990435631946, 1577807.76004845649004 ], [ -1735849.347735831979662, 1575948.988605475518852 ], [ -1735537.653161610942334, 1575398.266710747499019 ], [ -1734947.659860406536609, 1574686.934634225443006 ], [ -1734224.083170250058174, 1574526.313919293927029 ], [ -1731886.37386359134689, 1576121.091559120221063 ], [ -1731474.491747656371444, 1575788.360196752706543 ], [ -1731285.248613307951018, 1574308.330228766426444 ], [ -1730639.595566706964746, 1573723.225023460807279 ], [ -1729426.213117060251534, 1573608.500034968368709 ], [ -1728313.01820912770927, 1573906.786043147090822 ], [ -1726654.357796307653189, 1574055.930312515702099 ], [ -1725964.176953389542177, 1573459.358295985963196 ], [ -1722836.099262098316103, 1567964.64609484327957 ], [ -1723014.210447367746383, 1567356.741836637957022 ], [ -1724416.836031362880021, 1566989.712061578640714 ], [ -1724194.197049776325002, 1566680.034645723877475 ], [ -1724505.891623997362331, 1566163.913664926309139 ], [ -1724361.176285966066644, 1565166.108274060999975 ], [ -1724728.53060558415018, 1564168.340436742408201 ], [ -1725151.544670598581433, 1563984.846989666344598 ], [ -1726253.607629451900721, 1562677.492904488230124 ], [ -1729326.025575346546248, 1560773.916959711350501 ], [ -1729570.928455091547221, 1560017.111392006045207 ], [ -1730116.393959978595376, 1559478.187222946202382 ], [ -1731084.873529879841954, 1559042.469280620105565 ], [ -1731374.304205942433327, 1559134.198780802777037 ], [ -1731864.109965432900935, 1558916.341734153684229 ] ] ] ] } },
{ "type": "Feature", "properties": { "GID_2": "SEN.4.2_1", "GID_0": "SEN", "COUNTRY": "Senegal", "GID_1": "SEN.4_1", "NAME_1": "Kaffrine", "NL_NAME_1": "NA", "NAME_2": "Kaffrine", "VARNAME_2": "NA", "NL_NAME_2": "NA", "TYPE_2": "Département", "ENGTYPE_2": "Department", "CC_2": "121", "HASC_2": "SN.KF.KF", "area_ha": 247478.56, "carbon_mean": 11.22, "carbon_min": 7.95, "carbon_max": 23.74, "carbon_median": 11.13, "carbon_std": 0.77, "carbon_pixel_count": 453201 }, "geometry": { "type": "MultiPolygon", "coordinates": [ [ [ [ -1712739.421447148313746, 1547166.163563175592571 ], [ -1714008.463642191840336, 1546100.305204822216183 ], [ -1714086.387285747099668, 1545561.661715387832373 ], [ -1714776.56812866544351, 1545252.233111353591084 ], [ -1714776.56812866544351, 1545997.159869691357017 ], [ -1716390.70074516790919, 1546134.687071332940832 ], [ -1717637.479042052756995, 1548782.223210241878405 ], [ -1717826.722176401177421, 1549378.241449016844854 ], [ -1716969.562097293091938, 1549389.703468256164342 ], [ -1716991.825995451537892, 1551143.450251620728523 ], [ -1718594.826662874547765, 1551120.524715421721339 ], [ -1719118.028269602917135, 1551498.798576189670712 ], [ -1721121.779103881912306, 1551372.70669464673847 ], [ -1722646.856127749662846, 1551579.039174072444439 ], [ -1723704.391290285857394, 1551487.335653294343501 ], [ -1723826.842730158707127, 1552152.193306574132293 ], [ -1724405.704082283424214, 1552392.921707582194358 ], [ -1724984.565434408374131, 1552026.098342893645167 ], [ -1725095.884925202000886, 1551154.91302709071897 ], [ -1726988.316268687369302, 1551177.838592770742252 ], [ -1727789.816602399339899, 1551349.78096189070493 ], [ -1729248.101931791054085, 1552255.362355751916766 ], [ -1729337.157524425536394, 1553344.393283325945958 ], [ -1730450.352432358078659, 1553126.583545857109129 ], [ -1733867.860799711896107, 1554708.610477909678593 ], [ -1734903.132064089179039, 1554846.18246891326271 ], [ -1735225.958587389672175, 1554651.289024338591844 ], [ -1734179.555373932933435, 1557196.480276076355949 ], [ -1733767.67325799795799, 1557769.755086615914479 ], [ -1731574.679289370309561, 1559065.40162602160126 ], [ -1731084.873529879841954, 1559042.469280620105565 ], [ -1730116.393959978595376, 1559478.187222946202382 ], [ -1729570.928455091547221, 1560017.111392006045207 ], [ -1729326.025575346546248, 1560773.916959711350501 ], [ -1726253.607629451900721, 1562677.492904488230124 ], [ -1725307.391957708867267, 1563824.291264545870945 ], [ -1724606.079165711300448, 1564374.772081883857027 ], [ -1724361.176285966066644, 1565166.108274060999975 ], [ -1724505.891623997362331, 1566163.913664926309139 ], [ -1724194.197049776325002, 1566680.034645723877475 ], [ -1724416.836031362880021, 1566989.712061578640714 ], [ -1723014.210447367746383, 1567356.741836637957022 ], [ -1722802.703414860414341, 1567781.126357046654448 ], [ -1725964.176953389542177, 1573459.358295985963196 ], [ -1726498.510509196901694, 1573964.149123840266839 ], [ -1726843.600930656073615, 1574101.82102665794082 ], [ -1729426.213117060251534, 1573608.500034968368709 ], [ -1730639.595566706964746, 1573723.225023460807279 ], [ -1731285.248613307951018, 1574308.330228766426444 ], [ -1731474.491747656371444, 1575788.360196752706543 ], [ -1731886.37386359134689, 1576121.091559120221063 ], [ -1734224.083170250058174, 1574526.313919293927029 ], [ -1734947.659860406536609, 1574686.934634225443006 ], [ -1735537.653161610942334, 1575398.266710747499019 ], [ -1735849.347735831979662, 1575948.988605475518852 ], [ -1735793.687990435631946, 1577807.76004845649004 ], [ -1735348.410027262521908, 1579425.686541307717562 ], [ -1734580.305540788918734, 1581158.470054301200435 ], [ -1734179.555373932933435, 1582753.650016764877364 ], [ -1733645.221818125341088, 1583832.459797996329144 ], [ -1734123.895628536120057, 1583993.137393630342558 ], [ -1734290.87486472632736, 1584314.49554028082639 ], [ -1734992.187656723661348, 1586667.416371549479663 ], [ -1735905.007481228560209, 1588871.319482339546084 ], [ -1736973.674592844210565, 1590088.137284888653085 ], [ -1738509.883565791184083, 1591362.412936623208225 ], [ -1740190.807876769686118, 1593268.202584084821865 ], [ -1742717.760317777050659, 1598550.035206470405683 ], [ -1745745.650467353872955, 1605659.240574538009241 ], [ -1747070.352407794212922, 1606658.590644104173407 ], [ -1746524.886902906931937, 1609530.501336118672043 ], [ -1746246.588175923796371, 1614689.255824823398143 ], [ -1747237.331643983954564, 1620113.382651721592993 ], [ -1747504.498421887867153, 1622975.301428302656859 ], [ -1747404.310880173929036, 1623745.430557426530868 ], [ -1747159.408000428695232, 1624147.746033594245091 ], [ -1747103.748255032114685, 1626090.444096363848075 ], [ -1746558.282750144833699, 1628803.571386334253475 ], [ -1745600.935129322577268, 1629079.498789530945942 ], [ -1745166.789115229155868, 1629619.865265996195376 ], [ -1744821.698693769983947, 1630907.593239205889404 ], [ -1744086.990054534515366, 1631183.543411738006398 ], [ -1744933.018184563377872, 1632241.38009646255523 ], [ -1744587.927763104205951, 1633184.271571896970272 ], [ -1743641.712091361172497, 1633299.260726590408012 ], [ -1741348.530581019818783, 1632425.356178856920451 ], [ -1740391.182960197562352, 1632298.872479421086609 ], [ -1739534.022881089476869, 1632988.791201216168702 ], [ -1737741.779079317813739, 1630850.103996035642922 ], [ -1737007.070440082112327, 1629343.932017981773242 ], [ -1735849.347735831979662, 1628228.732212345348671 ], [ -1734435.590202757623047, 1627722.884447879390791 ], [ -1731930.90165990893729, 1627412.482826968887821 ], [ -1729326.025575346546248, 1627286.02398903365247 ], [ -1713329.414748352719471, 1632931.297260258113965 ], [ -1707841.363852244336158, 1630551.162021891679615 ], [ -1707930.419444879051298, 1629401.417865153867751 ], [ -1712405.462974768597633, 1627527.44595032162033 ], [ -1714988.075161172542721, 1627343.505201377673075 ], [ -1712260.747636737301946, 1622940.818576355464756 ], [ -1712294.143483975436538, 1621814.404276399873197 ], [ -1712717.157548989867792, 1620607.586761788697913 ], [ -1711359.059761311858892, 1618240.090720857260749 ], [ -1710947.177645376883447, 1616711.67770291143097 ], [ -1711236.60832143924199, 1613367.872860178584233 ], [ -1715344.29753171117045, 1611265.290175206027925 ], [ -1717592.951245735399425, 1611541.028950460487977 ], [ -1717960.3055653530173, 1611127.421893466962501 ], [ -1719719.153519886778668, 1607324.845483862794936 ], [ -1720030.848094107815996, 1607129.562113755382597 ], [ -1723058.738243685103953, 1607405.256712222937495 ], [ -1723927.030271872645244, 1607290.383605443872511 ], [ -1724138.537304379744455, 1607049.151743169175461 ], [ -1724149.669253459200263, 1606693.051680200267583 ], [ -1723826.842730158707127, 1606256.548616762273014 ], [ -1720943.667918612714857, 1604143.0590092362836 ], [ -1720565.181649915641174, 1603028.951878038002178 ], [ -1720064.243941345950589, 1602626.966222480870783 ], [ -1717592.951245735399425, 1604935.597383682848886 ], [ -1715444.485073425108567, 1604522.096074023749679 ], [ -1716190.325661740032956, 1596517.550951297860593 ], [ -1713941.671947715803981, 1596150.113127722404897 ], [ -1715889.763036597985774, 1593968.557884419569746 ], [ -1714342.42211457178928, 1593107.467957715736702 ], [ -1714787.700077744666487, 1592912.291529701789841 ], [ -1715845.235240280861035, 1587528.293917094124481 ], [ -1716557.679981357650831, 1585290.071203044848517 ], [ -1717459.367856783559546, 1584142.338900204282254 ], [ -1720175.563432139111683, 1582535.598112438572571 ], [ -1721110.647154802689329, 1581284.703784687677398 ], [ -1721277.626390992663801, 1580630.590121126966551 ], [ -1718605.958611954003572, 1580458.457654605153948 ], [ -1707474.009532626718283, 1577670.068772658472881 ], [ -1704401.591586732538417, 1576660.354764684801921 ], [ -1700538.805256205610931, 1574618.09706511744298 ], [ -1698969.200436020735651, 1574055.930312515469268 ], [ -1694839.247327590128407, 1573757.642617326928303 ], [ -1693714.920470578130335, 1573826.477939814794809 ], [ -1692835.496493311133236, 1571727.081397781614214 ], [ -1692534.933868169551715, 1571463.234627926955 ], [ -1691009.856844301335514, 1571256.74769028602168 ], [ -1689952.321681765606627, 1571646.77992787770927 ], [ -1689306.668635164387524, 1571681.194813648005947 ], [ -1687814.987458534305915, 1570889.663786867866293 ], [ -1687135.938564695650712, 1570935.548995828488842 ], [ -1686579.341110729379579, 1571382.933960343012586 ], [ -1686367.834078222047538, 1573149.605070995166898 ], [ -1686134.063147556269541, 1573505.247972004814073 ], [ -1685432.750355558237061, 1573597.027563567040488 ], [ -1683874.277484452584758, 1573310.21740029216744 ], [ -1684620.118072767741978, 1571187.919069811468944 ], [ -1685688.785184382926673, 1569272.261071763699874 ], [ -1685777.840777017641813, 1568756.089543784502894 ], [ -1685621.993489906890318, 1568044.936380291590467 ], [ -1683685.034350104164332, 1567058.529756880365312 ], [ -1683529.187062993645668, 1566588.279069727985188 ], [ -1684653.51392000564374, 1565751.024119294481352 ], [ -1685310.29891568585299, 1565624.864707943983376 ], [ -1687725.931865899823606, 1566095.09829386183992 ], [ -1689095.161602657288313, 1566152.444424003362656 ], [ -1689918.925834527239203, 1565808.369504809379578 ], [ -1690074.773121637990698, 1565315.20324420905672 ], [ -1689952.321681765606627, 1565028.482891995925456 ], [ -1688315.925167104229331, 1563893.10074205417186 ], [ -1686523.681365332333371, 1563170.610127141932026 ], [ -1683818.617739056237042, 1562505.477423385716975 ], [ -1683028.249354423722252, 1561725.687882758444175 ], [ -1681714.679363063303754, 1559088.333991185994819 ], [ -1681280.533348969416693, 1557758.289469484705478 ], [ -1681202.60970541392453, 1556829.59087137458846 ], [ -1681480.908432397525758, 1553470.494469614000991 ], [ -1681391.852839762577787, 1552725.359731629490852 ], [ -1683328.811979565769434, 1552037.561496826121584 ], [ -1693748.316317816032097, 1545515.820215586572886 ], [ -1696431.116045933915302, 1545492.899495051242411 ], [ -1698067.512560594826937, 1547200.546796296490356 ], [ -1700060.131445794831961, 1548621.759027919033542 ], [ -1701985.958636518102139, 1549275.083496693987399 ], [ -1704501.779128446243703, 1549664.793402376817539 ], [ -1706917.41207866044715, 1549492.861862260149792 ], [ -1708297.773764496669173, 1549126.07826728397049 ], [ -1712739.421447148313746, 1547166.163563175592571 ] ] ] ] } },
{ "type": "Feature", "properties": { "GID_2": "SEN.4.3_1", "GID_0": "SEN", "COUNTRY": "Senegal", "GID_1": "SEN.4_1", "NAME_1": "Kaffrine", "NL_NAME_1": "NA", "NAME_2": "Koungheul", "VARNAME_2": "NA", "NL_NAME_2": "NA", "TYPE_2": "Département", "ENGTYPE_2": "Department", "CC_2": "123", "HASC_2": "SN.KC.KU", "area_ha": 455773.89, "carbon_mean": 11.11, "carbon_min": 7.76, "carbon_max": 27.13, "carbon_median": 11.01, "carbon_std": 0.72, "carbon_pixel_count": 835610 }, "geometry": { "type": "MultiPolygon", "coordinates": [ [ [ [ -1626633.79531855112873, 1566324.483559177722782 ], [ -1628704.337847306160256, 1565166.108274060767144 ], [ -1633613.527391289593652, 1561748.622542505385354 ], [ -1635494.826785695971921, 1560865.652431850554422 ], [ -1638634.036426066420972, 1553275.611069057136774 ], [ -1642997.760465162573382, 1552656.579111414030194 ], [ -1647784.498569273389876, 1552358.531803236342967 ], [ -1648430.151615874376148, 1551808.299352279631421 ], [ -1649899.568894345546141, 1549561.634345784317702 ], [ -1651023.895751357777044, 1548587.373971073422581 ], [ -1650979.367955040419474, 1548128.910764221800491 ], [ -1651491.437612689333037, 1547624.610297866631299 ], [ -1652749.347858653170988, 1548472.757433730177581 ], [ -1655554.599026643903926, 1549802.339429646031931 ], [ -1658504.56553266569972, 1550776.644030745141208 ], [ -1661899.810001860605553, 1551303.929555349750444 ], [ -1663814.505243504652753, 1551384.169568396173418 ], [ -1666152.214550163364038, 1550765.181417402811348 ], [ -1667176.353865461656824, 1550845.419813959626481 ], [ -1676705.302277365932241, 1554364.683603472076356 ], [ -1681391.852839762577787, 1552725.359731629490852 ], [ -1681480.908432397525758, 1553470.494469614000991 ], [ -1681202.60970541392453, 1556829.59087137458846 ], [ -1681280.533348969416693, 1557758.289469484705478 ], [ -1681714.679363063303754, 1559088.333991185994819 ], [ -1683028.249354423722252, 1561725.687882758444175 ], [ -1683818.617739056237042, 1562505.477423385716975 ], [ -1686523.681365332333371, 1563170.610127141932026 ], [ -1688315.925167104229331, 1563893.10074205417186 ], [ -1689952.321681765606627, 1565028.482891995925456 ], [ -1690074.773121637990698, 1565315.20324420905672 ], [ -1689918.925834527239203, 1565808.369504809379578 ], [ -1689095.161602657288313, 1566152.444424003362656 ], [ -1687725.931865899823606, 1566095.09829386183992 ], [ -1685310.29891568585299, 1565624.864707943983376 ], [ -1684653.51392000564374, 1565751.024119294481352 ], [ -1683529.187062993645668, 1566588.279069727985188 ], [ -1683685.034350104164332, 1567058.529756880365312 ], [ -1685621.993489906890318, 1568044.936380291590467 ], [ -1685777.840777017641813, 1568756.089543784502894 ], [ -1685688.785184382926673, 1569272.261071763699874 ], [ -1684620.118072767741978, 1571187.919069811468944 ], [ -1683874.277484452584758, 1573310.21740029216744 ], [ -1684375.215193022508174, 1574205.075425518909469 ], [ -1684753.701461719581857, 1574514.8410485368222 ], [ -1684865.020952512975782, 1575295.007637223694474 ], [ -1685878.02831873157993, 1575593.312731656711549 ], [ -1686278.778485587332398, 1575880.147738924250007 ], [ -1686412.361874539405107, 1576350.563913649413735 ], [ -1686223.118740190751851, 1576706.25001561222598 ], [ -1684775.965359878493473, 1577016.045052417553961 ], [ -1684330.687396705150604, 1577509.429861672688276 ], [ -1685076.527985020074993, 1578381.481455785222352 ], [ -1684675.777818164089695, 1578886.366648009279743 ], [ -1683351.075877724215388, 1579242.087037404766306 ], [ -1682861.27011823374778, 1580274.850933748763055 ], [ -1682683.158932964550331, 1585301.548780044075102 ], [ -1682193.353173474082723, 1591040.968166033504531 ], [ -1681458.644534238614142, 1592751.559098037192598 ], [ -1680156.20649195718579, 1595082.276404354022816 ], [ -1678052.268115964252502, 1597573.963611997663975 ], [ -1676315.68405958940275, 1600617.131439083255827 ], [ -1673543.828738836804405, 1603247.175274240784347 ], [ -1673009.495183029444888, 1604120.087244261754677 ], [ -1672953.83543763239868, 1604993.028643629513681 ], [ -1673343.453655408928171, 1605934.919495339738205 ], [ -1676148.704823399428278, 1607910.704448997974396 ], [ -1676560.586939334636554, 1619584.709727487759665 ], [ -1676983.601004349067807, 1625941.000543089583516 ], [ -1676827.753717238316312, 1627113.581128223100677 ], [ -1674623.627799531444907, 1635541.653140970738605 ], [ -1674734.947290324838832, 1638451.308488389011472 ], [ -1674033.634498327272013, 1642235.509732829639688 ], [ -1672797.988150521647185, 1642523.086128668859601 ], [ -1671595.737649954622611, 1647147.763670283136889 ], [ -1659717.947982312180102, 1654868.952676729299128 ], [ -1655164.980808867607266, 1649483.432620045961812 ], [ -1653049.91048379521817, 1649483.432620046194643 ], [ -1649788.249403552385047, 1645824.697357592172921 ], [ -1647929.213907304685563, 1645249.472749120090157 ], [ -1641539.475135770859197, 1641177.256720823701471 ], [ -1638845.543458573287353, 1641177.256720824167132 ], [ -1638678.564222383545712, 1641591.350459105568007 ], [ -1637776.876346958102658, 1642293.024750648299232 ], [ -1635851.049156234366819, 1642603.608104966580868 ], [ -1633880.694169193739071, 1642442.564408522797748 ], [ -1630863.935968695906922, 1642523.086128668859601 ], [ -1630619.033088950440288, 1641177.25672082346864 ], [ -1630184.887074856786057, 1640993.217232210095972 ], [ -1629260.935301272431388, 1641096.739280043169856 ], [ -1628715.469796385616064, 1641706.377699038246647 ], [ -1627735.858277404913679, 1641660.366740370634943 ], [ -1625064.19049836602062, 1640694.155914510833099 ], [ -1625008.530752969672903, 1639877.50644734618254 ], [ -1625687.579646808328107, 1638750.343351386021823 ], [ -1628080.948698863852769, 1638566.321480116108432 ], [ -1628726.601745465071872, 1627895.331423357827589 ], [ -1628481.698865719838068, 1626688.227048984961584 ], [ -1628448.303018481936306, 1624389.138355676550418 ], [ -1628570.754458354320377, 1623802.903809636831284 ], [ -1628960.372676130849868, 1623584.506137865362689 ], [ -1629750.741060762898996, 1608772.285888172918931 ], [ -1627936.233360832557082, 1606670.07765103247948 ], [ -1627502.087346739135683, 1606497.773082997649908 ], [ -1624830.419567700475454, 1603970.771268686512485 ], [ -1623550.245423577958718, 1590742.487281433306634 ], [ -1623539.11347449850291, 1590030.738944758428261 ], [ -1624374.009655447909608, 1585221.205846686847508 ], [ -1623617.037118053762242, 1584968.701089272974059 ], [ -1623194.023053039330989, 1584406.31287747179158 ], [ -1623594.773219895316288, 1583591.445251355646178 ], [ -1624385.141604527365416, 1583029.086592421634123 ], [ -1624385.141604527365416, 1582742.173555554822087 ], [ -1623784.016354243736714, 1578691.296219934942201 ], [ -1623561.377372656948864, 1575673.626218842342496 ], [ -1623361.00228922907263, 1574973.759774146135896 ], [ -1624084.578979385318235, 1574159.184531657956541 ], [ -1625498.336512460140511, 1573493.775545515120029 ], [ -1626511.343878678744659, 1572702.190166413085535 ], [ -1623683.828812529798597, 1572461.277590699261054 ], [ -1625409.280919825658202, 1567471.439684770768508 ], [ -1626633.79531855112873, 1566324.483559177722782 ] ] ] ] } },
{ "type": "Feature", "properties": { "GID_2": "SEN.4.4_1", "GID_0": "SEN", "COUNTRY": "Senegal", "GID_1": "SEN.4_1", "NAME_1": "Kaffrine", "NL_NAME_1": "NA", "NAME_2": "MalèmeHodar", "VARNAME_2": "NA", "NL_NAME_2": "NA", "TYPE_2": "Département", "ENGTYPE_2": "Department", "CC_2": "124", "HASC_2": "SN.KF.MH", "area_ha": 315995.0, "carbon_mean": 11.1, "carbon_min": 7.83, "carbon_max": 23.03, "carbon_median": 11.02, "carbon_std": 0.6, "carbon_pixel_count": 580258 }, "geometry": { "type": "MultiPolygon", "coordinates": [ [ [ [ -1721021.59156216820702, 1581410.93812209344469 ], [ -1720064.243941345950589, 1582638.88563063275069 ], [ -1717459.367856783559546, 1584142.338900204282254 ], [ -1716557.679981357650831, 1585290.071203044848517 ], [ -1715845.235240280861035, 1587528.293917094124481 ], [ -1714787.700077744666487, 1592912.291529701789841 ], [ -1714342.42211457178928, 1593107.467957715736702 ], [ -1715889.763036597985774, 1593968.557884419569746 ], [ -1713941.671947715803981, 1596150.113127722404897 ], [ -1716190.325661740032956, 1596517.550951297860593 ], [ -1715444.485073425108567, 1604522.096074023749679 ], [ -1717592.951245735399425, 1604935.597383682848886 ], [ -1720064.243941345950589, 1602626.966222480870783 ], [ -1720565.181649915641174, 1603028.951878038002178 ], [ -1720943.667918612714857, 1604143.0590092362836 ], [ -1723826.842730158707127, 1606256.548616762273014 ], [ -1724149.669253459200263, 1606693.051680200267583 ], [ -1724138.537304379744455, 1607049.151743169175461 ], [ -1723927.030271872645244, 1607290.383605443872511 ], [ -1723058.738243685103953, 1607405.256712222937495 ], [ -1720030.848094107815996, 1607129.562113755382597 ], [ -1719719.153519886778668, 1607324.845483862794936 ], [ -1717960.3055653530173, 1611127.421893466962501 ], [ -1717592.951245735399425, 1611541.028950460487977 ], [ -1715344.29753171117045, 1611265.290175206027925 ], [ -1711236.60832143924199, 1613367.872860178584233 ], [ -1710947.177645376883447, 1616711.67770291143097 ], [ -1711359.059761311858892, 1618240.090720857260749 ], [ -1712717.157548989867792, 1620607.586761788697913 ], [ -1712294.143483975436538, 1621814.404276399873197 ], [ -1712260.747636737301946, 1622940.818576355464756 ], [ -1714988.075161172542721, 1627343.505201377673075 ], [ -1712405.462974768597633, 1627527.44595032162033 ], [ -1707930.419444879051298, 1629401.417865153867751 ], [ -1707841.363852244336158, 1630551.162021891679615 ], [ -1713329.414748352719471, 1632931.297260258113965 ], [ -1729326.025575346546248, 1627286.02398903365247 ], [ -1734435.590202757623047, 1627722.884447879390791 ], [ -1735849.347735831979662, 1628228.732212345348671 ], [ -1736394.813240719260648, 1628700.099379419349134 ], [ -1737007.070440082112327, 1629343.932017981773242 ], [ -1737741.779079317813739, 1630850.103996035642922 ], [ -1739578.550677406601608, 1633000.29000499099493 ], [ -1739645.342371882870793, 1635990.155357711249962 ], [ -1732064.485048860777169, 1642154.98892739857547 ], [ -1731585.811238449765369, 1641602.853159588528797 ], [ -1730049.602265502559021, 1642661.123959155753255 ], [ -1729437.345066139474511, 1642822.169046234805137 ], [ -1730606.199719468830153, 1643247.79313842416741 ], [ -1732031.089201623108238, 1644869.831679923459888 ], [ -1732398.443521240726113, 1647653.998685189522803 ], [ -1732320.519877685233951, 1650553.540412591770291 ], [ -1731363.172256863443181, 1650519.020097077824175 ], [ -1728301.886260048253462, 1653303.810952693223953 ], [ -1726665.489745386876166, 1654489.166687654564157 ], [ -1723459.48841054062359, 1655375.342923671239987 ], [ -1721043.855460326652974, 1655743.633150283247232 ], [ -1720798.95258058141917, 1657516.105414073448628 ], [ -1720108.771737663308159, 1659369.278476209612563 ], [ -1717826.722176401177421, 1664273.366681746207178 ], [ -1716869.374555579153821, 1665263.510527982842177 ], [ -1715555.804564218269661, 1665562.864066879730672 ], [ -1714988.075161172542721, 1665505.295800012536347 ], [ -1711615.094590136548504, 1662799.736834307899699 ], [ -1708987.954607415245846, 1658575.044681767467409 ], [ -1705793.085221648216248, 1654880.461432652780786 ], [ -1703277.264729720307514, 1652371.677232287591323 ], [ -1697844.873579008504748, 1649080.715646375901997 ], [ -1672341.578238269779831, 1644260.117045789724216 ], [ -1672797.988150521647185, 1642523.086128668859601 ], [ -1674033.634498327272013, 1642235.509732829639688 ], [ -1674734.947290324838832, 1638451.308488389011472 ], [ -1674623.627799531444907, 1635541.653140970738605 ], [ -1676983.601004349067807, 1626205.40127044194378 ], [ -1676560.586939334636554, 1619584.709727487759665 ], [ -1676148.704823399428278, 1607910.704448997974396 ], [ -1673343.453655408928171, 1605934.919495339738205 ], [ -1672953.83543763239868, 1604993.028643629513681 ], [ -1673009.495183029444888, 1604120.087244261754677 ], [ -1673543.828738836804405, 1603247.175274240784347 ], [ -1676315.68405958940275, 1600617.131439083255827 ], [ -1678052.268115964252502, 1597573.963611997663975 ], [ -1680156.20649195718579, 1595082.276404354022816 ], [ -1681926.186395570402965, 1591752.74405359919183 ], [ -1682193.353173474082723, 1591040.968166033504531 ], [ -1682605.235289409290999, 1586541.156713561387733 ], [ -1682861.27011823374778, 1580274.850933748763055 ], [ -1683351.075877724215388, 1579242.087037404766306 ], [ -1684675.777818164089695, 1578886.366648009279743 ], [ -1685076.527985020074993, 1578381.481455785222352 ], [ -1684330.687396705150604, 1577509.429861672688276 ], [ -1684775.965359878493473, 1577016.045052417553961 ], [ -1686223.118740190751851, 1576706.25001561222598 ], [ -1686412.361874539405107, 1576350.563913649413735 ], [ -1686278.778485587332398, 1575880.147738924250007 ], [ -1685878.02831873157993, 1575593.312731656711549 ], [ -1684865.020952512975782, 1575295.007637223694474 ], [ -1684753.701461719581857, 1574514.8410485368222 ], [ -1684375.215193022508174, 1574205.075425518909469 ], [ -1683874.277484452584758, 1573310.21740029216744 ], [ -1685432.750355558237061, 1573597.027563567040488 ], [ -1686134.063147556269541, 1573505.247972004814073 ], [ -1686367.834078222047538, 1573149.605070995166898 ], [ -1686579.341110729379579, 1571382.933960343012586 ], [ -1687135.938564695650712, 1570935.548995828488842 ], [ -1687814.987458534305915, 1570889.663786867866293 ], [ -1689306.668635164387524, 1571681.194813648005947 ], [ -1689952.321681765606627, 1571646.77992787770927 ], [ -1691009.856844301335514, 1571256.74769028602168 ], [ -1692534.933868169551715, 1571463.234627926955 ], [ -1692835.496493311133236, 1571727.081397781614214 ], [ -1693714.920470578130335, 1573826.477939814794809 ], [ -1697956.193069801898673, 1573895.313441982492805 ], [ -1699292.026959321228787, 1574136.239114681025967 ], [ -1700883.895677664782852, 1574790.191324990941212 ], [ -1703989.70947079709731, 1576488.24828630569391 ], [ -1707474.009532626718283, 1577670.068772658472881 ], [ -1718605.958611954003572, 1580458.457654605153948 ], [ -1721277.626390992663801, 1580630.590121126966551 ], [ -1721021.59156216820702, 1581410.93812209344469 ] ] ] ] } },
{ "type": "Feature", "properties": { "GID_2": "SEN.5.1_1", "GID_0": "SEN", "COUNTRY": "Senegal", "GID_1": "SEN.5_1", "NAME_1": "Kaolack", "NL_NAME_1": "NA", "NAME_2": "Guinguinéo", "VARNAME_2": "NA", "NL_NAME_2": "NA", "TYPE_2": "Département", "ENGTYPE_2": "Department", "CC_2": "63", "HASC_2": "SN.KC.GG", "area_ha": 118429.05, "carbon_mean": 11.11, "carbon_min": 8.13, "carbon_max": 23.09, "carbon_median": 11.08, "carbon_std": 0.51, "carbon_pixel_count": 217245 }, "geometry": { "type": "MultiPolygon", "coordinates": [ [ [ [ -1776792.656449598027393, 1586862.546132281655446 ], [ -1780844.685914473375306, 1588538.42637171712704 ], [ -1783405.034202718641609, 1589376.406783579848707 ], [ -1785186.146055411081761, 1589617.474619983695447 ], [ -1786032.174185439711437, 1590134.056047836551443 ], [ -1786555.375792168080807, 1590248.853308504913002 ], [ -1786688.959181120153517, 1590375.130878221476451 ], [ -1786065.570032677613199, 1591408.333941397024319 ], [ -1785642.555967663414776, 1591810.146181040676311 ], [ -1784484.833263413514942, 1591993.833837747806683 ], [ -1784017.291402081493288, 1591844.587518138810992 ], [ -1783716.728776939446107, 1591305.01179430889897 ], [ -1783226.923017449211329, 1591327.972236081724986 ], [ -1782659.19361440371722, 1590673.607562037417665 ], [ -1781802.033535295398906, 1592005.314359244192019 ], [ -1781924.484975168015808, 1593383.013638422824442 ], [ -1781468.075062915682793, 1596999.820972129469737 ], [ -1784084.083096557762474, 1597034.269172992790118 ], [ -1784852.187583031132817, 1595070.794527115300298 ], [ -1786544.24384308885783, 1594221.149661426432431 ], [ -1787167.632991531165317, 1594645.96862896066159 ], [ -1787323.480278641916811, 1594404.85431052162312 ], [ -1788826.293404350755736, 1595036.348925784928724 ], [ -1790930.231780344154686, 1595208.577388209756464 ], [ -1790930.231780344154686, 1596322.348961311858147 ], [ -1793791.14269373100251, 1596850.545962385367602 ], [ -1794793.018110870849341, 1597470.617001069709659 ], [ -1795538.8586991855409, 1598527.06839480320923 ], [ -1796251.303440262097865, 1600134.794262558454648 ], [ -1796173.379796707071364, 1602741.81863060570322 ], [ -1795494.330902867950499, 1604533.582132317125797 ], [ -1795282.823870361084118, 1604809.249060408910736 ], [ -1794904.337601663777605, 1604820.735246127471328 ], [ -1795906.213018803158775, 1606934.280219127656892 ], [ -1795950.740815120516345, 1608508.064524484332651 ], [ -1796763.373097911477089, 1608990.557749664643779 ], [ -1796707.713352514896542, 1610288.739059454994276 ], [ -1796251.303440262097865, 1611759.324239294975996 ], [ -1796329.227083817822859, 1612414.221199837280437 ], [ -1795672.442088137380779, 1613046.155100436182693 ], [ -1795405.275310233235359, 1612483.158690243493766 ], [ -1791297.586099961772561, 1615378.699960288824514 ], [ -1790061.939752156613395, 1616930.016852636123076 ], [ -1790095.335599394282326, 1617286.258395724697039 ], [ -1787791.022139973472804, 1616987.474831958301365 ], [ -1787045.181551658781245, 1616424.392174120526761 ], [ -1786633.2994357238058, 1616343.952801482286304 ], [ -1785386.521138838957995, 1616412.900819759815931 ], [ -1783416.166151798097417, 1617251.783191803842783 ], [ -1782848.436748752137646, 1617768.916108813369647 ], [ -1783026.547934021335095, 1618745.751142871798947 ], [ -1781479.207011994672939, 1620412.202603136887774 ], [ -1781345.62362304283306, 1622377.605234206886962 ], [ -1779564.511770350625739, 1622687.945747659541667 ], [ -1778662.823894925182685, 1623664.968221166171134 ], [ -1778429.052964258939028, 1624929.405616350471973 ], [ -1777850.191612134221941, 1625492.675125589827076 ], [ -1776803.788398677483201, 1626113.435489811934531 ], [ -1776503.22577353566885, 1626619.251379163935781 ], [ -1775011.544596905587241, 1626251.384284865576774 ], [ -1773954.009434369858354, 1625435.198076572269201 ], [ -1773274.960540530737489, 1624389.138355676317587 ], [ -1772629.307493929518387, 1624101.766801889752969 ], [ -1771972.522498249309137, 1624550.067835782887414 ], [ -1771215.549960855161771, 1626055.957044972339645 ], [ -1769735.00073330453597, 1625872.026890135835856 ], [ -1769289.722770131658763, 1625113.328989800531417 ], [ -1769334.250566448550671, 1617608.029196743387729 ], [ -1761786.789090664824471, 1617389.684285074239597 ], [ -1759048.329617150127888, 1617493.110590827651322 ], [ -1759070.593515309039503, 1618136.661406880710274 ], [ -1757167.030222743982449, 1623986.819084100658074 ], [ -1756254.210398239083588, 1625297.253686112351716 ], [ -1754116.876175008248538, 1625354.730425025336444 ], [ -1752669.72279469599016, 1625986.983081797370687 ], [ -1751779.166868349537253, 1627067.596561971120536 ], [ -1751422.944497810909525, 1628343.699011347955093 ], [ -1751267.097210700623691, 1629918.79632030101493 ], [ -1750632.576113178860396, 1630792.614882545778528 ], [ -1750443.332978830207139, 1631689.459823597921059 ], [ -1749519.381205246318132, 1632126.395719941006973 ], [ -1748205.811213885433972, 1632252.878562669968233 ], [ -1746780.921731731621549, 1632206.884728990728036 ], [ -1745556.407333005685359, 1631631.968816274544224 ], [ -1744821.698693769983947, 1630907.593239205889404 ], [ -1745166.789115229155868, 1629619.865265996195376 ], [ -1745600.935129322577268, 1629079.498789530945942 ], [ -1746558.282750144833699, 1628803.571386334253475 ], [ -1747103.748255032114685, 1626090.444096363848075 ], [ -1747159.408000428695232, 1624147.746033594245091 ], [ -1747404.310880173929036, 1623745.430557426530868 ], [ -1747504.498421887867153, 1622975.301428302656859 ], [ -1747237.331643983954564, 1620113.382651721592993 ], [ -1746246.588175923796371, 1614689.255824823398143 ], [ -1746524.886902906931937, 1609530.501336118672043 ], [ -1746970.164866080274805, 1607313.358185949968174 ], [ -1754250.459563960088417, 1607635.004457742674276 ], [ -1754595.549985419260338, 1607164.023777730995789 ], [ -1755519.501759003382176, 1602787.75973638263531 ], [ -1758046.454200010746717, 1602110.136684193275869 ], [ -1760317.371812193654478, 1601914.892651402391493 ], [ -1761107.740196825703606, 1602041.226857660803944 ], [ -1762387.914340948453173, 1599434.272897195303813 ], [ -1764514.116615100065246, 1594324.483367107575759 ], [ -1764580.90830957586877, 1590627.68785008485429 ], [ -1764870.338985638460144, 1589054.986462136963382 ], [ -1764469.588818782940507, 1588010.397720159497112 ], [ -1764480.720767861930653, 1587528.29391709389165 ], [ -1764636.568054972682148, 1587424.98711563879624 ], [ -1765271.089152494212613, 1587585.686760900774971 ], [ -1767619.930408232146874, 1587218.374736873200163 ], [ -1772807.418679198715836, 1586942.894103815546259 ], [ -1775345.503069285536185, 1586610.025542394723743 ], [ -1776191.531199314631522, 1586598.547391668194905 ], [ -1776792.656449598027393, 1586862.546132281655446 ] ] ] ] } },
{ "type": "Feature", "properties": { "GID_2": "SEN.5.2_1", "GID_0": "SEN", "COUNTRY": "Senegal", "GID_1": "SEN.5_1", "NAME_1": "Kaolack", "NL_NAME_1": "NA", "NAME_2": "Kaolack", "VARNAME_2": "NA", "NL_NAME_2": "NA", "TYPE_2": "Département", "ENGTYPE_2": "Department", "CC_2": "61", "HASC_2": "SN.KC.KL", "area_ha": 189724.82, "carbon_mean": 11.53, "carbon_min": 8.04, "carbon_max": 57.39, "carbon_median": 11.02, "carbon_std": 1.61, "carbon_pixel_count": 347244 }, "geometry": { "type": "MultiPolygon", "coordinates": [ [ [ [ -1747827.324945188360289, 1566611.217933927895501 ], [ -1745834.706059988820925, 1564133.935318738454953 ], [ -1745712.254620115971193, 1563078.866694482974708 ], [ -1747025.824611476855353, 1560406.978236698545516 ], [ -1748818.068413248285651, 1558813.146913477219641 ], [ -1749697.492390515515581, 1559042.469280620338395 ], [ -1750688.235858575440943, 1559065.40162602160126 ], [ -1752168.785086126066744, 1559592.851025351323187 ], [ -1753048.209063392831013, 1560269.377521175891161 ], [ -1756755.148106809007004, 1561393.13754117838107 ], [ -1757656.835982234450057, 1562115.579791358672082 ], [ -1757879.474963821005076, 1563331.161897326121107 ], [ -1758547.391908580670133, 1563858.695980993332341 ], [ -1759014.933769912458956, 1563916.037274213507771 ], [ -1759504.739529402693734, 1563594.927628265460953 ], [ -1759827.56605270318687, 1562688.96064285072498 ], [ -1760528.878844700753689, 1562448.139177311444655 ], [ -1760395.29545574891381, 1561209.663272205041721 ], [ -1760462.087150224950165, 1561003.256233680294827 ], [ -1760996.420706032775342, 1560705.115563360508531 ], [ -1761363.775025650393218, 1560693.648681279970333 ], [ -1761686.601548950886354, 1560911.520286641549319 ], [ -1761820.184937902726233, 1561461.940718641038984 ], [ -1762744.136711487080902, 1562746.299408959690481 ], [ -1764425.061022465582937, 1562964.187849549110979 ], [ -1766039.193638967582956, 1562115.579791358206421 ], [ -1766562.395245696417987, 1562127.047287071123719 ], [ -1768399.166843785205856, 1562700.428386166458949 ], [ -1770447.445474381558597, 1562000.905106535414234 ], [ -1771482.716738758841529, 1561152.327822927385569 ], [ -1772863.078424595762044, 1561771.557222051080316 ], [ -1774443.815193859860301, 1561163.794902887195349 ], [ -1777583.024834230309352, 1561163.794902887195349 ], [ -1779931.866089968476444, 1561450.473510025534779 ], [ -1781189.776335932081565, 1561244.064601147547364 ], [ -1782147.123956754337996, 1560980.322217237669975 ], [ -1783271.45081376680173, 1560406.978236698545516 ], [ -1784607.284703286131844, 1560361.111252404283732 ], [ -1785976.51444004313089, 1559604.317432774696499 ], [ -1787935.737478004768491, 1559248.861100711394101 ], [ -1788570.258575526531786, 1558767.282677166862413 ], [ -1788703.841964478371665, 1557999.068465903867036 ], [ -1788915.348996985703707, 1557769.75508661638014 ], [ -1792154.746179069625214, 1558515.030790127813816 ], [ -1793980.385828079888597, 1557609.23689595120959 ], [ -1795594.518444581888616, 1558193.986390969483182 ], [ -1798889.575372062856331, 1557379.926873099058867 ], [ -1799646.547909457003698, 1557391.39232735754922 ], [ -1801950.861368878046051, 1558939.273970867041498 ], [ -1802796.889498906908557, 1559718.981778849614784 ], [ -1802340.479586654342711, 1560498.712442660471424 ], [ -1802485.194924685638398, 1561450.473510025767609 ], [ -1802574.250517319887877, 1561656.884022311773151 ], [ -1802986.132633255328983, 1561542.211317521287128 ], [ -1803498.202290904708207, 1561668.351320011541247 ], [ -1803564.9939853802789, 1561897.69831347791478 ], [ -1802908.208989700069651, 1562494.009764266200364 ], [ -1803498.202290904708207, 1568629.915813449304551 ], [ -1804299.702624616213143, 1569788.442675217287615 ], [ -1804221.77898106072098, 1571566.478702172869816 ], [ -1805457.425328865880147, 1571520.592397120315582 ], [ -1805880.4393938803114, 1571704.138095747213811 ], [ -1805902.703292039223015, 1572323.61424906225875 ], [ -1805513.085074262693524, 1573493.77554551535286 ], [ -1807294.196926955133677, 1574044.45764645957388 ], [ -1809119.836575964931399, 1573734.69754975871183 ], [ -1810299.823178373510018, 1573792.06025611050427 ], [ -1810500.198261801153421, 1573539.665281414287165 ], [ -1811669.052915130741894, 1574319.803009646013379 ], [ -1811813.768253162037581, 1574732.826446845196187 ], [ -1811546.601475257892162, 1576109.6179938854184 ], [ -1810667.177497991127893, 1577050.466948252404109 ], [ -1810555.858007197966799, 1577876.605956608662382 ], [ -1810322.087076531955972, 1578186.41477314918302 ], [ -1809676.434029931202531, 1578806.043355280999094 ], [ -1807216.273283399641514, 1580217.474096683785319 ], [ -1806637.411931274458766, 1581146.994290728354827 ], [ -1806459.300746005261317, 1581594.552787486696616 ], [ -1806526.092440481530502, 1584119.384766980540007 ], [ -1806659.675829433836043, 1585783.611557013122365 ], [ -1807004.766250892775133, 1587160.982699078274891 ], [ -1810544.726058118743822, 1590179.974891536869109 ], [ -1811991.87943843123503, 1590731.007315578171983 ], [ -1812103.198929224628955, 1590926.167421827325597 ], [ -1812971.490957412170246, 1591086.888605118729174 ], [ -1814285.060948772588745, 1592292.329039144329727 ], [ -1814875.054249976761639, 1592556.38533469941467 ], [ -1818192.37507561664097, 1592797.482548815198243 ], [ -1820129.334215419366956, 1592154.561598582891747 ], [ -1822411.383776681497693, 1592292.329039144329727 ], [ -1823424.391142900334671, 1592016.794885794632137 ], [ -1824036.648342263652012, 1592602.308441684581339 ], [ -1824025.516393184196204, 1592820.444304542383179 ], [ -1823691.557920804480091, 1592992.658117186743766 ], [ -1823212.88411039323546, 1592808.963424150599167 ], [ -1822967.981230648234487, 1593256.721506469883025 ], [ -1822979.113179727457464, 1593922.632369925733656 ], [ -1822433.647674840409309, 1593658.562232655007392 ], [ -1822211.00869325385429, 1594462.262279095826671 ], [ -1821142.341581638203934, 1593945.595117052318528 ], [ -1820986.4942945279181, 1594381.891158523503691 ], [ -1821431.772257700795308, 1594324.48336710780859 ], [ -1821587.619544811546803, 1594783.749241856858134 ], [ -1821966.105813508620486, 1595024.867068802472204 ], [ -1821810.258526397868991, 1595415.253047281177714 ], [ -1821598.75149389100261, 1595311.9150126199238 ], [ -1821364.980563224758953, 1595518.591492222156376 ], [ -1821042.154039924265817, 1595323.396996211726218 ], [ -1820964.230396369239315, 1595598.966121956473216 ], [ -1820507.820484116440639, 1595794.162684763781726 ], [ -1821721.202933763153851, 1596896.476643347879872 ], [ -1822133.085049698362127, 1596965.372816901421174 ], [ -1821832.522424556780607, 1598699.319977229461074 ], [ -1822277.800387729657814, 1599778.789239181904122 ], [ -1822277.800387729657814, 1600249.635634311242029 ], [ -1821765.730730080744252, 1600352.993303381372243 ], [ -1821531.959799414733425, 1599744.337399254087359 ], [ -1821064.417938082711771, 1599744.337399254785851 ], [ -1820763.855312941130251, 1600111.826049185823649 ], [ -1820574.612178592709824, 1600467.835640709381551 ], [ -1820630.271923989290372, 1600777.912490340182558 ], [ -1821509.69590125628747, 1601145.41577778593637 ], [ -1821609.883442969992757, 1601409.561981748323888 ], [ -1820530.084382275119424, 1601788.559060735162348 ], [ -1820774.987262020586058, 1602293.897117159329355 ], [ -1820441.028789640869945, 1602512.114323354093358 ], [ -1820396.500993323512375, 1603201.233353865100071 ], [ -1819895.56328475358896, 1604085.629635013407096 ], [ -1819761.97989580174908, 1604935.597383682616055 ], [ -1819216.514390914933756, 1605429.510384738445282 ], [ -1816834.277287938864902, 1605119.377864153357223 ], [ -1816656.166102669201791, 1605521.402215858921409 ], [ -1815164.484926039585844, 1606199.114551714155823 ], [ -1814908.450097214896232, 1607072.12610923871398 ], [ -1813661.671800330281258, 1607600.542165689170361 ], [ -1812971.490957412170246, 1608370.210973124718294 ], [ -1812526.212994238827378, 1608220.870456148171797 ], [ -1812058.671132906805724, 1608956.093648856971413 ], [ -1810566.989956277422607, 1608117.481373290298507 ], [ -1810088.316145866177976, 1608370.210973124718294 ], [ -1810155.107840342214331, 1608496.576700432924554 ], [ -1809231.156066758092493, 1609817.70997355831787 ], [ -1808952.857339774724096, 1609909.617412652354687 ], [ -1809197.760219520190731, 1610989.55434889649041 ], [ -1808307.204293173970655, 1611586.98569974466227 ], [ -1808585.503020157106221, 1611805.281377783045173 ], [ -1808451.919631205266342, 1611897.195900596445426 ], [ -1805390.633634390076622, 1611782.302798295859247 ], [ -1802808.021447986131534, 1611345.713680008193478 ], [ -1802629.910262716934085, 1612666.992899821139872 ], [ -1802218.028146781725809, 1613781.515886205015704 ], [ -1801416.527813070220873, 1614654.78410304733552 ], [ -1801327.472220435505733, 1615033.975582850398496 ], [ -1800525.971886724000797, 1615505.100056313443929 ], [ -1799535.228418664075434, 1615826.848558735568076 ], [ -1797587.137329781427979, 1615918.777441746555269 ], [ -1797598.269278860883787, 1615711.937917157076299 ], [ -1794893.205652584321797, 1615620.009773618075997 ], [ -1792856.058971067424864, 1616447.374898253940046 ], [ -1792611.15609132242389, 1616378.426787502830848 ], [ -1791898.711350245401263, 1617125.374506559222937 ], [ -1790963.627627581590787, 1617562.061692680697888 ], [ -1790362.502377298194915, 1617562.061692681163549 ], [ -1790095.335599394282326, 1617286.258395724697039 ], [ -1790061.939752156613395, 1616930.016852636123076 ], [ -1791297.586099961772561, 1615378.699960288824514 ], [ -1795405.275310233235359, 1612483.158690243493766 ], [ -1795672.442088137380779, 1613046.155100436182693 ], [ -1796329.227083817822859, 1612414.221199837280437 ], [ -1796251.303440262097865, 1611759.324239294975996 ], [ -1796707.713352514896542, 1610288.739059454994276 ], [ -1796763.373097911477089, 1608990.557749664643779 ], [ -1795950.740815120516345, 1608508.064524484332651 ], [ -1795906.213018803158775, 1606934.280219127656892 ], [ -1794904.337601663777605, 1604820.735246127471328 ], [ -1795282.823870361084118, 1604809.249060408910736 ], [ -1795494.330902867950499, 1604533.582132317125797 ], [ -1796173.379796707071364, 1602741.81863060570322 ], [ -1796251.303440262097865, 1600134.794262558454648 ], [ -1795538.8586991855409, 1598527.06839480320923 ], [ -1794793.018110870849341, 1597470.617001069709659 ], [ -1793791.14269373100251, 1596850.545962385367602 ], [ -1790930.231780344154686, 1596322.348961311858147 ], [ -1790930.231780344154686, 1595208.577388209756464 ], [ -1788826.293404350755736, 1595036.348925784928724 ], [ -1787323.480278641916811, 1594404.85431052162312 ], [ -1787167.632991531165317, 1594645.96862896066159 ], [ -1786544.24384308885783, 1594221.149661426432431 ], [ -1784852.187583031132817, 1595070.794527115300298 ], [ -1784084.083096557762474, 1597034.269172992790118 ], [ -1781468.075062915682793, 1596999.820972129469737 ], [ -1781924.484975168015808, 1593383.013638422824442 ], [ -1781802.033535295398906, 1592005.314359244192019 ], [ -1782659.19361440371722, 1590673.607562037417665 ], [ -1783226.923017449211329, 1591327.972236081724986 ], [ -1783716.728776939446107, 1591305.01179430889897 ], [ -1784017.291402081493288, 1591844.587518138810992 ], [ -1784484.833263413514942, 1591993.833837747806683 ], [ -1785642.555967663414776, 1591810.146181040676311 ], [ -1786065.570032677613199, 1591408.333941397024319 ], [ -1786688.959181120153517, 1590375.130878221476451 ], [ -1785186.146055411081761, 1589617.474619983695447 ], [ -1783405.034202718641609, 1589376.406783579848707 ], [ -1780844.685914473375306, 1588538.42637171712704 ], [ -1776191.531199314631522, 1586598.547391668194905 ], [ -1767619.930408232146874, 1587218.374736873200163 ], [ -1765271.089152494212613, 1587585.686760900774971 ], [ -1764636.568054972682148, 1587424.98711563879624 ], [ -1765627.311523033073172, 1586621.503698155749589 ], [ -1764992.790425511309877, 1584257.10986791853793 ], [ -1764681.095851289806888, 1584027.568435139721259 ], [ -1764324.87348075164482, 1584199.724321227520704 ], [ -1763690.352383229881525, 1584073.476560849929228 ], [ -1763812.803823102265596, 1583488.153981137787923 ], [ -1763679.220434150425717, 1583361.909647980472073 ], [ -1762677.345017011044547, 1582443.787326583405957 ], [ -1760072.468932448420674, 1580710.918991608079523 ], [ -1758803.426737404894084, 1580412.555854064645246 ], [ -1758647.57945029460825, 1580137.14673533779569 ], [ -1757534.384542361833155, 1580125.671418054029346 ], [ -1757278.349713537376374, 1579150.287766393972561 ], [ -1757345.141408013179898, 1577876.605956608662382 ], [ -1756899.863444840302691, 1577234.051153061212972 ], [ -1757233.821917219785973, 1576476.774561084341258 ], [ -1756910.995393919758499, 1576052.250242696842179 ], [ -1756766.280055888462812, 1575329.42728343163617 ], [ -1756799.675903125898913, 1574537.786795044085011 ], [ -1757233.821917219785973, 1573964.1491238407325 ], [ -1757411.933102489216253, 1573184.021916382480413 ], [ -1757345.141408013179898, 1572243.31096467981115 ], [ -1756487.981328905094415, 1571887.685070243664086 ], [ -1755118.751592147862539, 1571658.251551483524963 ], [ -1753905.369142500916496, 1570373.460677111754194 ], [ -1751912.750257301377133, 1569214.908182277111337 ], [ -1750187.298150005983189, 1569845.796808810904622 ], [ -1749207.686631025047973, 1569627.851763122947887 ], [ -1748239.207061123335734, 1568331.689388378756121 ], [ -1748061.095875854138285, 1567058.529756880365312 ], [ -1747827.324945188360289, 1566611.217933927895501 ] ] ] ] } },
{ "type": "Feature", "properties": { "GID_2": "SEN.5.3_1", "GID_0": "SEN", "COUNTRY": "Senegal", "GID_1": "SEN.5_1", "NAME_1": "Kaolack", "NL_NAME_1": "NA", "NAME_2": "NioroduRip", "VARNAME_2": "Nioro-Du-Rip|Nioro", "NL_NAME_2": "NA", "TYPE_2": "Département", "ENGTYPE_2": "Department", "CC_2": "62", "HASC_2": "SN.KC.NR", "area_ha": 232523.44, "carbon_mean": 11.64, "carbon_min": 8.39, "carbon_max": 78.68, "carbon_median": 11.02, "carbon_std": 3.19, "carbon_pixel_count": 424464 }, "geometry": { "type": "MultiPolygon", "coordinates": [ [ [ [ -1725730.40602272353135, 1527300.000175103545189 ], [ -1796852.428690546192229, 1527414.526741383364424 ], [ -1795950.740815120516345, 1528181.867203341098502 ], [ -1795627.91429182025604, 1529132.483249919954687 ], [ -1796885.82453778386116, 1529865.511153675615788 ], [ -1797008.275977656710893, 1530632.920985542004928 ], [ -1795416.407259312691167, 1531446.170059115858749 ], [ -1795115.844634170876816, 1532912.370967590250075 ], [ -1796585.26191264227964, 1533095.651668311562389 ], [ -1796663.185556197538972, 1533210.202737018000335 ], [ -1796329.227083817822859, 1533817.331503238761798 ], [ -1796462.810472769429907, 1534126.628758718958125 ], [ -1797976.75554755795747, 1535581.518900079187006 ], [ -1798433.165459810523316, 1536704.243615775834769 ], [ -1798900.707321142312139, 1538583.193582239095122 ], [ -1799212.401895363349468, 1543877.03802096657455 ], [ -1799446.172826029127464, 1544255.209650110919029 ], [ -1799457.304775108583272, 1544690.686607742216438 ], [ -1799713.339603933272883, 1545034.489195157540962 ], [ -1800269.937057899544016, 1545023.029037970816717 ], [ -1800681.819173834752291, 1544369.808164789108559 ], [ -1800893.326206341851503, 1544392.7279264095705 ], [ -1805735.724055849015713, 1548724.914463329128921 ], [ -1806236.661764418939129, 1549745.028499047271907 ], [ -1808463.051580284256488, 1551005.897329231956974 ], [ -1807706.079042890574783, 1554937.897523676743731 ], [ -1807995.509718952467665, 1555522.588410606607795 ], [ -1808685.690561870811507, 1556038.502779827453196 ], [ -1808162.488955142442137, 1556290.731215962208807 ], [ -1806091.946426387643442, 1556153.151773136807606 ], [ -1805179.126601883210242, 1557483.11613908666186 ], [ -1804822.904231344582513, 1558446.23523580795154 ], [ -1804377.626268171239644, 1558687.020453799283132 ], [ -1804210.647031981265172, 1559214.462352856760845 ], [ -1804366.494319092016667, 1559822.180112931644544 ], [ -1803498.202290904708207, 1561668.351320011541247 ], [ -1802986.132633255328983, 1561542.211317521287128 ], [ -1802574.250517319887877, 1561656.884022311773151 ], [ -1802485.194924685638398, 1561450.473510025767609 ], [ -1802340.479586654342711, 1560498.712442660471424 ], [ -1802796.889498906908557, 1559718.981778849614784 ], [ -1802652.17416087561287, 1559524.052684601396322 ], [ -1799535.228418664075434, 1557345.530539931496605 ], [ -1795594.518444581888616, 1558193.986390969483182 ], [ -1793980.385828079888597, 1557609.23689595120959 ], [ -1792154.746179069625214, 1558515.030790127813816 ], [ -1788915.348996985703707, 1557769.75508661638014 ], [ -1788703.841964478371665, 1557999.068465903867036 ], [ -1788570.258575526531786, 1558767.282677166862413 ], [ -1787935.737478004768491, 1559248.861100711394101 ], [ -1785976.51444004313089, 1559604.317432774696499 ], [ -1784607.284703286131844, 1560361.111252404283732 ], [ -1783271.45081376680173, 1560406.978236698545516 ], [ -1782147.123956754337996, 1560980.322217237669975 ], [ -1781189.776335932081565, 1561244.064601147547364 ], [ -1779931.866089968476444, 1561450.473510025534779 ], [ -1777583.024834230309352, 1561163.794902887195349 ], [ -1774443.815193859860301, 1561163.794902887195349 ], [ -1772863.078424595762044, 1561771.557222051080316 ], [ -1771482.716738758841529, 1561152.327822927385569 ], [ -1770447.445474381558597, 1562000.905106535414234 ], [ -1768399.166843785205856, 1562700.428386166458949 ], [ -1766562.395245696417987, 1562127.047287071123719 ], [ -1766039.193638967582956, 1562115.579791358206421 ], [ -1764425.061022465582937, 1562964.187849549110979 ], [ -1762744.136711487080902, 1562746.299408959690481 ], [ -1761820.184937902726233, 1561461.940718641038984 ], [ -1761686.601548950886354, 1560911.520286641549319 ], [ -1761363.775025650393218, 1560693.648681279970333 ], [ -1760996.420706032775342, 1560705.115563360508531 ], [ -1760462.087150224950165, 1561003.256233680294827 ], [ -1760395.29545574891381, 1561209.663272205041721 ], [ -1760528.878844700753689, 1562448.139177311444655 ], [ -1759827.56605270318687, 1562688.96064285072498 ], [ -1759504.739529402693734, 1563594.927628265460953 ], [ -1759014.933769912458956, 1563916.037274213507771 ], [ -1758703.239195691188797, 1563904.569005655357614 ], [ -1757879.474963821005076, 1563331.161897326121107 ], [ -1757656.835982234450057, 1562115.579791358672082 ], [ -1756755.148106809007004, 1561393.13754117838107 ], [ -1753048.209063392831013, 1560269.377521175891161 ], [ -1752168.785086126066744, 1559592.851025351323187 ], [ -1750688.235858575440943, 1559065.40162602160126 ], [ -1748862.596209565643221, 1558870.477320008678362 ], [ -1747994.30418137810193, 1557872.94586293422617 ], [ -1747148.276051349705085, 1557253.807201946619898 ], [ -1747215.067745825275779, 1556909.84749697172083 ], [ -1748127.887570329941809, 1556038.502779827453196 ], [ -1748239.207061123335734, 1555545.51772617502138 ], [ -1747838.456894267816097, 1554777.396384743507951 ], [ -1746190.928430526982993, 1553929.049258270068094 ], [ -1744743.775050214724615, 1552622.188867710530758 ], [ -1744176.045647168764845, 1552828.530993985943496 ], [ -1743853.21912386873737, 1552610.725462978938594 ], [ -1743686.239887678530067, 1551945.856403026729822 ], [ -1743953.406665582442656, 1551831.225478244014084 ], [ -1742862.475655808346346, 1550639.092994840117171 ], [ -1742840.21175764943473, 1550283.756092337192968 ], [ -1741593.433460765052587, 1549091.692562876036391 ], [ -1740970.0443123227451, 1548850.993868419667706 ], [ -1740725.141432577511296, 1548449.834185116924345 ], [ -1740012.696691500488669, 1548472.757433730410412 ], [ -1739099.876866995589808, 1548954.150186826242134 ], [ -1738754.786445536417887, 1549687.717691167723387 ], [ -1737318.765014303149655, 1551051.748224748298526 ], [ -1737062.730185478925705, 1552049.024655675748363 ], [ -1736405.945189798483625, 1552794.140528927790001 ], [ -1735860.47968491143547, 1553860.265537877799943 ], [ -1734903.132064089179039, 1554846.18246891326271 ], [ -1734368.798508281353861, 1554857.646833516890183 ], [ -1733378.055040221428499, 1554525.182259925641119 ], [ -1730450.352432358078659, 1553126.583545857109129 ], [ -1729337.157524425536394, 1553344.393283325945958 ], [ -1729248.101931791054085, 1552255.362355751916766 ], [ -1727789.816602399339899, 1551349.78096189070493 ], [ -1726988.316268687369302, 1551177.838592770742252 ], [ -1725095.884925202000886, 1551154.91302709071897 ], [ -1724984.565434408374131, 1552026.098342893645167 ], [ -1724405.704082283424214, 1552392.921707582194358 ], [ -1723826.842730158707127, 1552152.193306574132293 ], [ -1723704.391290285857394, 1551487.335653294343501 ], [ -1722646.856127749662846, 1551579.039174072444439 ], [ -1721121.779103881912306, 1551372.70669464673847 ], [ -1719118.028269602917135, 1551498.798576189670712 ], [ -1718594.826662874547765, 1551120.524715421721339 ], [ -1716991.825995451537892, 1551143.450251620728523 ], [ -1716969.562097293091938, 1549389.703468256164342 ], [ -1717826.722176401177421, 1549378.241449016844854 ], [ -1717782.194380084052682, 1549194.849808581871912 ], [ -1716390.70074516790919, 1546134.687071332940832 ], [ -1714776.56812866544351, 1545997.159869691357017 ], [ -1714765.436179586220533, 1544415.647707591764629 ], [ -1715945.422781994799152, 1544576.086723634507507 ], [ -1716457.492439643712714, 1544060.393297408241779 ], [ -1718349.923783129546791, 1541516.450567153980955 ], [ -1719630.097927251830697, 1539030.036324254702777 ], [ -1721199.702747437404469, 1534080.806719755055383 ], [ -1722457.612993401475251, 1527322.90544969914481 ], [ -1725730.40602272353135, 1527300.000175103545189 ] ] ] ] } },
{ "type": "Feature", "properties": { "GID_2": "SEN.6.1_1", "GID_0": "SEN", "COUNTRY": "Senegal", "GID_1": "SEN.6_1", "NAME_1": "Kédougou", "NL_NAME_1": "NA", "NAME_2": "Kédougou", "VARNAME_2": "NA", "NL_NAME_2": "NA", "TYPE_2": "Département", "ENGTYPE_2": "Department", "CC_2": "131", "HASC_2": "SN.KG.KG", "area_ha": 703911.27, "carbon_mean": 16.81, "carbon_min": 7.3, "carbon_max": 113.71, "carbon_median": 15.49, "carbon_std": 6.41, "carbon_pixel_count": 1272632 }, "geometry": { "type": "MultiPolygon", "coordinates": [ [ [ [ -1325035.89891233551316, 1396622.628148118732497 ], [ -1327206.628982804017141, 1395072.283099163789302 ], [ -1328776.233802989358082, 1394285.742008105386049 ], [ -1331548.089123741723597, 1392461.958899453980848 ], [ -1332750.339624309213832, 1392040.225015988107771 ], [ -1333440.520467227557674, 1392313.781446757493541 ], [ -1334742.958509508753195, 1391869.253526871791109 ], [ -1335845.021468362305313, 1391880.651595513802022 ], [ -1336935.952478136401623, 1391618.49712373665534 ], [ -1337481.417983023216948, 1391823.661296058213338 ], [ -1337893.300098958425224, 1392530.348742533009499 ], [ -1339184.606192160164937, 1393077.473161719972268 ], [ -1340275.537201934261248, 1394433.929313219850883 ], [ -1341800.614225802244619, 1394490.924627862405032 ], [ -1342635.510406751884148, 1395129.279641747940332 ], [ -1343370.219045987352729, 1394513.722784411394969 ], [ -1344294.170819571707398, 1394570.718252513557673 ], [ -1345006.615560648730025, 1394126.156508064595982 ], [ -1345707.928352646296844, 1394148.954384039854631 ], [ -1346954.706649530911818, 1393408.032388100633398 ], [ -1348323.936386288143694, 1393123.067318761488423 ], [ -1348813.742145778611302, 1392769.714434521505609 ], [ -1349559.582734093535691, 1391025.808587513398379 ], [ -1350182.971882535610348, 1390444.529393354663625 ], [ -1350461.270609518978745, 1389920.248107356484979 ], [ -1352387.097800242714584, 1389452.961710353847593 ], [ -1352843.507712495047599, 1388643.775801960611716 ], [ -1355292.536509946919978, 1387447.13274490647018 ], [ -1355626.494982326868922, 1386729.169991918606684 ], [ -1356272.148028927855194, 1386649.397420729976147 ], [ -1356873.273279211483896, 1386808.942776678595692 ], [ -1357062.516413560137153, 1386592.417143489001319 ], [ -1357685.90556200244464, 1386603.813190220389515 ], [ -1358999.475553363095969, 1386193.558253239607438 ], [ -1359711.920294440118596, 1386501.248926525004208 ], [ -1360713.795711579732597, 1386467.060917069204152 ], [ -1361403.976554497610778, 1385760.517500964459032 ], [ -1362383.588073478778824, 1385475.625699188793078 ], [ -1363318.67179614212364, 1385920.058098937151954 ], [ -1364353.943060519639403, 1385361.669740536017343 ], [ -1364832.616870930651203, 1385384.460897433105856 ], [ -1365032.991954358527437, 1385110.968164067249745 ], [ -1365355.818477659020573, 1385145.154618601081893 ], [ -1366302.034149401821196, 1384734.919749769382179 ], [ -1366958.819145082030445, 1383994.232187327928841 ], [ -1368417.104474473977461, 1384062.60257692146115 ], [ -1371890.272587224142626, 1382273.628917280118912 ], [ -1375430.232394450344145, 1380769.606533198617399 ], [ -1375986.829848416848108, 1382011.558968555415049 ], [ -1376443.239760668948293, 1383994.232187328394502 ], [ -1377378.323483332525939, 1384620.966620561666787 ], [ -1378569.442034820793197, 1387333.169247742276639 ], [ -1379237.358979580225423, 1387925.784195654792711 ], [ -1379215.095081421546638, 1388404.443342030979693 ], [ -1379426.602113929111511, 1388586.79170834296383 ], [ -1379537.921604722039774, 1389566.933325211517513 ], [ -1379126.039488787064329, 1390683.878272616071627 ], [ -1379448.866012087557465, 1390957.422209714073688 ], [ -1379370.942368532298133, 1392404.9674839428626 ], [ -1379883.012026181211695, 1393100.2702314814087 ], [ -1380439.609480147715658, 1393430.829711924307048 ], [ -1380328.289989354554564, 1394297.14100527134724 ], [ -1380528.665072782197967, 1394468.126488852314651 ], [ -1380884.887443320592865, 1395516.859039921080694 ], [ -1381352.429304652381688, 1395733.449736378155649 ], [ -1382766.186837726971135, 1395858.845074233133346 ], [ -1383311.65234261401929, 1395163.477619937621057 ], [ -1384024.097083691041917, 1395209.074985606130213 ], [ -1385226.347584258299321, 1394924.092601652489975 ], [ -1386217.091052318457514, 1395174.876954774837941 ], [ -1386539.917575619183481, 1395881.644283627159894 ], [ -1387074.251131426775828, 1395744.849290602607653 ], [ -1387463.869349203305319, 1396257.833773608785123 ], [ -1387898.01536329719238, 1396155.236165867885575 ], [ -1388098.390446724835783, 1396394.631137130083516 ], [ -1388510.272562660044059, 1398207.255921208066866 ], [ -1388922.154678595019504, 1399176.314757238607854 ], [ -1390257.988568114116788, 1399176.314757238607854 ], [ -1390758.926276684040204, 1399666.55662921955809 ], [ -1390847.981869318755344, 1400396.234023105818778 ], [ -1391426.843221443705261, 1400715.473555049393326 ], [ -1391738.537795664742589, 1400692.670616809511557 ], [ -1391783.065591982100159, 1400897.89769535837695 ], [ -1392105.892115282593295, 1400726.875030776951462 ], [ -1392161.551860679406673, 1401057.519743373850361 ], [ -1393230.218972294591367, 1400635.663348303409293 ], [ -1393386.066259405342862, 1400806.68548422306776 ], [ -1393452.857953881379217, 1401810.035318892681971 ], [ -1394254.358287592884153, 1402756.407928281230852 ], [ -1394521.525065496563911, 1402790.614736213814467 ], [ -1394543.788963655475527, 1403794.032106684520841 ], [ -1394321.149982068687677, 1404033.489031910663471 ], [ -1394877.74743603519164, 1404101.905653977533802 ], [ -1395189.442010256228969, 1404421.185326093342155 ], [ -1395300.761501049622893, 1405116.770890585845336 ], [ -1395156.046163018327206, 1405253.609330794308335 ], [ -1395668.115820667240769, 1405618.514950244454667 ], [ -1395790.567260540090501, 1406108.864006676943973 ], [ -1396057.73403844377026, 1406291.321557212853804 ], [ -1395968.67844580928795, 1406724.662779048318043 ], [ -1396113.393783840583637, 1407100.990603404119611 ], [ -1395656.983871588250622, 1407386.090649328427389 ], [ -1395378.685144604882225, 1408058.937730537028983 ], [ -1395734.907515143509954, 1408629.159192605176941 ], [ -1396113.393783840350807, 1408880.060145638883114 ], [ -1396124.525732919806615, 1409666.990689300000668 ], [ -1396402.824459903175011, 1410214.433086293749511 ], [ -1395668.115820667240769, 1410522.37392693082802 ], [ -1395200.573959335684776, 1412153.373824542621151 ], [ -1395400.94904276356101, 1412678.050445349188522 ], [ -1395478.872686318820342, 1413864.310528693720698 ], [ -1396235.845223712967709, 1414719.816414191853255 ], [ -1395823.963107777992263, 1415039.211697359569371 ], [ -1395801.699209619546309, 1415312.981861758511513 ], [ -1396046.602089364547282, 1415541.125625256448984 ], [ -1396436.220307140843943, 1415427.053520777728409 ], [ -1396580.93564517213963, 1416579.202253616182134 ], [ -1396848.102423076052219, 1416579.202253616182134 ], [ -1397126.401150059187785, 1416887.210112506523728 ], [ -1397471.491571518359706, 1416704.686544480733573 ], [ -1398217.332159833284095, 1417423.37969644414261 ], [ -1398473.366988657740876, 1417183.813345500733703 ], [ -1399208.075627893442288, 1417446.195641995640472 ], [ -1399987.31206344650127, 1418358.848100577481091 ], [ -1400332.40248490544036, 1417879.70199845219031 ], [ -1400543.909517412772402, 1417879.70199845219031 ], [ -1401278.618156648473814, 1418666.87475323327817 ], [ -1401323.145952965831384, 1419397.025008758064359 ], [ -1401757.291967059485614, 1419362.798806795384735 ], [ -1401801.819763376610354, 1419899.013924568193033 ], [ -1402369.549166422337294, 1420298.329468463780358 ], [ -1402414.076962739694864, 1421108.386397621361539 ], [ -1401779.555865218164399, 1422409.088365639094263 ], [ -1401534.652985472930595, 1422409.088365639792755 ], [ -1401334.277902045054361, 1423367.537577990675345 ], [ -1400955.791633347980678, 1423709.848529826151207 ], [ -1401022.583327823784202, 1424405.893240473465994 ], [ -1400866.736040713265538, 1424736.805594263365492 ], [ -1399909.388419891009107, 1424668.340659850742668 ], [ -1399196.943678814219311, 1426482.716007812647149 ], [ -1399809.20087817707099, 1426710.947358941892162 ], [ -1400566.173415571451187, 1426516.950595936970785 ], [ -1401412.201545600313693, 1427030.474269509781152 ], [ -1402124.64628667733632, 1426904.945420261239633 ], [ -1403059.730009340681136, 1427030.474269509781152 ], [ -1404751.786269398406148, 1427852.131075352430344 ], [ -1404829.709912953898311, 1428217.319358891574666 ], [ -1404072.737375559518114, 1428810.760142732877284 ], [ -1403861.230343052418903, 1429210.198289688210934 ], [ -1404362.168051622109488, 1430728.113545363536105 ], [ -1404840.841862033121288, 1431264.538743763929233 ], [ -1405853.849228251725435, 1431629.770108283963054 ], [ -1408247.218280307250097, 1431401.499964463757351 ], [ -1409271.357595605542883, 1430066.155744047835469 ], [ -1409794.559202333912253, 1429963.439512243960053 ], [ -1411241.712582646403462, 1430180.285318350186571 ], [ -1413612.817736542783678, 1429175.960518218809739 ], [ -1413902.248412605607882, 1428730.873174818698317 ], [ -1414046.963750636903569, 1428034.724641520995647 ], [ -1413590.553838384337723, 1426585.419893464306369 ], [ -1414625.825102762086317, 1425672.509219553554431 ], [ -1415505.249080028850585, 1425706.74285122891888 ], [ -1415683.360265298048034, 1426026.258695256663486 ], [ -1416440.332802692428231, 1426425.658450772054493 ], [ -1418499.743382367771119, 1425980.613359174691141 ], [ -1420470.098369408864528, 1426745.182216592365876 ], [ -1421505.36963378614746, 1426437.069953196449205 ], [ -1426258.711890659062192, 1429016.184786927653477 ], [ -1427060.212224370567128, 1429929.200849371496588 ], [ -1428841.32407706300728, 1431401.499964463757351 ], [ -1429063.963058649329469, 1432736.905897448305041 ], [ -1429631.692461695056409, 1433433.167674157069996 ], [ -1429865.463392361067235, 1433364.682164399186149 ], [ -1430377.533050009980798, 1432109.143281329423189 ], [ -1430666.963726072572172, 1431960.765020516002551 ], [ -1430945.262453055940568, 1432097.729541896376759 ], [ -1431167.901434642262757, 1434152.275341569678858 ], [ -1430811.679064103867859, 1435316.582916668383405 ], [ -1430989.790249373298138, 1435750.356586875161156 ], [ -1431412.804314387496561, 1436058.568163282936439 ], [ -1432893.353541938122362, 1436298.29055823921226 ], [ -1433861.83311183960177, 1436880.481825354741886 ], [ -1434329.374973171390593, 1436834.819339754991233 ], [ -1435475.96572834183462, 1435533.468935539014637 ], [ -1437657.827747890260071, 1434414.811179441399872 ], [ -1438915.737993854098022, 1433182.054932957980782 ], [ -1439361.01595702720806, 1433079.327623126097023 ], [ -1439650.446633089799434, 1433296.196817173622549 ], [ -1439973.273156390059739, 1434026.715568244457245 ], [ -1440195.912137976847589, 1434894.230616419576108 ], [ -1440140.252392580034211, 1435796.017353090690449 ], [ -1440284.967730611329898, 1435898.754341672873124 ], [ -1441821.176703558536246, 1436412.444780943915248 ], [ -1442600.413139111595228, 1436115.644743019947782 ], [ -1443446.441269140224904, 1437245.784317674580961 ], [ -1445016.046089325565845, 1438341.719618593808264 ], [ -1445294.344816308701411, 1438170.476975798606873 ], [ -1445650.567186847096309, 1437211.537012078799307 ], [ -1446006.789557385724038, 1437063.132492032367736 ], [ -1447220.172007032670081, 1438181.893120266962796 ], [ -1447231.303956111660227, 1438558.628429825650528 ], [ -1446696.97040030406788, 1439426.280038748634979 ], [ -1445260.948969070799649, 1440328.208819976774976 ], [ -1445183.025325515540317, 1440739.223733434453607 ], [ -1445249.817019991576672, 1441138.827206355053931 ], [ -1445561.511594212614, 1441515.601289978716522 ], [ -1446752.630145700648427, 1441823.874673860613257 ], [ -1447676.581919284770265, 1441698.281414000783116 ], [ -1448344.498864044435322, 1441298.670152962440625 ], [ -1449301.846484866691753, 1438901.119357802905142 ], [ -1450782.395712417317554, 1438022.067510010441765 ], [ -1450871.451305051799864, 1437268.615877377567813 ], [ -1450259.194105688948184, 1436572.261452942155302 ], [ -1450292.589952926617116, 1436355.367613030830398 ], [ -1451116.354184797033668, 1436195.552144662477076 ], [ -1452340.868583522969857, 1436480.937531764851883 ], [ -1452908.597986568696797, 1436275.459767995635048 ], [ -1453865.945607390720397, 1436252.628995849052444 ], [ -1455023.668311640853062, 1435670.450420123757794 ], [ -1455391.022631258703768, 1436012.906980922445655 ], [ -1455947.620085225207731, 1437359.942297308007255 ], [ -1456326.106353922048584, 1437519.764229541644454 ], [ -1456526.481437350157648, 1436697.832317484775558 ], [ -1456314.974404842825606, 1435898.754341672873124 ], [ -1456571.009233667515218, 1435556.299137747148052 ], [ -1456982.891349602490664, 1435544.884034381946549 ], [ -1458741.739304136252031, 1436640.754583896836266 ], [ -1459788.142517592990771, 1437668.171104264445603 ], [ -1459654.559128640918061, 1438238.973910574102774 ], [ -1458697.211507818894461, 1438501.547005094587803 ], [ -1458418.912780835758895, 1438741.289750404655933 ], [ -1458541.364220708375797, 1439346.363663997268304 ], [ -1459120.225572833558545, 1440054.202145273564383 ], [ -1461279.823694222839549, 1440031.368373690638691 ], [ -1462626.78953282139264, 1440670.720839345827699 ], [ -1464218.658251165179536, 1441036.071496383287013 ], [ -1464441.297232751734555, 1442040.809781190240756 ], [ -1463573.005204564426094, 1443034.165176139445975 ], [ -1463528.477408247068524, 1443468.055342352250591 ], [ -1464819.783501448808238, 1444255.925332039827481 ], [ -1466389.388321634149179, 1444929.628450819756836 ], [ -1466511.83976150653325, 1445831.730331554077566 ], [ -1466099.957645571557805, 1447099.288623686414212 ], [ -1467291.076197059592232, 1447795.89863558136858 ], [ -1467591.638822201406583, 1448218.440849932143465 ], [ -1466500.707812427310273, 1448344.062713251914829 ], [ -1465398.644853573990986, 1447852.998569710878655 ], [ -1464552.616723544895649, 1448218.440849932143465 ], [ -1463294.706477581057698, 1449623.153138881549239 ], [ -1463628.664949960773811, 1450319.824710109038278 ], [ -1463584.137153643649071, 1451484.788953690091148 ], [ -1463795.644186150981113, 1451758.905104451347142 ], [ -1464496.956978148315102, 1451907.385786762228236 ], [ -1464808.651552369585261, 1452272.879992784699425 ], [ -1465532.228242525830865, 1453597.835799626074731 ], [ -1465554.49214068450965, 1454397.407927281688899 ], [ -1465743.735275032930076, 1454785.779638542793691 ], [ -1466522.971710585989058, 1455345.501138380263001 ], [ -1467346.735942456172779, 1456305.049344647442922 ], [ -1467669.562465756898746, 1456339.319522557314485 ], [ -1468092.576530771097168, 1455562.538969730958343 ], [ -1468426.535003151046112, 1455539.692804204532877 ], [ -1468994.264406196540222, 1457344.59646560321562 ], [ -1470307.834397557424381, 1458509.848363146185875 ], [ -1470920.091596920276061, 1460269.240923926001415 ], [ -1471498.952949045458809, 1460212.11607411573641 ], [ -1473291.196750817121938, 1460657.692956208018586 ], [ -1473781.002510307356715, 1461114.70216504833661 ], [ -1473714.210815831553191, 1461526.016756906639785 ], [ -1473591.759375958936289, 1461777.378614934161305 ], [ -1473335.724547134479508, 1461480.314840610604733 ], [ -1472812.522940405877307, 1461571.718746955739334 ], [ -1472701.203449612716213, 1461800.229803579626605 ], [ -1472367.2449772330001, 1461868.783480170648545 ], [ -1472344.981079074088484, 1462154.425586042227224 ], [ -1471921.967014059657231, 1462177.277079018997028 ], [ -1471832.911421425174922, 1462542.903475651051849 ], [ -1471064.806934951804578, 1462634.310812836978585 ], [ -1470062.931517812190577, 1463479.842681102454662 ], [ -1470419.153888350585476, 1464051.162306583253667 ], [ -1470163.119059526128694, 1464382.532979050884023 ], [ -1470363.494142954004928, 1464531.079713897779584 ], [ -1470163.119059526128694, 1465148.128355075372383 ], [ -1470408.021939271362498, 1465605.210111203370616 ], [ -1468894.076864482602105, 1465559.501602753298357 ], [ -1468526.722544864984229, 1466096.581249408423901 ], [ -1467858.805600105319172, 1466599.388475600397214 ], [ -1468048.048734453739598, 1466245.136997795663774 ], [ -1467914.46534550213255, 1465948.026282640639693 ], [ -1467302.20814613904804, 1465856.608230013865978 ], [ -1466968.249673759331927, 1466050.871945619117469 ], [ -1467046.173317314125597, 1466462.258343911729753 ], [ -1466856.930182965705171, 1466907.933707940392196 ], [ -1466522.971710585989058, 1466885.078389861620963 ], [ -1466077.693747413111851, 1467227.910104821901768 ], [ -1465599.019937001634389, 1466885.078389861620963 ], [ -1465075.818330273265019, 1466050.871945619117469 ], [ -1465688.075529636349529, 1465570.928722930839285 ], [ -1464463.56113091064617, 1465513.793168272823095 ], [ -1464263.186047482537106, 1466028.017321473220363 ], [ -1463840.171982468105853, 1466108.008586917771026 ], [ -1463261.310630343155935, 1465925.171741738682613 ], [ -1462994.143852439243346, 1465513.793168272823095 ], [ -1462259.435213203774765, 1466188.000078987563029 ], [ -1461981.136486220639199, 1466176.572709102416411 ], [ -1461090.580559874186292, 1465845.180994245223701 ], [ -1460122.100989972939715, 1465068.139808104140684 ], [ -1458363.253035438945517, 1464416.812925494275987 ], [ -1457895.711174107389525, 1463845.485911657335237 ], [ -1456582.141182746738195, 1463034.221384787699208 ], [ -1455713.849154559196904, 1463411.285101651446894 ], [ -1454912.348820847691968, 1464473.946261951699853 ], [ -1454867.821024530101568, 1464976.724603140493855 ], [ -1454389.147214119089767, 1465662.345850790850818 ], [ -1453888.209505549399182, 1465788.044884759932756 ], [ -1453298.216204344760627, 1466393.693527886178344 ], [ -1453008.785528282634914, 1467216.482313877902925 ], [ -1452596.903412347426638, 1467022.210576003417373 ], [ -1452107.09765285695903, 1466302.27403223933652 ], [ -1451149.75003203493543, 1466462.258343911729753 ], [ -1449902.971735150320455, 1466153.717983206966892 ], [ -1449602.409110008506104, 1466645.09866754617542 ], [ -1449624.673008166952059, 1467593.601859227987006 ], [ -1448823.172674455679953, 1467445.039012264693156 ], [ -1448444.686405758373439, 1467730.737489387392998 ], [ -1447487.338784936349839, 1467742.165488664992154 ], [ -1446919.609381890622899, 1468165.004717502743006 ], [ -1446385.275826083030552, 1468267.858461634488776 ], [ -1446073.581251861527562, 1468999.273687043460086 ], [ -1445906.602015671785921, 1469010.702200544299558 ], [ -1445316.608714467380196, 1468256.430249313125387 ], [ -1444982.650242087431252, 1468176.432892767479643 ], [ -1444381.52499180380255, 1468587.850287477485836 ], [ -1444003.038723106728867, 1468473.567075573839247 ], [ -1443357.385676505742595, 1467696.453519338276237 ], [ -1441798.912805399857461, 1469067.844837569165975 ], [ -1440730.245693784672767, 1468153.576546870404854 ], [ -1440374.023323246277869, 1468199.289257191121578 ], [ -1439194.036720837233588, 1468873.560344423633069 ], [ -1439873.085614676121622, 1467285.049128972925246 ], [ -1439650.446633089799434, 1466987.927466991124675 ], [ -1438659.703165029641241, 1466976.499773243209347 ], [ -1438014.050118428654969, 1466210.854832634562626 ], [ -1437591.036053413990885, 1466279.419204585254192 ], [ -1437758.015289604198188, 1465662.345850791316479 ], [ -1437290.473428272409365, 1464588.213281335774809 ], [ -1436622.556483512744308, 1464953.870848112273961 ], [ -1436054.827080467017367, 1465799.472097408724949 ], [ -1435821.056149801239371, 1465673.773012578953058 ], [ -1435531.625473738647997, 1465056.712891309522092 ], [ -1434763.520987265044823, 1464782.468274570768699 ], [ -1433661.458028411725536, 1464016.882803528336808 ], [ -1433405.423199587035924, 1462554.329376653535292 ], [ -1433115.992523524677381, 1462474.348166507901624 ], [ -1432603.922865875763819, 1462942.812755734426901 ], [ -1432347.888037051074207, 1462908.534595977049321 ], [ -1431702.234990450087935, 1462314.386424278607592 ], [ -1432125.249055464519188, 1461708.825159644242376 ], [ -1432036.193462830036879, 1461468.889373060315847 ], [ -1430900.734656738350168, 1461183.25418224115856 ], [ -1430477.720591723918915, 1460611.992440747329965 ], [ -1430255.081610137363896, 1460600.567323398776352 ], [ -1429397.921531029278412, 1461400.336664553033188 ], [ -1428963.775516935624182, 1461571.718746955972165 ], [ -1428563.025350079638883, 1461057.575610779691488 ], [ -1428017.559845192590728, 1459583.750323597341776 ], [ -1427127.003918846603483, 1459629.449181324336678 ], [ -1426303.239686976186931, 1459286.709543436998501 ], [ -1425980.413163675693795, 1459640.873907263623551 ], [ -1425991.545112755149603, 1459949.343247763579711 ], [ -1426403.427228690125048, 1460109.291634576860815 ], [ -1426971.156631735851988, 1460851.920969226630405 ], [ -1426859.837140942690894, 1461674.548494237707928 ], [ -1426314.371636055642739, 1461857.357855878537521 ], [ -1425757.774182089138776, 1461503.165789540158585 ], [ -1425357.024015233386308, 1461503.165789539692923 ], [ -1426125.128501706989482, 1462542.903475651051849 ], [ -1426158.524348945124075, 1463068.499696822836995 ], [ -1425880.225621961755678, 1463297.022838502191007 ], [ -1424588.919528759783134, 1463251.3180624791421 ], [ -1424477.60003796685487, 1463319.875254206592217 ], [ -1424800.426561267115176, 1463971.176864106673747 ], [ -1424522.127834283746779, 1464108.294904036214575 ], [ -1423497.988518985686824, 1463754.074660800397396 ], [ -1422596.30064356024377, 1463982.603342035785317 ], [ -1421972.911495117703453, 1463902.618093506898731 ], [ -1422173.286578545812517, 1464736.761097211623564 ], [ -1422028.57124051451683, 1465822.326536578824744 ], [ -1420959.904128899099305, 1466119.435929052531719 ], [ -1420525.758114805445075, 1465708.054525684565306 ], [ -1420180.667693346273154, 1465902.317219333024696 ], [ -1420637.077605598606169, 1467113.632403675233945 ], [ -1420570.285911122802645, 1467947.870267510646954 ], [ -1420258.591336901532486, 1468370.712580982362852 ], [ -1420013.688457156298682, 1468427.853920538676903 ], [ -1419334.639563317410648, 1467902.15796476835385 ], [ -1419245.583970682695508, 1468622.13534139841795 ], [ -1419034.076938175596297, 1468793.561236540786922 ], [ -1418677.854567636968568, 1468770.704390282509848 ], [ -1418032.201521036215127, 1468439.282202347647399 ], [ -1417442.208219831576571, 1468370.712580982362852 ], [ -1416963.534409420564771, 1467856.445736121851951 ], [ -1416418.068904533516616, 1468005.01075014215894 ], [ -1415538.644927266752347, 1468599.278634151443839 ], [ -1415516.381029108073562, 1468987.845178177813068 ], [ -1415917.131195964058861, 1469307.84517848584801 ], [ -1415872.603399646468461, 1470096.432123303646222 ], [ -1415482.9851818701718, 1470279.296017826301977 ], [ -1413913.380361684830859, 1470290.725050664041191 ], [ -1413657.345532860374078, 1470450.731997524155304 ], [ -1413412.442653115140274, 1471490.799322836333886 ], [ -1412154.532407151302323, 1471856.546419661026448 ], [ -1412310.379694261820987, 1473228.140400086529553 ], [ -1411464.351564233191311, 1474028.267800512956455 ], [ -1410930.018008425133303, 1474039.698357052868232 ], [ -1410729.642924997257069, 1474279.74111901409924 ], [ -1410673.983179600676522, 1474839.848876738222316 ], [ -1410863.226313949096948, 1475388.536699505988508 ], [ -1410061.725980237592012, 1475251.3637382122688 ], [ -1410083.989878396270797, 1475502.848012778908014 ], [ -1410384.552503538317978, 1475434.261168936733156 ], [ -1410473.608096172800288, 1475571.435024262405932 ], [ -1410217.573267348343506, 1475982.960614116862416 ], [ -1411030.20555013907142, 1476497.376091479556635 ], [ -1410707.379026838578284, 1477320.46048499760218 ], [ -1410529.267841569380835, 1477343.324285358656198 ], [ -1410807.566568552749231, 1477709.147627981845289 ], [ -1410551.53173972829245, 1478052.111349352169782 ], [ -1410863.226313949096948, 1478120.704597449861467 ], [ -1410774.170721314614639, 1479103.892947907792404 ], [ -1410952.281906584044918, 1479629.798564366530627 ], [ -1409883.614794968394563, 1479481.172062367899343 ], [ -1409070.982512177433819, 1479721.261419465998188 ], [ -1408915.135225066915154, 1480235.74555010930635 ], [ -1408636.836498083779588, 1480464.408200786216184 ], [ -1407991.183451482793316, 1480007.084768520668149 ], [ -1407746.280571737792343, 1480270.044828549027443 ], [ -1407078.363626978127286, 1480441.541851600399241 ], [ -1406532.8981220908463, 1481093.24013014882803 ], [ -1406532.8981220908463, 1481722.086203249171376 ], [ -1405954.036769965663552, 1482133.702203746186569 ], [ -1405441.96711231674999, 1481859.290863064583391 ], [ -1403104.257805658038706, 1481573.448581913951784 ], [ -1403248.973143689334393, 1481893.592133275000378 ], [ -1402358.417217343114316, 1481985.062393019674346 ], [ -1402024.458744963165373, 1482282.342805246822536 ], [ -1402124.64628667710349, 1482751.137575349304825 ], [ -1401812.951712456298992, 1483723.054242880782112 ], [ -1400855.60409163380973, 1483425.758493833476678 ], [ -1400510.51367017487064, 1482430.984197605401278 ], [ -1400076.367656080983579, 1482808.308207551715896 ], [ -1399130.151984338182956, 1482831.176493202103302 ], [ -1398406.575294181937352, 1481573.448581914184615 ], [ -1398083.748770881444216, 1481527.714088225504383 ], [ -1397627.338858629111201, 1480944.605852459324524 ], [ -1396814.706575838150457, 1480693.07272085826844 ], [ -1395634.719973429571837, 1481310.476265106350183 ], [ -1395066.990570383844897, 1480830.272330339998007 ], [ -1394176.434644037624821, 1481367.643949612509459 ], [ -1393786.81642626109533, 1480841.705661515006796 ], [ -1393374.934310325654224, 1480876.005683089373633 ], [ -1393441.726004801923409, 1481058.939842089312151 ], [ -1393163.427277818787843, 1481630.616804262856022 ], [ -1392662.489569249097258, 1482042.231457414105535 ], [ -1392295.135249631246552, 1481939.327225719578564 ], [ -1391627.218304871581495, 1482305.210660285316408 ], [ -1391393.447374205803499, 1482133.702203746186569 ], [ -1390825.717971159843728, 1482190.871572274714708 ], [ -1390681.002633128780872, 1481516.280476496554911 ], [ -1389679.127215989399701, 1481264.74220167612657 ], [ -1389345.168743609450758, 1481081.806696120416746 ], [ -1389222.717303736833856, 1480773.105744585860521 ], [ -1388376.689173707971349, 1480647.339667276712134 ], [ -1388332.161377390613779, 1480338.643511595902964 ], [ -1388599.328155294759199, 1479812.724573508137837 ], [ -1387808.959770662244409, 1479229.652087723370641 ], [ -1388154.05019212141633, 1478223.594784523593262 ], [ -1387664.244432630948722, 1478017.814788286574185 ], [ -1387241.230367616517469, 1476840.324985432205722 ], [ -1387263.494265775196254, 1476463.081432775594294 ], [ -1387653.112483551725745, 1475788.628333361819386 ], [ -1387541.79299275833182, 1475537.141497564967722 ], [ -1387118.778927744133398, 1475468.554569903062657 ], [ -1386896.139946157578379, 1475171.346487077185884 ], [ -1387107.64697866467759, 1474428.340047477046028 ], [ -1386985.195538792293519, 1474279.741119014564902 ], [ -1386528.785626539494842, 1474451.20149087975733 ], [ -1386105.771561525063589, 1474234.018529987195507 ], [ -1386651.237066412344575, 1473216.710173724219203 ], [ -1386539.917575619183481, 1472873.805544471601024 ], [ -1384836.729366482002661, 1472336.596701853442937 ], [ -1383612.214967755833641, 1471456.510776295792311 ], [ -1382766.186837726971135, 1471547.946993269026279 ], [ -1381352.429304652381688, 1470999.334148371126503 ], [ -1379894.143975260667503, 1469353.559760915813968 ], [ -1379983.199567895149812, 1468130.720219501759857 ], [ -1379716.032789991237223, 1467616.457751285750419 ], [ -1380239.234396719606593, 1466770.802077118773013 ], [ -1379660.373044594889507, 1466782.229687569662929 ], [ -1379660.373044594889507, 1466473.685829440830275 ], [ -1379938.671771578025073, 1466039.444631233811378 ], [ -1379537.921604722039774, 1465593.782977155875415 ], [ -1379437.734063008101657, 1465216.690147014567629 ], [ -1379293.01872497680597, 1463856.912338792579249 ], [ -1379437.734063008101657, 1463411.285101651446894 ], [ -1378892.268558121053502, 1462554.329376653535292 ], [ -1379114.907539707608521, 1462257.257449710043147 ], [ -1379771.692535388050601, 1462188.702832425013185 ], [ -1379983.199567894916981, 1461274.657129903091118 ], [ -1379805.088382625952363, 1461080.426218662643805 ], [ -1378836.608812724472955, 1460280.665907704038545 ], [ -1378602.837882058694959, 1460269.240923926001415 ], [ -1378324.539155075559393, 1459892.21904260921292 ], [ -1376810.594080286798999, 1460075.016904284711927 ], [ -1375096.273922070395201, 1461057.575610778760165 ], [ -1374194.586046644952148, 1460909.047108800848946 ], [ -1373894.023421503137797, 1461034.725021327612922 ], [ -1373704.78028715448454, 1461971.614306282019243 ], [ -1372480.265888428548351, 1462702.866509483428672 ], [ -1372101.779619731241837, 1462440.070574208628386 ], [ -1371534.050216685747728, 1461080.426218662643805 ], [ -1370721.417933894786984, 1461114.70216504833661 ], [ -1370253.876072562998161, 1460429.191115917405114 ], [ -1369485.771586089627817, 1460543.441805750364438 ], [ -1369196.340910026803613, 1460086.44180977740325 ], [ -1368149.937696570297703, 1460212.11607411573641 ], [ -1368005.222358538769186, 1460017.892445890465751 ], [ -1367548.812446286669001, 1460086.44180977717042 ], [ -1366825.235756130190566, 1459732.27188049745746 ], [ -1366624.860672702314332, 1459446.654192296322435 ], [ -1366713.916265337029472, 1458932.549602136481553 ], [ -1366457.881436512572691, 1458018.608888103393838 ], [ -1365723.172797276638448, 1457744.43241275800392 ], [ -1365389.214324896922335, 1456716.294207485858351 ], [ -1364454.13060223357752, 1456305.049344647442922 ], [ -1364365.07500959886238, 1456030.889409074094146 ], [ -1363474.519083252642304, 1455356.924140834948048 ], [ -1363062.636967317666858, 1455162.733723148703575 ], [ -1360858.511049610795453, 1454911.430445002159104 ], [ -1360513.420628151623532, 1454557.325048681581393 ], [ -1360457.760882754810154, 1454043.30892814998515 ], [ -1360012.482919581932947, 1453814.860299051972106 ], [ -1357919.676492668455467, 1453734.903712030267343 ], [ -1357351.947089622728527, 1453449.346305895596743 ], [ -1357207.23175159143284, 1453140.947524051414803 ], [ -1356261.016079848865047, 1452489.894395752577111 ], [ -1356049.509047341300175, 1452101.554000045871362 ], [ -1356305.543876165756956, 1449269.11344714066945 ], [ -1356105.168792737880722, 1448286.961797814583406 ], [ -1355515.175491533474997, 1447373.36266839178279 ], [ -1355392.724051661090925, 1446882.315201472956687 ], [ -1353756.327536999713629, 1446779.538891871459782 ], [ -1353689.535842524142936, 1446562.567895606625825 ], [ -1351162.583401516778395, 1446619.665366621688008 ], [ -1350127.312137139029801, 1446128.630840374855325 ], [ -1349581.846632252214476, 1445032.398116400232539 ], [ -1349069.776974603300914, 1444906.79079744964838 ], [ -1348168.0890991773922, 1445009.560381060931832 ], [ -1347466.776307180058211, 1444712.671479168813676 ], [ -1347054.894191244849935, 1444392.948411433259025 ], [ -1346108.678519501816481, 1442942.820714759873226 ], [ -1345941.69928331207484, 1442212.075498300604522 ], [ -1345129.067000521346927, 1442120.733655270189047 ], [ -1343904.552601795177907, 1440077.035935004707426 ], [ -1343537.198282177560031, 1439666.030496389605105 ], [ -1343180.975911638932303, 1439551.863362342584878 ], [ -1343047.392522686859593, 1439049.533360280096531 ], [ -1343615.121925732586533, 1438524.379561390494928 ], [ -1343537.198282177560031, 1438261.806258415104821 ], [ -1343325.69124967022799, 1438124.812443234026432 ], [ -1342624.37845767242834, 1438261.806258415337652 ], [ -1342201.364392658229917, 1437656.755163649562746 ], [ -1341422.127957105170935, 1437542.596006603911519 ], [ -1340720.815165107604116, 1436834.819339755456895 ], [ -1339941.578729554545134, 1436446.691135991131887 ], [ -1339496.300766381435096, 1435841.67819167370908 ], [ -1339251.397886636201292, 1434985.549508312018588 ], [ -1338794.987974383868277, 1434882.815775272669271 ], [ -1338349.71001121099107, 1434095.202649572398514 ], [ -1338160.466876862104982, 1432554.282637815689668 ], [ -1337770.848659085808322, 1432303.177541829412803 ], [ -1337214.251205119304359, 1431412.913428825326264 ], [ -1338527.821196480188519, 1430716.700351426610723 ], [ -1338338.578062131535262, 1430454.198134415550157 ], [ -1337358.966543150600046, 1430351.480524331564084 ], [ -1336913.688579977722839, 1429963.439512243727222 ], [ -1335934.077060996787623, 1429552.578232467873022 ], [ -1335076.916981888469309, 1427932.015618909383193 ], [ -1333963.722073955694214, 1424246.143798942677677 ], [ -1333440.520467227324843, 1424771.03812202741392 ], [ -1332438.645050088176504, 1427452.711662061978132 ], [ -1327451.531862549250945, 1427498.359316293383017 ], [ -1324367.981967575848103, 1427954.839814680162817 ], [ -1322898.564689104445279, 1427863.543139514280483 ], [ -1321863.293424726929516, 1428411.327507650014013 ], [ -1321050.661141935968772, 1428297.204909780994058 ], [ -1316275.054986904608086, 1426825.063708353089169 ], [ -1313024.525855741230771, 1426231.663596712285653 ], [ -1311109.830614096717909, 1425318.764057735912502 ], [ -1309562.489692070055753, 1423162.152942842803895 ], [ -1308504.954529534326866, 1422386.268531496170908 ], [ -1308204.391904392279685, 1421667.452922953292727 ], [ -1306890.821913031861186, 1420880.199066188186407 ], [ -1305510.460227195173502, 1419648.018385226372629 ], [ -1304887.071078752866015, 1418792.368026442360133 ], [ -1306234.036917351419106, 1416225.567608924815431 ], [ -1321117.452836412237957, 1393544.816593909170479 ], [ -1321774.237832092680037, 1393522.019182462478057 ], [ -1323577.613582943566144, 1394354.136056861607358 ], [ -1324000.627647957997397, 1395163.477619937621057 ], [ -1324490.433407448232174, 1396896.226880127098411 ], [ -1325035.89891233551316, 1396622.628148118732497 ] ] ] ] } },
{ "type": "Feature", "properties": { "GID_2": "SEN.6.2_1", "GID_0": "SEN", "COUNTRY": "Senegal", "GID_1": "SEN.6_1", "NAME_1": "Kédougou", "NL_NAME_1": "NA", "NAME_2": "Salémata", "VARNAME_2": "NA", "NL_NAME_2": "NA", "TYPE_2": "Département", "ENGTYPE_2": "Department", "CC_2": "132", "HASC_2": "SN.KG.SM", "area_ha": 198673.15, "carbon_mean": 15.99, "carbon_min": 7.29, "carbon_max": 94.15, "carbon_median": 14.98, "carbon_std": 5.89, "carbon_pixel_count": 358704 }, "geometry": { "type": "MultiPolygon", "coordinates": [ [ [ [ -1398317.519701547455043, 1387640.871690956410021 ], [ -1398529.026734054554254, 1387561.096678171074018 ], [ -1398807.32546103768982, 1387925.784195655025542 ], [ -1399786.936980018392205, 1389623.919296441832557 ], [ -1400332.40248490544036, 1389749.288817560998723 ], [ -1400432.590026619378477, 1389920.248107356484979 ], [ -1400722.020702681969851, 1391185.377414606278762 ], [ -1400454.853924778057262, 1392177.002916242461652 ], [ -1402213.70187931181863, 1391698.283022303134203 ], [ -1403560.667717910371721, 1392735.519217447377741 ], [ -1403950.285935687134042, 1394217.348117167130113 ], [ -1405263.855927047552541, 1395174.876954774837941 ], [ -1407334.398455802584067, 1395562.456949633080512 ], [ -1409905.878693127073348, 1394981.088859124807641 ], [ -1412265.851897944463417, 1395653.652979687787592 ], [ -1420180.667693346273154, 1395038.085226251976565 ], [ -1420804.056841788347811, 1395243.273055920144543 ], [ -1420748.397096392000094, 1395767.648412217386067 ], [ -1420069.348202552879229, 1396850.626915770117193 ], [ -1419746.521679252618924, 1397751.239227482350543 ], [ -1419512.750748586608097, 1398640.478296497603878 ], [ -1419746.521679252618924, 1398879.893386466661468 ], [ -1420948.772179819876328, 1399666.556629219092429 ], [ -1421416.314041151665151, 1399552.546165357576683 ], [ -1421650.084971817210317, 1399278.922847810201347 ], [ -1423831.946991365635768, 1400726.875030776718631 ], [ -1424900.614102981053293, 1400122.60288688284345 ], [ -1426258.711890659062192, 1399951.58471476030536 ], [ -1427138.13586792582646, 1400430.438093495788053 ], [ -1427761.525016368133947, 1401251.347677083918825 ], [ -1429598.296614457154647, 1401912.652566984528676 ], [ -1429731.880003408994526, 1402357.331436226144433 ], [ -1428473.969757445156574, 1403942.267116473987699 ], [ -1428696.608739031711593, 1404466.796990540111437 ], [ -1429698.484156171092764, 1404489.602849270217121 ], [ -1429965.650934074772522, 1404797.48367189290002 ], [ -1432169.776851781643927, 1405447.464877430116758 ], [ -1433305.235657873097807, 1406086.056892484426498 ], [ -1434062.208195267710835, 1407317.66638595238328 ], [ -1433605.798283014912158, 1408275.620581253431737 ], [ -1434874.840478058205917, 1408720.395654595457017 ], [ -1435943.507589673856273, 1408230.003006087383255 ], [ -1436644.820381671190262, 1408287.024986121570691 ], [ -1437568.772155255544931, 1407842.256479021161795 ], [ -1438782.154604902258143, 1407739.618549554841593 ], [ -1439605.918836772441864, 1407158.010391234653071 ], [ -1440741.377642863895744, 1406770.278016205877066 ], [ -1441175.523656957782805, 1405880.793660908471793 ], [ -1440474.210864959983155, 1405230.80287988926284 ], [ -1440574.398406673921272, 1404227.336540732067078 ], [ -1440240.439934294205159, 1403543.174559324979782 ], [ -1440819.301286419155076, 1400031.393071797676384 ], [ -1440986.280522609129548, 1399917.381199214607477 ], [ -1442900.975764253409579, 1399803.369766898918897 ], [ -1443747.003894282272086, 1398868.492623907513916 ], [ -1446162.636844496009871, 1399438.536141641438007 ], [ -1446574.518960431450978, 1400145.405384686542675 ], [ -1447042.060821763239801, 1400419.036732294596732 ], [ -1448867.700470772804692, 1400430.438093495788053 ], [ -1449379.770128421718255, 1400669.867696191649884 ], [ -1449747.124448039801791, 1400533.050542507786304 ], [ -1450459.569189116591588, 1400772.480977741302922 ], [ -1451261.069522828096524, 1400327.826001239474863 ], [ -1451661.819689684081823, 1400590.057612789329141 ], [ -1452719.35485222004354, 1400521.649141666246578 ], [ -1454077.45263989828527, 1401011.913355816388503 ], [ -1454400.279163198545575, 1401547.792862881906331 ], [ -1454478.202806753804907, 1402334.527228467632085 ], [ -1454255.563825167249888, 1403098.477794704725966 ], [ -1454166.508232532767579, 1404535.214619747363031 ], [ -1454656.313992022769526, 1406519.395088041899726 ], [ -1454233.299927008571103, 1407180.818337354809046 ], [ -1453086.709171837894246, 1407933.490495286183432 ], [ -1453008.785528282634914, 1409792.445335874799639 ], [ -1452107.09765285695903, 1410727.669618100160733 ], [ -1451784.271129556698725, 1411605.895201513078064 ], [ -1451839.930874953279272, 1412438.522995247505605 ], [ -1452118.229601936414838, 1413077.267218840308487 ], [ -1451962.382314825896174, 1414160.883067270508036 ], [ -1452752.750699458178133, 1415404.239153338596225 ], [ -1452463.320023395819589, 1415849.122532719746232 ], [ -1452418.792227078229189, 1416704.686544480966404 ], [ -1452652.563157744007185, 1416989.880121203837916 ], [ -1453220.292560790199786, 1417069.734822162659839 ], [ -1454099.716538056731224, 1417788.436966888373718 ], [ -1453676.702473042299971, 1418723.917083161417395 ], [ -1453743.494167518103495, 1418929.270395326893777 ], [ -1454567.258399388520047, 1418895.044742812635377 ], [ -1455112.723904275568202, 1419088.990638569695875 ], [ -1455480.078223893418908, 1418769.551027485402301 ], [ -1455613.661612845258787, 1418130.682308041956276 ], [ -1456871.571858809329569, 1417731.396467193728313 ], [ -1457138.738636713009328, 1417103.958332330919802 ], [ -1457339.113720141118392, 1417012.695727749262005 ], [ -1457639.676345282932743, 1417366.339910638285801 ], [ -1458207.405748328426853, 1417115.366177974035963 ], [ -1458630.419813343090937, 1417834.069446968846023 ], [ -1459008.90608204016462, 1418119.274065285688266 ], [ -1460044.177346417447552, 1418085.049363799858838 ], [ -1460033.045397337991744, 1418758.142534705810249 ], [ -1460867.941578287631273, 1418507.15682332450524 ], [ -1460734.358189335791394, 1418803.776532619027421 ], [ -1463584.137153643649071, 1420423.829770469339564 ], [ -1464318.845792879117653, 1421405.032603769330308 ], [ -1464307.713843799894676, 1422717.15787983709015 ], [ -1463595.269102722872049, 1423447.409772642888129 ], [ -1461079.448610794730484, 1424771.038122027181089 ], [ -1459242.677012705709785, 1425501.341667166445404 ], [ -1458207.405748328659683, 1425763.79899380216375 ], [ -1457071.946942237205803, 1425786.621482256334275 ], [ -1458752.871253215475008, 1427829.306960517307743 ], [ -1459309.468707181978971, 1430260.176288353046402 ], [ -1459665.691077720141038, 1430636.808120027650148 ], [ -1460088.705142734805122, 1432976.6006789135281 ], [ -1459721.350823116954416, 1433684.282600620994344 ], [ -1460144.364888131385669, 1434437.640495685627684 ], [ -1459587.767434165347368, 1435076.868689499096945 ], [ -1459610.031332323793322, 1435567.714245634386316 ], [ -1459309.468707181978971, 1435693.280730868456885 ], [ -1459120.225572833558545, 1436138.475406582932919 ], [ -1458418.912780835526064, 1436412.444780943449587 ], [ -1456982.891349602490664, 1435544.884034381946549 ], [ -1456448.557793794898316, 1435624.789852904388681 ], [ -1456314.974404842825606, 1435898.754341672873124 ], [ -1456526.481437350157648, 1436697.832317484775558 ], [ -1456326.106353922048584, 1437519.764229541644454 ], [ -1455947.620085225207731, 1437359.942297308007255 ], [ -1455391.022631258703768, 1436012.906980922445655 ], [ -1455023.668311640853062, 1435670.450420123757794 ], [ -1454021.792894501471892, 1436218.382871564244851 ], [ -1452908.597986568696797, 1436275.459767995635048 ], [ -1452340.868583522969857, 1436480.937531764851883 ], [ -1451116.354184797033668, 1436195.552144662477076 ], [ -1450426.173341878689826, 1436298.290558238746598 ], [ -1450259.194105688948184, 1436572.261452942155302 ], [ -1450871.451305051799864, 1437268.615877377567813 ], [ -1450782.395712417317554, 1438022.067510010441765 ], [ -1449301.846484866691753, 1438901.119357802905142 ], [ -1448344.498864044435322, 1441298.670152962440625 ], [ -1447676.581919284770265, 1441698.281414000783116 ], [ -1446752.630145700648427, 1441823.874673860613257 ], [ -1445561.511594212614, 1441515.601289978716522 ], [ -1445249.817019991576672, 1441138.827206355053931 ], [ -1445183.025325515540317, 1440739.223733434453607 ], [ -1445260.948969070799649, 1440328.208819976774976 ], [ -1446696.97040030406788, 1439426.280038748634979 ], [ -1447231.303956111660227, 1438558.628429825650528 ], [ -1447220.172007032670081, 1438181.893120266962796 ], [ -1446006.789557385724038, 1437063.132492032367736 ], [ -1445650.567186847096309, 1437211.537012078799307 ], [ -1445294.344816308701411, 1438170.476975798606873 ], [ -1445016.046089325565845, 1438341.719618593808264 ], [ -1443446.441269140224904, 1437245.784317674580961 ], [ -1442600.413139111595228, 1436115.644743019947782 ], [ -1441821.176703558536246, 1436412.444780943915248 ], [ -1440284.967730611329898, 1435898.754341672873124 ], [ -1440140.252392580034211, 1435796.017353090690449 ], [ -1440195.912137976847589, 1434894.230616419576108 ], [ -1439973.273156390059739, 1434026.715568244457245 ], [ -1439650.446633089799434, 1433296.196817173622549 ], [ -1439361.01595702720806, 1433079.327623126097023 ], [ -1438915.737993854098022, 1433182.054932957980782 ], [ -1437657.827747890260071, 1434414.811179441399872 ], [ -1435475.96572834183462, 1435533.468935539014637 ], [ -1434329.374973171390593, 1436834.819339754991233 ], [ -1433861.83311183960177, 1436880.481825354741886 ], [ -1432893.353541938122362, 1436298.29055823921226 ], [ -1431412.804314387496561, 1436058.568163282936439 ], [ -1430989.790249373298138, 1435750.356586875161156 ], [ -1430811.679064103867859, 1435316.582916668383405 ], [ -1431167.901434642262757, 1434152.275341569678858 ], [ -1430945.262453055940568, 1432097.729541896376759 ], [ -1430666.963726072572172, 1431960.765020516002551 ], [ -1430377.533050009980798, 1432109.143281329423189 ], [ -1429865.463392361067235, 1433364.682164399186149 ], [ -1429631.692461695056409, 1433433.167674157069996 ], [ -1429063.963058649329469, 1432736.905897448305041 ], [ -1428841.32407706300728, 1431401.499964463757351 ], [ -1427060.212224370567128, 1429929.200849371496588 ], [ -1426258.711890659062192, 1429016.184786927653477 ], [ -1421505.36963378614746, 1426437.069953196449205 ], [ -1420470.098369408864528, 1426745.182216592365876 ], [ -1418499.743382367771119, 1425980.613359174691141 ], [ -1416440.332802692428231, 1426425.658450772054493 ], [ -1415683.360265298048034, 1426026.258695256663486 ], [ -1415505.249080028850585, 1425706.74285122891888 ], [ -1414625.825102762086317, 1425672.509219553554431 ], [ -1413590.553838384337723, 1426585.419893464306369 ], [ -1414046.963750636903569, 1428034.724641520995647 ], [ -1413902.248412605607882, 1428730.873174818698317 ], [ -1413612.817736542783678, 1429175.960518218809739 ], [ -1411241.712582646403462, 1430180.285318350186571 ], [ -1409794.559202333912253, 1429963.439512243960053 ], [ -1409271.357595605542883, 1430066.155744047835469 ], [ -1408247.218280307250097, 1431401.499964463757351 ], [ -1405853.849228251725435, 1431629.770108283963054 ], [ -1404840.841862033121288, 1431264.538743763929233 ], [ -1404362.168051622109488, 1430728.113545363536105 ], [ -1403861.230343052418903, 1429210.198289688210934 ], [ -1404072.737375559518114, 1428810.760142732877284 ], [ -1404829.709912953898311, 1428217.319358891574666 ], [ -1404751.786269398406148, 1427852.131075352430344 ], [ -1403059.730009340681136, 1427030.474269509781152 ], [ -1402124.64628667733632, 1426904.945420261239633 ], [ -1401412.201545600313693, 1427030.474269509781152 ], [ -1400566.173415571451187, 1426516.950595936970785 ], [ -1399809.20087817707099, 1426710.947358941892162 ], [ -1399196.943678814219311, 1426482.716007812647149 ], [ -1399909.388419891009107, 1424668.340659850742668 ], [ -1400866.736040713265538, 1424736.805594263365492 ], [ -1401022.583327823784202, 1424405.893240473465994 ], [ -1400955.791633347980678, 1423709.848529826151207 ], [ -1401334.277902045054361, 1423367.537577990675345 ], [ -1401534.652985472930595, 1422409.088365639792755 ], [ -1401779.555865218164399, 1422409.088365639094263 ], [ -1402414.076962739694864, 1421108.386397621361539 ], [ -1402369.549166422337294, 1420298.329468463780358 ], [ -1401801.819763376610354, 1419899.013924568193033 ], [ -1401757.291967059485614, 1419362.798806795384735 ], [ -1401323.145952965831384, 1419397.025008758064359 ], [ -1401278.618156648473814, 1418666.87475323327817 ], [ -1400543.909517412772402, 1417879.70199845219031 ], [ -1400332.40248490544036, 1417879.70199845219031 ], [ -1399987.31206344650127, 1418358.848100577481091 ], [ -1399208.075627893442288, 1417446.195641995640472 ], [ -1398473.366988657740876, 1417183.813345500733703 ], [ -1398217.332159833284095, 1417423.37969644414261 ], [ -1397471.491571518359706, 1416704.686544480733573 ], [ -1397126.401150059187785, 1416887.210112506523728 ], [ -1396848.102423076052219, 1416579.202253616182134 ], [ -1396580.93564517213963, 1416579.202253616182134 ], [ -1396436.220307140843943, 1415427.053520777728409 ], [ -1396046.602089364547282, 1415541.125625256448984 ], [ -1395801.699209619546309, 1415312.981861758511513 ], [ -1395823.963107777992263, 1415039.211697359569371 ], [ -1396235.845223712967709, 1414719.816414191853255 ], [ -1395478.872686318820342, 1413864.310528693720698 ], [ -1395400.94904276356101, 1412678.050445349188522 ], [ -1395200.573959335684776, 1412153.373824542621151 ], [ -1395668.115820667240769, 1410522.37392693082802 ], [ -1396402.824459903175011, 1410214.433086293749511 ], [ -1396124.525732919806615, 1409666.990689300000668 ], [ -1396113.393783840350807, 1408880.060145638883114 ], [ -1395734.907515143509954, 1408629.159192605176941 ], [ -1395378.685144604882225, 1408058.937730537028983 ], [ -1395656.983871588250622, 1407386.090649328427389 ], [ -1396113.393783840583637, 1407100.990603404119611 ], [ -1395968.67844580928795, 1406724.662779048318043 ], [ -1396057.73403844377026, 1406291.321557212853804 ], [ -1395790.567260540090501, 1406108.864006676943973 ], [ -1395668.115820667240769, 1405618.514950244454667 ], [ -1395156.046163018327206, 1405253.609330794308335 ], [ -1395300.761501049622893, 1405116.770890585845336 ], [ -1395189.442010256228969, 1404421.185326093342155 ], [ -1394877.74743603519164, 1404101.905653977533802 ], [ -1394321.149982068687677, 1404033.489031910663471 ], [ -1394543.788963655475527, 1403794.032106684520841 ], [ -1394521.525065496563911, 1402790.614736213814467 ], [ -1394254.358287592884153, 1402756.407928281230852 ], [ -1393452.857953881379217, 1401810.035318892681971 ], [ -1393386.066259405342862, 1400806.68548422306776 ], [ -1393230.218972294591367, 1400635.663348303409293 ], [ -1392161.551860679406673, 1401057.519743373850361 ], [ -1392105.892115282593295, 1400726.875030776951462 ], [ -1391783.065591982100159, 1400897.89769535837695 ], [ -1391738.537795664742589, 1400692.670616809511557 ], [ -1391426.843221443705261, 1400715.473555049393326 ], [ -1390847.981869318755344, 1400396.234023105818778 ], [ -1390758.926276684040204, 1399666.55662921955809 ], [ -1390257.988568114116788, 1399176.314757238607854 ], [ -1388922.154678595019504, 1399176.314757238607854 ], [ -1388510.272562660044059, 1398207.255921208066866 ], [ -1388098.390446724835783, 1396394.631137130083516 ], [ -1387898.01536329719238, 1396155.236165867885575 ], [ -1387463.869349203305319, 1396257.833773608785123 ], [ -1387074.251131426775828, 1395744.849290602607653 ], [ -1386539.917575619183481, 1395881.644283627159894 ], [ -1386217.091052318457514, 1395174.876954774837941 ], [ -1385226.347584258299321, 1394924.092601652489975 ], [ -1384024.097083691041917, 1395209.074985606130213 ], [ -1383311.65234261401929, 1395163.477619937621057 ], [ -1382766.186837726971135, 1395858.845074233133346 ], [ -1381096.394475827924907, 1395676.452031085500494 ], [ -1380840.359647003235295, 1395459.861751510296017 ], [ -1380528.665072782197967, 1394468.126488852314651 ], [ -1380328.289989354554564, 1394297.14100527134724 ], [ -1380439.609480147715658, 1393430.829711924307048 ], [ -1379883.012026181211695, 1393100.2702314814087 ], [ -1379370.942368532298133, 1392404.9674839428626 ], [ -1379448.866012087557465, 1390957.422209714073688 ], [ -1379126.039488787064329, 1390683.878272616071627 ], [ -1379526.789655642816797, 1389715.097077561542392 ], [ -1379426.602113929111511, 1388586.79170834296383 ], [ -1379805.088382625952363, 1389008.47658539400436 ], [ -1380829.227697924012318, 1389623.919296441832557 ], [ -1382231.853281919145957, 1389452.961710354080424 ], [ -1383601.083018676610664, 1389749.288817560998723 ], [ -1385749.549190986668691, 1391276.559986376669258 ], [ -1388298.765530152479187, 1391629.895096121123061 ], [ -1390591.947040494065732, 1392199.799294225405902 ], [ -1391705.141948426607996, 1391812.263249294133857 ], [ -1392729.281263725133613, 1391892.049668532097712 ], [ -1393196.823125056689605, 1391732.477044458966702 ], [ -1394009.455407847650349, 1390695.275886382441968 ], [ -1395055.858621304389089, 1389817.672415517503396 ], [ -1395901.886751333251595, 1388689.363155424362049 ], [ -1396413.956408982397988, 1388313.269577847793698 ], [ -1398317.519701547455043, 1387640.871690956410021 ] ] ] ] } },
{ "type": "Feature", "properties": { "GID_2": "SEN.6.3_1", "GID_0": "SEN", "COUNTRY": "Senegal", "GID_1": "SEN.6_1", "NAME_1": "Kédougou", "NL_NAME_1": "NA", "NAME_2": "Saraya", "VARNAME_2": "NA", "NL_NAME_2": "NA", "TYPE_2": "Département", "ENGTYPE_2": "Department", "CC_2": "133", "HASC_2": "SN.KG.SY", "area_ha": 792382.8, "carbon_mean": 17.4, "carbon_min": 7.14, "carbon_max": 109.69, "carbon_median": 15.94, "carbon_std": 5.92, "carbon_pixel_count": 1432818 }, "geometry": { "type": "MultiPolygon", "coordinates": [ [ [ [ -1266971.65251456387341, 1393396.633732759859413 ], [ -1268797.292163573438302, 1393373.836435221135616 ], [ -1269287.09792306390591, 1393601.810199201107025 ], [ -1269687.848089919891208, 1394148.954384039854631 ], [ -1269632.188344523077831, 1394308.540006821509451 ], [ -1270378.02893283800222, 1394787.302031078143045 ], [ -1270634.063761662691832, 1395266.071791397873312 ], [ -1271112.73757207323797, 1395516.859039921313524 ], [ -1272292.724174482282251, 1395722.050186542561278 ], [ -1272738.002137655159459, 1395995.640593954827636 ], [ -1273951.384587302105501, 1395836.045882395235822 ], [ -1275053.447546155657619, 1396235.034274489386007 ], [ -1276177.774403167422861, 1396189.435328935738653 ], [ -1277213.045667545171455, 1396964.626958439592272 ], [ -1277680.587528876960278, 1396987.427019685972482 ], [ -1284014.666555013973266, 1396223.634531516116112 ], [ -1284693.715448853094131, 1396292.033055215841159 ], [ -1290081.578803247539327, 1395744.849290602607653 ], [ -1291306.093201973475516, 1394855.697237421525642 ], [ -1292263.440822795731947, 1394981.088859125040472 ], [ -1293120.60090190381743, 1394525.121869262307882 ], [ -1293621.538610473275185, 1394593.516470448346809 ], [ -1294222.663860757602379, 1395231.873694761190563 ], [ -1294645.677925772033632, 1395288.870544423814863 ], [ -1296538.109269257402048, 1394661.911229489371181 ], [ -1296794.144098081858829, 1394764.5036640483886 ], [ -1297673.568075348623097, 1394582.117359288735315 ], [ -1298886.950524995336309, 1394160.353328602621332 ], [ -1299343.360437247902155, 1393636.006414954317734 ], [ -1300178.256618197541684, 1393248.451611978467554 ], [ -1301224.659831654047593, 1392028.826886080903932 ], [ -1302015.028216286096722, 1391527.31350215524435 ], [ -1302560.493721173377708, 1391390.538594733225182 ], [ -1303874.063712534029037, 1391584.303232832578942 ], [ -1304308.209726627683267, 1391401.936479626456276 ], [ -1305421.404634560691193, 1390239.37474536895752 ], [ -1305966.870139447506517, 1390148.195356347598135 ], [ -1306356.488357224036008, 1390262.169636327540502 ], [ -1307525.34301055339165, 1390091.208380235591903 ], [ -1307981.752922805957496, 1390239.37474536895752 ], [ -1308994.760289024561644, 1389703.69983963156119 ], [ -1309785.128673656843603, 1389658.110931598115712 ], [ -1310675.684600002830848, 1390752.264020792208612 ], [ -1312289.817216505529359, 1391003.013110755477101 ], [ -1312846.414670472033322, 1390911.831378635950387 ], [ -1312991.130008503096178, 1391424.732262535020709 ], [ -1313659.046953262994066, 1391937.642004364868626 ], [ -1314104.324916436104104, 1391812.263249294133857 ], [ -1314660.922370402142406, 1391219.570846217917278 ], [ -1314950.353046464500949, 1391561.507327437167987 ], [ -1316497.693968491163105, 1391550.109381302492693 ], [ -1316909.576084426371381, 1391743.875060594873503 ], [ -1317299.194302203133702, 1391379.140714213950559 ], [ -1317666.548621820751578, 1391401.936479625990614 ], [ -1318412.389210135443136, 1390866.240617519710213 ], [ -1318768.611580674070865, 1390923.229079846991226 ], [ -1318946.722765943268314, 1391447.528062941040844 ], [ -1319570.11191438534297, 1391789.467168892268091 ], [ -1320405.008095334982499, 1392678.527276562526822 ], [ -1320583.119280604412779, 1393408.032388100633398 ], [ -1321117.452836412237957, 1393544.816593909170479 ], [ -1306234.036917351419106, 1416225.567608924815431 ], [ -1304887.071078752866015, 1418792.368026442360133 ], [ -1306178.377171954605728, 1420286.920376925729215 ], [ -1308204.391904392279685, 1421667.452922953292727 ], [ -1308504.954529534326866, 1422386.268531496170908 ], [ -1309562.489692070055753, 1423162.152942842803895 ], [ -1311109.830614096717909, 1425318.764057735912502 ], [ -1313024.525855741230771, 1426231.663596712285653 ], [ -1316275.054986904608086, 1426825.063708353089169 ], [ -1321050.661141935968772, 1428297.204909780994058 ], [ -1321863.293424726929516, 1428411.327507650014013 ], [ -1322898.564689104445279, 1427863.543139514280483 ], [ -1324367.981967575848103, 1427954.839814680162817 ], [ -1327451.531862549250945, 1427498.359316293383017 ], [ -1332438.645050088176504, 1427452.711662061978132 ], [ -1333440.520467227324843, 1424771.03812202741392 ], [ -1333963.722073955694214, 1424246.143798942677677 ], [ -1335076.916981888469309, 1427932.015618909383193 ], [ -1335934.077060996787623, 1429552.578232467873022 ], [ -1336913.688579977722839, 1429963.439512243727222 ], [ -1337358.966543150600046, 1430351.480524331564084 ], [ -1338338.578062131535262, 1430454.198134415550157 ], [ -1338527.821196480188519, 1430716.700351426610723 ], [ -1337214.251205119304359, 1431412.913428825326264 ], [ -1337770.848659085808322, 1432303.177541829412803 ], [ -1338160.466876862104982, 1432554.282637815689668 ], [ -1338349.71001121099107, 1434095.202649572398514 ], [ -1338794.987974383868277, 1434882.815775272669271 ], [ -1339251.397886636201292, 1434985.549508312018588 ], [ -1339496.300766381435096, 1435841.67819167370908 ], [ -1339941.578729554545134, 1436446.691135991131887 ], [ -1340720.815165107604116, 1436834.819339755456895 ], [ -1341422.127957105170935, 1437542.596006603911519 ], [ -1342201.364392658229917, 1437656.755163649562746 ], [ -1342624.37845767242834, 1438261.806258415337652 ], [ -1343325.69124967022799, 1438124.812443234026432 ], [ -1343537.198282177560031, 1438261.806258415104821 ], [ -1343615.121925732586533, 1438524.379561390494928 ], [ -1343047.392522686859593, 1439049.533360280096531 ], [ -1343180.975911638932303, 1439551.863362342584878 ], [ -1343537.198282177560031, 1439666.030496389605105 ], [ -1343904.552601795177907, 1440077.035935004707426 ], [ -1345129.067000521346927, 1442120.733655270189047 ], [ -1345941.69928331207484, 1442212.075498300604522 ], [ -1346108.678519501816481, 1442942.820714759873226 ], [ -1347054.894191244849935, 1444392.948411433259025 ], [ -1347466.776307180058211, 1444712.671479168813676 ], [ -1348168.0890991773922, 1445009.560381060931832 ], [ -1349069.776974603300914, 1444906.79079744964838 ], [ -1349581.846632252214476, 1445032.398116400232539 ], [ -1350127.312137139029801, 1446128.630840374855325 ], [ -1351162.583401516778395, 1446619.665366621688008 ], [ -1353689.535842524142936, 1446562.567895606625825 ], [ -1353756.327536999713629, 1446779.538891871459782 ], [ -1355392.724051661090925, 1446882.315201472956687 ], [ -1355515.175491533474997, 1447373.36266839178279 ], [ -1356105.168792737880722, 1448286.961797814583406 ], [ -1356305.543876165756956, 1449269.11344714066945 ], [ -1356049.509047341300175, 1452101.554000045871362 ], [ -1356261.016079848865047, 1452489.894395752577111 ], [ -1357207.23175159143284, 1453140.947524051414803 ], [ -1357351.947089622728527, 1453449.346305895596743 ], [ -1357919.676492668455467, 1453734.903712030267343 ], [ -1360012.482919581932947, 1453814.860299051972106 ], [ -1360457.760882754810154, 1454043.30892814998515 ], [ -1360513.420628151623532, 1454557.325048681581393 ], [ -1360858.511049610795453, 1454911.430445002159104 ], [ -1363062.636967317666858, 1455162.733723148703575 ], [ -1363474.519083252642304, 1455356.924140834948048 ], [ -1364365.07500959886238, 1456030.889409074094146 ], [ -1364454.13060223357752, 1456305.049344647442922 ], [ -1365389.214324896922335, 1456716.294207485858351 ], [ -1365723.172797276638448, 1457744.43241275800392 ], [ -1366457.881436512572691, 1458018.608888103393838 ], [ -1366713.916265337029472, 1458932.549602136481553 ], [ -1366624.860672702314332, 1459446.654192296322435 ], [ -1366825.235756130190566, 1459732.27188049745746 ], [ -1367548.812446286669001, 1460086.44180977717042 ], [ -1368005.222358538769186, 1460017.892445890465751 ], [ -1368149.937696570297703, 1460212.11607411573641 ], [ -1369196.340910026803613, 1460086.44180977740325 ], [ -1369485.771586089627817, 1460543.441805750364438 ], [ -1370253.876072562998161, 1460429.191115917405114 ], [ -1370721.417933894786984, 1461114.70216504833661 ], [ -1371534.050216685747728, 1461080.426218662643805 ], [ -1372101.779619731241837, 1462440.070574208628386 ], [ -1372480.265888428548351, 1462702.866509483428672 ], [ -1373704.78028715448454, 1461971.614306282019243 ], [ -1373894.023421503137797, 1461034.725021327612922 ], [ -1374194.586046644952148, 1460909.047108800848946 ], [ -1375096.273922070395201, 1461057.575610778760165 ], [ -1376343.052218955010176, 1460257.815944753587246 ], [ -1378012.844580854289234, 1459835.09495255514048 ], [ -1378324.539155075559393, 1459892.21904260921292 ], [ -1378602.837882058694959, 1460269.240923926001415 ], [ -1379114.907539707608521, 1460497.741474544862285 ], [ -1379983.199567894916981, 1461274.657129903091118 ], [ -1379771.692535388050601, 1462188.702832425013185 ], [ -1379114.907539707608521, 1462257.257449710043147 ], [ -1378892.268558121053502, 1462554.329376653535292 ], [ -1379437.734063008101657, 1463411.285101651446894 ], [ -1379293.01872497680597, 1463856.912338792579249 ], [ -1379437.734063008101657, 1465216.690147014567629 ], [ -1379537.921604722039774, 1465593.782977155875415 ], [ -1379938.671771578025073, 1466039.444631233811378 ], [ -1379660.373044594889507, 1466473.685829440830275 ], [ -1379660.373044594889507, 1466782.229687569662929 ], [ -1380239.234396719606593, 1466770.802077118773013 ], [ -1379716.032789991237223, 1467616.457751285750419 ], [ -1379983.199567895149812, 1468130.720219501759857 ], [ -1379894.143975260667503, 1469353.559760915813968 ], [ -1381352.429304652381688, 1470999.334148371126503 ], [ -1382766.186837726971135, 1471547.946993269026279 ], [ -1383612.214967755833641, 1471456.510776295792311 ], [ -1384836.729366482002661, 1472336.596701853442937 ], [ -1386539.917575619183481, 1472873.805544471601024 ], [ -1386651.237066412344575, 1473216.710173724219203 ], [ -1386105.771561525063589, 1474234.018529987195507 ], [ -1386528.785626539494842, 1474451.20149087975733 ], [ -1386985.195538792293519, 1474279.741119014564902 ], [ -1387107.64697866467759, 1474428.340047477046028 ], [ -1386896.139946157578379, 1475171.346487077185884 ], [ -1387118.778927744133398, 1475468.554569903062657 ], [ -1387541.79299275833182, 1475537.141497564967722 ], [ -1387653.112483551725745, 1475788.628333361819386 ], [ -1387263.494265775196254, 1476463.081432775594294 ], [ -1387241.230367616517469, 1476840.324985432205722 ], [ -1387664.244432630948722, 1478017.814788286574185 ], [ -1388154.05019212141633, 1478223.594784523593262 ], [ -1387808.959770662244409, 1479229.652087723370641 ], [ -1388599.328155294759199, 1479812.724573508137837 ], [ -1388332.161377390613779, 1480338.643511595902964 ], [ -1388376.689173707971349, 1480647.339667276712134 ], [ -1389222.717303736833856, 1480773.105744585860521 ], [ -1389345.168743609450758, 1481081.806696120416746 ], [ -1389679.127215989399701, 1481264.74220167612657 ], [ -1390681.002633128780872, 1481516.280476496554911 ], [ -1390703.266531287459657, 1482110.83448908966966 ], [ -1390469.49560062168166, 1481973.628594176378101 ], [ -1390079.877382844919339, 1482248.041057785972953 ], [ -1389957.425942972302437, 1482568.192338723922148 ], [ -1390079.877382844686508, 1482899.78146251058206 ], [ -1389656.863317830720916, 1483036.991906761890277 ], [ -1389590.071623354684561, 1483311.414818036835641 ], [ -1389233.849252816056833, 1483471.496095288312063 ], [ -1388488.008664501365274, 1486375.987357962643728 ], [ -1387831.223668821156025, 1486547.521895411424339 ], [ -1387719.904178027994931, 1486902.029953151475638 ], [ -1386951.799691553693265, 1487153.619053978007287 ], [ -1387085.383080505998805, 1488308.670920368051156 ], [ -1386640.105117333121598, 1488308.670920368051156 ], [ -1386528.785626539494842, 1488823.313426746055484 ], [ -1385927.66037625586614, 1489109.230044106021523 ], [ -1385860.868681780062616, 1489463.770731667988002 ], [ -1385493.514362161979079, 1489486.644479631446302 ], [ -1385270.875380575656891, 1489841.189979353919625 ], [ -1384825.597417402546853, 1489909.812211219454184 ], [ -1384580.694537657545879, 1490344.423613795777783 ], [ -1382844.110481282230467, 1490813.35406579496339 ], [ -1382554.679805219871923, 1491179.354064306244254 ], [ -1382298.644976395415142, 1492128.689040805213153 ], [ -1382042.610147570958361, 1492288.821031510364264 ], [ -1381140.922272145282477, 1492002.871696144109592 ], [ -1380651.116512654582039, 1492037.185460862470791 ], [ -1377712.281955712474883, 1493226.755532834678888 ], [ -1376231.732728161849082, 1492346.011252076597884 ], [ -1375396.836547212209553, 1491579.672084889840335 ], [ -1374706.65570429386571, 1491305.167677583172917 ], [ -1373437.613509250804782, 1489360.839098673546687 ], [ -1373181.578680426348001, 1489280.781425302149728 ], [ -1372224.23105960409157, 1489532.392032006522641 ], [ -1371812.348943669116125, 1489978.434612481156364 ], [ -1371823.480892748106271, 1491556.796613977523521 ], [ -1371155.563947988674045, 1492060.061327571514994 ], [ -1370465.383105070330203, 1493226.755532834213227 ], [ -1370354.063614276936278, 1494919.693217675900087 ], [ -1370064.632938214344904, 1496063.628581858705729 ], [ -1368817.85464132972993, 1496017.87026010453701 ], [ -1368261.257187363225967, 1495686.12468867842108 ], [ -1366112.791015053167939, 1495857.716729438165203 ], [ -1364253.755518805701286, 1495354.383090975927189 ], [ -1363708.2900139184203, 1495880.595748538384214 ], [ -1362628.490953224012628, 1495972.112013967707753 ], [ -1361504.164096211781725, 1496612.734342016745359 ], [ -1360435.4969845963642, 1498431.72500473074615 ], [ -1360557.948424468748271, 1498855.029300936264917 ], [ -1361081.150031197350472, 1499118.167671515140682 ], [ -1361070.018082117894664, 1499381.308547769673169 ], [ -1361415.108503577066585, 1499587.246633828151971 ], [ -1361682.275281480979174, 1500262.276679971488193 ], [ -1364754.693227375624701, 1504873.516852566739544 ], [ -1364699.033481978578493, 1506349.734479679027572 ], [ -1364977.33220896194689, 1506944.821350788930431 ], [ -1364331.679162360960618, 1508100.699965634150431 ], [ -1363674.894166680518538, 1508329.592586965998635 ], [ -1363507.914930490544066, 1509817.441126177785918 ], [ -1363329.803745221346617, 1510137.911366307875142 ], [ -1363329.803745221346617, 1511042.115438212174922 ], [ -1363552.442726808134466, 1511854.779978153062984 ], [ -1363162.824509031604975, 1511969.241708022542298 ], [ -1362639.622902303235605, 1512449.986193920485675 ], [ -1361927.178161226212978, 1512243.951810109429061 ], [ -1360980.962489483179525, 1511499.951652969466522 ], [ -1360569.080373548669741, 1511660.196134326746687 ], [ -1359110.795044156257063, 1510824.645913901738822 ], [ -1358086.655728858197108, 1510481.276491279713809 ], [ -1357697.037511081900448, 1509977.675778444157913 ], [ -1353789.723384238081053, 1507734.475737591506913 ], [ -1352854.639661574503407, 1507562.809810732956976 ], [ -1351930.687887990148738, 1507105.039247212233022 ], [ -1351518.805772055173293, 1505754.660482709063217 ], [ -1350750.701285581570119, 1504873.516852566273883 ], [ -1349515.054937775945291, 1504553.107979517197236 ], [ -1349281.284007110167295, 1504198.373932814691216 ], [ -1348301.67248812969774, 1503649.117324995109811 ], [ -1347500.172154417727143, 1502653.617626403691247 ], [ -1346821.123260578839108, 1502687.944603745592758 ], [ -1345874.907588836038485, 1502287.46586043573916 ], [ -1344483.413953920360655, 1502207.370809690328315 ], [ -1343826.628958240151405, 1502001.41317583899945 ], [ -1343359.087096908129752, 1501475.083986608311534 ], [ -1342524.190915958490223, 1501234.806607850594446 ], [ -1341778.350327643798664, 1500616.960096376016736 ], [ -1340097.426016665296629, 1501417.874897133326158 ], [ -1339128.946446763817221, 1502230.255086167249829 ], [ -1338839.515770701225847, 1502173.044430578360334 ], [ -1339062.154752287780866, 1501452.200336584588513 ], [ -1338928.571363335708156, 1501040.297881119418889 ], [ -1339251.397886636201292, 1499953.362577539170161 ], [ -1338806.119923463324085, 1498877.910798920784146 ], [ -1339117.814497684361413, 1497642.337007415248081 ], [ -1339585.356359016150236, 1497241.931418236577883 ], [ -1339173.47424308094196, 1496521.215958937769756 ], [ -1339151.210344922496006, 1495617.488170056371018 ], [ -1337537.077728419797495, 1495297.18666534149088 ], [ -1337180.855357881635427, 1495560.291201136540622 ], [ -1336223.507737059611827, 1496967.370934787439182 ], [ -1335088.048930967925116, 1496967.370934787904844 ], [ -1334642.770967794815078, 1497470.733902405714616 ], [ -1334152.96520830411464, 1497516.49462631996721 ], [ -1333240.145383799448609, 1498569.01217434136197 ], [ -1332683.547929833177477, 1498809.266361796064302 ], [ -1331637.144716376671568, 1499919.039001669036224 ], [ -1331425.637683869106695, 1500685.609025844139978 ], [ -1330724.324891871772707, 1501555.176911149639636 ], [ -1329922.82455816003494, 1501703.921530712628737 ], [ -1328865.289395624073222, 1501372.107710951939225 ], [ -1327941.337622039951384, 1501726.805389517219737 ], [ -1327507.191607945831493, 1502253.139381633372977 ], [ -1326316.073056458029896, 1502321.792381965089589 ], [ -1325113.822555890539661, 1502676.502273216377944 ], [ -1324045.155444275354967, 1503454.591568754054606 ], [ -1322809.509096469730139, 1503809.316037779208273 ], [ -1321362.35571615723893, 1503340.165294759208336 ], [ -1320683.306822318350896, 1501921.31895577465184 ], [ -1320059.91767387627624, 1501177.598016506060958 ], [ -1318334.465566580416635, 1500067.774805174907669 ], [ -1317466.173538392875344, 1497951.225279351696372 ], [ -1316931.839982585050166, 1497928.34454830782488 ], [ -1316430.90227401512675, 1497482.174076287774369 ], [ -1316275.054986904608086, 1496372.499231772962958 ], [ -1316820.520491791889071, 1495537.412446641130373 ], [ -1316809.388542712666094, 1495274.308128153905272 ], [ -1315306.575417003128678, 1495228.551110461587086 ], [ -1314482.811185133177787, 1495411.579634707421064 ], [ -1313670.178902341984212, 1495297.18666534149088 ], [ -1313202.637041010195389, 1495594.609368314966559 ], [ -1312968.866110344650224, 1497287.691763691371307 ], [ -1312423.400605457369238, 1498111.39092673221603 ], [ -1311577.372475428506732, 1498591.89343556156382 ], [ -1310085.691298798657954, 1498591.89343556156382 ], [ -1309818.524520894745365, 1498889.351555016357452 ], [ -1309061.551983500597998, 1501875.550934439525008 ], [ -1308115.336311757797375, 1502871.022538067540154 ], [ -1307725.718093981267884, 1503889.415743474848568 ], [ -1307269.308181728934869, 1504186.930975117720664 ], [ -1307625.530552267329767, 1505354.137153932126239 ], [ -1307425.155468839453533, 1506567.168574292212725 ], [ -1306367.620306303491816, 1507322.479314372409135 ], [ -1305388.0087873225566, 1507528.476754028350115 ], [ -1302849.924397235736251, 1507345.367842543870211 ], [ -1302404.646434062859043, 1507116.48341839783825 ], [ -1301770.125336541095749, 1506578.612521625356749 ], [ -1301313.715424288762733, 1505846.209490653127432 ], [ -1301258.055678892182186, 1504427.234085110248998 ], [ -1300634.666530449874699, 1504587.437323300167918 ], [ -1299020.533913947409019, 1504335.689795987680554 ], [ -1298341.485020108288154, 1504404.347984302788973 ], [ -1296059.435458846157417, 1505148.155997264897451 ], [ -1294356.247249708976597, 1505136.712644866434857 ], [ -1293833.045642980607226, 1504862.073614326771349 ], [ -1293610.406661394052207, 1504427.234085110714659 ], [ -1293721.726152187446132, 1503145.641719287494197 ], [ -1294066.816573646618053, 1502539.194677251623943 ], [ -1295057.560041706776246, 1501543.735050551360473 ], [ -1292797.774378603324294, 1501154.71461317432113 ], [ -1291139.113965783501044, 1501852.666952248197049 ], [ -1290537.988715499872342, 1501749.689267302630469 ], [ -1290226.294141278602183, 1501166.156312468694523 ], [ -1290281.953886675415561, 1498157.152710660593584 ], [ -1290092.710752326995134, 1497573.695637664757669 ], [ -1289524.981349281035364, 1496978.810900540556759 ], [ -1289380.266011249739677, 1496566.975112653337419 ], [ -1289669.69668731209822, 1495285.747394386213273 ], [ -1288500.842033982975408, 1494976.888863991945982 ], [ -1288100.09186712722294, 1494633.716756897047162 ], [ -1287554.626362240174785, 1493661.418859328143299 ], [ -1286920.105264718644321, 1493146.686715629417449 ], [ -1285929.361796658253297, 1493261.070810957811773 ], [ -1284972.014175835996866, 1492975.111456949962303 ], [ -1284415.416721869958565, 1492437.51585009531118 ], [ -1284226.173587521305308, 1491991.433783996617422 ], [ -1284471.076467266539112, 1491099.291152574587613 ], [ -1283558.256642761640251, 1490035.62007627193816 ], [ -1282467.325632987543941, 1489589.576578319538385 ], [ -1282255.818600480444729, 1489337.965454192366451 ], [ -1282278.082498638890684, 1488640.328333852114156 ], [ -1284292.965281997341663, 1485987.179649211931974 ], [ -1284459.944518187083304, 1483928.876231861300766 ], [ -1284192.777740283170715, 1483048.426140882773325 ], [ -1283680.708082634024322, 1482579.62638090713881 ], [ -1282667.700716415420175, 1482693.967060178052634 ], [ -1280597.158187660621479, 1482442.418183623114601 ], [ -1279951.505141059402376, 1482213.739352440461516 ], [ -1279684.338363155722618, 1481744.953599772881716 ], [ -1279639.810566838365048, 1480372.9429162053857 ], [ -1280040.560733694117516, 1479424.008233299711719 ], [ -1280652.817933057434857, 1478715.186450862558559 ], [ -1281031.304201754275709, 1478612.294457824667916 ], [ -1281231.679285182151943, 1478235.027050861390308 ], [ -1281743.748942831065506, 1477869.19684216985479 ], [ -1281788.276739148655906, 1477446.211617802036926 ], [ -1281521.109961244743317, 1476760.303201652131975 ], [ -1280274.331664359895512, 1476543.102368326624855 ], [ -1279962.637090139091015, 1476280.177294644759968 ], [ -1279372.643788934452459, 1474656.955319122411311 ], [ -1279294.720145379425958, 1473582.479723430238664 ], [ -1278303.976677319034934, 1473205.279952011071146 ], [ -1277702.851427035639063, 1472725.214837595121935 ], [ -1277090.594227672554553, 1471205.062711769714952 ], [ -1276233.434148564236239, 1471067.910169064532965 ], [ -1273906.856790984747931, 1471182.203908231342211 ], [ -1273417.051031494280323, 1471045.051476933527738 ], [ -1272726.870188576169312, 1470473.590207021916285 ], [ -1272593.286799624329433, 1470153.576962777180597 ], [ -1271836.314262229949236, 1469742.136706651421264 ], [ -1271413.300197215517983, 1469067.844837569398805 ], [ -1271491.223840770777315, 1468085.007620346033946 ], [ -1272559.89095238619484, 1466759.37447129515931 ], [ -1272559.89095238619484, 1466267.991797696333379 ], [ -1271814.05036407103762, 1465788.044884759932756 ], [ -1270778.779099693521857, 1464325.399827362736687 ], [ -1270099.730205854866654, 1464211.133870405144989 ], [ -1269910.487071506213397, 1463994.029824581695721 ], [ -1269865.959275189088657, 1463068.499696822836995 ], [ -1270333.50113652064465, 1462108.722655428340659 ], [ -1269298.229872143361717, 1461948.762979313964024 ], [ -1268685.972672780277207, 1461651.697407016763464 ], [ -1268196.1669132898096, 1461023.299733513966203 ], [ -1268240.694709606934339, 1460097.866719874320552 ], [ -1269554.264700967818499, 1459560.900922352448106 ], [ -1270166.521900330903009, 1459812.245348760625347 ], [ -1270366.896983758546412, 1459640.873907263623551 ], [ -1270455.952576393028721, 1459252.435807464644313 ], [ -1270311.237238362198696, 1458909.700725504662842 ], [ -1269353.889617539942265, 1457847.248280699597672 ], [ -1269365.021566619165242, 1457401.715541927609593 ], [ -1269776.903682554373518, 1456910.495239683659747 ], [ -1269865.959275189321488, 1456464.977195157203823 ], [ -1269576.528599126264453, 1456979.037097434746101 ], [ -1269164.646483191289008, 1457036.155438568675891 ], [ -1268518.993436590302736, 1456830.529947999166325 ], [ -1267717.493102878797799, 1456030.889409074094146 ], [ -1267227.687343388330191, 1456202.239058879204094 ], [ -1266949.388616405194625, 1456819.10635327687487 ], [ -1266949.388616404961795, 1457527.377914265030995 ], [ -1267283.347088784910738, 1458612.667003843700513 ], [ -1267172.027597991982475, 1459081.067748836940154 ], [ -1266704.485736659960821, 1459263.860381519654766 ], [ -1264956.769731205655262, 1458943.974047353491187 ], [ -1264066.213804859202355, 1458052.881133718881756 ], [ -1263643.199739845003933, 1457207.511151152430102 ], [ -1263687.727536162361503, 1455231.271366208558902 ], [ -1262652.45627178484574, 1453346.546340815722942 ], [ -1262852.831355212721974, 1452478.472543860087171 ], [ -1263175.65787851344794, 1452033.02389135863632 ], [ -1264533.755666191224009, 1451610.425195593386889 ], [ -1266693.353787580505013, 1451302.046317446511239 ], [ -1267428.062426816439256, 1450902.300883725751191 ], [ -1267884.472339068539441, 1451016.513292996911332 ], [ -1268029.187677099835128, 1451701.797355669550598 ], [ -1268518.993436590302736, 1451370.574668776011094 ], [ -1268763.89631633553654, 1450285.561776143731549 ], [ -1268663.708774621598423, 1449874.409777589142323 ], [ -1267261.083190626464784, 1449451.843062355881557 ], [ -1267238.819292467785999, 1448549.626953847240657 ], [ -1268685.972672780277207, 1447167.806888550752774 ], [ -1269008.799196080304682, 1445843.149524930864573 ], [ -1268997.667247001314536, 1445374.966332581127062 ], [ -1268507.861487511312589, 1445009.560381060931832 ], [ -1268129.375218813773245, 1444358.692580137401819 ], [ -1268006.923778941389173, 1443685.002888470655307 ], [ -1268385.410047638462856, 1443022.747102551627904 ], [ -1269676.71614084020257, 1442223.493249129038304 ], [ -1269008.799196080537513, 1441755.369191246572882 ], [ -1268797.292163573438302, 1441367.174545417539775 ], [ -1268886.347756208386272, 1440054.202145273098722 ], [ -1267906.736237227218226, 1440156.954341993434355 ], [ -1267361.270732340170071, 1440659.303706218954176 ], [ -1266604.298194945789874, 1440442.379039230756462 ], [ -1266671.089889422059059, 1439882.949300765991211 ], [ -1267261.083190626464784, 1438478.714466926874593 ], [ -1266593.166245866799727, 1437542.596006603445858 ], [ -1266492.97870415286161, 1437017.46971671609208 ], [ -1266682.221838501282036, 1436264.04437965922989 ], [ -1266582.03429678757675, 1435088.283607489662245 ], [ -1266693.353787580505013, 1434608.860943631734699 ], [ -1267450.32632497488521, 1433981.057604366447777 ], [ -1268329.750302241649479, 1433912.570794053841382 ], [ -1268218.430811448721215, 1433707.111338673392311 ], [ -1267294.479037864366546, 1433387.510649592382833 ], [ -1266136.756333614233881, 1431652.597221857635304 ], [ -1266159.020231772912666, 1431253.125338006997481 ], [ -1266793.54132929444313, 1430488.437418865039945 ], [ -1266292.603620724985376, 1430123.220474900212139 ], [ -1265190.540661871433258, 1430146.046398768434301 ], [ -1264878.84608765039593, 1429792.246603160863742 ], [ -1264578.283462508348748, 1428856.409937671152875 ], [ -1264990.165578443557024, 1428628.161682871636003 ], [ -1265958.645148345036432, 1428628.161682871636003 ], [ -1267149.763699833070859, 1428365.678414526861161 ], [ -1268318.618353162426502, 1428582.512247867649421 ], [ -1269888.223173347534612, 1428468.388975262176245 ], [ -1270856.70274324901402, 1428593.924599870573729 ], [ -1271346.508502739481628, 1428456.976672743214294 ], [ -1271357.640451818937436, 1426745.182216592831537 ], [ -1271190.661215628730133, 1425912.145489748567343 ], [ -1271290.848757342901081, 1425113.365620375145227 ], [ -1271680.466975119430572, 1424782.448973586782813 ], [ -1272237.064429085701704, 1424713.983931516064331 ], [ -1272749.134086734615266, 1425638.275628279196098 ], [ -1272849.321628448786214, 1425581.219732598168775 ], [ -1272682.342392258811742, 1424371.661143294069916 ], [ -1272838.189679369563237, 1423344.716991279041395 ], [ -1273806.669249270809814, 1422797.028286863584071 ], [ -1274018.176281778141856, 1422352.038813865743577 ], [ -1273561.76636952557601, 1421370.804041005438194 ], [ -1272459.703410672256723, 1421188.252386366948485 ], [ -1271602.543331563938409, 1421530.537678459426388 ], [ -1271212.925113787641749, 1421462.080297869397327 ], [ -1270133.126053092768416, 1419910.422864117193967 ], [ -1269988.410715061472729, 1418472.931666489224881 ], [ -1269420.681312015745789, 1418119.274065285688266 ], [ -1269454.077159254113212, 1416967.064532498130575 ], [ -1269977.278765982482582, 1416225.567608924815431 ], [ -1271101.605622994247824, 1415735.049225308466703 ], [ -1271168.397317470284179, 1415084.839879947016016 ], [ -1271045.945877597667277, 1414628.561260158428922 ], [ -1270378.02893283800222, 1414366.204279354307801 ], [ -1269365.021566619165242, 1413579.147462691646069 ], [ -1269008.799196080770344, 1412883.361248611938208 ], [ -1269621.056395443854854, 1411001.399443546542898 ], [ -1270878.966641407925636, 1409895.090445921057835 ], [ -1271569.147484326036647, 1409860.875369315501302 ], [ -1272771.397984893294051, 1410214.433086293749511 ], [ -1273238.939846224850044, 1410066.166427836287767 ], [ -1273261.20374438399449, 1409359.058832005597651 ], [ -1273828.933147429488599, 1408161.576776251196861 ], [ -1273528.370522287674248, 1407808.043796004261822 ], [ -1272927.245272004045546, 1408469.496066610794514 ], [ -1272070.085192895494401, 1408423.878190143499523 ], [ -1271602.543331563938409, 1407773.831152849365026 ], [ -1271569.147484326269478, 1405937.81108149071224 ], [ -1270511.612321789842099, 1405607.11158110643737 ], [ -1270244.44554388592951, 1405721.145471473690122 ], [ -1270277.841391124064103, 1406861.508702953113243 ], [ -1269966.146816903026775, 1407534.343766805250198 ], [ -1269275.965973984450102, 1407705.405986120225862 ], [ -1268685.972672780510038, 1407180.818337354809046 ], [ -1267405.798528657760471, 1407306.262357552535832 ], [ -1267127.499801674392074, 1407043.970926241017878 ], [ -1267160.895648912526667, 1406530.798811040818691 ], [ -1267394.666579578304663, 1405812.372902157017961 ], [ -1267661.833357482217252, 1405584.304856094531715 ], [ -1266548.638449549209327, 1405367.641850555082783 ], [ -1266248.075824407627806, 1404808.886727184755728 ], [ -1266292.603620724985376, 1403337.929064470343292 ], [ -1266582.034296787343919, 1401730.222150614717975 ], [ -1265958.645148345036432, 1401091.724580310750753 ], [ -1266036.568791900295764, 1401969.662303583696485 ], [ -1266236.943875328171998, 1402209.104401159333065 ], [ -1265591.290828727185726, 1403725.616200016112998 ], [ -1265357.519898061174899, 1403987.878038862254471 ], [ -1265012.429476602235809, 1404044.891791214002296 ], [ -1264578.283462508581579, 1403965.072568835923448 ], [ -1263999.422110383398831, 1403543.174559325445443 ], [ -1263543.012198130832985, 1402026.672150421421975 ], [ -1263554.144147210288793, 1401068.92135127983056 ], [ -1263966.026263145497069, 1401331.159549388568848 ], [ -1264355.64448092202656, 1400578.656189923640341 ], [ -1263665.463638003449887, 1400316.42467967630364 ], [ -1263431.692707337671891, 1399940.183538508601487 ], [ -1263264.713471147697419, 1398686.081021220423281 ], [ -1263687.727536162361503, 1398458.068101324606687 ], [ -1264177.533295652363449, 1398572.074341363739222 ], [ -1264244.324990128865466, 1398047.649278282886371 ], [ -1264734.130749619100243, 1397386.430936155840755 ], [ -1265836.193708472652361, 1397329.430047133006155 ], [ -1265624.686675965320319, 1397033.02719489345327 ], [ -1265646.950574123766273, 1396257.833773608319461 ], [ -1265413.179643457988277, 1395767.648412217386067 ], [ -1264889.978036729618907, 1395323.068706867517903 ], [ -1265112.617018315941095, 1393681.601430635899305 ], [ -1265357.519898061174899, 1393442.228380407905206 ], [ -1265825.061759393196553, 1393487.823098151944578 ], [ -1266181.284129931591451, 1393145.864423561608419 ], [ -1266515.242602311307564, 1393111.668772930977866 ], [ -1266526.374551390763372, 1393316.84326803823933 ], [ -1266971.65251456387341, 1393396.633732759859413 ] ] ] ] } },
{ "type": "Feature", "properties": { "GID_2": "SEN.7.1_1", "GID_0": "SEN", "COUNTRY": "Senegal", "GID_1": "SEN.7_1", "NAME_1": "Kolda", "NL_NAME_1": "NA", "NAME_2": "Kolda", "VARNAME_2": "NA", "NL_NAME_2": "NA", "TYPE_2": "Département", "ENGTYPE_2": "Department", "CC_2": "101", "HASC_2": "SN.KO.KD", "area_ha": 357240.34, "carbon_mean": 13.56, "carbon_min": 6.91, "carbon_max": 97.57, "carbon_median": 12.83, "carbon_std": 4.03, "carbon_pixel_count": 647538 }, "geometry": { "type": "MultiPolygon", "coordinates": [ [ [ [ -1655665.91851743706502, 1423082.281532344873995 ], [ -1667076.166323747718707, 1423378.947878068778664 ], [ -1674022.502549248049036, 1423789.721665683668107 ], [ -1683217.492488772375509, 1423801.132131593534723 ], [ -1685221.24332305137068, 1425101.954638706985861 ], [ -1685621.993489906890318, 1425889.322902525309473 ], [ -1685900.292216890258715, 1427806.482863667421043 ], [ -1686423.493823618628085, 1429027.597309909993783 ], [ -1687046.882972060702741, 1429906.375096638686955 ], [ -1684954.076545147225261, 1433558.724864205345511 ], [ -1685032.000188702717423, 1435065.453776029869914 ], [ -1683929.937229849398136, 1435796.017353090690449 ], [ -1683762.957993659190834, 1437143.042523134499788 ], [ -1682861.27011823374778, 1438022.067510010208935 ], [ -1682605.235289409290999, 1438524.379561390494928 ], [ -1682449.388002298772335, 1439334.94705717288889 ], [ -1682660.895034806104377, 1446219.985462903510779 ], [ -1682215.617071632761508, 1448024.29905664222315 ], [ -1687258.390004568500444, 1453586.413503381190822 ], [ -1687469.897037075366825, 1454694.39758244715631 ], [ -1688360.452963421586901, 1456464.977195157902315 ], [ -1688360.452963421586901, 1456933.34250722383149 ], [ -1688059.890338279539719, 1457664.464772892650217 ], [ -1687147.070513775106519, 1459206.737557260552421 ], [ -1687291.785851805936545, 1460863.3461879263632 ], [ -1687547.820680630626157, 1461411.762104447698221 ], [ -1689751.946598337497562, 1462919.96064461581409 ], [ -1689006.106010022340342, 1463171.334882129449397 ], [ -1686946.695430346997455, 1462908.534595977049321 ], [ -1684241.631804070202634, 1464313.973210882162675 ], [ -1674701.55144308693707, 1466576.533407387323678 ], [ -1667643.895726793445647, 1466645.098667546641082 ], [ -1667354.465050730854273, 1465799.472097408724949 ], [ -1665406.373961848672479, 1465308.106128432787955 ], [ -1664348.838799312477931, 1463914.044543729629368 ], [ -1663614.13016007700935, 1463696.942779070232064 ], [ -1662679.046437413431704, 1462085.871217790059745 ], [ -1662434.1435576681979, 1459309.558723761700094 ], [ -1662267.164321478223428, 1458681.21297129499726 ], [ -1661844.150256463559344, 1458372.757421733345836 ], [ -1661833.018307384569198, 1457927.216435426380485 ], [ -1662144.712881605606526, 1455585.385153615381569 ], [ -1662968.477113476023078, 1452626.956975639332086 ], [ -1662244.900423319544643, 1451895.964168353239074 ], [ -1662044.52533989190124, 1450925.143328988691792 ], [ -1661699.434918432729319, 1450365.508686067769304 ], [ -1660408.128825230291113, 1449383.319319592555985 ], [ -1659973.982811136869714, 1449783.043471234850585 ], [ -1657925.704180540516973, 1448184.180437614675611 ], [ -1657447.030370129505172, 1448115.659736225381494 ], [ -1656901.564865242689848, 1448549.626953846774995 ], [ -1654986.869623598409817, 1448469.68512895423919 ], [ -1654831.022336487658322, 1449006.441674092318863 ], [ -1654497.063864107942209, 1449052.123548006173223 ], [ -1653940.466410141205415, 1449908.672217880375683 ], [ -1653294.813363540451974, 1450217.036031648516655 ], [ -1653016.514636557316408, 1449965.776376442750916 ], [ -1652916.327094843378291, 1450159.93137028394267 ], [ -1652370.861589956097305, 1450079.985036366153508 ], [ -1651480.305663610110059, 1449531.787636798573658 ], [ -1651313.326427419902757, 1449600.311735945055261 ], [ -1650990.499904119409621, 1448720.931617712136358 ], [ -1650055.416181456064805, 1448538.206679451046512 ], [ -1649699.193810917437077, 1447898.678599156904966 ], [ -1649109.200509713264182, 1447773.058693873230368 ], [ -1649098.068560634041205, 1447247.745071759913117 ], [ -1648530.339157588314265, 1446608.245863299816847 ], [ -1648151.852888891240582, 1445043.81699090031907 ], [ -1647906.950009146006778, 1444929.628450820455328 ], [ -1647751.102722035255283, 1444564.228182432707399 ], [ -1645413.393415376776829, 1445626.185629938496277 ], [ -1644533.96943810977973, 1446414.115004376741126 ], [ -1644188.879016650607809, 1446265.662883559241891 ], [ -1643153.607752273092046, 1446688.182482298230752 ], [ -1642519.086654751561582, 1447955.778738646768034 ], [ -1640827.03039469383657, 1448720.931617712136358 ], [ -1640415.148278758861125, 1449063.544027902185917 ], [ -1640103.453704537590966, 1449965.776376442983747 ], [ -1639680.439639523159713, 1450296.982749560615048 ], [ -1639313.085319905076176, 1449897.2513998800423 ], [ -1638967.994898446137086, 1449862.988973299274221 ], [ -1638355.737699082819745, 1450274.140807299409062 ], [ -1637543.105416292324662, 1450068.564149805111811 ], [ -1636719.34118442190811, 1450856.61604808550328 ], [ -1636307.459068486932665, 1450856.61604808550328 ], [ -1636006.896443345118314, 1450548.245321439113468 ], [ -1634259.180437890812755, 1452090.13230382069014 ], [ -1634158.992896176408976, 1452478.472543860320002 ], [ -1633546.735696813790128, 1452695.488512875279412 ], [ -1633235.041122592519969, 1453312.279768266482279 ], [ -1632778.631210340186954, 1453369.390745425364003 ], [ -1632800.895108498632908, 1453837.70507945260033 ], [ -1632389.012992563657463, 1454283.181962265400216 ], [ -1632466.936636118916795, 1455996.619603075319901 ], [ -1632277.693501770263538, 1456522.094502763822675 ], [ -1631810.151640438474715, 1456864.800759728997946 ], [ -1631153.366644758498296, 1458155.698118852451444 ], [ -1630752.616477902512997, 1458338.484789857873693 ], [ -1630396.394107364118099, 1458189.970529996789992 ], [ -1629817.532755239168182, 1458589.818384824786335 ], [ -1629138.483861400047317, 1458612.667003843933344 ], [ -1629338.858944827923551, 1459286.709543436998501 ], [ -1629149.615810479503125, 1459378.106375187868252 ], [ -1628715.469796385616064, 1459252.435807464178652 ], [ -1628014.157004388049245, 1458692.637315303552896 ], [ -1626166.253457219805568, 1459400.955629147123545 ], [ -1625643.051850491436198, 1458829.729802213376388 ], [ -1625253.433632714906707, 1458795.456618381896988 ], [ -1624707.968127827858552, 1459275.284960177261382 ], [ -1623672.696863450342789, 1459743.696647867327556 ], [ -1623527.981525419047102, 1460360.640923101222143 ], [ -1623227.418900277232751, 1460600.567323398776352 ], [ -1622492.71026104176417, 1461971.614306281786412 ], [ -1621947.244756154483184, 1462188.702832425246015 ], [ -1621468.570945743471384, 1463148.48258642363362 ], [ -1620477.827477683313191, 1464188.280734438681975 ], [ -1618908.222657498205081, 1465330.960170009173453 ], [ -1617761.631902327528223, 1465193.836197881028056 ], [ -1617238.430295599158853, 1465593.782977155642584 ], [ -1615412.790646589361131, 1465890.889965067151934 ], [ -1613943.373368118191138, 1464862.456012839917094 ], [ -1613164.136932565597817, 1463902.618093506898731 ], [ -1611639.059908697381616, 1462977.090957020875067 ], [ -1610982.274913017172366, 1463377.006374241551384 ], [ -1609011.919925976311788, 1464051.162306583020836 ], [ -1606874.585702745243907, 1464451.092913510743529 ], [ -1606151.009012589231133, 1464748.187884621322155 ], [ -1605527.619864146923646, 1464622.49347723624669 ], [ -1605037.814104656456038, 1464268.266791149042547 ], [ -1603835.563604088965803, 1462040.168397851986811 ], [ -1603523.869029867928475, 1462097.296934303361923 ], [ -1602121.243445872562006, 1463582.679361870978028 ], [ -1599995.041171720717102, 1464645.346964270574972 ], [ -1595887.351961449254304, 1465456.657729190774262 ], [ -1594996.796035102801397, 1465948.026282640872523 ], [ -1593427.191214917926118, 1465879.462715425062925 ], [ -1592748.142321078805253, 1465319.533146909438074 ], [ -1592035.697580002015457, 1465319.533146909670904 ], [ -1591423.440380638930947, 1464759.614676650613546 ], [ -1590488.356657975353301, 1464565.359840500634164 ], [ -1588250.834893030580133, 1464405.38627206068486 ], [ -1587326.883119446458295, 1464622.49347723624669 ], [ -1586759.153716400731355, 1464553.933127013733611 ], [ -1586124.632618879200891, 1464885.309693932766095 ], [ -1585434.451775960857049, 1464233.987024846952409 ], [ -1584833.326525677228346, 1464062.588816837407649 ], [ -1584298.992969869403169, 1463377.006374241551384 ], [ -1583419.5689926026389, 1462737.144420088967308 ], [ -1582272.978237431962043, 1462942.812755735125393 ], [ -1579812.817490900633857, 1462051.594095919281244 ], [ -1579222.824189696460962, 1461914.486023444449529 ], [ -1578666.226735729724169, 1462074.445505888666958 ], [ -1577909.254198335576802, 1461526.016756906639785 ], [ -1577285.865049893269315, 1462131.574111512163654 ], [ -1576506.628614340443164, 1462142.999846471240744 ], [ -1574970.419641393236816, 1462862.83044756622985 ], [ -1573378.55092304921709, 1462325.812233028467745 ], [ -1573122.516094224760309, 1460771.944567327620462 ], [ -1572755.161774606909603, 1460120.716553883394226 ], [ -1573356.287024890538305, 1458772.60785216325894 ], [ -1573456.474566604709253, 1457458.834733142983168 ], [ -1573155.911941462894902, 1456784.835596671095118 ], [ -1572131.772626164602116, 1455711.039493140531704 ], [ -1571241.21669981838204, 1455242.694322777912021 ], [ -1570651.223398614209145, 1454682.974846075056121 ], [ -1570684.619245852110907, 1453860.549878187477589 ], [ -1570784.806787566049024, 1453700.63667205767706 ], [ -1570996.313820073381066, 1454168.956455762963742 ], [ -1571708.758561150170863, 1453609.258100452832878 ], [ -1572276.487964195897803, 1453460.768547148676589 ], [ -1572688.370080131106079, 1453506.457557986257598 ], [ -1573278.363381335278973, 1453906.239530662773177 ], [ -1573834.960835301782936, 1453917.66195524088107 ], [ -1574391.558289268286899, 1453186.636021714890376 ], [ -1574758.912608885904774, 1452112.97570084920153 ], [ -1575304.378113772952929, 1452192.92773465346545 ], [ -1575838.711669580778107, 1452021.602222599089146 ], [ -1577530.767929638503119, 1452364.254276781342924 ], [ -1577831.33055478008464, 1452055.867242610314861 ], [ -1578120.761230842908844, 1449897.2513998800423 ], [ -1577764.538860304281116, 1448492.52562752389349 ], [ -1577720.011063986923546, 1446927.993679860373959 ], [ -1577174.545559099875391, 1445671.862102720886469 ], [ -1576528.892512498889118, 1445340.709326496347785 ], [ -1576495.496665260754526, 1445055.235869955271482 ], [ -1575627.204637073446065, 1444175.995505065424368 ], [ -1573812.696937143104151, 1443685.002888470888138 ], [ -1573623.453802794683725, 1443022.747102552093565 ], [ -1573556.66210831864737, 1440510.881388631416485 ], [ -1573244.967534097377211, 1440031.368373690638691 ], [ -1573590.057955556549132, 1439871.532480760477483 ], [ -1573679.113548191264272, 1439471.946638379013166 ], [ -1574547.405576378572732, 1438958.201575775630772 ], [ -1574480.613881902769208, 1437154.458259973209351 ], [ -1575426.829553645569831, 1437428.437302439240739 ], [ -1576640.212003292283043, 1439003.867431758204475 ], [ -1577419.448438845109195, 1439175.115037768613547 ], [ -1577820.198605700861663, 1438490.130733744474128 ], [ -1577397.18454068643041, 1438181.893120267195627 ], [ -1578020.573689128737897, 1437816.578744428930804 ], [ -1578421.323855984723195, 1438296.054814160335809 ], [ -1579022.449106268119067, 1438079.147983161965385 ], [ -1579356.407578648068011, 1438216.141580858267844 ], [ -1579334.143680489622056, 1438478.714466926641762 ], [ -1578744.150379285216331, 1438604.293651190586388 ], [ -1579078.108851664932445, 1438992.450960962101817 ], [ -1580302.623250390868634, 1438204.725422796560451 ], [ -1580647.713671850040555, 1438330.303410687949508 ], [ -1580892.616551595274359, 1437862.242787717608735 ], [ -1581593.929343593074009, 1438752.706121467752382 ], [ -1582284.110186511417851, 1438741.289750404190272 ], [ -1582250.714339273283258, 1439997.117750345729291 ], [ -1581827.700274258852005, 1440453.796086117392406 ], [ -1582529.013066256651655, 1441378.591960055753589 ], [ -1583041.082723905565217, 1441721.116511270636693 ], [ -1583408.437043523183092, 1441561.271211965475231 ], [ -1583508.62458523712121, 1440956.150642901193351 ], [ -1582918.631284032948315, 1440853.395586751401424 ], [ -1582985.422978508751839, 1440396.710897068493068 ], [ -1583130.138316540047526, 1440339.625821479363367 ], [ -1583475.228737999219447, 1440682.13797701196745 ], [ -1584298.992969869403169, 1440145.537413096986711 ], [ -1584755.402882121969014, 1440145.537413096986711 ], [ -1584900.118220153031871, 1439814.448448781622574 ], [ -1584911.250169232487679, 1438535.79584633698687 ], [ -1585334.264234246918932, 1437805.162744930945337 ], [ -1585078.22940542246215, 1437645.339227564400062 ], [ -1584298.992969869403169, 1438101.980204136576504 ], [ -1584421.444409742020071, 1437542.596006603911519 ], [ -1584777.666780280647799, 1437519.764229541644454 ], [ -1585122.75720173958689, 1437040.301095320144668 ], [ -1586169.16041519632563, 1436549.430445495061576 ], [ -1586536.514734814176336, 1436595.092478490900248 ], [ -1586503.118887576274574, 1437040.301095320144668 ], [ -1586658.966174686793238, 1437028.88540375395678 ], [ -1586903.869054432027042, 1436206.967505851294845 ], [ -1587683.105489984853193, 1436366.78303756355308 ], [ -1588417.814129220554605, 1436172.721435857703909 ], [ -1588840.828194235218689, 1435385.073062072042376 ], [ -1588774.036499758949503, 1434586.031491828383878 ], [ -1588373.286332903197035, 1433912.570794054539874 ], [ -1588518.001670934492722, 1433604.382159683154896 ], [ -1589352.897851884132251, 1433204.883273686282337 ], [ -1590054.21064388169907, 1433239.125818636035547 ], [ -1590421.564963499549776, 1433958.228649528464302 ], [ -1590733.259537720587105, 1433935.399712757905945 ], [ -1591300.988940766314045, 1433261.95420450810343 ], [ -1591289.856991687091067, 1431835.214779775124043 ], [ -1592102.489274477818981, 1431778.146668918430805 ], [ -1592069.093427239917219, 1431469.980818252312019 ], [ -1591835.322496573906392, 1431241.711936756735668 ], [ -1591000.426315624499694, 1431355.846152103040367 ], [ -1590755.52343587926589, 1431218.885147780645639 ], [ -1590532.884454292710871, 1430762.353154211537912 ], [ -1590555.148352451389655, 1430066.155744047835469 ], [ -1590087.606491119833663, 1429255.848714659921825 ], [ -1590443.828861658228561, 1428650.98642736650072 ], [ -1590989.294366545043886, 1428297.204909780994058 ], [ -1591067.218010100536048, 1427601.066801279084757 ], [ -1591768.530802098102868, 1427692.3626491765026 ], [ -1592135.885121715953574, 1427441.299759741406888 ], [ -1592202.676816191989928, 1427064.709504576167092 ], [ -1592514.371390413027257, 1426962.003920702030882 ], [ -1592792.670117396162823, 1427201.650849275989458 ], [ -1592814.934015555074438, 1428034.724641521228477 ], [ -1593160.024437014013529, 1428068.961063334019855 ], [ -1593393.795367680024356, 1427292.945438599213958 ], [ -1593338.135622283443809, 1426699.535748708993196 ], [ -1594139.635955994715914, 1427064.709504576399922 ], [ -1594529.254173771478236, 1426984.827352331485599 ], [ -1594651.705613643862307, 1426745.182216592365876 ], [ -1594429.066632057307288, 1426345.778059556148946 ], [ -1594506.990275612799451, 1426128.96096411976032 ], [ -1595575.657387228216976, 1425512.752805905416608 ], [ -1596087.727044877130538, 1425763.79899380216375 ], [ -1595820.560266973217949, 1424634.108253200538456 ], [ -1594774.15705351671204, 1423242.024572887457907 ], [ -1624618.912535193143412, 1423264.845078940968961 ], [ -1626711.718962106620893, 1423013.820498076500371 ], [ -1628103.212597022764385, 1423253.434823674149811 ], [ -1640103.453704537590966, 1422979.590041423682123 ], [ -1655665.91851743706502, 1423082.281532344873995 ] ] ] ] } },
{ "type": "Feature", "properties": { "GID_2": "SEN.7.2_1", "GID_0": "SEN", "COUNTRY": "Senegal", "GID_1": "SEN.7_1", "NAME_1": "Kolda", "NL_NAME_1": "NA", "NAME_2": "MédinaYoroFoula", "VARNAME_2": "NA", "NL_NAME_2": "NA", "TYPE_2": "Département", "ENGTYPE_2": "Department", "CC_2": "103", "HASC_2": "SN.KO.YF", "area_ha": 473907.99, "carbon_mean": 12.63, "carbon_min": 7.12, "carbon_max": 97.85, "carbon_median": 11.61, "carbon_std": 3.49, "carbon_pixel_count": 861234 }, "geometry": { "type": "MultiPolygon", "coordinates": [ [ [ [ -1654497.063864107942209, 1449052.123548006173223 ], [ -1654831.022336487658322, 1449006.441674092318863 ], [ -1654986.869623598409817, 1448469.68512895423919 ], [ -1656901.564865242689848, 1448549.626953846774995 ], [ -1657447.030370129505172, 1448115.659736225381494 ], [ -1657925.704180540516973, 1448184.180437614675611 ], [ -1659973.982811136869714, 1449783.043471234850585 ], [ -1660408.128825230291113, 1449383.319319592555985 ], [ -1661699.434918432729319, 1450365.508686067769304 ], [ -1662044.52533989190124, 1450925.143328988691792 ], [ -1662244.900423319544643, 1451895.964168353239074 ], [ -1662968.477113476023078, 1452626.956975639332086 ], [ -1662144.712881605606526, 1455585.385153615381569 ], [ -1661833.018307384569198, 1457927.216435426380485 ], [ -1661844.150256463559344, 1458372.757421733345836 ], [ -1662267.164321478223428, 1458681.21297129499726 ], [ -1662434.1435576681979, 1459309.558723761700094 ], [ -1662679.046437413431704, 1462085.871217790059745 ], [ -1663614.13016007700935, 1463696.942779070232064 ], [ -1664348.838799312477931, 1463914.044543729629368 ], [ -1665406.373961848672479, 1465308.106128432787955 ], [ -1667354.465050730854273, 1465799.472097408724949 ], [ -1667643.895726793445647, 1466645.098667546641082 ], [ -1674701.55144308693707, 1466576.533407387323678 ], [ -1684241.631804070202634, 1464313.973210882162675 ], [ -1686946.695430346997455, 1462908.534595977049321 ], [ -1689006.106010022340342, 1463171.334882129449397 ], [ -1689751.946598337497562, 1462919.96064461581409 ], [ -1690531.183033890556544, 1463434.137609671335667 ], [ -1691265.891673126025125, 1463491.268960500368848 ], [ -1694249.254026385955513, 1465011.005270342109725 ], [ -1694828.115378510672599, 1465422.376521215075627 ], [ -1697132.428837931482121, 1468953.559679388534278 ], [ -1697332.803921359591186, 1474977.019826895091683 ], [ -1697755.817986374022439, 1475651.453416219213977 ], [ -1697978.456967960344627, 1477114.687121029244736 ], [ -1699837.492464208044112, 1477286.164819427533075 ], [ -1700115.791191191179678, 1480841.705661514773965 ], [ -1702442.368548770900816, 1481630.616804263088852 ], [ -1705871.00886520370841, 1481527.714088225504383 ], [ -1705848.744967044796795, 1482488.154174498748034 ], [ -1706750.432842470472679, 1482991.255017099902034 ], [ -1708743.051727670012042, 1485083.794443301158026 ], [ -1708965.69070925633423, 1485815.64856098848395 ], [ -1709154.933843605220318, 1490344.423613795777783 ], [ -1708208.718171862419695, 1491705.487511757994071 ], [ -1707384.953939992003143, 1493478.401891587534919 ], [ -1707474.009532626718283, 1500559.752785549499094 ], [ -1707318.162245515966788, 1500822.907396919559687 ], [ -1702653.875581277767196, 1501681.037690890487283 ], [ -1700839.367881347425282, 1502790.925792206544429 ], [ -1695106.414105493808165, 1507562.809810733422637 ], [ -1694516.420804289635271, 1508524.152814578963444 ], [ -1693770.580215974943712, 1510698.743293203180656 ], [ -1692813.232595152687281, 1514281.471058638067916 ], [ -1691566.454298268072307, 1520177.395992928184569 ], [ -1690408.731594017706811, 1520704.084258170099929 ], [ -1685677.653235303470865, 1525089.732062096009031 ], [ -1685354.826712003210559, 1526234.926247940631583 ], [ -1679688.664630625629798, 1528204.773222351912409 ], [ -1678152.45565767865628, 1524425.541544046485797 ], [ -1676427.003550382796675, 1522112.452882424462587 ], [ -1672285.918492872733623, 1517944.808671008562669 ], [ -1669213.500546978553757, 1515781.090547445463017 ], [ -1663202.248044141801074, 1512713.254605684429407 ], [ -1659172.482477425364777, 1511122.236223972169682 ], [ -1657947.968078699195758, 1510870.428828352596611 ], [ -1654452.536067790584639, 1510630.069380031665787 ], [ -1653272.549465381540358, 1510755.97168551501818 ], [ -1650945.972107802284881, 1508684.379919138737023 ], [ -1650066.548130535520613, 1508169.367551802424714 ], [ -1647873.554161908105016, 1507322.479314372409135 ], [ -1645803.01163315307349, 1507173.704345781123266 ], [ -1643008.892414241796359, 1507494.143740209518 ], [ -1641717.586321039823815, 1504873.516852566739544 ], [ -1639647.04379228525795, 1502539.194677251391113 ], [ -1637008.771860484499484, 1500960.206450900761411 ], [ -1631810.151640438474715, 1498717.74071082053706 ], [ -1630485.449699998833239, 1498717.74071082053706 ], [ -1630129.22732946020551, 1498980.877774277701974 ], [ -1627168.128874358953908, 1498511.809104148996994 ], [ -1623984.391437671380118, 1499518.60043457755819 ], [ -1620889.709593618521467, 1501223.36488009407185 ], [ -1618206.909865500405431, 1497207.611208813032135 ], [ -1616648.436994394753128, 1495640.366990697802976 ], [ -1614833.929294464178383, 1494782.424148191697896 ], [ -1609668.704921656521037, 1494130.40535268955864 ], [ -1607152.884429728612304, 1490710.417434986447915 ], [ -1604458.952752531273291, 1488708.947602645028383 ], [ -1601787.284973492613062, 1487199.362771041458473 ], [ -1599137.88109261286445, 1486421.729798020096496 ], [ -1598291.852962583769113, 1486010.050540738971904 ], [ -1597267.713647285709158, 1485964.30877645383589 ], [ -1595909.615859607700258, 1484088.961050542304292 ], [ -1594050.580363360000774, 1480933.172479209955782 ], [ -1592903.989608189556748, 1477343.324285358656198 ], [ -1592770.406219237484038, 1475697.178314081393182 ], [ -1593048.704946220852435, 1472485.185354782734066 ], [ -1593983.788668884430081, 1470165.005944586824626 ], [ -1594317.747141263913363, 1468747.847562559181824 ], [ -1593861.337229011813179, 1466405.120985659537837 ], [ -1593427.191214917926118, 1465879.462715425062925 ], [ -1594996.796035102801397, 1465948.026282640872523 ], [ -1595887.351961449254304, 1465456.657729190774262 ], [ -1599995.041171720717102, 1464645.346964270574972 ], [ -1602121.243445872562006, 1463582.679361870978028 ], [ -1603523.869029867928475, 1462097.296934303361923 ], [ -1603835.563604088965803, 1462040.168397851986811 ], [ -1605037.814104656456038, 1464268.266791149042547 ], [ -1605527.619864146923646, 1464622.49347723624669 ], [ -1606151.009012589231133, 1464748.187884621322155 ], [ -1606874.585702745243907, 1464451.092913510743529 ], [ -1609011.919925976311788, 1464051.162306583020836 ], [ -1610982.274913017172366, 1463377.006374241551384 ], [ -1611639.059908697381616, 1462977.090957020875067 ], [ -1613164.136932565597817, 1463902.618093506898731 ], [ -1613943.373368118191138, 1464862.456012839917094 ], [ -1615412.790646589361131, 1465890.889965067151934 ], [ -1617238.430295599158853, 1465593.782977155642584 ], [ -1617761.631902327528223, 1465193.836197881028056 ], [ -1618908.222657498205081, 1465330.960170009173453 ], [ -1620477.827477683313191, 1464188.280734438681975 ], [ -1621468.570945743471384, 1463148.48258642363362 ], [ -1621947.244756154483184, 1462188.702832425246015 ], [ -1622492.71026104176417, 1461971.614306281786412 ], [ -1623227.418900277232751, 1460600.567323398776352 ], [ -1623527.981525419047102, 1460360.640923101222143 ], [ -1623672.696863450342789, 1459743.696647867327556 ], [ -1624707.968127827858552, 1459275.284960177261382 ], [ -1625253.433632714906707, 1458795.456618381896988 ], [ -1625643.051850491436198, 1458829.729802213376388 ], [ -1626166.253457219805568, 1459400.955629147123545 ], [ -1628014.157004388049245, 1458692.637315303552896 ], [ -1628715.469796385616064, 1459252.435807464178652 ], [ -1629149.615810479503125, 1459378.106375187868252 ], [ -1629338.858944827923551, 1459286.709543436998501 ], [ -1629138.483861400047317, 1458612.667003843933344 ], [ -1629817.532755239168182, 1458589.818384824786335 ], [ -1630396.394107364118099, 1458189.970529996789992 ], [ -1630752.616477902512997, 1458338.484789857873693 ], [ -1631153.366644758498296, 1458155.698118852451444 ], [ -1631810.151640438474715, 1456864.800759728997946 ], [ -1632277.693501770263538, 1456522.094502763822675 ], [ -1632466.936636118916795, 1455996.619603075319901 ], [ -1632389.012992563657463, 1454283.181962265400216 ], [ -1632800.895108498632908, 1453837.70507945260033 ], [ -1632778.631210340186954, 1453369.390745425364003 ], [ -1633235.041122592519969, 1453312.279768266482279 ], [ -1633546.735696813790128, 1452695.488512875279412 ], [ -1634158.992896176408976, 1452478.472543860320002 ], [ -1634259.180437890812755, 1452090.13230382069014 ], [ -1636006.896443345118314, 1450548.245321439113468 ], [ -1636307.459068486932665, 1450856.61604808550328 ], [ -1636719.34118442190811, 1450856.61604808550328 ], [ -1637543.105416292324662, 1450068.564149805111811 ], [ -1638355.737699082819745, 1450274.140807299409062 ], [ -1638967.994898446137086, 1449862.988973299274221 ], [ -1639313.085319905076176, 1449897.2513998800423 ], [ -1639680.439639523159713, 1450296.982749560615048 ], [ -1640103.453704537590966, 1449965.776376442983747 ], [ -1640415.148278758861125, 1449063.544027902185917 ], [ -1640827.03039469383657, 1448720.931617712136358 ], [ -1642519.086654751561582, 1447955.778738646768034 ], [ -1643153.607752273092046, 1446688.182482298230752 ], [ -1644188.879016650607809, 1446265.662883559241891 ], [ -1644533.96943810977973, 1446414.115004376741126 ], [ -1644968.11545220320113, 1445911.664780881023034 ], [ -1647149.977471751626581, 1444724.090226172003895 ], [ -1647751.102722035255283, 1444564.228182432707399 ], [ -1647906.950009146006778, 1444929.628450820455328 ], [ -1648151.852888891240582, 1445043.81699090031907 ], [ -1648530.339157588314265, 1446608.245863299816847 ], [ -1649098.068560634041205, 1447247.745071759913117 ], [ -1649109.200509713264182, 1447773.058693873230368 ], [ -1649699.193810917437077, 1447898.678599156904966 ], [ -1650055.416181456064805, 1448538.206679451046512 ], [ -1650990.499904119409621, 1448720.931617712136358 ], [ -1651313.326427419902757, 1449600.311735945055261 ], [ -1651480.305663610110059, 1449531.787636798573658 ], [ -1652548.972775225527585, 1450148.510451724985614 ], [ -1652916.327094843378291, 1450159.93137028394267 ], [ -1653016.514636557316408, 1449965.776376442750916 ], [ -1653294.813363540451974, 1450217.036031648516655 ], [ -1653940.466410141205415, 1449908.672217880375683 ], [ -1654497.063864107942209, 1449052.123548006173223 ] ] ] ] } },
{ "type": "Feature", "properties": { "GID_2": "SEN.7.3_1", "GID_0": "SEN", "COUNTRY": "Senegal", "GID_1": "SEN.7_1", "NAME_1": "Kolda", "NL_NAME_1": "NA", "NAME_2": "Vélingara", "VARNAME_2": "NA", "NL_NAME_2": "NA", "TYPE_2": "Département", "ENGTYPE_2": "Department", "CC_2": "102", "HASC_2": "SN.KO.VL", "area_ha": 549616.83, "carbon_mean": 13.94, "carbon_min": 7.03, "carbon_max": 97.85, "carbon_median": 12.86, "carbon_std": 5.55, "carbon_pixel_count": 996686 }, "geometry": { "type": "MultiPolygon", "coordinates": [ [ [ [ -1568135.402906686300412, 1422694.33780385600403 ], [ -1583965.034497489687055, 1423082.281532344873995 ], [ -1584321.256868028081954, 1422648.697705640457571 ], [ -1594774.15705351671204, 1422797.028286863584071 ], [ -1594818.684849833603948, 1423321.896422491874546 ], [ -1595820.560266973217949, 1424634.108253200538456 ], [ -1596087.727044877130538, 1425763.79899380216375 ], [ -1595575.657387228216976, 1425512.752805905416608 ], [ -1594506.990275612799451, 1426128.96096411976032 ], [ -1594429.066632057307288, 1426345.778059556148946 ], [ -1594651.705613643862307, 1426745.182216592365876 ], [ -1594529.254173771478236, 1426984.827352331485599 ], [ -1594139.635955994715914, 1427064.709504576399922 ], [ -1593338.135622283443809, 1426699.535748708993196 ], [ -1593393.795367680024356, 1427292.945438599213958 ], [ -1593160.024437014013529, 1428068.961063334019855 ], [ -1592814.934015555074438, 1428034.724641521228477 ], [ -1592792.670117396162823, 1427201.650849275989458 ], [ -1592514.371390413027257, 1426962.003920702030882 ], [ -1592202.676816191989928, 1427064.709504576167092 ], [ -1592135.885121715953574, 1427441.299759741406888 ], [ -1591768.530802098102868, 1427692.3626491765026 ], [ -1591067.218010100536048, 1427601.066801279084757 ], [ -1590989.294366545043886, 1428297.204909780994058 ], [ -1590443.828861658228561, 1428650.98642736650072 ], [ -1590087.606491119833663, 1429255.848714659921825 ], [ -1590555.148352451389655, 1430066.155744047835469 ], [ -1590532.884454292710871, 1430762.353154211537912 ], [ -1590755.52343587926589, 1431218.885147780645639 ], [ -1591000.426315624499694, 1431355.846152103040367 ], [ -1591835.322496573906392, 1431241.711936756735668 ], [ -1592069.093427239917219, 1431469.980818252312019 ], [ -1592102.489274477818981, 1431778.146668918430805 ], [ -1591289.856991687091067, 1431835.214779775124043 ], [ -1591300.988940766314045, 1433261.95420450810343 ], [ -1590733.259537720587105, 1433935.399712757905945 ], [ -1590421.564963499549776, 1433958.228649528464302 ], [ -1590054.21064388169907, 1433239.125818636035547 ], [ -1589352.897851884132251, 1433204.883273686282337 ], [ -1588518.001670934492722, 1433604.382159683154896 ], [ -1588373.286332903197035, 1433912.570794054539874 ], [ -1588774.036499758949503, 1434586.031491828383878 ], [ -1588840.828194235218689, 1435385.073062072042376 ], [ -1588417.814129220554605, 1436172.721435857703909 ], [ -1587683.105489984853193, 1436366.78303756355308 ], [ -1586903.869054432027042, 1436206.967505851294845 ], [ -1586658.966174686793238, 1437028.88540375395678 ], [ -1586503.118887576274574, 1437040.301095320144668 ], [ -1586536.514734814176336, 1436595.092478490900248 ], [ -1586169.16041519632563, 1436549.430445495061576 ], [ -1585122.75720173958689, 1437040.301095320144668 ], [ -1584777.666780280647799, 1437519.764229541644454 ], [ -1584421.444409742020071, 1437542.596006603911519 ], [ -1584298.992969869403169, 1438101.980204136576504 ], [ -1585078.22940542246215, 1437645.339227564400062 ], [ -1585334.264234246918932, 1437805.162744930945337 ], [ -1584911.250169232487679, 1438535.79584633698687 ], [ -1584900.118220153031871, 1439814.448448781622574 ], [ -1584755.402882121969014, 1440145.537413096986711 ], [ -1584298.992969869403169, 1440145.537413096986711 ], [ -1583475.228737999219447, 1440682.13797701196745 ], [ -1583130.138316540047526, 1440339.625821479363367 ], [ -1582985.422978508751839, 1440396.710897068493068 ], [ -1582918.631284032948315, 1440853.395586751401424 ], [ -1583508.62458523712121, 1440956.150642901193351 ], [ -1583486.360687078675255, 1441424.261664026184008 ], [ -1583297.117552730021998, 1441629.776231217430905 ], [ -1583041.082723905565217, 1441721.116511270636693 ], [ -1582529.013066256651655, 1441378.591960055753589 ], [ -1581827.700274258852005, 1440453.796086117392406 ], [ -1582250.714339273283258, 1439997.117750345729291 ], [ -1582284.110186511417851, 1438741.289750404190272 ], [ -1581593.929343593074009, 1438752.706121467752382 ], [ -1580892.616551595274359, 1437862.242787717608735 ], [ -1580647.713671850040555, 1438330.303410687949508 ], [ -1580302.623250390868634, 1438204.725422796560451 ], [ -1579078.108851664932445, 1438992.450960962101817 ], [ -1578744.150379285216331, 1438604.293651190586388 ], [ -1579334.143680489622056, 1438478.714466926641762 ], [ -1579356.407578648068011, 1438216.141580858267844 ], [ -1579022.449106268119067, 1438079.147983161965385 ], [ -1578421.323855984723195, 1438296.054814160335809 ], [ -1578020.573689128737897, 1437816.578744428930804 ], [ -1577397.18454068643041, 1438181.893120267195627 ], [ -1577820.198605700861663, 1438490.130733744474128 ], [ -1577419.448438845109195, 1439175.115037768613547 ], [ -1576640.212003292283043, 1439003.867431758204475 ], [ -1575426.829553645569831, 1437428.437302439240739 ], [ -1574480.613881902769208, 1437154.458259973209351 ], [ -1574547.405576378572732, 1438958.201575775630772 ], [ -1573679.113548191264272, 1439471.946638379013166 ], [ -1573590.057955556549132, 1439871.532480760477483 ], [ -1573244.967534097377211, 1440031.368373690638691 ], [ -1573556.66210831864737, 1440510.881388631416485 ], [ -1573623.453802794683725, 1443022.747102552093565 ], [ -1573812.696937143104151, 1443685.002888470888138 ], [ -1575627.204637073446065, 1444175.995505065424368 ], [ -1576495.496665260754526, 1445055.235869955271482 ], [ -1576528.892512498889118, 1445340.709326496347785 ], [ -1577174.545559099875391, 1445671.862102720886469 ], [ -1577397.18454068643041, 1446037.276509538525715 ], [ -1577720.011063986923546, 1446927.993679860373959 ], [ -1577764.538860304281116, 1448492.52562752389349 ], [ -1578120.761230842908844, 1449897.2513998800423 ], [ -1577831.33055478008464, 1452055.867242610314861 ], [ -1577530.767929638503119, 1452364.254276781342924 ], [ -1575838.711669580778107, 1452021.602222599089146 ], [ -1575304.378113772952929, 1452192.92773465346545 ], [ -1574758.912608885904774, 1452112.97570084920153 ], [ -1574391.558289268286899, 1453186.636021714890376 ], [ -1573834.960835301782936, 1453917.66195524088107 ], [ -1573278.363381335278973, 1453906.239530662773177 ], [ -1572688.370080131106079, 1453506.457557986257598 ], [ -1572276.487964195897803, 1453460.768547148676589 ], [ -1571708.758561150170863, 1453609.258100452832878 ], [ -1570996.313820073381066, 1454168.956455762963742 ], [ -1570784.806787566049024, 1453700.63667205767706 ], [ -1570651.223398614209145, 1454682.974846075056121 ], [ -1571241.21669981838204, 1455242.694322777912021 ], [ -1572131.772626164602116, 1455711.039493140531704 ], [ -1573155.911941462894902, 1456784.835596671095118 ], [ -1573456.474566604709253, 1457458.834733142983168 ], [ -1573356.287024890538305, 1458772.60785216325894 ], [ -1572755.161774606909603, 1460120.716553883394226 ], [ -1573022.328552510822192, 1460463.46627450408414 ], [ -1573378.55092304921709, 1462325.812233028467745 ], [ -1573556.66210831864737, 1462428.644719335250556 ], [ -1574970.419641393236816, 1462862.83044756622985 ], [ -1576506.628614340443164, 1462142.999846471240744 ], [ -1577285.865049893269315, 1462131.574111512163654 ], [ -1577909.254198335576802, 1461526.016756906639785 ], [ -1578666.226735729724169, 1462074.445505888666958 ], [ -1579222.824189696460962, 1461914.486023444449529 ], [ -1579812.817490900633857, 1462051.594095919281244 ], [ -1582272.978237431962043, 1462942.812755735125393 ], [ -1583419.5689926026389, 1462737.144420088967308 ], [ -1584298.992969869403169, 1463377.006374241551384 ], [ -1584833.326525677228346, 1464062.588816837407649 ], [ -1585434.451775960857049, 1464233.987024846952409 ], [ -1586124.632618879200891, 1464885.309693932766095 ], [ -1586759.153716400731355, 1464553.933127013733611 ], [ -1587326.883119446458295, 1464622.49347723624669 ], [ -1588250.834893030580133, 1464405.38627206068486 ], [ -1590488.356657975353301, 1464565.359840500634164 ], [ -1591423.440380638930947, 1464759.614676650613546 ], [ -1592035.697580002015457, 1465319.533146909670904 ], [ -1592748.142321078805253, 1465319.533146909438074 ], [ -1593293.607825965853408, 1465719.481705967104062 ], [ -1593861.337229011813179, 1466405.120985659537837 ], [ -1594317.747141263913363, 1468747.847562559181824 ], [ -1593983.788668884430081, 1470165.005944586824626 ], [ -1593048.704946220852435, 1472485.185354782734066 ], [ -1592770.406219237484038, 1475697.178314081393182 ], [ -1592903.989608189556748, 1477343.324285358656198 ], [ -1594050.580363360000774, 1480933.172479209955782 ], [ -1595909.615859607700258, 1484088.961050542304292 ], [ -1597189.790003730682656, 1485758.471766166621819 ], [ -1595386.414252879330888, 1486341.680577201070264 ], [ -1592670.218677523778751, 1486913.465772066963837 ], [ -1588896.487939631799236, 1486867.722524574259296 ], [ -1587705.369388143764809, 1487176.490903116762638 ], [ -1586837.077359955990687, 1485632.683230394031852 ], [ -1584566.159747773315758, 1484363.394305039430037 ], [ -1581883.360019655432552, 1484603.525617159204558 ], [ -1580825.824857119238004, 1485255.321028511971235 ], [ -1579412.067324044881389, 1485644.118528371909633 ], [ -1578721.886481126537547, 1485621.247937106760219 ], [ -1575649.46853523212485, 1484500.611944575794041 ], [ -1574948.1557432343252, 1484637.830259060487151 ], [ -1573968.544224253855646, 1485266.756171708926558 ], [ -1573167.043890542117879, 1485209.580502621131018 ], [ -1571697.626612070947886, 1486947.773256987333298 ], [ -1571185.556954422034323, 1488125.689211892429739 ], [ -1571163.293056263355538, 1490287.237514656269923 ], [ -1571975.925339054083452, 1491247.97960089892149 ], [ -1571096.501361787319183, 1491888.492786723421887 ], [ -1569894.250861220061779, 1492288.821031510829926 ], [ -1569237.465865539619699, 1491545.358885588357225 ], [ -1567601.069350878475234, 1491865.617061386117712 ], [ -1566721.645373611478135, 1493089.494844832923263 ], [ -1565652.97826199629344, 1493135.248332037124783 ], [ -1565730.901905551552773, 1492368.88737329817377 ], [ -1565040.7210626329761, 1492368.887373298406601 ], [ -1563615.831580479163677, 1491934.244293943978846 ], [ -1563382.06064981338568, 1492105.81311754276976 ], [ -1563170.553617306053638, 1491911.368530909763649 ], [ -1562869.990992164472118, 1491979.995876560918987 ], [ -1562836.595144926337525, 1492757.784319147001952 ], [ -1558918.149069003062323, 1493055.179778949124739 ], [ -1552995.952158800791949, 1496498.336410447023809 ], [ -1549277.881166305858642, 1495960.672464248491451 ], [ -1546706.4009289809037, 1495846.277226976351812 ], [ -1543522.663492293329909, 1496372.49923177366145 ], [ -1540472.509444557595998, 1497882.583143012132496 ], [ -1538468.758610278833658, 1499861.833136673318222 ], [ -1537923.293105391785502, 1500994.531321108341217 ], [ -1536398.216081523802131, 1503191.411848825402558 ], [ -1535318.417020829161629, 1507047.81846274016425 ], [ -1535273.889224511804059, 1509874.667680305195972 ], [ -1535663.50744228833355, 1510527.058832631679252 ], [ -1537978.952850788133219, 1512278.290766496676952 ], [ -1540194.210717574693263, 1516467.966627818765119 ], [ -1542364.940788043197244, 1517773.078749191248789 ], [ -1542787.954853057861328, 1518196.681176853133366 ], [ -1542142.301806456875056, 1518288.27175512118265 ], [ -1539748.932754401350394, 1517452.519117920892313 ], [ -1539637.6132636081893, 1517704.387082867091522 ], [ -1539893.648092432646081, 1518792.025429249741137 ], [ -1539815.724448877386749, 1519616.369683757424355 ], [ -1538958.564369769068435, 1521047.582088105380535 ], [ -1538580.078101071994752, 1522330.012252521235496 ], [ -1538223.855730533367023, 1522375.814446673262864 ], [ -1536197.840998095925897, 1521814.742876719450578 ], [ -1535251.625326353125274, 1522123.903332252521068 ], [ -1534828.61126133846119, 1522089.551997211063281 ], [ -1534494.652788958745077, 1521700.239894868573174 ], [ -1534539.180585276102647, 1521265.132953212130815 ], [ -1535708.03523860569112, 1519604.920287414686754 ], [ -1535930.674220192013308, 1518711.882177321007475 ], [ -1535819.354729398852214, 1517509.761633261339739 ], [ -1536776.702350220875815, 1515620.821945192059502 ], [ -1536954.813535490073264, 1514876.730023791547865 ], [ -1536476.139725079294294, 1513331.37299485411495 ], [ -1536175.577099937247112, 1513102.438631604425609 ], [ -1535474.264307939680293, 1513171.118739634519443 ], [ -1532902.784070615191013, 1515380.420803064946085 ], [ -1529351.692314309766516, 1514498.968025326961651 ], [ -1527381.337327268905938, 1513560.309272040845826 ], [ -1526680.024535270873457, 1512907.845927442423999 ], [ -1527370.20537818945013, 1511683.088279556017369 ], [ -1529463.01180510269478, 1510607.178113847738132 ], [ -1531210.727810557466, 1509256.62720953556709 ], [ -1531322.047301350627095, 1508810.273299891501665 ], [ -1531188.463912398554385, 1508169.367551801959053 ], [ -1530386.963578687049448, 1507299.590805259533226 ], [ -1530476.019171321531758, 1505560.119852116098627 ], [ -1531310.915352271171287, 1504232.702834428288043 ], [ -1531934.304500713478774, 1503546.132930043851957 ], [ -1532958.443816011538729, 1502905.349786104401574 ], [ -1533014.103561408352107, 1502687.944603745592758 ], [ -1532424.110260203946382, 1502276.023696087766439 ], [ -1529808.102226561866701, 1502207.370809690561146 ], [ -1524141.940145184285939, 1503477.47688056784682 ], [ -1522260.6407507781405, 1503580.461018928093836 ], [ -1521871.02253300184384, 1503282.952335924608633 ], [ -1521748.571093128994107, 1502710.829279049998149 ], [ -1521948.946176556870341, 1502173.044430578593165 ], [ -1523240.252269758842885, 1501292.015317789046094 ], [ -1523874.77336728037335, 1500205.070104001089931 ], [ -1525266.267002196516842, 1498717.74071082053706 ], [ -1525065.891918768407777, 1497996.986798230791464 ], [ -1524787.593191785505041, 1497768.179961037123576 ], [ -1524052.88455254980363, 1497894.023487237282097 ], [ -1521926.682278398191556, 1498752.062794421100989 ], [ -1520958.202708496944979, 1498923.673851719358936 ], [ -1520746.695675989612937, 1498637.656014819163829 ], [ -1522294.036598016042262, 1494816.74135181424208 ], [ -1523295.912015155656263, 1494061.7726874218788 ], [ -1523652.134385694051161, 1493455.524855538271368 ], [ -1523529.682945821434259, 1492814.975506161339581 ], [ -1522639.127019475447014, 1491511.045728685799986 ], [ -1522260.6407507781405, 1491362.355872021988034 ], [ -1519744.820258850231767, 1491945.682182529242709 ], [ -1519154.826957645826042, 1491831.303508720593527 ], [ -1518008.236202475149184, 1490847.666360816219822 ], [ -1518809.736536186886951, 1488789.003630148712546 ], [ -1518653.889249076135457, 1487908.39999561640434 ], [ -1517774.465271809138358, 1487416.646453268826008 ], [ -1516883.909345462918282, 1487428.082483511650935 ], [ -1516149.2007062274497, 1487588.187400119146332 ], [ -1515614.867150419624522, 1488125.689211892895401 ], [ -1515169.589187246747315, 1487736.857075676321983 ], [ -1515292.040627119131386, 1487439.518518451834098 ], [ -1515113.929441849933937, 1487096.439513310790062 ], [ -1514624.123682359466329, 1487062.131845262134448 ], [ -1514768.839020390762016, 1486719.057489023543894 ], [ -1514457.144446169724688, 1486490.343598916660994 ], [ -1514501.672242487082258, 1486250.196035008411855 ], [ -1514234.505464583169669, 1485861.390081295045093 ], [ -1514768.839020390762016, 1486090.098808891605586 ], [ -1515024.873849215218797, 1485621.247937106527388 ], [ -1514935.818256580736488, 1485140.969854470575228 ], [ -1514501.672242487082258, 1485323.931958039756864 ], [ -1514345.824955376563594, 1485015.184104638174176 ], [ -1513922.81089036189951, 1485015.184104638407007 ], [ -1513922.81089036189951, 1484420.568239492131397 ], [ -1513399.609283633762971, 1484088.961050542304292 ], [ -1513878.28309404454194, 1483906.007047015242279 ], [ -1513677.908010616665706, 1483025.557677323464304 ], [ -1513856.019195885863155, 1482671.098886876832694 ], [ -1514134.317922868998721, 1483368.586597393965349 ], [ -1514379.220802614232525, 1483380.020967314951122 ], [ -1514490.54029340762645, 1483197.071610551560298 ], [ -1514724.311224073404446, 1483334.283515730174258 ], [ -1514880.15851118392311, 1483048.426140882773325 ], [ -1515147.325289087835699, 1483128.465910834027454 ], [ -1515392.228168833069503, 1482774.005814186530188 ], [ -1515303.172576198354363, 1482591.06042777071707 ], [ -1514334.693006297340617, 1482568.192338723922148 ], [ -1514167.713770107133314, 1482248.041057785972953 ], [ -1514379.220802614232525, 1482190.871572274947539 ], [ -1514601.859784201020375, 1481722.086203249171376 ], [ -1514279.033260900294408, 1481459.112488004611805 ], [ -1514590.727835121564567, 1480715.939275694545358 ], [ -1515202.985034484416246, 1480704.505995939718559 ], [ -1515470.151812388328835, 1480327.210386072518304 ], [ -1515058.269696453120559, 1480144.281013200525194 ], [ -1515381.096219753846526, 1480029.950762579217553 ], [ -1515681.658844895660877, 1479549.768811365589499 ], [ -1515459.019863309105858, 1479138.190839101560414 ], [ -1514991.478001977549866, 1479069.595098734600469 ], [ -1514746.575122232316062, 1479252.517446570796892 ], [ -1514724.311224073404446, 1478909.53902482544072 ], [ -1514401.48470077291131, 1478863.80888605536893 ], [ -1514512.804191566305235, 1478349.349970867857337 ], [ -1514913.554358422057703, 1478658.02418583445251 ], [ -1515091.665543691255152, 1478486.538090836955234 ], [ -1514924.68630750128068, 1477960.653946480713785 ], [ -1514501.672242487082258, 1477994.95043756836094 ], [ -1514201.109617345035076, 1477812.036303580738604 ], [ -1513956.206737599801272, 1477343.324285358190536 ], [ -1514401.48470077291131, 1476863.188394177006558 ], [ -1514690.915376835502684, 1477000.369238208746538 ], [ -1514946.950205659959465, 1477469.075520751764998 ], [ -1515091.665543691255152, 1477411.915798352798447 ], [ -1515347.700372515711933, 1476531.670792124932632 ], [ -1515236.380881722550839, 1476383.06072556367144 ], [ -1514646.387580518145114, 1476497.376091479556635 ], [ -1514535.068089724751189, 1476097.274349306942895 ], [ -1515503.547659626463428, 1475788.628333361819386 ], [ -1515603.735201340401545, 1475034.174587291665375 ], [ -1515292.040627119131386, 1474862.710655217990279 ], [ -1514980.346052897861227, 1475148.484457225073129 ], [ -1514312.429108138429001, 1474679.816948667634279 ], [ -1514078.658177472651005, 1474942.727026516571641 ], [ -1513655.644112458219752, 1474622.662909709615633 ], [ -1512987.727167698554695, 1474496.924433526350185 ], [ -1513132.442505729850382, 1474142.573575247777626 ], [ -1513544.324621664592996, 1474291.171777902636677 ], [ -1513666.776061537442729, 1473948.254034979036078 ], [ -1513299.421741919824854, 1473571.049352929927409 ], [ -1513644.512163378763944, 1473525.327917429851368 ], [ -1513455.269029030110687, 1473182.419522531563416 ], [ -1513733.567756013479084, 1472885.235631379997358 ], [ -1513522.060723506147042, 1472873.805544471135363 ], [ -1513321.685640078270808, 1472428.035779961152002 ], [ -1512954.331320460420102, 1472542.335045768180862 ], [ -1512965.463269539643079, 1472130.859863251913339 ], [ -1512598.108949922025204, 1471765.109199640108272 ], [ -1512586.977000842569396, 1472245.157921091653407 ], [ -1511974.719801479717717, 1472199.438642209162936 ], [ -1511774.344718051841483, 1471662.242682391079143 ], [ -1512163.962935828138143, 1471239.350951892789453 ], [ -1511596.233532782644033, 1470553.594086418161169 ], [ -1511919.060056082904339, 1470313.583130257669836 ], [ -1511774.344718051841483, 1469924.998300636420026 ], [ -1511863.400310686323792, 1469467.846541514154524 ], [ -1511607.365481861867011, 1469547.847563792951405 ], [ -1511663.025227258447558, 1469879.282790837110952 ], [ -1511351.330653037410229, 1470027.858469006139785 ], [ -1511017.372180657461286, 1470565.023230605991557 ], [ -1510171.344050628598779, 1470393.586554972920567 ], [ -1510271.531592342536896, 1470027.858469005674124 ], [ -1510883.788791705621406, 1470267.866989626782015 ], [ -1510894.920740784844384, 1469799.2808272393886 ], [ -1510471.906675770413131, 1469696.421493652043864 ], [ -1510449.642777611734346, 1469547.847563792951405 ], [ -1510727.941504595102742, 1469262.13067022850737 ], [ -1510716.809555515414104, 1468953.559679388534278 ], [ -1511217.74726408533752, 1468713.562355729052797 ], [ -1511195.483365926658735, 1467616.45775128598325 ], [ -1510850.392944467486814, 1467193.626745877088979 ], [ -1510661.149810118833557, 1467330.760431614471599 ], [ -1510316.059388659661636, 1466999.355165367480367 ], [ -1510249.267694184090942, 1467422.183259099721909 ], [ -1509481.163207710487768, 1467113.632403675233945 ], [ -1509280.788124282378703, 1467422.183259099954739 ], [ -1509692.670240217586979, 1467342.188268847763538 ], [ -1509470.03125863079913, 1467833.589649584377185 ], [ -1509659.274392979452386, 1468256.430249313358217 ], [ -1508902.301855585537851, 1468484.995375915197656 ], [ -1508590.607281364034861, 1467947.870267510414124 ], [ -1508123.065420032478869, 1467936.442184878047556 ], [ -1507833.634743969887495, 1467467.894783947616816 ], [ -1508200.989063587738201, 1467342.188268847763538 ], [ -1508212.121012666961178, 1467067.921452813316137 ], [ -1508935.697702823206782, 1466485.113319596275687 ], [ -1508646.267026760848239, 1466313.701453005662188 ], [ -1508835.510161109268665, 1465833.753763099666685 ], [ -1508546.079485046910122, 1465719.481705967104062 ], [ -1507844.766693049110472, 1466290.846616099355742 ], [ -1507054.398308417061344, 1465365.241267042001709 ], [ -1507054.398308417061344, 1465090.993655560072511 ], [ -1507744.579151335172355, 1464988.15148758655414 ], [ -1507655.523558700457215, 1464873.882851076312363 ], [ -1507265.905340923927724, 1464965.297723315656185 ], [ -1507622.127711462788284, 1464565.359840500634164 ], [ -1506943.07881762390025, 1464154.001065126853064 ], [ -1506575.724498005816713, 1464176.854173382977024 ], [ -1506486.668905371101573, 1463754.074660800397396 ], [ -1506041.390942198224366, 1464291.119991777464747 ], [ -1505963.467298642732203, 1463605.532008377369493 ], [ -1505674.03662258037366, 1463959.750390795757994 ], [ -1505150.83501585200429, 1463902.618093506898731 ], [ -1504672.161205440992489, 1464131.147975345142186 ], [ -1504750.084848996251822, 1463388.432612095726654 ], [ -1504560.841714647831395, 1462874.256477747811005 ], [ -1505195.36281216936186, 1462508.625800321809947 ], [ -1505829.883909690892324, 1462440.070574208628386 ], [ -1505284.418404803844169, 1462051.594095919281244 ], [ -1505941.203400484286249, 1461914.48602344468236 ], [ -1505829.883909690892324, 1461514.591270918259397 ], [ -1506297.425771022681147, 1461011.874450308037922 ], [ -1506230.634076546644792, 1460486.31640325859189 ], [ -1505829.883909690892324, 1460657.692956208018586 ], [ -1505596.112979025114328, 1460132.1414777955506 ], [ -1505317.814252041978762, 1460417.766072267200798 ], [ -1505006.119677820708603, 1460452.041217036312446 ], [ -1504716.689001758117229, 1460966.173363561276346 ], [ -1504215.751293188659474, 1461331.784121974138543 ], [ -1502957.841047224588692, 1460223.541034867521375 ], [ -1503314.06341776298359, 1459058.218752578366548 ], [ -1503759.341380936093628, 1458978.247410609852523 ], [ -1504393.862478457624093, 1458429.878566836472601 ], [ -1503425.382908556144685, 1457333.172664124984294 ], [ -1503514.438501190859824, 1456453.553747414378449 ], [ -1502957.841047224588692, 1456247.932473303051665 ], [ -1502601.618676686193794, 1456704.870658698258922 ], [ -1502334.451898782048374, 1456659.176509481854737 ], [ -1502334.451898782048374, 1455905.233655742835253 ], [ -1502801.993760113837197, 1455642.500693644629791 ], [ -1503803.869177253451198, 1455573.962059378391132 ], [ -1504171.223496871301904, 1454865.739178434479982 ], [ -1504661.029256361536682, 1454682.97484607482329 ], [ -1504672.161205440992489, 1454443.098441680893302 ], [ -1504026.508158840006217, 1453392.235168362502009 ], [ -1502824.257658272515982, 1453323.701954533811659 ], [ -1503046.896639859071001, 1453849.127476528519765 ], [ -1502668.410371161764488, 1453917.66195524088107 ], [ -1502056.153171798912808, 1453060.992829518625513 ], [ -1502434.639440496219322, 1452672.644648811547086 ], [ -1502824.257658272515982, 1451816.012967648683116 ], [ -1503614.626042904797941, 1452055.867242610547692 ], [ -1503725.945533697959036, 1451941.650669451802969 ], [ -1503614.626042904797941, 1451416.260327835567296 ], [ -1503102.556385255651549, 1450868.037250134395435 ], [ -1503013.500792620936409, 1449451.843062356347218 ], [ -1501911.437833767617121, 1449246.272327470593154 ], [ -1501711.062750339740887, 1448869.396490811603144 ], [ -1500419.756657138001174, 1447887.258584950119257 ], [ -1499339.957596443127841, 1448058.559277254389599 ], [ -1498672.040651683462784, 1447830.15858236933127 ], [ -1498928.075480507919565, 1446745.28020408260636 ], [ -1499228.638105649733916, 1446277.082250117557123 ], [ -1498660.908702604239807, 1445740.376948581309989 ], [ -1499774.103610536782071, 1445706.119505148148164 ], [ -1499929.950897647533566, 1445283.614407455781475 ], [ -1497636.769387305947021, 1443445.218854079023004 ], [ -1497313.942864005453885, 1442520.356365926330909 ], [ -1497959.595910606672987, 1442006.556760458275676 ], [ -1498772.228193397400901, 1442645.953224937198684 ], [ -1499696.179966981522739, 1442862.894549769582227 ], [ -1500352.964962661964819, 1442874.312559698941186 ], [ -1500497.680300693493336, 1442463.267066383268684 ], [ -1500152.589879234088585, 1442189.240010275738314 ], [ -1499328.825647363672033, 1441960.886129763908684 ], [ -1499106.186665777117014, 1440773.475241762120277 ], [ -1499106.186665777117014, 1440579.383901428664103 ], [ -1499440.145138157065958, 1440339.625821479363367 ], [ -1500631.263689645100385, 1439723.114233508706093 ], [ -1500208.249624630669132, 1438353.135831030318514 ], [ -1500230.513522789347917, 1437496.932470594299957 ], [ -1499896.555050409398973, 1437542.596006603445858 ], [ -1499462.409036315744743, 1437314.279051118763164 ], [ -1498749.964295238722116, 1437382.773947571637109 ], [ -1498482.797517335042357, 1436743.494585822336376 ], [ -1498983.735225904500112, 1435944.415343090891838 ], [ -1499184.110309332376346, 1435088.283607489662245 ], [ -1499618.256323426030576, 1434700.178931605769321 ], [ -1499317.693698284449056, 1434437.640495685627684 ], [ -1498538.457262731622905, 1435111.113457032479346 ], [ -1498115.443197717191651, 1433478.824770961655304 ], [ -1498148.839044955093414, 1433136.398305670823902 ], [ -1498582.985059048747644, 1432634.180171766318381 ], [ -1498093.179299558280036, 1431184.644998123403639 ], [ -1498872.415735111339018, 1431333.019272970966995 ], [ -1499095.054716697661206, 1431184.644998123636469 ], [ -1499005.999124063411728, 1430830.832493570633233 ], [ -1499339.957596443127841, 1430625.394962136400864 ], [ -1499061.658869460225105, 1429986.265310009010136 ], [ -1498471.66556825558655, 1429758.008142923237756 ], [ -1498059.783452320378274, 1428628.161682871868834 ], [ -1498571.853109969524667, 1427897.779358977451921 ], [ -1498916.943531428696588, 1427874.955208171857521 ], [ -1499150.714462094707415, 1428285.792674732860178 ], [ -1499651.652170664165169, 1428171.670571614988148 ], [ -1499651.652170664398, 1427932.015618908917531 ], [ -1498827.887938793981448, 1427623.890736279543489 ], [ -1498916.943531428696588, 1427235.886286564869806 ], [ -1498482.797517335042357, 1426345.778059556148946 ], [ -1498482.797517335042357, 1426208.840758034493774 ], [ -1498961.471327746054158, 1426243.075022786855698 ], [ -1499351.089545522350818, 1425044.89979766914621 ], [ -1498460.533619176130742, 1425318.764057735912502 ], [ -1497759.220827178331092, 1426311.543673546751961 ], [ -1497402.998456639936194, 1426505.539062070660293 ], [ -1496490.178632135270163, 1426288.720771996537223 ], [ -1496100.560414358740672, 1425877.911615648539737 ], [ -1495510.567113154567778, 1426402.835459396010265 ], [ -1495388.115673281718045, 1426174.606533698737621 ], [ -1495699.810247502988204, 1425957.790718072559685 ], [ -1495744.338043820345774, 1425546.986249053152278 ], [ -1496601.498122928431258, 1425022.077892662491649 ], [ -1496345.463294103974476, 1424850.914177153259516 ], [ -1496011.504821724258363, 1425261.708790403790772 ], [ -1495532.831011313013732, 1425273.1198348950129 ], [ -1495499.43516407511197, 1425124.776606530649588 ], [ -1496067.16456712060608, 1424771.03812202741392 ], [ -1496122.824312517419457, 1424474.357555919792503 ], [ -1495911.317280010320246, 1424371.661143294069916 ], [ -1495488.303214996121824, 1424588.465107129886746 ], [ -1494909.441862870706245, 1424143.448193504707888 ], [ -1495154.344742615940049, 1423584.334045800380409 ], [ -1495087.553048140136525, 1423070.871348766144365 ], [ -1494208.129070873139426, 1422443.318150439765304 ], [ -1493517.948227954795584, 1422637.287692283745855 ], [ -1493083.802213861141354, 1423127.922311461064965 ], [ -1492627.392301608575508, 1423310.486144819529727 ], [ -1491414.009851962095127, 1422865.488810435635969 ], [ -1490679.301212726393715, 1422945.359625089913607 ], [ -1490412.134434822481126, 1423230.614326582290232 ], [ -1490401.002485743258148, 1423812.54260198562406 ], [ -1489644.029948349110782, 1424109.216405735583976 ], [ -1489465.918763079680502, 1424713.983931516064331 ], [ -1488519.703091336879879, 1425044.89979766914621 ], [ -1487473.299877879908308, 1424965.023208663100377 ], [ -1486404.632766264723614, 1424485.76829085778445 ], [ -1486894.438525754958391, 1423162.152942843502387 ], [ -1487261.792845372809097, 1420880.199066188652068 ], [ -1502868.785454589873552, 1422637.287692283745855 ], [ -1558339.287716877879575, 1422546.007746661780402 ], [ -1568135.402906686300412, 1422694.33780385600403 ] ] ] ] } },
{ "type": "Feature", "properties": { "GID_2": "SEN.8.1_1", "GID_0": "SEN", "COUNTRY": "Senegal", "GID_1": "SEN.8_1", "NAME_1": "Louga", "NL_NAME_1": "NA", "NAME_2": "Kébémer", "VARNAME_2": "NA", "NL_NAME_2": "NA", "TYPE_2": "Département", "ENGTYPE_2": "Department", "CC_2": "81", "HASC_2": "SN.LG.KB", "area_ha": 384636.52, "carbon_mean": 11.3, "carbon_min": 7.87, "carbon_max": 53.11, "carbon_median": 11.32, "carbon_std": 0.74, "carbon_pixel_count": 711828 }, "geometry": { "type": "MultiPolygon", "coordinates": [ [ [ [ -1792677.947785797994584, 1684740.506471378728747 ], [ -1794614.906925601419061, 1684348.742573024705052 ], [ -1798054.679191113449633, 1684947.913403123151511 ], [ -1798978.630964697338641, 1684890.300191855989397 ], [ -1800303.332905137678608, 1685120.753843162674457 ], [ -1800815.402562786592171, 1684924.8681024920661 ], [ -1800648.423326596617699, 1686515.044299960602075 ], [ -1800882.194257262861356, 1687644.362071587704122 ], [ -1800971.249849897343665, 1689868.577894476475194 ], [ -1801505.583405704703182, 1691297.713704590918496 ], [ -1801961.993317957269028, 1691966.20893474877812 ], [ -1802752.361702589550987, 1694432.883018912980333 ], [ -1802785.75754982768558, 1698479.22598794545047 ], [ -1803019.528480493230745, 1699966.511261029867455 ], [ -1804333.098471854114905, 1701257.870941353030503 ], [ -1806759.863371147308499, 1702802.980088231852278 ], [ -1807427.780315906973556, 1703575.571265959879383 ], [ -1807561.363704858813435, 1706919.904375419020653 ], [ -1808385.127936729229987, 1708534.574041618267074 ], [ -1809509.454793740995228, 1709618.769398891367018 ], [ -1810411.142669166671112, 1711187.477885509608313 ], [ -1810856.42063233978115, 1712329.468968125525862 ], [ -1811156.983257481828332, 1714290.588857248891145 ], [ -1810945.47622497449629, 1716378.778729310026392 ], [ -1811424.15003538550809, 1718444.071389376185834 ], [ -1812826.775619380874559, 1720221.056158234598115 ], [ -1813227.525786236394197, 1720532.618865904398263 ], [ -1813951.102476392872632, 1720682.631969664711505 ], [ -1814696.943064708029851, 1720601.855567539576441 ], [ -1815220.144671436399221, 1720232.595446299994364 ], [ -1815643.158736450364813, 1718270.995420459657907 ], [ -1816088.436699623707682, 1717890.232637605629861 ], [ -1817145.971862159669399, 1718178.688742226921022 ], [ -1818203.507024696096778, 1718940.229348904918879 ], [ -1819127.458798279985785, 1719874.880072629079223 ], [ -1819595.000659612007439, 1720832.64600284723565 ], [ -1818448.409904441097751, 1722390.539001861354336 ], [ -1818359.354311806149781, 1723302.241436812561005 ], [ -1818637.653038789751008, 1724133.190056577092037 ], [ -1820029.146673705428839, 1726083.723390558268875 ], [ -1820975.362345448462293, 1726418.446132102515548 ], [ -1822366.855980364140123, 1726164.518110110191628 ], [ -1822645.154707347741351, 1725945.218786138342693 ], [ -1823702.689869883470237, 1725945.218786138342693 ], [ -1826652.656375905033201, 1726510.784256977494806 ], [ -1827743.587385679595172, 1726984.022692209109664 ], [ -1830738.081688018515706, 1730262.319509923225269 ], [ -1831372.60278554004617, 1730620.188766910228878 ], [ -1833832.763532071607187, 1728334.534638490527868 ], [ -1836849.521732568973675, 1724952.625702994642779 ], [ -1838530.446043547475711, 1722413.619652154622599 ], [ -1838508.182145389029756, 1722055.872047180542722 ], [ -1838140.827825771411881, 1721905.850432312581688 ], [ -1838385.730705516412854, 1720832.646002847701311 ], [ -1839020.251803037943318, 1720290.291969096986577 ], [ -1840300.425947160692886, 1720013.349913164740428 ], [ -1842293.04483236069791, 1716413.39112422382459 ], [ -1844619.622189939487725, 1711568.135624947026372 ], [ -1845343.19888009596616, 1710656.873998907860368 ], [ -1847280.158019899157807, 1708834.453038375126198 ], [ -1847992.602760975714773, 1707519.626344114076346 ], [ -1849829.374359064968303, 1705881.958876302232966 ], [ -1850252.388424079166725, 1706089.544445015024394 ], [ -1849473.151988526573405, 1707219.763516831677407 ], [ -1849250.513006940251216, 1709780.249430756783113 ], [ -1849384.096395891625434, 1711002.918700189096853 ], [ -1850129.936984206782654, 1712479.431374670239165 ], [ -1850864.645623442251235, 1712871.645117066334933 ], [ -1851398.979179250076413, 1712952.395790418377146 ], [ -1851376.715281091164798, 1714313.661797632230446 ], [ -1851821.993244264507666, 1715132.765377930132672 ], [ -1853580.841198798036203, 1716113.418674746528268 ], [ -1855551.196185839362442, 1717578.703898415900767 ], [ -1857120.801006024237722, 1719471.014225196791813 ], [ -1859146.815738462144509, 1720590.316103519173339 ], [ -1860850.003947599092498, 1722771.372548016021028 ], [ -1863655.255115589126945, 1723729.253131902310997 ], [ -1863844.498249938245863, 1724098.566627071006224 ], [ -1863744.310708224074915, 1724952.625702994642779 ], [ -1863187.713254257803783, 1727411.09949161298573 ], [ -1861117.170725502772257, 1733079.240767136448994 ], [ -1859380.586669127922505, 1735688.650732647860423 ], [ -1858011.356932370457798, 1737270.599225177196786 ], [ -1857777.586001704679802, 1737951.90844164439477 ], [ -1857833.245747101260349, 1739187.55250715278089 ], [ -1858567.954386336961761, 1740307.770871846936643 ], [ -1860883.399794836994261, 1741878.474544240627438 ], [ -1861829.615466579794884, 1742282.716429744148627 ], [ -1855339.68915333179757, 1751882.583757772110403 ], [ -1849985.221646175486967, 1760584.724966150708497 ], [ -1848081.658353610662743, 1764145.087022289633751 ], [ -1845766.212945110397413, 1764191.329014946706593 ], [ -1845855.268537745345384, 1765358.969308183062822 ], [ -1845610.365657999645919, 1765567.069674747530371 ], [ -1844909.052866002079099, 1765601.753247370244935 ], [ -1838931.196210403461009, 1764121.966059874976054 ], [ -1835157.465472511248663, 1763324.306699172826484 ], [ -1834489.548527751816437, 1763347.426881784107536 ], [ -1834133.326157213188708, 1763567.069743694504723 ], [ -1833543.332856009015813, 1765116.18786350172013 ], [ -1832652.776929663028568, 1765428.335893393727019 ], [ -1831283.547192905796692, 1765046.822194571839646 ], [ -1830582.234400907997042, 1764434.100960204843432 ], [ -1830014.504997862270102, 1763578.629950820701197 ], [ -1829502.435340212890878, 1762179.885897017549723 ], [ -1827843.774927393067628, 1761659.712916371878237 ], [ -1827665.66374212410301, 1761948.696494521573186 ], [ -1825784.36434771749191, 1760977.725655241636559 ], [ -1823546.842582773184404, 1760792.783342280890793 ], [ -1821999.501660746522248, 1760203.289355509914458 ], [ -1819060.667103804182261, 1758134.397077875677496 ], [ -1818960.479562090244144, 1757729.886163787450641 ], [ -1819305.569983549416065, 1757082.683044743258506 ], [ -1818960.479562090244144, 1756111.911452601663768 ], [ -1818982.743460248690099, 1754413.156637326115742 ], [ -1818782.368376821046695, 1753939.375930909998715 ], [ -1818392.750159044517204, 1753604.268448991002515 ], [ -1818092.187533902702853, 1752818.517697836272418 ], [ -1817312.951098349411041, 1752853.182624857639894 ], [ -1815977.117208830080926, 1749490.919720514910296 ], [ -1814006.762221789453179, 1747399.854601770406589 ], [ -1814084.685865344712511, 1746856.900820067618042 ], [ -1813294.317480712663382, 1746510.341034706681967 ], [ -1813049.414600967196748, 1746198.441529521485791 ], [ -1812314.705961731960997, 1744338.68088900949806 ], [ -1812214.518420017557219, 1742525.264839201234281 ], [ -1811958.483591193333268, 1742074.819750005146489 ], [ -1808930.593441616045311, 1740146.086636420106515 ], [ -1805078.939060168806463, 1738240.604625202482566 ], [ -1802451.799077447969466, 1737466.906675970181823 ], [ -1799613.152062219101936, 1737328.336543964687735 ], [ -1798755.991983111016452, 1737085.840738721890375 ], [ -1796986.012079498032108, 1734718.748453963780776 ], [ -1794759.622263632481918, 1734718.748453963082284 ], [ -1793000.774309098720551, 1734187.628084067022428 ], [ -1791464.565336151514202, 1733125.422551851952448 ], [ -1790763.252544153947383, 1732848.33317382261157 ], [ -1790841.176187709206715, 1734395.456395997432992 ], [ -1787089.709347975905985, 1734591.740341005381197 ], [ -1775033.808495064266026, 1733945.163991573965177 ], [ -1774844.5653607158456, 1733367.878376742592081 ], [ -1773976.273332528304309, 1732871.423833390232176 ], [ -1772495.724104977678508, 1732836.787852352950722 ], [ -1769979.903613049769774, 1732178.71368844457902 ], [ -1769078.215737624326721, 1732155.623693797271699 ], [ -1766373.15211134776473, 1732594.337381649296731 ], [ -1764781.283393003977835, 1732513.521101145073771 ], [ -1762321.122646472649649, 1731647.649417201988399 ], [ -1761174.531891301972792, 1731589.925746052991599 ], [ -1760807.177571683889255, 1731728.462789405370131 ], [ -1761163.399942222516984, 1724756.420271130511537 ], [ -1760417.559353907592595, 1720532.618865903699771 ], [ -1759460.211733085568994, 1695101.463495407719165 ], [ -1763389.789758087834343, 1695043.826530697289854 ], [ -1763957.519161133561283, 1694352.193502190290019 ], [ -1763033.567387549672276, 1693176.462026372086257 ], [ -1763501.109248881228268, 1688842.878303976263851 ], [ -1763311.866114532575011, 1688347.330874402076006 ], [ -1770269.334289112361148, 1687298.647059535607696 ], [ -1769890.848020415287465, 1687667.409911341965199 ], [ -1769979.903613049769774, 1688116.847091631498188 ], [ -1771905.730803773505613, 1688520.19512545526959 ], [ -1773208.168846054701135, 1688139.89537295838818 ], [ -1774744.377819001907483, 1686906.842569170985371 ], [ -1774933.620953350327909, 1686296.100917403586209 ], [ -1777738.872121340828016, 1686618.755001172656193 ], [ -1779263.949145208811387, 1686491.997536652255803 ], [ -1780043.185580761404708, 1685754.512471989262849 ], [ -1780811.290067235007882, 1684049.162606261670589 ], [ -1783093.339628497604281, 1685247.50426786695607 ], [ -1786098.965879915514961, 1686226.961305334232748 ], [ -1788136.112561432644725, 1685719.943400115007535 ], [ -1789438.550603714073077, 1685224.458687721984461 ], [ -1790295.71068282192573, 1684671.371214409358799 ], [ -1790896.835933106020093, 1684809.641921814298257 ], [ -1792677.947785797994584, 1684740.506471378728747 ] ] ] ] } },
{ "type": "Feature", "properties": { "GID_2": "SEN.8.2_1", "GID_0": "SEN", "COUNTRY": "Senegal", "GID_1": "SEN.8_1", "NAME_1": "Louga", "NL_NAME_1": "NA", "NAME_2": "Linguère", "VARNAME_2": "NA", "NL_NAME_2": "NA", "TYPE_2": "Département", "ENGTYPE_2": "Department", "CC_2": "82", "HASC_2": "SN.LG.LN", "area_ha": 1512802.96, "carbon_mean": 11.22, "carbon_min": 7.9, "carbon_max": 22.15, "carbon_median": 11.28, "carbon_std": 0.38, "carbon_pixel_count": 2802444 }, "geometry": { "type": "MultiPolygon", "coordinates": [ [ [ [ -1657714.197148033650592, 1652498.261266870656982 ], [ -1659717.947982312180102, 1654868.952676729299128 ], [ -1671595.737649954622611, 1647147.763670283136889 ], [ -1672341.578238269779831, 1644260.117045789724216 ], [ -1697844.873579008504748, 1649080.715646375901997 ], [ -1703277.264729720307514, 1652371.677232287591323 ], [ -1705793.085221648216248, 1654880.461432652780786 ], [ -1708987.954607415245846, 1658575.044681767467409 ], [ -1711615.094590136548504, 1662799.736834307899699 ], [ -1714988.075161172542721, 1665505.295800012536347 ], [ -1716234.853458057157695, 1665493.78216256108135 ], [ -1716869.374555579153821, 1665263.510527982842177 ], [ -1718494.639121160842478, 1666196.123760747723281 ], [ -1718216.340394177474082, 1668199.632970882346854 ], [ -1718260.868190495064482, 1668798.414080374874175 ], [ -1718416.715477605350316, 1668936.596378567395732 ], [ -1719285.007505792891607, 1669143.871262042084709 ], [ -1721767.432150483131409, 1670249.366423135623336 ], [ -1724160.80120253842324, 1670779.100239477818832 ], [ -1725563.426786533556879, 1670606.359713543904945 ], [ -1730261.109298009891063, 1668890.535527399973944 ], [ -1736984.806541923666373, 1673059.38753265957348 ], [ -1736528.396629671100527, 1673566.146426605526358 ], [ -1738354.036278680898249, 1674038.362874318379909 ], [ -1740157.412029531784356, 1675063.448967481497675 ], [ -1741103.627701274584979, 1675305.3293813157361 ], [ -1740524.766349149635062, 1676341.986410490004346 ], [ -1740547.030247308313847, 1677275.014751743292436 ], [ -1741426.454224575078115, 1678853.179598396178335 ], [ -1742751.156165014952421, 1680051.269633381860331 ], [ -1743574.920396885368973, 1681191.813022699672729 ], [ -1743975.670563741121441, 1682528.274160635657609 ], [ -1744621.323610342107713, 1682920.009210122516379 ], [ -1745389.428096815710887, 1682966.096094450680539 ], [ -1746268.852074082242325, 1682470.666588382096961 ], [ -1747749.401301632868126, 1680074.310394140891731 ], [ -1749018.443496676394716, 1678668.863195129903033 ], [ -1750766.159502130700275, 1677678.186001518042758 ], [ -1752313.500424157362431, 1677413.244156397879124 ], [ -1752803.306183647830039, 1677493.878331457031891 ], [ -1753860.841346184024587, 1678162.000151549233124 ], [ -1754217.063716722186655, 1678657.343465427635238 ], [ -1755675.349046114133671, 1681203.333931016502902 ], [ -1756064.967263890663162, 1682724.140909838490188 ], [ -1757378.53725525108166, 1684452.444176917662844 ], [ -1761775.657141585368663, 1686434.380722535774112 ], [ -1763089.227132946252823, 1687725.029604947194457 ], [ -1763501.109248881228268, 1688842.878303976263851 ], [ -1763033.567387549672276, 1693176.462026372086257 ], [ -1763957.519161133561283, 1694352.193502190290019 ], [ -1763389.789758087834343, 1695043.826530697289854 ], [ -1759460.211733085568994, 1695101.463495407719165 ], [ -1760417.559353907592595, 1720532.618865903699771 ], [ -1761163.399942222516984, 1724756.420271130511537 ], [ -1760807.177571683889255, 1731728.462789405370131 ], [ -1759905.489696258446202, 1732005.539268700871617 ], [ -1759126.25326070562005, 1732513.521101145539433 ], [ -1757044.578782871132717, 1737697.85867469292134 ], [ -1755474.973962686490268, 1740377.064449696103111 ], [ -1755808.93243506597355, 1741878.474544240627438 ], [ -1755285.73082833760418, 1743865.100371506530792 ], [ -1754495.362443705322221, 1745817.236556251533329 ], [ -1752235.576780601870269, 1745932.752572166034952 ], [ -1747003.560713317943737, 1754875.390817776555195 ], [ -1746613.942495541414246, 1756146.581183158326894 ], [ -1746680.734190017683432, 1759278.62244835915044 ], [ -1745823.574110909365118, 1761775.305924338288605 ], [ -1745556.407333005685359, 1761914.018278888892382 ], [ -1743652.844040440395474, 1760607.842473259661347 ], [ -1742806.81591041199863, 1762087.409865064080805 ], [ -1741315.134733781917021, 1766353.243158773751929 ], [ -1740146.280080452328548, 1768862.236566195497289 ], [ -1737441.216454175999388, 1775812.502441266318783 ], [ -1736817.827305733691901, 1776367.687113581690937 ], [ -1735481.993416214361787, 1781145.131212247768417 ], [ -1732465.235215716529638, 1780346.894871236756444 ], [ -1731585.811238449765369, 1783181.335500251501799 ], [ -1733444.846734697464854, 1785657.41349668847397 ], [ -1733723.14546168060042, 1787763.443243089597672 ], [ -1733689.749614442698658, 1788839.674628666136414 ], [ -1730517.144126834580675, 1793330.294200897682458 ], [ -1727878.872195033822209, 1792809.430549778742716 ], [ -1725730.40602272353135, 1792971.475770343327895 ], [ -1723481.752308699535206, 1793677.543109451420605 ], [ -1719875.000806997064501, 1795344.410007734782994 ], [ -1717615.215143893845379, 1794869.803798283683136 ], [ -1716301.645152533426881, 1794221.576816366286948 ], [ -1715978.818629232700914, 1797775.471790621057153 ], [ -1717848.986074559623376, 1802881.530394681496546 ], [ -1714876.755670379148796, 1804467.995332131395116 ], [ -1712193.955942261498421, 1804514.317109900293872 ], [ -1712973.192377814557403, 1806575.730125429807231 ], [ -1712839.608988862251863, 1808706.822213492821902 ], [ -1711459.247303025797009, 1811069.784685523016378 ], [ -1708731.919778590789065, 1808185.613053350010887 ], [ -1705191.959971364587545, 1808475.172245645197108 ], [ -1701329.173640838125721, 1810293.686992013594136 ], [ -1699982.207802239339799, 1809146.963555075461045 ], [ -1696698.282823837827891, 1807803.400477624963969 ], [ -1696286.400707902386785, 1807305.375397011637688 ], [ -1695406.976730635855347, 1806818.9426566620823 ], [ -1694583.212498765438795, 1805765.040165986400098 ], [ -1693837.371910450514406, 1805487.09586514160037 ], [ -1692356.822682900121436, 1801515.173243457917124 ], [ -1691421.73896023677662, 1800334.149760712636635 ], [ -1685521.805948193185031, 1798493.262485132319853 ], [ -1684219.367905911756679, 1798354.333522166823968 ], [ -1680890.915131192887202, 1800762.553286885144189 ], [ -1666508.436920701991767, 1801989.915323079563677 ], [ -1662478.671353985788301, 1804711.185699843568727 ], [ -1654574.98750766296871, 1796432.568128296174109 ], [ -1651958.97947402112186, 1794869.803798283683136 ], [ -1648997.881018920335919, 1789846.516670155338943 ], [ -1646259.421545405639336, 1790853.402180124074221 ], [ -1643209.267497669905424, 1792554.790338644525036 ], [ -1641138.724968914873898, 1794765.623243694659323 ], [ -1639569.120148729765788, 1795761.145397782558575 ], [ -1636875.188471532659605, 1796953.512920085107908 ], [ -1634582.00696119107306, 1798250.137345502851531 ], [ -1631387.137575424043462, 1801769.911686840467155 ], [ -1630407.526056443573907, 1799732.08250402379781 ], [ -1630819.408172378549352, 1796282.075140276225284 ], [ -1626344.364642489003018, 1795610.65675644017756 ], [ -1625175.509989159414545, 1796999.819689020281658 ], [ -1624641.176433352055028, 1797034.549826289992779 ], [ -1617839.555545882787555, 1785391.280389595311135 ], [ -1632756.367312181275338, 1775280.462772723753005 ], [ -1632132.978163738967851, 1770064.798051162622869 ], [ -1635027.284924364415929, 1768931.61344633041881 ], [ -1636908.584318770561367, 1767694.423041810514405 ], [ -1637509.7095690544229, 1766908.204904131358489 ], [ -1638133.098717496497557, 1765798.294454015092924 ], [ -1639914.210570188937709, 1760919.931027320213616 ], [ -1641650.79462656378746, 1755811.442574533401057 ], [ -1642196.260131451068446, 1753708.266817286377773 ], [ -1640426.280227837851271, 1753153.614108379464597 ], [ -1640493.071922314120457, 1749537.133175694616511 ], [ -1639502.328454253962263, 1747446.064004709478468 ], [ -1639468.932607015827671, 1746764.484385311137885 ], [ -1640715.710903900442645, 1744777.617552799172699 ], [ -1643353.982835701201111, 1741947.772668210556731 ], [ -1645190.75443378998898, 1741970.872087458847091 ], [ -1645135.094688393408433, 1741046.912705509690568 ], [ -1644823.400114172371104, 1739695.686305964365602 ], [ -1643676.809359001461416, 1738644.785121469991282 ], [ -1642396.63521487894468, 1738078.934334246441722 ], [ -1640103.453704537590966, 1737640.12046655616723 ], [ -1625932.482526553561911, 1730123.790902567561716 ], [ -1624674.57228058972396, 1730181.511058807838708 ], [ -1617115.978855726309121, 1732005.539268700638786 ], [ -1613731.866335610859096, 1731751.552374163176864 ], [ -1612496.21998780593276, 1731913.18008778616786 ], [ -1616782.020383346593007, 1725679.753848589258268 ], [ -1616659.568943474208936, 1721444.251297158421949 ], [ -1618774.639268546365201, 1713944.497380383079872 ], [ -1621056.688829808495939, 1712963.931622787145898 ], [ -1626266.440998933510855, 1706573.917637551901862 ], [ -1626143.989559061126783, 1706573.917637550970539 ], [ -1626589.267522234236822, 1705685.907459909329191 ], [ -1630919.595714092487469, 1705305.341557068983093 ], [ -1640070.057857299689204, 1705293.809349568327889 ], [ -1640070.057857299689204, 1705005.505931818392128 ], [ -1640593.259464028058574, 1704475.036533949198201 ], [ -1648096.193143494427204, 1702768.387024387950078 ], [ -1648853.165680888807401, 1701961.229423744836822 ], [ -1647973.741703622043133, 1694709.53480233787559 ], [ -1647528.463740448933095, 1694110.126541790552437 ], [ -1644968.11545220320113, 1686515.044299960602075 ], [ -1644623.02503074426204, 1679682.620375647442415 ], [ -1643765.864951636176556, 1674752.463324520038441 ], [ -1643621.149613604880869, 1672022.867406589211896 ], [ -1644099.82342401589267, 1664043.106293039163575 ], [ -1647116.581624513724819, 1662201.099507340695709 ], [ -1647940.345856384141371, 1661360.728958902880549 ], [ -1648597.13085206435062, 1659530.430432735942304 ], [ -1649387.499236696632579, 1654638.778664966113865 ], [ -1650044.284232376841828, 1653085.159201985225081 ], [ -1651524.83345992770046, 1651094.364864732371643 ], [ -1653049.91048379521817, 1649483.432620046194643 ], [ -1655164.980808867607266, 1649483.432620045961812 ], [ -1657714.197148033650592, 1652498.261266870656982 ] ] ] ] } },
{ "type": "Feature", "properties": { "GID_2": "SEN.8.3_1", "GID_0": "SEN", "COUNTRY": "Senegal", "GID_1": "SEN.8_1", "NAME_1": "Louga", "NL_NAME_1": "NA", "NAME_2": "Louga", "VARNAME_2": "NA", "NL_NAME_2": "NA", "TYPE_2": "Département", "ENGTYPE_2": "Department", "CC_2": "83", "HASC_2": "SN.LG.LG", "area_ha": 568428.05, "carbon_mean": 11.52, "carbon_min": 7.92, "carbon_max": 90.44, "carbon_median": 11.32, "carbon_std": 2.33, "carbon_pixel_count": 1056753 }, "geometry": { "type": "MultiPolygon", "coordinates": [ [ [ [ -1796696.581403435440734, 1734672.563607935560867 ], [ -1796986.012079498032108, 1734718.748453963780776 ], [ -1798755.991983111016452, 1737085.840738721890375 ], [ -1799613.152062219101936, 1737328.336543964687735 ], [ -1802451.799077447969466, 1737466.906675970181823 ], [ -1805078.939060168806463, 1738240.604625202482566 ], [ -1808930.593441616045311, 1740146.086636420106515 ], [ -1811958.483591193333268, 1742074.819750005146489 ], [ -1812214.518420017557219, 1742525.264839201234281 ], [ -1812314.705961731960997, 1744338.68088900949806 ], [ -1813049.414600967196748, 1746198.441529521485791 ], [ -1813294.317480712663382, 1746510.341034706681967 ], [ -1814084.685865344712511, 1746856.900820067618042 ], [ -1814006.762221789453179, 1747399.854601770406589 ], [ -1815977.117208830080926, 1749490.919720514910296 ], [ -1817312.951098349411041, 1752853.182624857639894 ], [ -1818092.187533902702853, 1752818.517697836272418 ], [ -1818392.750159044517204, 1753604.268448991002515 ], [ -1818782.368376821046695, 1753939.375930909998715 ], [ -1818982.743460248690099, 1754413.156637326115742 ], [ -1818960.479562090244144, 1756111.911452601663768 ], [ -1819305.569983549416065, 1757082.683044743258506 ], [ -1818960.479562090244144, 1757729.886163787450641 ], [ -1819060.667103804182261, 1758134.397077875677496 ], [ -1821999.501660746522248, 1760203.289355509914458 ], [ -1823546.842582773184404, 1760792.783342280890793 ], [ -1825784.36434771749191, 1760977.725655241636559 ], [ -1827665.66374212410301, 1761948.696494521573186 ], [ -1827843.774927393067628, 1761659.712916371878237 ], [ -1829502.435340212890878, 1762179.885897017549723 ], [ -1830014.504997862270102, 1763578.629950820701197 ], [ -1830582.234400907997042, 1764434.100960204843432 ], [ -1831283.547192905796692, 1765046.822194571839646 ], [ -1832652.776929663028568, 1765428.335893393727019 ], [ -1833543.332856009015813, 1765116.18786350172013 ], [ -1834133.326157213188708, 1763567.069743694504723 ], [ -1834489.548527751816437, 1763347.426881784107536 ], [ -1835157.465472511248663, 1763324.306699172826484 ], [ -1838931.196210403461009, 1764121.966059874976054 ], [ -1844909.052866002079099, 1765601.753247370244935 ], [ -1845610.365657999645919, 1765567.069674747530371 ], [ -1845855.268537745345384, 1765358.969308183062822 ], [ -1845766.212945110397413, 1764191.329014946706593 ], [ -1848081.658353610662743, 1764145.087022289633751 ], [ -1845476.782269047806039, 1769093.493626995477825 ], [ -1843161.336860548006371, 1774459.294748545391485 ], [ -1842259.648985122330487, 1775905.032308926573023 ], [ -1842226.253137884428725, 1776645.284370210720226 ], [ -1841647.391785759478807, 1777478.095828752499074 ], [ -1841947.954410901293159, 1777963.916155898012221 ], [ -1841769.843225631630048, 1778762.071383700473234 ], [ -1841113.05822995165363, 1780624.53921045223251 ], [ -1840801.363655730616301, 1780601.402056563878432 ], [ -1840534.196877826470882, 1781758.287738096434623 ], [ -1839142.70324291056022, 1781989.671730324393138 ], [ -1835580.479537525912747, 1784581.328703614417464 ], [ -1832385.610151758883148, 1785749.98224420286715 ], [ -1830593.36634998745285, 1785923.549633970251307 ], [ -1826719.448070381302387, 1785287.142172433203086 ], [ -1822645.154707347741351, 1785264.000409394269809 ], [ -1820396.500993323512375, 1785530.132067443570122 ], [ -1819550.472863294649869, 1786166.546145268715918 ], [ -1818838.028122217394412, 1786235.974184033460915 ], [ -1818648.784987868741155, 1785680.555649198126048 ], [ -1818203.507024696096778, 1785194.57525771507062 ], [ -1817335.214996508322656, 1785310.283958380809054 ], [ -1817056.91626952518709, 1785564.845115775708109 ], [ -1816355.603477527620271, 1787138.557463300880045 ], [ -1815787.8740744816605, 1787555.146125146653503 ], [ -1813316.581378871109337, 1788295.766543407458812 ], [ -1812259.04621633538045, 1789198.429453356424347 ], [ -1811535.469526178436354, 1790286.300395189551637 ], [ -1811257.170799195766449, 1789904.382475923513994 ], [ -1810644.913599832449108, 1790575.636316905496642 ], [ -1810188.503687580116093, 1792300.152911742450669 ], [ -1809676.434029931202531, 1792936.751699569867924 ], [ -1809665.302080851746723, 1793295.569594947621226 ], [ -1809208.892168599646538, 1793746.993512831395492 ], [ -1807038.162098130909726, 1794858.228158064885065 ], [ -1805568.744819659274071, 1795900.058854373870417 ], [ -1799724.471553012728691, 1800612.032227214425802 ], [ -1797052.803773974068463, 1804676.444062268361449 ], [ -1797253.178857401944697, 1805047.024219067767262 ], [ -1796663.185556197538972, 1805880.851277198409662 ], [ -1795093.580736012198031, 1806656.800684845773503 ], [ -1792555.496345925610512, 1807189.557149222353473 ], [ -1788113.84866327396594, 1809702.943560437299311 ], [ -1785831.799102011835203, 1810397.937402891693637 ], [ -1776703.600856963545084, 1814985.422276541125029 ], [ -1772896.474271833663806, 1816514.787011884851381 ], [ -1771983.654447328764945, 1818194.888237323611975 ], [ -1766629.186940172221512, 1823004.133259793510661 ], [ -1764302.609582592733204, 1824812.206707815639675 ], [ -1762343.386544631095603, 1826052.442192455986515 ], [ -1761430.566720126196742, 1826284.269364438951015 ], [ -1751578.791784921661019, 1815321.410360918147489 ], [ -1739088.744917916599661, 1803796.339972139103338 ], [ -1730639.595566706964746, 1799419.47682177554816 ], [ -1728980.935153887374327, 1796965.089603666681796 ], [ -1729281.497779028955847, 1795656.960850032046437 ], [ -1730517.144126834580675, 1793330.294200897682458 ], [ -1733689.749614442698658, 1788839.674628666136414 ], [ -1733723.14546168060042, 1787763.443243089597672 ], [ -1733444.846734697464854, 1785657.41349668847397 ], [ -1731585.811238449765369, 1783181.335500251501799 ], [ -1732465.235215716529638, 1780346.894871236756444 ], [ -1735481.993416214361787, 1781145.131212247768417 ], [ -1736817.827305733691901, 1776367.687113581690937 ], [ -1737441.216454175999388, 1775812.502441266318783 ], [ -1740146.280080452328548, 1768862.236566195497289 ], [ -1741315.134733781917021, 1766353.243158773751929 ], [ -1742806.81591041199863, 1762087.409865064080805 ], [ -1743652.844040440395474, 1760607.842473259661347 ], [ -1745556.407333005685359, 1761914.018278888892382 ], [ -1745823.574110909365118, 1761775.305924338288605 ], [ -1746680.734190017683432, 1759278.62244835915044 ], [ -1746613.942495541414246, 1756146.581183158326894 ], [ -1747003.560713317943737, 1754875.390817776555195 ], [ -1752235.576780601870269, 1745932.752572166034952 ], [ -1754495.362443705322221, 1745817.236556251533329 ], [ -1755285.73082833760418, 1743865.100371506530792 ], [ -1755808.93243506597355, 1741878.474544240627438 ], [ -1755474.973962686490268, 1740377.064449696103111 ], [ -1757044.578782871132717, 1737697.85867469292134 ], [ -1759126.25326070562005, 1732513.521101145539433 ], [ -1759905.489696258446202, 1732005.539268700871617 ], [ -1761174.531891301972792, 1731589.925746052991599 ], [ -1762321.122646472649649, 1731647.649417201988399 ], [ -1764781.283393003977835, 1732513.521101145073771 ], [ -1766373.15211134776473, 1732594.337381649296731 ], [ -1769078.215737624326721, 1732155.623693797271699 ], [ -1769979.903613049769774, 1732178.71368844457902 ], [ -1772495.724104977678508, 1732836.787852352950722 ], [ -1773976.273332528304309, 1732871.423833390232176 ], [ -1774844.5653607158456, 1733367.878376742592081 ], [ -1775033.808495064266026, 1733945.163991573965177 ], [ -1787089.709347975905985, 1734591.740341005381197 ], [ -1790841.176187709206715, 1734395.456395997432992 ], [ -1790763.252544153947383, 1732848.33317382261157 ], [ -1791464.565336151514202, 1733125.422551851952448 ], [ -1793000.774309098720551, 1734187.628084067022428 ], [ -1795472.067004709504545, 1734834.21095744962804 ], [ -1796696.581403435440734, 1734672.563607935560867 ] ] ] ] } },
{ "type": "Feature", "properties": { "GID_2": "SEN.9.1_1", "GID_0": "SEN", "COUNTRY": "Senegal", "GID_1": "SEN.9_1", "NAME_1": "Matam", "NL_NAME_1": "NA", "NAME_2": "Kanel", "VARNAME_2": "NA", "NL_NAME_2": "NA", "TYPE_2": "Département", "ENGTYPE_2": "Department", "CC_2": "112", "HASC_2": "SN.MT.KN", "area_ha": 896706.21, "carbon_mean": 11.15, "carbon_min": 7.72, "carbon_max": 70.03, "carbon_median": 11.1, "carbon_std": 1.11, "carbon_pixel_count": 1653375 }, "geometry": { "type": "MultiPolygon", "coordinates": [ [ [ [ -1430633.567878834437579, 1712433.28899726155214 ], [ -1429587.164665377698839, 1712144.90112148434855 ], [ -1429164.150600363733247, 1712271.791365623939782 ], [ -1428062.087641510181129, 1713483.049744064221159 ], [ -1427360.774849512381479, 1713852.207152277464047 ], [ -1426581.538413959555328, 1713956.033683537272736 ], [ -1425746.642233009915799, 1714025.25161746237427 ], [ -1425000.80164469499141, 1713759.91727461386472 ], [ -1424099.113769269548357, 1713056.218478749971837 ], [ -1423375.537079113302752, 1711383.573553221998736 ], [ -1424210.433260062709451, 1708303.900400551734492 ], [ -1424154.773514666128904, 1707404.294051224133 ], [ -1423765.155296889832243, 1706596.983267458388582 ], [ -1422529.508949084440246, 1705801.231631831964478 ], [ -1419913.500915442593396, 1704959.377700788667426 ], [ -1418878.229651065077633, 1704175.211099507054314 ], [ -1417642.583303259685636, 1702664.608126445673406 ], [ -1416651.839835199527442, 1701811.331658594775945 ], [ -1415304.873996600974351, 1701107.977484269067645 ], [ -1413623.949685622472316, 1700577.592620952054858 ], [ -1413334.519009559880942, 1700150.987045995891094 ], [ -1413111.880027973325923, 1699194.033999759936705 ], [ -1412811.317402831511572, 1698917.33165119565092 ], [ -1412399.435286896303296, 1699090.270252927904949 ], [ -1408291.746076624374837, 1693372.413367186440155 ], [ -1407801.94031713437289, 1693430.046411704272032 ], [ -1407245.342863167868927, 1691897.053413617890328 ], [ -1405375.175417840946466, 1689246.238217903999612 ], [ -1404974.425250984961167, 1688105.322959047975019 ], [ -1404996.689149143639952, 1687321.69457626901567 ], [ -1404195.188815432367846, 1686826.177711116382852 ], [ -1404351.03610254288651, 1686226.961305334698409 ], [ -1404774.050167557550594, 1685950.404793503228575 ], [ -1404451.223644256824628, 1685155.322076302021742 ], [ -1404039.341528321616352, 1684671.371214408660308 ], [ -1403649.723310545086861, 1683703.497926001669839 ], [ -1403048.598060261458158, 1684014.595920700347051 ], [ -1402803.695180515991524, 1682977.617828952614218 ], [ -1402235.965777470730245, 1682712.619293421972543 ], [ -1403193.313398292753845, 1681111.166814605938271 ], [ -1402725.771536960965022, 1680604.253807294880971 ], [ -1403026.334162102779374, 1680212.55540876253508 ], [ -1402736.90348604042083, 1679129.656773071503267 ], [ -1401456.729341917438433, 1677010.077212041709572 ], [ -1408458.725312814582139, 1655145.164273604284972 ], [ -1415961.6589922811836, 1644697.269442498218268 ], [ -1424355.148598094005138, 1640889.695607383269817 ], [ -1441654.197467368794605, 1638347.797241589985788 ], [ -1447030.928872684016824, 1639992.525907111819834 ], [ -1451194.277828352293, 1640878.193230736069381 ], [ -1474293.072167956503108, 1644455.684288938529789 ], [ -1484178.242950399173424, 1636737.676646305248141 ], [ -1486193.125733757391572, 1635737.153134060790762 ], [ -1487996.501484608277678, 1633770.721693360246718 ], [ -1503135.952232493786141, 1621940.836066699586809 ], [ -1504238.015191347105429, 1621377.644709864398465 ], [ -1509136.072786251083016, 1621205.241666862973943 ], [ -1509948.70506904204376, 1645260.97711296682246 ], [ -1509258.524226123699918, 1645272.481482049450278 ], [ -1509447.767360472353175, 1646998.196176959201694 ], [ -1509314.183971520513296, 1647838.086662736488506 ], [ -1510739.073453674325719, 1648332.829757362604141 ], [ -1512575.845051763346419, 1650507.513335749972612 ], [ -1514657.519529597600922, 1652590.322782846400514 ], [ -1518286.534929458284751, 1655202.708738435059786 ], [ -1518030.500100633595139, 1657228.357900858623907 ], [ -1508746.454568474553525, 1659484.386910859961063 ], [ -1507677.787456859136, 1659875.759543082676828 ], [ -1507421.752628034679219, 1660244.115839525358751 ], [ -1506698.175937878433615, 1660681.545975973363966 ], [ -1506141.578483912162483, 1661959.346184804104269 ], [ -1506152.71043299138546, 1662592.514600278344005 ], [ -1505551.585182707523927, 1664779.947003887267783 ], [ -1505429.133742835139856, 1666599.115564519073814 ], [ -1504705.557052678894252, 1669293.570860932115465 ], [ -1504872.536288868635893, 1670491.20002854638733 ], [ -1504794.612645313376561, 1673209.110676481155679 ], [ -1503870.660871729254723, 1675535.693870113464072 ], [ -1501666.534954022383317, 1679152.696676839143038 ], [ -1508501.551688729552552, 1679371.576830921694636 ], [ -1509124.940837171627209, 1687678.933839293429628 ], [ -1510004.364814438857138, 1688335.806634093401954 ], [ -1511429.254296592669562, 1690064.502898244187236 ], [ -1512509.053357287310064, 1691724.165461116237566 ], [ -1516549.950873083202168, 1692922.880256316158921 ], [ -1517496.166544826002792, 1694236.923223654506728 ], [ -1518375.59052209276706, 1696242.70325473533012 ], [ -1519878.403647802071646, 1697015.087541025597602 ], [ -1521859.890583922155201, 1697706.79559942195192 ], [ -1522739.3145611891523, 1699159.446035329718143 ], [ -1521158.577791924821213, 1700047.219245987012982 ], [ -1519477.653480946319178, 1700427.703328834380955 ], [ -1515826.374182926723734, 1700796.66323688114062 ], [ -1513232.630047443555668, 1702814.511120386887342 ], [ -1512408.865815573371947, 1704209.806154185906053 ], [ -1511685.289125417359173, 1706793.042001918423921 ], [ -1514679.783427756046876, 1708280.833156486973166 ], [ -1512308.67827385943383, 1714059.860658354125917 ], [ -1486649.535646009724587, 1741104.659122114535421 ], [ -1480471.303906983230263, 1744477.291596071561798 ], [ -1478923.962984956568107, 1740977.6171894245781 ], [ -1471665.93218523520045, 1743911.302935797022656 ], [ -1471788.383625108050182, 1744685.209164096042514 ], [ -1471265.182018379215151, 1744846.924078856594861 ], [ -1472178.001842884346843, 1747157.256704513216391 ], [ -1467480.319331408245489, 1748358.718054114608094 ], [ -1464318.845792879117653, 1748947.918333790963516 ], [ -1464652.804265258833766, 1753280.720878329128027 ], [ -1464608.276468941941857, 1759602.251762475818396 ], [ -1456882.703807888552547, 1756285.260611561359838 ], [ -1456927.231604205910116, 1755880.781208997825161 ], [ -1457506.092956331092864, 1755557.202646597288549 ], [ -1457661.940243441378698, 1755268.296940454980358 ], [ -1456871.571858809329569, 1754170.487291037570685 ], [ -1456749.120418936479837, 1752818.517697836272418 ], [ -1458229.669646487105638, 1749883.736946117831394 ], [ -1458819.662947691278532, 1747550.035488540306687 ], [ -1458674.947609660215676, 1746660.516323922201991 ], [ -1458274.197442804463208, 1746348.614856699714437 ], [ -1455814.036696273135021, 1745586.206200693035498 ], [ -1454467.070857674349099, 1744754.515422120457515 ], [ -1453008.785528282867745, 1744315.579182655084878 ], [ -1452452.188074316130951, 1744315.579182655550539 ], [ -1449390.902077501174062, 1744639.005103754345328 ], [ -1447175.64421071507968, 1746313.959389664465562 ], [ -1445149.629478277405724, 1746360.166690224548802 ], [ -1443680.212199806235731, 1747041.734763143118471 ], [ -1443179.274491236545146, 1746949.31761267175898 ], [ -1443056.823051363928244, 1745436.037667986936867 ], [ -1442722.86457898421213, 1744084.563347198534757 ], [ -1442756.260426222346723, 1742513.714859182247892 ], [ -1443034.559153205016628, 1741682.130949323065579 ], [ -1442845.316018856829032, 1740700.437130448641255 ], [ -1442411.170004762709141, 1740284.673057112144306 ], [ -1441810.044754479313269, 1740180.733166423859075 ], [ -1440685.717897467082366, 1740319.319787567714229 ], [ -1439739.502225724514574, 1740677.338937020394951 ], [ -1439027.057484647491947, 1740538.750244295224547 ], [ -1438837.81435029883869, 1740192.282020896440372 ], [ -1438837.81435029883869, 1739822.721439307089895 ], [ -1439227.432568075368181, 1739176.004136936971918 ], [ -1440986.280522609129548, 1737871.074133003363386 ], [ -1441253.447300512809306, 1737386.074001699918881 ], [ -1441409.294587623327971, 1731589.925746053690091 ], [ -1440852.697133657289669, 1730331.584112384123728 ], [ -1439516.863244137959555, 1728923.243004078511149 ], [ -1438648.571215950418264, 1728380.707324088318273 ], [ -1436967.646904972149059, 1727999.785312102176249 ], [ -1434852.576579899527133, 1728034.414337264373899 ], [ -1430867.338809500448406, 1725875.966781902126968 ], [ -1430121.498221185756847, 1725171.916012811008841 ], [ -1428796.79628074564971, 1722436.700324471108615 ], [ -1428629.817044555675238, 1721351.932526635238901 ], [ -1428830.192127983551472, 1720590.316103519173339 ], [ -1430388.664999089203775, 1718501.763653594534844 ], [ -1431134.505587404360995, 1718547.91756382281892 ], [ -1432036.193462830036879, 1718986.384094033157453 ], [ -1433360.895403269678354, 1720163.35980037576519 ], [ -1433705.985824729083106, 1720255.674038923811167 ], [ -1435097.479459644993767, 1720209.516875666333362 ], [ -1435520.49352465942502, 1720001.81072955345735 ], [ -1435865.583946118596941, 1719344.086349254939705 ], [ -1435898.979793356265873, 1718582.533054160652682 ], [ -1435565.02132097654976, 1717740.236819215584546 ], [ -1434585.409801995847374, 1716782.593074908712879 ], [ -1432692.978458510246128, 1715894.210382852004841 ], [ -1431924.873972036642954, 1715248.134298500372097 ], [ -1431279.220925435656682, 1714255.979487754404545 ], [ -1430978.658300293842331, 1712963.931622787145898 ], [ -1430633.567878834437579, 1712433.28899726155214 ] ] ] ] } },
{ "type": "Feature", "properties": { "GID_2": "SEN.9.2_1", "GID_0": "SEN", "COUNTRY": "Senegal", "GID_1": "SEN.9_1", "NAME_1": "Matam", "NL_NAME_1": "NA", "NAME_2": "Matam", "VARNAME_2": "NA", "NL_NAME_2": "NA", "TYPE_2": "Département", "ENGTYPE_2": "Department", "CC_2": "111", "HASC_2": "SN.MT.MT", "area_ha": 511645.38, "carbon_mean": 11.25, "carbon_min": 7.83, "carbon_max": 79.98, "carbon_median": 11.24, "carbon_std": 1.51, "carbon_pixel_count": 950468 }, "geometry": { "type": "MultiPolygon", "coordinates": [ [ [ [ -1471109.334731268696487, 1767509.428182782838121 ], [ -1471554.612694442039356, 1767035.385474577313289 ], [ -1472055.55040301149711, 1766861.957593830069527 ], [ -1472645.543704215902835, 1766850.395780409453437 ], [ -1474515.711149543058127, 1767440.055484483717009 ], [ -1475061.176654430106282, 1767058.509288268396631 ], [ -1475250.419788778759539, 1766688.530986980767921 ], [ -1475183.628094302723184, 1764827.165586069226265 ], [ -1473736.474713989766315, 1762642.271476663183421 ], [ -1472767.995144088752568, 1760180.172243129694834 ], [ -1472278.18938459828496, 1759636.926593913696706 ], [ -1471643.668287076754496, 1759440.436553126433864 ], [ -1471009.14718955475837, 1759521.344019721029326 ], [ -1469506.334063845686615, 1761162.669412306277081 ], [ -1468482.194748547393829, 1761440.087755970889702 ], [ -1467346.735942456172779, 1761208.905577235389501 ], [ -1464608.276468941941857, 1759602.251762475818396 ], [ -1464652.804265258833766, 1753280.720878329128027 ], [ -1464318.845792879117653, 1748947.918333790963516 ], [ -1467480.319331408245489, 1748358.718054114608094 ], [ -1472178.001842884346843, 1747157.256704513216391 ], [ -1471265.182018379215151, 1744846.924078856594861 ], [ -1471788.383625108050182, 1744685.209164096042514 ], [ -1471665.93218523520045, 1743911.302935797022656 ], [ -1478923.962984956568107, 1740977.6171894245781 ], [ -1480471.303906983230263, 1744477.291596071561798 ], [ -1486649.535646009724587, 1741104.659122114535421 ], [ -1499673.916068823076785, 1727538.069727822672576 ], [ -1520757.827625068835914, 1745158.805934038478881 ], [ -1536865.757942855590954, 1749560.23993688961491 ], [ -1538257.251577771501616, 1743830.448506888234988 ], [ -1548498.644730752566829, 1745528.448960996931419 ], [ -1555333.661465459736064, 1746360.166690224548802 ], [ -1554053.487321336986497, 1751917.247321386355907 ], [ -1561200.19863026519306, 1752310.104570755269378 ], [ -1558172.308480687905103, 1765486.141536627663299 ], [ -1556146.293748250696808, 1779826.32059856178239 ], [ -1553663.869103560457006, 1792763.132122461684048 ], [ -1551047.861069918377325, 1793793.293896885588765 ], [ -1545927.164493427844718, 1799176.341980495955795 ], [ -1544736.045941940043122, 1799651.036181978648528 ], [ -1543956.80950638698414, 1801248.858773285988718 ], [ -1541886.266977632418275, 1803437.359753586351871 ], [ -1541607.968250649049878, 1804873.314031556481495 ], [ -1541118.16249115858227, 1805579.743594298139215 ], [ -1539103.279707800364122, 1806459.915533736813813 ], [ -1538802.717082658549771, 1806807.361049528000876 ], [ -1538446.494712120154873, 1806726.289962070994079 ], [ -1529663.386888530571014, 1810073.604338138829917 ], [ -1527681.899952410487458, 1818971.252365496009588 ], [ -1527036.246905809501186, 1820442.939982026116922 ], [ -1526791.344026064267382, 1819724.466525426832959 ], [ -1525333.058696672320366, 1817627.116154516115785 ], [ -1523362.703709631459787, 1815889.125513502163813 ], [ -1522650.258968554669991, 1815657.403351094806567 ], [ -1522149.321259984746575, 1815958.642617363482714 ], [ -1521158.577791924821213, 1817140.465532516827807 ], [ -1520757.827625068835914, 1817314.268143378663808 ], [ -1518820.868485266109928, 1817036.184596701757982 ], [ -1517362.583155873930082, 1817140.465532516129315 ], [ -1511251.143111323239282, 1820130.053615703713149 ], [ -1509559.0868512657471, 1820373.409309783484787 ], [ -1508924.565753743983805, 1820292.290458397008479 ], [ -1507199.113646448357031, 1819793.995231994660571 ], [ -1506486.668905371101573, 1819400.002012057462707 ], [ -1505262.154506645165384, 1819133.481020131614059 ], [ -1504527.445867409463972, 1819376.826150833629072 ], [ -1501443.89597243629396, 1821775.651922236196697 ], [ -1500675.791485962457955, 1821509.103340300032869 ], [ -1500019.006490282015875, 1820280.702074460685253 ], [ -1500141.457930154632777, 1819898.288686671294272 ], [ -1502701.80621839989908, 1819006.015552164521068 ], [ -1503770.473330015316606, 1818148.538970019202679 ], [ -1504338.202733061043546, 1817233.160094788530841 ], [ -1504404.994427537079901, 1816109.263729766476899 ], [ -1504137.827649633167312, 1815495.199226036900654 ], [ -1502690.674269320676103, 1814058.584020404145122 ], [ -1501755.590546657098457, 1813989.072655287571251 ], [ -1501098.805550976656377, 1814255.534027794143185 ], [ -1500074.666235678829253, 1816155.608885852620006 ], [ -1499262.033952887868509, 1817024.59785525361076 ], [ -1498360.346077462425455, 1817314.268143378198147 ], [ -1498070.915401399834082, 1817163.639138045720756 ], [ -1497803.748623495921493, 1815761.678035350516438 ], [ -1496646.025919245788828, 1814406.14399371878244 ], [ -1489332.335374127607793, 1811382.547855049371719 ], [ -1488898.189360033953562, 1810896.029201902681962 ], [ -1489165.356137937866151, 1806263.03205935889855 ], [ -1487718.202757625374943, 1804479.57576788100414 ], [ -1487651.411063149338588, 1803888.980932101840153 ], [ -1487940.841739211929962, 1802534.14381894399412 ], [ -1487339.71648892830126, 1800345.728130341973156 ], [ -1486315.577173630008474, 1798562.727278385311365 ], [ -1485213.514214776689187, 1797451.315523257479072 ], [ -1483699.569139988161623, 1796559.909110073931515 ], [ -1482575.242282975930721, 1796455.720982175786048 ], [ -1482007.512879930436611, 1796038.973141038557515 ], [ -1481896.193389137042686, 1795610.65675644017756 ], [ -1482063.172625326784328, 1794997.136220911052078 ], [ -1483254.291176815051585, 1793862.74464567610994 ], [ -1483799.756681702099741, 1792890.453019094420597 ], [ -1483777.492783543420956, 1792126.538080418016762 ], [ -1483176.367533259792253, 1791420.517762465169653 ], [ -1481283.936189774191007, 1790471.474971441784874 ], [ -1480526.96365237981081, 1789672.920114279026166 ], [ -1480359.984416189836338, 1788457.780392191605642 ], [ -1480760.734583045588806, 1785911.978434550575912 ], [ -1480270.928823555354029, 1783725.124563128687441 ], [ -1479168.865864701801911, 1782521.863588625332341 ], [ -1476964.739946995163336, 1780867.480705388356 ], [ -1476753.232914487831295, 1780520.42219782830216 ], [ -1476686.44122001179494, 1779999.844071740750223 ], [ -1477087.191386867547408, 1779664.366515558212996 ], [ -1477777.37222978612408, 1779872.593399171018973 ], [ -1478333.969683752162382, 1780393.16869938140735 ], [ -1478656.796207052655518, 1780451.011113029904664 ], [ -1479179.997813781024888, 1780173.368829253129661 ], [ -1479680.935522350948304, 1779085.968206614023075 ], [ -1479658.671624192269519, 1777697.870445566950366 ], [ -1476452.670289346016943, 1774794.697941134916618 ], [ -1474526.843098622513935, 1773453.11387135554105 ], [ -1471621.40438891784288, 1770562.028899949975312 ], [ -1470396.889990192139521, 1769602.267144073732197 ], [ -1470307.834397557424381, 1769174.434134040260687 ], [ -1470452.549735588720068, 1768711.920692660845816 ], [ -1471109.334731268696487, 1767509.428182782838121 ] ] ] ] } },
{ "type": "Feature", "properties": { "GID_2": "SEN.9.3_1", "GID_0": "SEN", "COUNTRY": "Senegal", "GID_1": "SEN.9_1", "NAME_1": "Matam", "NL_NAME_1": "NA", "NAME_2": "RanérouFerlo", "VARNAME_2": "Ranerou", "NL_NAME_2": "NA", "TYPE_2": "Département", "ENGTYPE_2": "Department", "CC_2": "113", "HASC_2": "SN.MT.RN", "area_ha": 1390243.17, "carbon_mean": 11.02, "carbon_min": 7.82, "carbon_max": 22.78, "carbon_median": 11.19, "carbon_std": 0.69, "carbon_pixel_count": 2567456 }, "geometry": { "type": "MultiPolygon", "coordinates": [ [ [ [ -1625030.794651128118858, 1640245.57055567833595 ], [ -1625064.19049836602062, 1640694.155914510833099 ], [ -1627735.858277404913679, 1641660.366740370634943 ], [ -1628715.469796385616064, 1641706.377699038246647 ], [ -1629260.935301272431388, 1641096.739280043169856 ], [ -1630184.887074856786057, 1640993.217232210095972 ], [ -1630619.033088950440288, 1641177.25672082346864 ], [ -1630863.935968695906922, 1642523.086128668859601 ], [ -1633880.694169193739071, 1642442.564408522797748 ], [ -1635851.049156234366819, 1642603.608104966580868 ], [ -1637776.876346958102658, 1642293.024750648299232 ], [ -1638678.564222383545712, 1641591.350459105568007 ], [ -1638845.543458573287353, 1641177.256720824167132 ], [ -1641539.475135770859197, 1641177.256720823701471 ], [ -1647929.213907304685563, 1645249.472749120090157 ], [ -1649788.249403552385047, 1645824.697357592172921 ], [ -1653049.91048379521817, 1649483.432620046194643 ], [ -1651524.83345992770046, 1651094.364864732371643 ], [ -1650044.284232376841828, 1653085.159201985225081 ], [ -1649387.499236696632579, 1654638.778664966113865 ], [ -1648597.13085206435062, 1659530.430432735942304 ], [ -1647940.345856384141371, 1661360.728958902880549 ], [ -1647116.581624513724819, 1662201.099507340695709 ], [ -1644099.82342401589267, 1664043.106293039163575 ], [ -1643621.149613604880869, 1672022.867406589211896 ], [ -1643765.864951636176556, 1674752.463324520038441 ], [ -1644623.02503074426204, 1679682.620375647442415 ], [ -1644968.11545220320113, 1686515.044299960602075 ], [ -1647528.463740448933095, 1694110.126541790552437 ], [ -1647973.741703622043133, 1694709.53480233787559 ], [ -1648853.165680888807401, 1701961.229423744836822 ], [ -1648096.193143494427204, 1702768.387024387950078 ], [ -1640593.259464028058574, 1704475.036533949198201 ], [ -1640070.057857299689204, 1705005.505931818392128 ], [ -1640070.057857299689204, 1705293.809349568327889 ], [ -1630919.595714092487469, 1705305.341557068983093 ], [ -1626589.267522234236822, 1705685.907459909329191 ], [ -1626143.989559061126783, 1706573.917637550970539 ], [ -1626266.440998933510855, 1706573.917637551901862 ], [ -1621056.688829808495939, 1712963.931622787145898 ], [ -1618774.639268546365201, 1713944.497380383079872 ], [ -1616659.568943474208936, 1721444.251297158421949 ], [ -1616782.020383346593007, 1725679.753848589258268 ], [ -1612496.21998780593276, 1731913.18008778616786 ], [ -1613731.866335610859096, 1731751.552374163176864 ], [ -1617115.978855726309121, 1732005.539268700638786 ], [ -1624674.57228058972396, 1730181.511058807838708 ], [ -1625932.482526553561911, 1730123.790902567561716 ], [ -1640103.453704537590966, 1737640.12046655616723 ], [ -1642396.63521487894468, 1738078.934334246441722 ], [ -1643398.510632018558681, 1738494.660141796572134 ], [ -1644823.400114172371104, 1739695.686305964365602 ], [ -1645190.75443378998898, 1741970.872087458847091 ], [ -1643353.982835701201111, 1741947.772668210556731 ], [ -1640715.710903900442645, 1744777.617552799172699 ], [ -1639468.932607015827671, 1746764.484385311137885 ], [ -1639502.328454253962263, 1747446.064004709478468 ], [ -1640493.071922314120457, 1749537.133175694616511 ], [ -1640426.280227837851271, 1753153.614108379464597 ], [ -1642196.260131451068446, 1753708.266817286377773 ], [ -1641650.79462656378746, 1755811.442574533401057 ], [ -1639914.210570188937709, 1760919.931027320213616 ], [ -1638133.098717496497557, 1765798.294454015092924 ], [ -1637509.7095690544229, 1766908.204904131358489 ], [ -1636908.584318770561367, 1767694.423041810514405 ], [ -1635027.284924364415929, 1768931.61344633041881 ], [ -1632132.978163738967851, 1770064.798051162622869 ], [ -1632756.367312181275338, 1775280.462772723753005 ], [ -1617839.555545882787555, 1785391.280389595311135 ], [ -1613687.338539293967187, 1779710.638996558263898 ], [ -1614121.484553387388587, 1779016.561368067283183 ], [ -1614499.97082208446227, 1776541.185014504939318 ], [ -1613542.623201262205839, 1771706.856096670264378 ], [ -1613976.7692153560929, 1769602.267144073965028 ], [ -1613052.817441771738231, 1768885.36217023129575 ], [ -1610581.524746161419898, 1767879.419351004529744 ], [ -1609023.051875055534765, 1765647.998090071370825 ], [ -1608778.148995310533792, 1764145.087022289633751 ], [ -1603779.903858692152426, 1764110.405587144894525 ], [ -1603412.54953907453455, 1763312.746616341406479 ], [ -1602855.952085108263418, 1763093.106115849688649 ], [ -1603401.417589995544404, 1760584.724966150708497 ], [ -1603913.487247644457966, 1760607.842473259661347 ], [ -1603913.487247644457966, 1759070.577365110628307 ], [ -1604180.654025548137724, 1758874.092018256895244 ], [ -1604870.834868466248736, 1755776.773333209101111 ], [ -1607765.141629091696814, 1755765.216930680209771 ], [ -1607286.467818680452183, 1747030.182599761988968 ], [ -1607497.974851187551394, 1742525.26483920100145 ], [ -1607820.801374488277361, 1741970.872087458847091 ], [ -1607765.141629091696814, 1740677.33893701992929 ], [ -1602878.215983266709372, 1734695.656019851798192 ], [ -1603624.056571581866592, 1732859.878500835970044 ], [ -1603189.910557487979531, 1732074.808887031627819 ], [ -1598124.873726394027472, 1733287.059496808797121 ], [ -1586825.94541087676771, 1733356.332805834012106 ], [ -1580547.526130136102438, 1736866.441883757477626 ], [ -1578721.886481126537547, 1741416.492178643587977 ], [ -1579078.108851664932445, 1742825.566277015954256 ], [ -1580859.220704357372597, 1742837.116407603258267 ], [ -1580770.165111722657457, 1744407.986142050474882 ], [ -1582362.033830066444352, 1745967.407485906966031 ], [ -1582161.658746638568118, 1747838.847543301293626 ], [ -1577931.518096494022757, 1748624.434024864807725 ], [ -1578655.094786650501192, 1752945.622677197214216 ], [ -1561200.19863026519306, 1752310.104570755269378 ], [ -1554053.487321336986497, 1751917.247321386355907 ], [ -1555333.661465459736064, 1746360.166690224548802 ], [ -1548498.644730752566829, 1745528.448960996931419 ], [ -1538257.251577771501616, 1743830.448506888234988 ], [ -1536865.757942855590954, 1749560.23993688961491 ], [ -1520757.827625068835914, 1745158.805934038478881 ], [ -1499673.916068823076785, 1727538.069727822672576 ], [ -1512308.67827385943383, 1714059.860658354125917 ], [ -1514679.783427756046876, 1708280.833156486973166 ], [ -1511685.289125417359173, 1706793.042001918423921 ], [ -1512408.865815573371947, 1704209.806154185906053 ], [ -1513232.630047443555668, 1702814.511120386887342 ], [ -1515826.374182926723734, 1700796.66323688114062 ], [ -1519477.653480946319178, 1700427.703328834380955 ], [ -1521158.577791924821213, 1700047.219245987012982 ], [ -1522739.3145611891523, 1699159.446035329718143 ], [ -1521859.890583922155201, 1697706.79559942195192 ], [ -1519878.403647802071646, 1697015.087541025597602 ], [ -1518375.59052209276706, 1696242.70325473533012 ], [ -1517496.166544826002792, 1694236.923223654506728 ], [ -1516549.950873083202168, 1692922.880256316158921 ], [ -1512509.053357287310064, 1691724.165461116237566 ], [ -1511429.254296592669562, 1690064.502898244187236 ], [ -1510004.364814438857138, 1688335.806634093401954 ], [ -1509124.940837171627209, 1687678.933839293429628 ], [ -1508501.551688729552552, 1679371.576830921694636 ], [ -1501666.534954022383317, 1679152.696676839143038 ], [ -1503870.660871729254723, 1675535.693870113464072 ], [ -1504794.612645313376561, 1673209.110676481155679 ], [ -1504872.536288868635893, 1670491.20002854638733 ], [ -1504705.557052678894252, 1669293.570860932115465 ], [ -1505429.133742835139856, 1666599.115564519073814 ], [ -1505551.585182707523927, 1664779.947003887267783 ], [ -1506152.71043299138546, 1662592.514600278344005 ], [ -1506141.578483912162483, 1661959.346184804104269 ], [ -1506698.175937878433615, 1660681.545975973363966 ], [ -1507421.752628034679219, 1660244.115839525358751 ], [ -1507677.787456859136, 1659875.759543082676828 ], [ -1508746.454568474553525, 1659484.386910859961063 ], [ -1518030.500100633595139, 1657228.357900858623907 ], [ -1518286.534929458284751, 1655202.708738435059786 ], [ -1514657.519529597600922, 1652590.322782846400514 ], [ -1512575.845051763346419, 1650507.513335749972612 ], [ -1510739.073453674325719, 1648332.829757362604141 ], [ -1509314.183971520513296, 1647838.086662736488506 ], [ -1509447.767360472353175, 1646998.196176959201694 ], [ -1509258.524226123699918, 1645272.481482049450278 ], [ -1509948.70506904204376, 1645260.97711296682246 ], [ -1509136.072786251083016, 1621205.241666862973943 ], [ -1515792.978335689054802, 1620963.879354824777693 ], [ -1534361.069400006905198, 1621400.631869888631627 ], [ -1545303.775344985770062, 1638934.366557574365288 ], [ -1553964.431728702504188, 1640521.622144494438544 ], [ -1567033.339947832748294, 1639175.899041815660894 ], [ -1571564.043223118875176, 1633736.224253236083314 ], [ -1580157.907912359805778, 1636645.672839065082371 ], [ -1583107.874418381368741, 1637048.191956440452486 ], [ -1582829.575691398233175, 1637554.225042545003816 ], [ -1583631.076025109970942, 1637818.746351949637756 ], [ -1589430.821495439391583, 1641418.810578758595511 ], [ -1599249.200583406025544, 1643270.80005006515421 ], [ -1601063.708283336367458, 1645306.994620722020045 ], [ -1601920.868362444918603, 1645882.220538720488548 ], [ -1602633.313103521475568, 1645847.706614325754344 ], [ -1603768.771909613162279, 1645456.552099651889876 ], [ -1605894.974183764541522, 1644237.109234273200855 ], [ -1612741.122867551166564, 1641338.292370168026537 ], [ -1614255.067942339228466, 1640521.622144494438544 ], [ -1615357.130901192547753, 1638830.85333982645534 ], [ -1617138.242753885220736, 1638865.357698808424175 ], [ -1619509.347907781833783, 1638589.324141027405858 ], [ -1619464.820111464476213, 1638704.337758425856009 ], [ -1622114.223992344690487, 1640211.064318485790864 ], [ -1625030.794651128118858, 1640245.57055567833595 ] ] ] ] } },
{ "type": "Feature", "properties": { "GID_2": "SEN.10.1_1", "GID_0": "SEN", "COUNTRY": "Senegal", "GID_1": "SEN.10_1", "NAME_1": "Saint-Louis", "NL_NAME_1": "NA", "NAME_2": "Dagana", "VARNAME_2": "NA", "NL_NAME_2": "NA", "TYPE_2": "Département", "ENGTYPE_2": "Department", "CC_2": "41", "HASC_2": "SN.ST.DG", "area_ha": 557772.51, "carbon_mean": 13.91, "carbon_min": 8.34, "carbon_max": 82.28, "carbon_median": 11.08, "carbon_std": 7.87, "carbon_pixel_count": 1041858 }, "geometry": { "type": "MultiPolygon", "coordinates": [ [ [ [ -1719875.000806997064501, 1795344.410007734782994 ], [ -1723481.752308699535206, 1793677.543109451420605 ], [ -1725730.40602272353135, 1792971.475770343327895 ], [ -1727878.872195033822209, 1792809.430549778742716 ], [ -1730517.144126834580675, 1793330.294200897682458 ], [ -1729281.497779028955847, 1795656.960850032046437 ], [ -1728980.935153887374327, 1796965.089603666681796 ], [ -1730639.595566706964746, 1799419.47682177554816 ], [ -1739088.744917916599661, 1803796.339972139103338 ], [ -1751578.791784921661019, 1815321.410360918147489 ], [ -1761430.566720126196742, 1826284.269364438951015 ], [ -1762343.386544631095603, 1826052.442192455986515 ], [ -1764302.609582592733204, 1824812.206707815639675 ], [ -1766629.186940172221512, 1823004.133259793510661 ], [ -1771983.654447328764945, 1818194.888237323611975 ], [ -1772896.474271833663806, 1816514.787011884851381 ], [ -1776703.600856963545084, 1814985.422276541125029 ], [ -1785831.799102011835203, 1810397.937402891693637 ], [ -1788113.84866327396594, 1809702.943560437299311 ], [ -1792555.496345925610512, 1807189.557149222353473 ], [ -1795093.580736012198031, 1806656.800684845773503 ], [ -1796663.185556197538972, 1805880.851277198409662 ], [ -1797253.178857401944697, 1805047.024219067767262 ], [ -1800770.874766469467431, 1803773.1797900730744 ], [ -1801973.125267036492005, 1806598.893113393569365 ], [ -1802707.833906272193417, 1807814.982583976816386 ], [ -1805668.932361373445019, 1808139.283919459674507 ], [ -1810411.142669166671112, 1811336.212303006788716 ], [ -1815108.825180642539635, 1811000.282334991265088 ], [ -1813695.06764756818302, 1812506.213504179380834 ], [ -1812771.115873984294012, 1813120.198292707325891 ], [ -1812058.671132906805724, 1817175.225949569605291 ], [ -1814084.685865344712511, 1817291.094386008568108 ], [ -1815932.589412512956187, 1819469.529736080672592 ], [ -1816967.86067689023912, 1819562.233695602277294 ], [ -1816990.124575048917904, 1820141.641923581017181 ], [ -1817891.812450474593788, 1820106.877017498714849 ], [ -1817880.680501395603642, 1821068.725512710167095 ], [ -1818248.034821013221517, 1821068.725512710167095 ], [ -1819428.021423422032967, 1820396.586177125107497 ], [ -1818303.694566409569234, 1818021.078967003151774 ], [ -1820296.313451609574258, 1818171.71359198493883 ], [ -1820296.313451609574258, 1816619.065583048388362 ], [ -1820129.334215419366956, 1816213.540462274337187 ], [ -1820919.702600051881745, 1815263.481030883500353 ], [ -1821509.69590125628747, 1815170.794406147440895 ], [ -1821342.716665066312999, 1815750.091935983859003 ], [ -1821710.070984683930874, 1816167.195189465070143 ], [ -1821142.341581638203934, 1816607.479051790433004 ], [ -1821298.188868748955429, 1816839.210786200128496 ], [ -1821799.126577318878844, 1816908.730761925689876 ], [ -1823235.148008551681414, 1816074.504923981614411 ], [ -1824793.620879657566547, 1815900.71168289007619 ], [ -1827554.344251330709085, 1813954.317051415331662 ], [ -1828623.011362946359441, 1813421.40436002635397 ], [ -1829391.115849419962615, 1813537.253896195441484 ], [ -1830938.456771446624771, 1813328.725150605197996 ], [ -1833788.235735754249617, 1812019.671138586476445 ], [ -1834923.694541845470667, 1811926.997566690668464 ], [ -1834890.298694607801735, 1812332.447194552514702 ], [ -1834467.284629592904821, 1812645.227495247730985 ], [ -1833665.784295881865546, 1813919.561499999370426 ], [ -1832942.207605725154281, 1814278.704727655043826 ], [ -1832541.457438869634643, 1815506.785197047516704 ], [ -1831261.283294747117907, 1816144.022588076302782 ], [ -1830905.060924208257347, 1816653.825211850460619 ], [ -1830860.533127890899777, 1816931.904133877949789 ], [ -1831105.436007636366412, 1817360.615728203905746 ], [ -1832073.91557753784582, 1818044.25346041820012 ], [ -1832441.269897155463696, 1818646.798493717331439 ], [ -1832452.401846235152334, 1819017.60329274716787 ], [ -1831918.068290427094325, 1820269.113696374930441 ], [ -1832252.026762806577608, 1822331.937203282490373 ], [ -1831973.728035823907703, 1822841.877234493847936 ], [ -1832263.158711886033416, 1824881.750844658585265 ], [ -1832140.707272013649344, 1826203.129587072879076 ], [ -1830893.92897512880154, 1828301.264908797107637 ], [ -1829702.810423640767112, 1829576.468857969390228 ], [ -1827732.455436600139365, 1830364.812360303942114 ], [ -1827064.538491840474308, 1830283.658096097642556 ], [ -1825795.496296796947718, 1829541.689624314196408 ], [ -1824971.732064926531166, 1829692.400019287597388 ], [ -1824192.495629373937845, 1830295.251544752623886 ], [ -1823012.509026965359226, 1831837.232687260722741 ], [ -1822322.328184047248214, 1834248.961060492089018 ], [ -1821865.918271794449538, 1835025.870214859489352 ], [ -1821142.341581638203934, 1835536.093627129448578 ], [ -1820797.251160179032013, 1836092.714024855289608 ], [ -1820886.306752813514322, 1836985.654343296773732 ], [ -1821153.473530717659742, 1837542.310193899553269 ], [ -1821999.501660746522248, 1838319.331763856578618 ], [ -1822422.51572576072067, 1839235.555489881196991 ], [ -1822467.043522078543901, 1839931.446289665531367 ], [ -1822144.216998777817935, 1841334.890915385214612 ], [ -1821743.466831921832636, 1842228.037209490081295 ], [ -1821142.341581638203934, 1842993.619154599029571 ], [ -1820429.896840561414137, 1843562.022462501190603 ], [ -1819405.757525263354182, 1843794.027906757313758 ], [ -1818492.937700758455321, 1845058.499310461804271 ], [ -1818259.166770092677325, 1845858.980980261927471 ], [ -1818581.993293393170461, 1847494.835857749218121 ], [ -1818593.125242472393438, 1849827.003657827153802 ], [ -1818403.882108123973012, 1850685.673285546479747 ], [ -1817580.11787625355646, 1851730.045192484976724 ], [ -1816901.068982414668426, 1851985.343448379542679 ], [ -1816132.964495940832421, 1851962.134396752808243 ], [ -1815965.98525975109078, 1852263.853928746655583 ], [ -1815832.401870799250901, 1856407.103304706281051 ], [ -1815487.31144934007898, 1858043.722560761962086 ], [ -1814630.151370231993496, 1859274.1671614095103 ], [ -1813227.525786236394197, 1859947.457786777289584 ], [ -1813116.206295443465933, 1861108.351037398213521 ], [ -1813249.789684394840151, 1862594.381906073074788 ], [ -1813016.018753729062155, 1863581.25360668823123 ], [ -1812303.574012652505189, 1864486.891696175094694 ], [ -1810845.288683260325342, 1865450.623656847048551 ], [ -1808262.676496856380254, 1866182.158697232371196 ], [ -1806670.807778512826189, 1865787.359044156270102 ], [ -1804911.959823979064822, 1864858.446101924171671 ], [ -1802329.347637575119734, 1865032.614348067902029 ], [ -1801538.979252942604944, 1865659.631233014632016 ], [ -1800692.951122913742438, 1865926.699304337147623 ], [ -1799123.346302728634328, 1867773.039534646784887 ], [ -1797999.019445716869086, 1868562.71577484277077 ], [ -1796340.359032897045836, 1869085.310953083680943 ], [ -1795973.004713279427961, 1868876.27141788508743 ], [ -1794626.038874680642039, 1869224.671727729495615 ], [ -1793724.350999254733324, 1869224.671727729495615 ], [ -1792677.947785797994584, 1868667.233834597747773 ], [ -1792254.933720784028992, 1868028.519977137912065 ], [ -1792043.42668827646412, 1867238.862570370780304 ], [ -1792332.857364339055493, 1865671.242822143947706 ], [ -1792210.405924466205761, 1865346.120599253568798 ], [ -1789572.133992665912956, 1863604.474639663239941 ], [ -1788024.793070639483631, 1861653.991577869281173 ], [ -1787423.667820355622098, 1860435.02565085911192 ], [ -1787178.764940610621125, 1860260.893057168228552 ], [ -1786154.625625312561169, 1860202.849158957134932 ], [ -1785230.6738517282065, 1860481.461236949078739 ], [ -1784495.965212492505088, 1860910.994955343892798 ], [ -1782714.853359800297767, 1862547.941953407833353 ], [ -1782002.408618723042309, 1862954.294795471709222 ], [ -1781367.887521201744676, 1863070.396958131343126 ], [ -1780711.102525521302596, 1863035.566246297210455 ], [ -1779575.643719430081546, 1862605.9919092443306 ], [ -1778295.46957530756481, 1861723.648770755389705 ], [ -1777916.983306610025465, 1861050.304951022844762 ], [ -1777438.309496199013665, 1860945.822373316157609 ], [ -1776748.128653280902654, 1863616.085165160242468 ], [ -1774610.794430050067604, 1867471.111859343713149 ], [ -1770881.591488475212827, 1869909.874825190752745 ], [ -1770748.008099523372948, 1868841.431685127317905 ], [ -1771371.397247965680435, 1866321.501411246834323 ], [ -1772696.099188405787572, 1863790.243768296204507 ], [ -1771471.584789679385722, 1864370.782206265488639 ], [ -1769133.875483020907268, 1864730.72358086053282 ], [ -1766473.339653061470017, 1864370.782206265954301 ], [ -1765838.818555539939553, 1864034.068083058809862 ], [ -1765504.860083160223439, 1863511.590651888633147 ], [ -1765371.276694207917899, 1861770.087019323371351 ], [ -1764836.943138400558382, 1861921.011990062193945 ], [ -1762599.421373455785215, 1863337.434210689738393 ], [ -1761163.399942222516984, 1863767.02254313416779 ], [ -1760061.336983368964866, 1863720.580164881655946 ], [ -1756821.939801284810528, 1862234.474784508114681 ], [ -1751100.117974510416389, 1861445.021294857142493 ], [ -1749274.478325501084328, 1860144.805410576751456 ], [ -1747716.005454394966364, 1859459.900493346853182 ], [ -1747471.10257464973256, 1859552.767734410474077 ], [ -1747014.692662397399545, 1860249.284265539143234 ], [ -1746469.22715751058422, 1860458.243431916227564 ], [ -1742138.898965652333573, 1860864.558481988497078 ], [ -1741036.836006798548624, 1861201.225087423808873 ], [ -1740268.73152032517828, 1861653.991577869281173 ], [ -1739845.717455310514197, 1862002.279701957944781 ], [ -1739689.870168200228363, 1862675.65205431333743 ], [ -1740224.20372400758788, 1864335.949476455803961 ], [ -1740168.543978611240163, 1864835.223771278513595 ], [ -1739990.432793342042714, 1865311.286354935029522 ], [ -1739200.064408709527925, 1866066.040430512279272 ], [ -1738064.605602618306875, 1866077.652230118401349 ], [ -1737764.042977476259694, 1865868.64075735793449 ], [ -1736428.209087956929579, 1866124.09948869026266 ], [ -1735615.576805166201666, 1865798.970699431374669 ], [ -1733812.20105431531556, 1864498.502678212476894 ], [ -1732287.124030447332188, 1864161.78663848596625 ], [ -1730428.088534199632704, 1864335.949476455803961 ], [ -1727478.12202817783691, 1865264.840780006954446 ], [ -1726732.281439863145351, 1865729.300857987022027 ], [ -1726487.378560117911547, 1866112.487665025051683 ], [ -1726643.225847228197381, 1866565.353245105128735 ], [ -1727723.024907923070714, 1868028.519977136980742 ], [ -1727656.233213447034359, 1869213.058296701638028 ], [ -1727233.219148432603106, 1870026.013022870523855 ], [ -1726620.961949069751427, 1870688.012262380216271 ], [ -1725964.176953389542177, 1871082.898331059375778 ], [ -1723448.356461461167783, 1872197.908407345879823 ], [ -1723003.078498288290575, 1872894.817952678073198 ], [ -1722502.140789718367159, 1873301.358559753512964 ], [ -1721667.244608768960461, 1873510.439467350719497 ], [ -1720899.140122295357287, 1873463.976874299580231 ], [ -1719852.736908838618547, 1873010.971656911540776 ], [ -1718605.958611954003572, 1871942.380352630279958 ], [ -1717815.590227321721613, 1870490.571842541452497 ], [ -1717626.347092973301187, 1868922.724479237571359 ], [ -1717325.784467831254005, 1868074.971279780380428 ], [ -1715789.575494884047657, 1867262.087390928296372 ], [ -1714242.234572857851163, 1867029.840268647065386 ], [ -1713496.393984542926773, 1867215.637773887021467 ], [ -1711570.566793819190934, 1868307.229238215368241 ], [ -1709945.302228237269446, 1869712.441272565163672 ], [ -1709444.36451966734603, 1869863.419714908115566 ], [ -1707874.759699482703581, 1869677.600238223560154 ], [ -1706895.148180501535535, 1870037.626875794958323 ], [ -1708219.850120941642672, 1863035.566246297676116 ], [ -1710212.469006140949205, 1856697.275349873583764 ], [ -1711492.643150263931602, 1851010.583815830759704 ], [ -1709733.795195729937404, 1847552.847066258778796 ], [ -1709911.906380999367684, 1845162.908359167166054 ], [ -1710680.010867472738028, 1843167.618654379155487 ], [ -1712828.477039783261716, 1834620.018844017526135 ], [ -1714654.116688792826608, 1834596.827555502997711 ], [ -1714420.345758126815781, 1831825.638455329230055 ], [ -1714609.588892475469038, 1829309.82941984757781 ], [ -1715210.714142759330571, 1826307.452210823073983 ], [ -1716056.742272787727416, 1823444.548261926043779 ], [ -1717114.277435324387625, 1822273.990190159762278 ], [ -1717281.256671514129266, 1821694.52811285154894 ], [ -1717270.124722434673458, 1820860.128439529798925 ], [ -1716891.638453737599775, 1819029.191039175493643 ], [ -1713051.116021369816735, 1817453.311178201343864 ], [ -1712984.32432689354755, 1817279.507516083540395 ], [ -1712917.532632417511195, 1816665.411766460398212 ], [ -1713362.810595591086894, 1815193.966027334099635 ], [ -1712438.858822006732225, 1814046.998778312467039 ], [ -1711459.247303025797009, 1811069.784685523016378 ], [ -1712839.608988862251863, 1808706.822213492821902 ], [ -1712973.192377814557403, 1806575.730125429807231 ], [ -1712193.955942261498421, 1804514.317109900293872 ], [ -1714876.755670379148796, 1804467.995332131395116 ], [ -1717848.986074559623376, 1802881.530394681496546 ], [ -1715978.818629232700914, 1797775.471790621057153 ], [ -1716301.645152533426881, 1794221.576816366286948 ], [ -1717615.215143893845379, 1794869.803798283683136 ], [ -1719875.000806997064501, 1795344.410007734782994 ] ] ] ] } },
{ "type": "Feature", "properties": { "GID_2": "SEN.10.2_1", "GID_0": "SEN", "COUNTRY": "Senegal", "GID_1": "SEN.10_1", "NAME_1": "Saint-Louis", "NL_NAME_1": "NA", "NAME_2": "Podor", "VARNAME_2": "NA", "NL_NAME_2": "NA", "TYPE_2": "Département", "ENGTYPE_2": "Department", "CC_2": "42", "HASC_2": "SN.ST.PD", "area_ha": 1380614.27, "carbon_mean": 11.41, "carbon_min": 7.94, "carbon_max": 71.57, "carbon_median": 11.08, "carbon_std": 1.19, "carbon_pixel_count": 2576672 }, "geometry": { "type": "MultiPolygon", "coordinates": [ [ [ [ -1554532.161131748231128, 1830677.838652988197282 ], [ -1553229.723089466802776, 1831466.220187714556232 ], [ -1552060.868436137447134, 1831929.986754822544754 ], [ -1551704.646065598819405, 1831860.421168798580766 ], [ -1551214.840306108584628, 1831269.122250906890258 ], [ -1550758.430393856018782, 1831048.838335915468633 ], [ -1549634.103536844020709, 1831373.468005398986861 ], [ -1549222.221420908812433, 1828092.601946256821975 ], [ -1548832.603203132282943, 1827524.584641892462969 ], [ -1547530.165160851087421, 1826794.297411439474672 ], [ -1546839.98431793297641, 1826979.764975183177739 ], [ -1545637.733817365486175, 1827744.834574582288042 ], [ -1545348.303141302894801, 1827744.83457458182238 ], [ -1544279.636029687710106, 1826968.173208390362561 ], [ -1543901.149760990403593, 1826539.281966627808288 ], [ -1543734.170524800661951, 1825843.799745717318729 ], [ -1544780.573738257400692, 1824313.813240838237107 ], [ -1544980.948821685509756, 1823131.620942641515285 ], [ -1544891.893229050561786, 1822482.600122825009748 ], [ -1543756.434422959340736, 1820952.838015698362142 ], [ -1543622.851034007268026, 1819817.171514311339706 ], [ -1542420.600533440010622, 1819469.529736080672592 ], [ -1541830.607232235604897, 1817291.094386008335277 ], [ -1541374.197319983039051, 1816989.837665944593027 ], [ -1540773.072069699410349, 1817372.202639011200517 ], [ -1539158.939453196944669, 1819411.589951442321762 ], [ -1537567.070734853390604, 1820454.528447880642489 ], [ -1535730.299136764137074, 1821312.091161870630458 ], [ -1533225.610593915451318, 1821080.314294605981559 ], [ -1531077.144421605393291, 1821740.884540220722556 ], [ -1530342.435782369691879, 1822100.150029473938048 ], [ -1529474.143754182383418, 1822934.594822587678209 ], [ -1527492.656818062067032, 1825461.293533393647522 ], [ -1527058.510803968179971, 1825739.479235654929653 ], [ -1526457.385553684551269, 1825785.843848088523373 ], [ -1525555.697678259108216, 1825380.156673752702773 ], [ -1525299.662849434418604, 1824302.222824143711478 ], [ -1525533.433780100429431, 1823467.728233348578215 ], [ -1527147.566396602895111, 1821787.241061287233606 ], [ -1527292.281734634190798, 1821404.802564471494406 ], [ -1527036.246905809501186, 1820442.939982026116922 ], [ -1527681.899952410487458, 1818971.252365496009588 ], [ -1529663.386888530571014, 1810073.604338138829917 ], [ -1538446.494712120154873, 1806726.289962070994079 ], [ -1538802.717082658549771, 1806807.361049528000876 ], [ -1539103.279707800364122, 1806459.915533736813813 ], [ -1541118.16249115858227, 1805579.743594298139215 ], [ -1541607.968250649049878, 1804873.314031556481495 ], [ -1541886.266977632418275, 1803437.359753586351871 ], [ -1543956.80950638698414, 1801248.858773285988718 ], [ -1544736.045941940043122, 1799651.036181978648528 ], [ -1545927.164493427844718, 1799176.341980495955795 ], [ -1551047.861069918377325, 1793793.293896885588765 ], [ -1553663.869103560457006, 1792763.132122461684048 ], [ -1556146.293748250696808, 1779826.32059856178239 ], [ -1558172.308480687905103, 1765486.141536627663299 ], [ -1561200.19863026519306, 1752310.104570755269378 ], [ -1578655.094786650501192, 1752945.622677197214216 ], [ -1577931.518096494022757, 1748624.434024864807725 ], [ -1582161.658746638568118, 1747838.847543301293626 ], [ -1582362.033830066444352, 1745967.407485906966031 ], [ -1580770.165111722657457, 1744407.986142050474882 ], [ -1580859.220704357372597, 1742837.116407603258267 ], [ -1579078.108851664932445, 1742825.566277015954256 ], [ -1578721.886481126537547, 1741416.492178643587977 ], [ -1580547.526130136102438, 1736866.441883757477626 ], [ -1586825.94541087676771, 1733356.332805834012106 ], [ -1598124.873726394027472, 1733287.059496808797121 ], [ -1603189.910557487979531, 1732074.808887031627819 ], [ -1603624.056571581866592, 1732859.878500835970044 ], [ -1602878.215983266709372, 1734695.656019851798192 ], [ -1607765.141629091696814, 1740677.33893701992929 ], [ -1607820.801374488277361, 1741970.872087458847091 ], [ -1607497.974851187551394, 1742525.26483920100145 ], [ -1607286.467818680452183, 1747030.182599761988968 ], [ -1607765.141629091696814, 1755765.216930680209771 ], [ -1604870.834868466248736, 1755776.773333209101111 ], [ -1604180.654025548137724, 1758874.092018256895244 ], [ -1603913.487247644457966, 1759070.577365110628307 ], [ -1603913.487247644457966, 1760607.842473259661347 ], [ -1603401.417589995544404, 1760584.724966150708497 ], [ -1602855.952085108263418, 1763093.106115849688649 ], [ -1603412.54953907453455, 1763312.746616341406479 ], [ -1603779.903858692152426, 1764110.405587144894525 ], [ -1608778.148995310533792, 1764145.087022289633751 ], [ -1609023.051875055534765, 1765647.998090071370825 ], [ -1610581.524746161419898, 1767879.419351004529744 ], [ -1613052.817441771738231, 1768885.36217023129575 ], [ -1613976.7692153560929, 1769602.267144073965028 ], [ -1613542.623201262205839, 1771706.856096670264378 ], [ -1614499.97082208446227, 1776541.185014504939318 ], [ -1614121.484553387388587, 1779016.561368067283183 ], [ -1613687.338539293967187, 1779710.638996558263898 ], [ -1617828.423596803331748, 1785368.138523469679058 ], [ -1624641.176433352055028, 1797034.549826289992779 ], [ -1625175.509989159414545, 1796999.819689020281658 ], [ -1626344.364642489003018, 1795610.65675644017756 ], [ -1630819.408172378549352, 1796282.075140276225284 ], [ -1630407.526056443573907, 1799732.08250402379781 ], [ -1631387.137575424043462, 1801769.911686840467155 ], [ -1634582.00696119107306, 1798250.137345502851531 ], [ -1636875.188471532659605, 1796953.512920085107908 ], [ -1639569.120148729765788, 1795761.145397782558575 ], [ -1641138.724968914873898, 1794765.623243694659323 ], [ -1643209.267497669905424, 1792554.790338644525036 ], [ -1646259.421545405639336, 1790853.402180124074221 ], [ -1648997.881018920335919, 1789846.516670155338943 ], [ -1651958.97947402112186, 1794869.803798283683136 ], [ -1654574.98750766296871, 1796432.568128296174109 ], [ -1662478.671353985788301, 1804711.185699843568727 ], [ -1666508.436920701991767, 1801989.915323079563677 ], [ -1680890.915131192887202, 1800762.553286885144189 ], [ -1684219.367905911756679, 1798354.333522166823968 ], [ -1685521.805948193185031, 1798493.262485132319853 ], [ -1691421.73896023677662, 1800334.149760712636635 ], [ -1692356.822682900121436, 1801515.173243457917124 ], [ -1693837.371910450514406, 1805487.09586514160037 ], [ -1694583.212498765438795, 1805765.040165986400098 ], [ -1695406.976730635855347, 1806818.9426566620823 ], [ -1696286.400707902386785, 1807305.375397011637688 ], [ -1696698.282823837827891, 1807803.400477624963969 ], [ -1699982.207802239339799, 1809146.963555075461045 ], [ -1701329.173640838125721, 1810293.686992013594136 ], [ -1705191.959971364587545, 1808475.172245645197108 ], [ -1708731.919778590789065, 1808185.613053350010887 ], [ -1711459.247303025797009, 1811069.784685523016378 ], [ -1712438.858822006732225, 1814046.998778312467039 ], [ -1713362.810595591086894, 1815193.966027334099635 ], [ -1712917.532632417511195, 1816665.411766460398212 ], [ -1713051.116021369816735, 1817453.311178201343864 ], [ -1716891.638453737599775, 1819029.191039175493643 ], [ -1717270.124722434673458, 1820860.128439529798925 ], [ -1717114.277435324387625, 1822273.990190159762278 ], [ -1716056.742272787727416, 1823444.548261926043779 ], [ -1715210.714142759330571, 1826307.452210823073983 ], [ -1714609.588892475469038, 1829309.82941984757781 ], [ -1714420.345758126815781, 1831825.638455329230055 ], [ -1714654.116688792826608, 1834596.827555502997711 ], [ -1712828.477039783261716, 1834620.018844017526135 ], [ -1710680.010867472738028, 1843167.618654379155487 ], [ -1709911.906380999367684, 1845162.908359167166054 ], [ -1709733.795195729937404, 1847552.847066258778796 ], [ -1711492.643150263931602, 1851010.583815830759704 ], [ -1710212.469006140949205, 1856697.275349873583764 ], [ -1708219.850120941642672, 1863035.566246297676116 ], [ -1706895.148180501535535, 1870037.626875794958323 ], [ -1704913.661244381451979, 1871152.584831717424095 ], [ -1703399.716169592691585, 1871280.343980308854952 ], [ -1699982.207802239339799, 1870467.343672433868051 ], [ -1699102.78382497257553, 1870629.941369745647535 ], [ -1698356.943236657883972, 1870537.028255123179406 ], [ -1696664.886976599926129, 1868969.17763698217459 ], [ -1695896.782490126322955, 1868760.139186208602041 ], [ -1694939.434869304066524, 1868806.59200658951886 ], [ -1692267.767090265406296, 1870641.555536210536957 ], [ -1689963.453630844596773, 1871605.552379980217665 ], [ -1689440.252024116227403, 1872081.758929413277656 ], [ -1689284.40473700594157, 1872732.203781264368445 ], [ -1688917.050417387858033, 1872929.664000538410619 ], [ -1687714.799916820367798, 1872906.433295926079154 ], [ -1685109.923832257976755, 1871884.306202145759016 ], [ -1684096.916466039372608, 1871675.240509653231129 ], [ -1682616.367238488746807, 1871895.921020172769204 ], [ -1679766.58827418112196, 1874230.622021234594285 ], [ -1679087.539380342001095, 1875194.773744832957163 ], [ -1679120.935227579902858, 1876182.201216387329623 ], [ -1680312.053779067937285, 1877936.444903854746372 ], [ -1682393.728256902424619, 1878203.659701050492004 ], [ -1683039.38130350317806, 1878680.0070703944657 ], [ -1683184.096641534473747, 1879481.687835909426212 ], [ -1682950.32571086823009, 1880608.737144366139546 ], [ -1680890.915131192887202, 1883118.660320272669196 ], [ -1680267.525982750579715, 1883327.833374183392152 ], [ -1679399.233954563038424, 1883211.625878975493833 ], [ -1678430.754384661791846, 1882735.18150048260577 ], [ -1677785.101338060572743, 1881759.083440428366885 ], [ -1676939.073208031710237, 1879319.025636839680374 ], [ -1675825.878300098935142, 1877576.290898916544393 ], [ -1675503.051776798442006, 1877518.202088319463655 ], [ -1674990.982119149528444, 1878087.478960711276159 ], [ -1674389.856868865666911, 1877855.119297229684889 ], [ -1673477.03704436076805, 1877855.119297229219228 ], [ -1670460.278843863168731, 1879005.323322353651747 ], [ -1670026.132829769514501, 1879330.644325940636918 ], [ -1669547.45901935826987, 1880364.731938854325563 ], [ -1669335.95198685140349, 1883955.36434916825965 ], [ -1668601.243347615469247, 1884873.450859071454033 ], [ -1668178.229282601270825, 1885012.910357960266992 ], [ -1667454.65259244479239, 1884826.96455406374298 ], [ -1664515.818035502219573, 1883234.867329409113154 ], [ -1664359.970748391933739, 1882200.646303229266778 ], [ -1664738.457017089007422, 1880666.834016178036109 ], [ -1664627.137526295613497, 1879865.110578217310831 ], [ -1663602.998210997553542, 1878203.659701050026342 ], [ -1662645.650590175529942, 1877855.119297229684889 ], [ -1661743.962714749854058, 1878436.022999130422249 ], [ -1660552.844163261819631, 1879679.20781796425581 ], [ -1660029.642556533450261, 1879899.967518579913303 ], [ -1659951.718912978423759, 1878656.770377052249387 ], [ -1659784.739676788216457, 1878331.459215108072385 ], [ -1659027.76713939406909, 1877831.883464131969959 ], [ -1658382.114092793315649, 1877831.883464131969959 ], [ -1657947.968078699195758, 1878087.478960710577667 ], [ -1657625.141555398702621, 1878726.480529793538153 ], [ -1657079.676050511887297, 1880852.745025208918378 ], [ -1656556.474443783517927, 1881259.430772841209546 ], [ -1656155.724276927532628, 1881271.050474860938266 ], [ -1655710.44631375442259, 1880980.559744913829491 ], [ -1654708.570896614808589, 1879377.119142966112122 ], [ -1654497.063864107942209, 1878633.533707949332893 ], [ -1654263.292933441931382, 1878470.877702859928831 ], [ -1652192.750404687365517, 1878935.612296955427155 ], [ -1651825.39608506928198, 1878923.993813934503123 ], [ -1650678.805329898605123, 1878273.368436028948054 ], [ -1650344.846857518656179, 1878412.78656027186662 ], [ -1650022.020334218163043, 1878912.375336973927915 ], [ -1650044.284232376841828, 1879621.1135237084236 ], [ -1649777.117454472929239, 1880213.682437875308096 ], [ -1648986.749069840880111, 1880539.021098387427628 ], [ -1648419.01966679492034, 1880039.395825794199482 ], [ -1646949.602388323750347, 1878099.09700748603791 ], [ -1646381.872985278023407, 1877680.851139498641714 ], [ -1645869.803327629109845, 1877913.208985963370651 ], [ -1644945.851554044755176, 1879818.634742628317326 ], [ -1644378.122150999028236, 1880480.924560226965696 ], [ -1644088.691474936669692, 1880701.692212064517662 ], [ -1643643.413511763792485, 1880736.550462553510442 ], [ -1642830.781228972831741, 1880248.539924044860527 ], [ -1642329.843520402908325, 1879644.351223221980035 ], [ -1642196.260131451068446, 1878831.046167939435691 ], [ -1642396.63521487894468, 1877855.119297229684889 ], [ -1642240.787927768193185, 1877436.878007811494172 ], [ -1641005.141579963034019, 1876635.270802769111469 ], [ -1640348.35658428282477, 1876461.01218027737923 ], [ -1640114.585653616813943, 1876751.443974286317825 ], [ -1640626.655311265960336, 1877669.233310766518116 ], [ -1640604.39141310704872, 1877913.208985963370651 ], [ -1639424.404810698470101, 1878157.187332222936675 ], [ -1639502.328454253962263, 1879539.78176639508456 ], [ -1639268.557523587718606, 1879725.683362504234537 ], [ -1638656.300324224866927, 1879075.03456593840383 ], [ -1637943.855583148309961, 1878761.335687969345599 ], [ -1635261.055855030193925, 1879574.638197438325733 ], [ -1632567.124177832854912, 1879690.826695004478097 ], [ -1630897.331815933808684, 1880085.872122259344906 ], [ -1630374.130209205206484, 1880051.014890813501552 ], [ -1629928.852246032096446, 1879818.634742629248649 ], [ -1629728.477162604453042, 1879493.306609881576151 ], [ -1629795.268857080256566, 1878482.495949554024264 ], [ -1629962.248093270463869, 1878296.604729485930875 ], [ -1630941.859612250933424, 1878145.569255160633475 ], [ -1631030.915204885648564, 1877657.615488089853898 ], [ -1630752.616477902512997, 1877192.907546430826187 ], [ -1629583.761824573157355, 1876251.903630604268983 ], [ -1629227.539454034529626, 1876414.543444246752188 ], [ -1628492.830814798828214, 1877518.202088319929317 ], [ -1627168.128874358953908, 1877645.99767146888189 ], [ -1626355.496591567993164, 1877343.936564821284264 ], [ -1625910.218628395115957, 1876449.39498719247058 ], [ -1625609.656003253301606, 1876309.989142183680087 ], [ -1624696.836178748402745, 1877030.262055491795763 ], [ -1623572.509321736404672, 1876612.036241095280275 ], [ -1622169.883737741038203, 1877065.114560803631321 ], [ -1621513.098742060828954, 1876844.382947290549055 ], [ -1620800.654000983806327, 1876275.1378170826938 ], [ -1620388.771885048830882, 1876286.754919398808852 ], [ -1619910.098074637819082, 1877088.349594613770023 ], [ -1619475.952060543932021, 1879191.220456798095256 ], [ -1619064.069944608956575, 1879365.500429616542533 ], [ -1617405.409531788900495, 1877680.851139498641714 ], [ -1615535.242086462210864, 1876972.174667711136863 ], [ -1614299.595738656818867, 1875949.861408774508163 ], [ -1613854.317775483708829, 1875915.010646358598024 ], [ -1612718.858969392254949, 1876251.903630604967475 ], [ -1612017.546177394455299, 1877007.027082218555734 ], [ -1611460.948723428184167, 1877332.318911694455892 ], [ -1608299.47518489905633, 1877007.027082219487056 ], [ -1607731.745781853795052, 1877599.526465544709936 ], [ -1607152.884429728612304, 1878900.756866074632853 ], [ -1605304.980882560135797, 1880376.351173695642501 ], [ -1604826.307072148891166, 1880271.778278483776376 ], [ -1604581.404192403657362, 1879981.300591663923115 ], [ -1604214.049872786039487, 1878517.350725989090279 ], [ -1603679.716316978214309, 1878064.242885333951563 ], [ -1602956.139626822201535, 1878052.62485673232004 ], [ -1601820.680820730514824, 1878552.205556956352666 ], [ -1601063.708283336367458, 1878645.15203947131522 ], [ -1599226.936685247346759, 1878180.423504520906135 ], [ -1597612.804068744648248, 1878877.519942454760894 ], [ -1596488.477211733115837, 1879121.508849548408762 ], [ -1595486.601794593269005, 1878982.086289645172656 ], [ -1595186.039169451687485, 1878714.862155854003504 ], [ -1594885.476544309640303, 1877808.647655260981992 ], [ -1594985.664086023811251, 1874416.479354343842715 ], [ -1595709.240776180056855, 1871686.855219051241875 ], [ -1595620.185183545574546, 1870943.52598122600466 ], [ -1595197.171118531143293, 1870327.975158297456801 ], [ -1594518.122224692022428, 1870211.835393111687154 ], [ -1593338.135622283443809, 1870838.997288861311972 ], [ -1591690.607158542843536, 1870885.454425150761381 ], [ -1590677.599792324006557, 1872360.518690563272685 ], [ -1589931.759204009082168, 1872650.897139374865219 ], [ -1589564.404884391231462, 1872523.130157013423741 ], [ -1588518.001670934492722, 1871547.479104527272284 ], [ -1588506.869721855269745, 1870989.983334657037631 ], [ -1588941.015735948923975, 1870014.399175974074751 ], [ -1589174.786666614934802, 1868829.818452924489975 ], [ -1588829.696245155762881, 1867714.976204112870619 ], [ -1587516.126253795111552, 1865218.395301262615249 ], [ -1587037.452443384099752, 1865276.452164722373709 ], [ -1587171.035832335939631, 1865659.631233014166355 ], [ -1586959.528799828607589, 1866855.656506623607129 ], [ -1586658.966174686793238, 1867413.049311386886984 ], [ -1585968.785331768682227, 1868005.294361945008859 ], [ -1584944.646016470389441, 1868109.809819988207892 ], [ -1583007.686876667430624, 1867796.264909002464265 ], [ -1581783.172477941494435, 1866762.759053802350536 ], [ -1580736.769264484522864, 1866344.725281128194183 ], [ -1580658.845620929263532, 1866019.593292227946222 ], [ -1581226.575023974990472, 1865032.614348067902029 ], [ -1581104.123584102606401, 1864243.06246131984517 ], [ -1580814.692908040015027, 1863813.46501748310402 ], [ -1577074.358017385937274, 1861897.792697802651674 ], [ -1576629.080054212827235, 1861421.802494484232739 ], [ -1575860.975567739224061, 1859924.240533130941913 ], [ -1575360.037859169533476, 1859448.292115171439946 ], [ -1574558.53752545802854, 1859343.816981176147237 ], [ -1573834.960835301782936, 1860098.370519750984386 ], [ -1573289.495330414967611, 1860005.501025759847835 ], [ -1574157.787358602276072, 1858461.60186190600507 ], [ -1574146.655409522820264, 1857881.216038723941892 ], [ -1573879.488631619140506, 1857324.059725345810875 ], [ -1571742.154408388072625, 1856662.454507100163028 ], [ -1570862.730431121308357, 1855908.016129071358591 ], [ -1570339.528824392938986, 1854271.551988895749673 ], [ -1569927.646708457730711, 1853900.172407000558451 ], [ -1568113.139008527388796, 1853134.221327386330813 ], [ -1566777.305119008058682, 1852124.598259122343734 ], [ -1566131.652072407305241, 1851370.311639533843845 ], [ -1565842.221396344946697, 1850627.654039664659649 ], [ -1563036.970228354213759, 1847831.302937143249437 ], [ -1561934.907269500894472, 1845534.14442891580984 ], [ -1561612.080746200168505, 1845336.924509482691064 ], [ -1559619.461861001094803, 1845232.51465891674161 ], [ -1557894.009753705002367, 1844780.077532424824312 ], [ -1557214.960859865881503, 1844060.837102379184216 ], [ -1555389.321210856316611, 1843446.020630474202335 ], [ -1554598.952826224034652, 1842692.023183236364275 ], [ -1553719.528848957037553, 1841265.296576057793573 ], [ -1553786.320543433306739, 1840453.378377169370651 ], [ -1554142.542913971701637, 1840233.005588628351688 ], [ -1555823.467224949970841, 1840754.944605315336958 ], [ -1557036.849674596916884, 1840499.772920879535377 ], [ -1557459.863739611348137, 1839977.839767430210486 ], [ -1557259.488656183239073, 1838934.009427301585674 ], [ -1557237.224758024560288, 1837043.638692288193852 ], [ -1557047.981623676139861, 1836626.15467736008577 ], [ -1555300.265618221601471, 1836742.121691016480327 ], [ -1554053.487321336986497, 1836614.558008496416733 ], [ -1553452.362071053357795, 1836359.432788396021351 ], [ -1553118.403598673641682, 1835930.365003136685118 ], [ -1554710.272317017428577, 1834225.770149658434093 ], [ -1555155.550280190305784, 1833437.293222476728261 ], [ -1555266.869770983699709, 1831732.884811994386837 ], [ -1555589.696294284192845, 1830631.464116579620168 ], [ -1555111.022483872948214, 1830469.153980994364247 ], [ -1554532.161131748231128, 1830677.838652988197282 ] ] ] ] } },
{ "type": "Feature", "properties": { "GID_2": "SEN.10.3_1", "GID_0": "SEN", "COUNTRY": "Senegal", "GID_1": "SEN.10_1", "NAME_1": "Saint-Louis", "NL_NAME_1": "NA", "NAME_2": "Saint-Louis", "VARNAME_2": "NA", "NL_NAME_2": "NA", "TYPE_2": "Département", "ENGTYPE_2": "Department", "CC_2": "43", "HASC_2": "SN.ST.SL", "area_ha": 87373.78, "carbon_mean": 12.44, "carbon_min": 7.8, "carbon_max": 95.48, "carbon_median": 11.24, "carbon_std": 5.07, "carbon_pixel_count": 162682 }, "geometry": { "type": "MultiPolygon", "coordinates": [ [ [ [ -1829702.810423640767112, 1785796.266755442135036 ], [ -1830593.36634998745285, 1785923.549633970251307 ], [ -1832385.610151758883148, 1785749.98224420286715 ], [ -1835580.479537525912747, 1784581.328703614417464 ], [ -1839142.70324291056022, 1781989.671730324393138 ], [ -1840534.196877826470882, 1781758.287738096434623 ], [ -1840801.363655730616301, 1780601.402056563878432 ], [ -1841235.509669824037701, 1780705.519428938161582 ], [ -1840534.196877826470882, 1782683.837424741126597 ], [ -1839387.606122655794024, 1787369.99469130858779 ], [ -1839209.494937386596575, 1790436.75462636933662 ], [ -1838920.064261324238032, 1792091.815269435755908 ], [ -1838563.841890785843134, 1799199.497569914907217 ], [ -1838307.807061961153522, 1800380.46327390964143 ], [ -1838296.675112881697714, 1803750.019631175789982 ], [ -1838029.508334977552295, 1805811.364540876122192 ], [ -1837873.661047867266461, 1811869.076773445354775 ], [ -1833788.235735754249617, 1812019.671138586476445 ], [ -1830938.456771446624771, 1813328.725150605197996 ], [ -1829391.115849419962615, 1813537.253896195441484 ], [ -1828623.011362946359441, 1813421.40436002635397 ], [ -1827554.344251330709085, 1813954.317051415331662 ], [ -1824793.620879657566547, 1815900.71168289007619 ], [ -1823235.148008551681414, 1816074.504923981614411 ], [ -1821799.126577318878844, 1816908.730761925689876 ], [ -1821298.188868748955429, 1816839.210786200128496 ], [ -1821142.341581638203934, 1816607.479051790433004 ], [ -1821710.070984683930874, 1816167.195189465070143 ], [ -1821342.716665066312999, 1815750.091935983859003 ], [ -1821509.69590125628747, 1815170.794406147440895 ], [ -1820964.230396369239315, 1815240.309339701896533 ], [ -1820129.334215419366956, 1816213.540462274337187 ], [ -1820296.313451609574258, 1816619.065583048388362 ], [ -1820296.313451609574258, 1818171.71359198493883 ], [ -1818303.694566409569234, 1818021.078967003151774 ], [ -1819428.021423422032967, 1820396.586177125107497 ], [ -1818248.034821013221517, 1821068.725512710167095 ], [ -1817880.680501395603642, 1821068.725512710167095 ], [ -1817891.812450474593788, 1820106.877017498714849 ], [ -1816990.124575048917904, 1820141.641923581017181 ], [ -1816967.86067689023912, 1819562.233695602277294 ], [ -1815932.589412512956187, 1819469.529736080672592 ], [ -1814084.685865344712511, 1817291.094386008568108 ], [ -1812058.671132906805724, 1817175.225949569605291 ], [ -1812771.115873984294012, 1813120.198292707325891 ], [ -1813695.06764756818302, 1812506.213504179380834 ], [ -1815108.825180642539635, 1811000.282334991265088 ], [ -1810411.142669166671112, 1811336.212303006788716 ], [ -1805668.932361373445019, 1808139.283919459674507 ], [ -1802707.833906272193417, 1807814.982583976816386 ], [ -1801973.125267036492005, 1806598.893113393569365 ], [ -1800770.874766469467431, 1803773.1797900730744 ], [ -1797253.178857401944697, 1805047.024219067767262 ], [ -1797052.803773974068463, 1804676.444062268361449 ], [ -1799724.471553012728691, 1800612.032227214425802 ], [ -1805568.744819659274071, 1795900.058854373870417 ], [ -1807038.162098130909726, 1794858.228158064885065 ], [ -1809208.892168599646538, 1793746.993512831395492 ], [ -1809665.302080851746723, 1793295.569594947621226 ], [ -1809676.434029931202531, 1792936.751699569867924 ], [ -1810188.503687580116093, 1792300.152911742450669 ], [ -1810644.913599832449108, 1790575.636316905496642 ], [ -1811257.170799195766449, 1789904.382475923513994 ], [ -1811535.469526178436354, 1790286.300395189551637 ], [ -1812259.04621633538045, 1789198.429453356424347 ], [ -1813316.581378871109337, 1788295.766543407458812 ], [ -1815787.8740744816605, 1787555.146125146653503 ], [ -1816355.603477527620271, 1787138.557463300880045 ], [ -1817056.91626952518709, 1785564.845115775708109 ], [ -1817335.214996508322656, 1785310.283958380809054 ], [ -1818203.507024696096778, 1785194.57525771507062 ], [ -1818648.784987868741155, 1785680.555649198126048 ], [ -1818838.028122217394412, 1786235.974184033460915 ], [ -1819550.472863294649869, 1786166.546145268715918 ], [ -1820396.500993323512375, 1785530.132067443570122 ], [ -1822645.154707347741351, 1785264.000409394269809 ], [ -1826719.448070381302387, 1785287.142172433203086 ], [ -1829702.810423640767112, 1785796.266755442135036 ] ] ] ] } },
{ "type": "Feature", "properties": { "GID_2": "SEN.11.1_1", "GID_0": "SEN", "COUNTRY": "Senegal", "GID_1": "SEN.11_1", "NAME_1": "Sédhiou", "NL_NAME_1": "NA", "NAME_2": "Bounkiling", "VARNAME_2": "NA", "NL_NAME_2": "NA", "TYPE_2": "Département", "ENGTYPE_2": "Department", "CC_2": "142", "HASC_2": "SN.SD.BL", "area_ha": 288764.07, "carbon_mean": 13.04, "carbon_min": 7.32, "carbon_max": 79.44, "carbon_median": 11.88, "carbon_std": 3.6, "carbon_pixel_count": 524422 }, "geometry": { "type": "MultiPolygon", "coordinates": [ [ [ [ -1764525.248564179521054, 1480395.80920931068249 ], [ -1759126.25326070562005, 1480430.108684018719941 ], [ -1759081.72546438826248, 1499518.60043457755819 ], [ -1754484.230494626099244, 1499621.569797419011593 ], [ -1750721.631705813342705, 1499941.921380843035877 ], [ -1748027.700028616236523, 1500731.375073661562055 ], [ -1745534.143434847006574, 1502104.391800521640107 ], [ -1742717.760317777050659, 1501074.622850931016728 ], [ -1735582.180957928299904, 1499667.33408187632449 ], [ -1734224.083170250058174, 1499838.950823849067092 ], [ -1731797.318270956864581, 1500834.348958666669205 ], [ -1729682.247945884708315, 1502607.848389761289582 ], [ -1729804.699385757325217, 1503008.331786690978333 ], [ -1727711.892958843847737, 1504575.994203950744122 ], [ -1727244.351097512058914, 1504759.084684183588251 ], [ -1727222.087199353612959, 1504541.664874432608485 ], [ -1724528.155522156273946, 1504907.846595824696124 ], [ -1722101.390622862847522, 1503900.85857758577913 ], [ -1719797.077163442038, 1502676.502273216145113 ], [ -1718461.243273922707886, 1502665.059947435976937 ], [ -1712939.796530576422811, 1500845.790525157237425 ], [ -1712038.108655150979757, 1500353.807448031846434 ], [ -1710835.858154583489522, 1500594.077157820109278 ], [ -1709355.308927032863721, 1500536.869894409785047 ], [ -1707084.391314850188792, 1500868.673672364791855 ], [ -1707318.162245515966788, 1500822.907396919559687 ], [ -1707474.009532626718283, 1500559.752785549499094 ], [ -1707384.953939992003143, 1493478.401891587534919 ], [ -1708208.718171862419695, 1491705.487511757994071 ], [ -1709154.933843605220318, 1490344.423613795777783 ], [ -1708921.16291293897666, 1485575.506810866529122 ], [ -1708631.732236876850948, 1484889.398922160733491 ], [ -1707919.28749579959549, 1484351.959532208973542 ], [ -1707295.898347357520834, 1483540.102637980598956 ], [ -1706750.432842470472679, 1482991.255017099902034 ], [ -1705848.744967044796795, 1482488.154174498748034 ], [ -1705871.00886520370841, 1481527.714088225504383 ], [ -1702442.368548770900816, 1481630.616804263088852 ], [ -1700115.791191191179678, 1480841.705661514773965 ], [ -1699837.492464208044112, 1477286.164819427533075 ], [ -1697978.456967960344627, 1477114.687121029244736 ], [ -1697755.817986374022439, 1475651.453416219213977 ], [ -1697332.803921359591186, 1474977.019826895091683 ], [ -1697132.428837931482121, 1468953.559679388534278 ], [ -1694828.115378510672599, 1465422.376521215075627 ], [ -1699893.152209604857489, 1464211.133870405610651 ], [ -1705670.633781775599346, 1463571.253045542398468 ], [ -1705993.460305076092482, 1463377.006374242017046 ], [ -1706817.224536946043372, 1463411.285101651446894 ], [ -1706995.335722215473652, 1463251.318062478909269 ], [ -1708409.093255290063098, 1463079.925810063723475 ], [ -1710212.469006140949205, 1463011.36919983709231 ], [ -1711693.018233691575006, 1462382.941345963394269 ], [ -1717270.124722434673458, 1459298.134131298400462 ], [ -1719218.215811317320913, 1458544.121201982488856 ], [ -1721934.411386673105881, 1458749.759104345459491 ], [ -1722914.022905653808266, 1452855.396074278047308 ], [ -1723893.634424634510651, 1452912.506135196890682 ], [ -1723927.030271872645244, 1451678.954288192791864 ], [ -1730728.651159341447055, 1451324.889082920970395 ], [ -1734502.381897233659402, 1450308.403727548895404 ], [ -1734558.041642630007118, 1451816.012967649148777 ], [ -1740469.106603752821684, 1448526.786409620661288 ], [ -1741760.412696954794228, 1448309.802150293951854 ], [ -1743285.489720822777599, 1448218.440849932143465 ], [ -1743352.281415298813954, 1450171.352293414296582 ], [ -1748383.922399154631421, 1449645.994560096180066 ], [ -1748305.998755599372089, 1448629.569002466043457 ], [ -1752090.861442570574582, 1447636.01942692277953 ], [ -1752124.257289808709174, 1446870.895593276945874 ], [ -1753682.730160914594308, 1447236.325317616574466 ], [ -1753560.278721041977406, 1448058.55927725462243 ], [ -1754016.688633294310421, 1449783.043471234850585 ], [ -1754562.154138181125745, 1450548.245321438880637 ], [ -1755218.939133861800656, 1452078.710612172959372 ], [ -1755797.800485986750573, 1452764.020214983727783 ], [ -1756398.925736270379275, 1452227.192960668820888 ], [ -1757512.12064420315437, 1451964.493947464041412 ], [ -1758113.245894486783072, 1452033.023891358403489 ], [ -1758981.537922674324363, 1452615.535068795550615 ], [ -1761753.393243426922709, 1452604.113166530616581 ], [ -1763011.30348939076066, 1452981.038359456928447 ], [ -1764091.102550085401163, 1454294.604538132902235 ], [ -1765059.582119987113401, 1454340.294887456577271 ], [ -1766239.568722395924851, 1453769.170793253462762 ], [ -1766707.110583727248013, 1453300.857586580328643 ], [ -1766707.110583727248013, 1452124.397406230447814 ], [ -1767508.610917439218611, 1451587.582201335579157 ], [ -1769167.27133025880903, 1451644.689721300033852 ], [ -1771671.959873107727617, 1453186.636021714890376 ], [ -1772217.425377994542941, 1453186.636021714424714 ], [ -1772818.550628278171644, 1452878.240084904013202 ], [ -1773096.84935526154004, 1452547.003723900299519 ], [ -1773297.224438689183444, 1451827.434554018545896 ], [ -1773041.189609864959493, 1450445.455820016330108 ], [ -1771482.716738758841529, 1448172.76030930550769 ], [ -1771582.904280472779647, 1447304.843910894589499 ], [ -1771961.39054916985333, 1446756.69976211944595 ], [ -1772952.134017230244353, 1446242.824164115358144 ], [ -1774054.196976083796471, 1446117.211533069144934 ], [ -1775412.29476376157254, 1446494.051080840174109 ], [ -1776247.190944710979238, 1447304.843910894822329 ], [ -1776803.788398677483201, 1447270.584593729116023 ], [ -1777449.441445278469473, 1446813.797620698343962 ], [ -1778017.170848324429244, 1446745.280204083072022 ], [ -1778228.677880831295624, 1447533.240407895762473 ], [ -1779397.532534160651267, 1447704.538978264667094 ], [ -1779397.532534160651267, 1448149.920066380174831 ], [ -1778918.858723749872297, 1448503.945883656851947 ], [ -1779408.664483240107074, 1449783.043471235083416 ], [ -1779686.96321022324264, 1450091.405927498359233 ], [ -1780443.935747617390007, 1450034.301517547341064 ], [ -1780644.310831045266241, 1450194.194153388496488 ], [ -1780254.692613269202411, 1450993.670774550875649 ], [ -1779664.699312064563856, 1451279.203570270910859 ], [ -1779731.491006540833041, 1452741.176295961253345 ], [ -1779130.365756256971508, 1453814.860299052204937 ], [ -1777916.983306610025465, 1454123.266381538240239 ], [ -1777705.476274102926254, 1454374.562697594985366 ], [ -1777460.57339435769245, 1454820.047985260142013 ], [ -1777360.385852643754333, 1455893.810432984028012 ], [ -1777037.559329343261197, 1456682.023574903607368 ], [ -1776870.580093153286725, 1456739.141318840207532 ], [ -1776803.788398677483201, 1457218.93490208289586 ], [ -1776369.64238458359614, 1457173.239925930043682 ], [ -1775701.725439823931083, 1457435.987042869441211 ], [ -1775089.468240461079404, 1457927.216435426380485 ], [ -1773820.426045417552814, 1459777.970977597404271 ], [ -1773530.995369355427101, 1460783.369753777980804 ], [ -1773018.925711706047878, 1461720.25072400062345 ], [ -1772640.439443008974195, 1464074.015331709990278 ], [ -1772384.404614184284583, 1464656.773714717710391 ], [ -1770091.223103843163699, 1467707.881504724966362 ], [ -1769723.868784225080162, 1468964.988174350466579 ], [ -1770024.431409367127344, 1470325.012177013559267 ], [ -1771326.869451648555696, 1470565.023230605991557 ], [ -1772250.821225232444704, 1470347.870284442789853 ], [ -1773018.925711706047878, 1470736.460950250271708 ], [ -1773787.030198179651052, 1472382.31620373763144 ], [ -1773742.502401862293482, 1472942.38613564404659 ], [ -1772306.480970629025251, 1474839.848876738222316 ], [ -1770491.973270699148998, 1476314.471729682292789 ], [ -1769645.945140670053661, 1476257.314361250028014 ], [ -1769445.570057242410257, 1476508.80765370093286 ], [ -1769145.007432100363076, 1478646.591746831079945 ], [ -1769256.32692289352417, 1480441.541851600632071 ], [ -1764525.248564179521054, 1480395.80920931068249 ] ] ] ] } },
{ "type": "Feature", "properties": { "GID_2": "SEN.11.2_1", "GID_0": "SEN", "COUNTRY": "Senegal", "GID_1": "SEN.11_1", "NAME_1": "Sédhiou", "NL_NAME_1": "NA", "NAME_2": "Goudomp", "VARNAME_2": "NA", "NL_NAME_2": "NA", "TYPE_2": "Département", "ENGTYPE_2": "Department", "CC_2": "143", "HASC_2": "SN.SD.GP", "area_ha": 173407.11, "carbon_mean": 19.17, "carbon_min": 7.04, "carbon_max": 100.53, "carbon_median": 15.69, "carbon_std": 11.39, "carbon_pixel_count": 313573 }, "geometry": { "type": "MultiPolygon", "coordinates": [ [ [ [ -1730962.422090007457882, 1400966.307038758648559 ], [ -1735459.729518055450171, 1398971.099645314738154 ], [ -1735381.80587450042367, 1398560.673697568709031 ], [ -1739300.251950423466042, 1396599.828367974841967 ], [ -1739389.307543058181182, 1396884.826882448745891 ], [ -1745578.671231164131314, 1394057.762985337991267 ], [ -1751823.694664666894823, 1395117.880324457772076 ], [ -1768621.805825371993706, 1397021.627144502010196 ], [ -1768721.993367085698992, 1398389.66456839768216 ], [ -1769245.194973814068362, 1398868.492623907513916 ], [ -1770603.292761492077261, 1399381.531294825719669 ], [ -1772384.404614184284583, 1398549.273058171384037 ], [ -1772829.682577357394621, 1399552.546165357576683 ], [ -1773030.057660785503685, 1400019.991864726645872 ], [ -1772996.661813547601923, 1400453.240829111775383 ], [ -1772061.578090883791447, 1401023.314946095924824 ], [ -1772362.140716025838628, 1402072.280107266502455 ], [ -1772284.217072470579296, 1403839.642799441935495 ], [ -1773096.84935526154004, 1405116.770890585845336 ], [ -1775100.600189540535212, 1406131.671138563193381 ], [ -1775568.142050872324035, 1406542.202538464684039 ], [ -1775902.100523252040148, 1407522.939654277637601 ], [ -1775757.385185220744461, 1409096.749058859422803 ], [ -1776247.190944710979238, 1409952.115662318421528 ], [ -1776948.503736708778888, 1410533.779205380473286 ], [ -1777104.351023819530383, 1411058.426812380552292 ], [ -1777193.406616454012692, 1411868.227431105216965 ], [ -1776736.996704201446846, 1412735.081079548923299 ], [ -1776347.378486424917355, 1412928.986067177727818 ], [ -1776313.982639187015593, 1413522.115183141082525 ], [ -1776647.941111566731706, 1413727.431909999577329 ], [ -1777338.121954485308379, 1416978.47232462069951 ], [ -1776469.829926297301427, 1416122.900288631673902 ], [ -1773052.32155894394964, 1413795.871139261871576 ], [ -1770770.271997681818902, 1411959.473974874708802 ], [ -1769668.209038828732446, 1411605.895201513310894 ], [ -1769278.590821052202955, 1411948.068141353316605 ], [ -1766718.242532806703821, 1413202.736472595483065 ], [ -1765315.616948811570182, 1413453.676594470394775 ], [ -1763768.276026785373688, 1412780.70566692831926 ], [ -1761486.22646552301012, 1410750.480339225381613 ], [ -1760317.371812193654478, 1410351.295282745966688 ], [ -1758903.614279118832201, 1410773.291078106267378 ], [ -1757311.745560775278136, 1412963.204727788455784 ], [ -1756410.057685349835083, 1413750.244968624087051 ], [ -1755564.029555320972577, 1414138.069688271963969 ], [ -1754027.820582373766229, 1414354.797507518203929 ], [ -1751823.694664666894823, 1414309.170464681927115 ], [ -1748840.332311407197267, 1413328.206264455569908 ], [ -1745823.574110909365118, 1413122.892339766724035 ], [ -1744164.913698089774698, 1412039.314933928428218 ], [ -1743997.934461900033057, 1411252.320696716895327 ], [ -1744142.649799930863082, 1410670.642892966745421 ], [ -1744053.594207296380773, 1409210.796498116571456 ], [ -1742662.100572380702943, 1407545.747883760370314 ], [ -1741337.398631940362975, 1407146.606424814788625 ], [ -1739745.52991359680891, 1407078.182719259755686 ], [ -1738966.293478043749928, 1407408.898772541899234 ], [ -1737931.022213666466996, 1408207.194245086750016 ], [ -1734992.187656723661348, 1410853.128804019885138 ], [ -1733055.228516920935363, 1411993.691502096131444 ], [ -1731107.137428038753569, 1415472.682309111813083 ], [ -1728546.789139793487266, 1418005.191883221268654 ], [ -1728301.886260048253462, 1418518.565217866329476 ], [ -1728223.962616492761299, 1419397.02500875829719 ], [ -1728947.539306649006903, 1423995.110737940995023 ], [ -1729370.553371663438156, 1425934.968094931449741 ], [ -1730305.637094326782972, 1427680.950652454746887 ], [ -1730561.671923151472583, 1428628.161682871403173 ], [ -1730639.595566706964746, 1429917.787970753153786 ], [ -1729626.588200488127768, 1434780.082408344373107 ], [ -1729314.89362626709044, 1435647.620127469301224 ], [ -1728357.546005444601178, 1436321.121366581879556 ], [ -1727589.441518971230835, 1437268.615877377567813 ], [ -1727210.955250274157152, 1437314.279051118763164 ], [ -1725953.04500431008637, 1436355.367613031063229 ], [ -1724884.377892694436014, 1435796.017353090690449 ], [ -1723481.752308699535206, 1435944.415343091124669 ], [ -1720453.862159122247249, 1437485.516597913578153 ], [ -1719964.056399632012472, 1437987.819280484924093 ], [ -1718973.312931572087109, 1439803.031655995175242 ], [ -1718583.694713795091957, 1440122.703568916069344 ], [ -1717292.388620593352243, 1439940.033468844834715 ], [ -1714642.9847397133708, 1437964.987150120083243 ], [ -1713908.276100477902219, 1437565.427801781101152 ], [ -1712928.664581496967003, 1437474.100729761878029 ], [ -1712338.671280292794108, 1438010.651428971206769 ], [ -1712561.310261879116297, 1439460.529981668805704 ], [ -1712461.12272016517818, 1440134.12048873770982 ], [ -1711470.379252105252817, 1441435.67910137353465 ], [ -1710924.913747217971832, 1441823.874673860613257 ], [ -1708431.357153448741883, 1442805.804568321909755 ], [ -1706806.092587867053226, 1443228.273122892947868 ], [ -1704635.362517398316413, 1443102.673713158816099 ], [ -1704000.841419876553118, 1442908.566616768948734 ], [ -1703266.132780640851706, 1443308.200306513113901 ], [ -1702019.354483756469563, 1443376.709498424082994 ], [ -1701050.874913854757324, 1444027.554989464115351 ], [ -1700572.201103443745524, 1444027.554989463882521 ], [ -1700082.395343953277916, 1443856.278427087003365 ], [ -1699559.193737224908546, 1442999.910969019168988 ], [ -1698256.755694943480194, 1442486.102772563695908 ], [ -1697221.484430566197261, 1441104.575262164697051 ], [ -1697188.088583328295499, 1440682.13797701196745 ], [ -1696854.130110948346555, 1440179.788213399238884 ], [ -1696753.942569234408438, 1439083.78285427717492 ], [ -1695740.93520301557146, 1437588.259615073911846 ], [ -1695395.844781556399539, 1437496.932470594299957 ], [ -1694839.247327590128407, 1438216.141580858035013 ], [ -1693570.205132546834648, 1438638.542614804580808 ], [ -1691444.002858395222574, 1438615.709967862349004 ], [ -1690798.349811794469133, 1438775.538877194281667 ], [ -1689429.120075036771595, 1438512.963280976749957 ], [ -1687469.897037075366825, 1437599.675528513966128 ], [ -1686289.910434666555375, 1437748.082815387286246 ], [ -1684898.416799750877544, 1436663.585663754260167 ], [ -1683829.749688135227188, 1436617.923522141994908 ], [ -1683929.937229849398136, 1435796.017353090690449 ], [ -1685032.000188702717423, 1435065.453776029869914 ], [ -1684954.076545147225261, 1433558.724864205345511 ], [ -1687046.882972060702741, 1429906.375096638686955 ], [ -1686423.493823618628085, 1429027.597309909993783 ], [ -1685900.292216890258715, 1427806.482863667421043 ], [ -1685521.805948193185031, 1425592.63090275763534 ], [ -1685098.791883178520948, 1424965.023208662867546 ], [ -1683262.020285089733079, 1423926.64755246671848 ], [ -1683250.888336010277271, 1423538.692549706902355 ], [ -1683640.506553786806762, 1423264.845078940968961 ], [ -1684497.666632894892246, 1423242.024572887690738 ], [ -1685878.02831873157993, 1423413.178805189672858 ], [ -1686724.056448760675266, 1423744.079846870154142 ], [ -1689117.425500815734267, 1423687.027674209326506 ], [ -1695985.838082760805264, 1420823.152512896573171 ], [ -1699759.56882065278478, 1418438.706549836788327 ], [ -1707106.655213008634746, 1415586.754591785604134 ], [ -1710657.746969314292073, 1411571.678127414546907 ], [ -1715132.790499203838408, 1408184.385501808254048 ], [ -1718015.965310749365017, 1406450.972842967370525 ], [ -1730962.422090007457882, 1400966.307038758648559 ] ] ] ] } },
{ "type": "Feature", "properties": { "GID_2": "SEN.11.3_1", "GID_0": "SEN", "COUNTRY": "Senegal", "GID_1": "SEN.11_1", "NAME_1": "Sédhiou", "NL_NAME_1": "NA", "NAME_2": "Sédhiou", "VARNAME_2": "NA", "NL_NAME_2": "NA", "TYPE_2": "Département", "ENGTYPE_2": "Department", "CC_2": "141", "HASC_2": "SN.SD.SD", "area_ha": 272922.63, "carbon_mean": 14.97, "carbon_min": 6.93, "carbon_max": 100.39, "carbon_median": 13.98, "carbon_std": 5.16, "carbon_pixel_count": 494527 }, "geometry": { "type": "MultiPolygon", "coordinates": [ [ [ [ -1732654.478350065415725, 1412586.801661789417267 ], [ -1733055.228516920935363, 1411993.691502096131444 ], [ -1735804.819939514622092, 1410225.838244925951585 ], [ -1738966.293478043749928, 1407408.898772541899234 ], [ -1739745.52991359680891, 1407078.182719259755686 ], [ -1741337.398631940362975, 1407146.606424814788625 ], [ -1742662.100572380702943, 1407545.747883760370314 ], [ -1743975.670563741121441, 1409028.32080811006017 ], [ -1744142.649799930863082, 1410670.642892966745421 ], [ -1743997.934461900033057, 1411252.320696716895327 ], [ -1744164.913698089774698, 1412039.314933928428218 ], [ -1745300.372504180995747, 1412883.361248611705378 ], [ -1746658.470291858771816, 1413236.955453371163458 ], [ -1748840.332311407197267, 1413328.206264455569908 ], [ -1751823.694664666894823, 1414309.170464681927115 ], [ -1754027.820582373766229, 1414354.797507518203929 ], [ -1755564.029555320972577, 1414138.069688271963969 ], [ -1756410.057685349835083, 1413750.244968624087051 ], [ -1757578.912338679423556, 1412643.832118174992502 ], [ -1758614.183603056706488, 1411012.804908433929086 ], [ -1759950.017492576036602, 1410351.295282745733857 ], [ -1761486.22646552301012, 1410750.480339225381613 ], [ -1763768.276026785373688, 1412780.70566692831926 ], [ -1765315.616948811570182, 1413453.676594470394775 ], [ -1766718.242532806703821, 1413202.736472595483065 ], [ -1769278.590821052202955, 1411948.068141353316605 ], [ -1769668.209038828732446, 1411605.895201513310894 ], [ -1769890.848020415287465, 1411640.112315587466583 ], [ -1770770.271997681818902, 1411959.473974874708802 ], [ -1773052.32155894394964, 1413795.871139261871576 ], [ -1776814.920347756939009, 1416408.088180917082354 ], [ -1779252.81719612935558, 1419454.068768054945394 ], [ -1780944.873456187313423, 1420515.103057202184573 ], [ -1782269.575396627187729, 1420549.330613508354872 ], [ -1782993.152086783433333, 1420366.784111581742764 ], [ -1783482.95784627366811, 1422135.251538027077913 ], [ -1783527.485642591258511, 1423435.999445676803589 ], [ -1783271.45081376680173, 1424850.914177153259516 ], [ -1782347.49904018221423, 1427452.711662062210962 ], [ -1782447.686581896385178, 1427806.482863667188212 ], [ -1783249.186915608122945, 1428628.161682871868834 ], [ -1783427.298100877320394, 1429107.485096797114238 ], [ -1783638.805133384419605, 1431104.75147334812209 ], [ -1781991.276669644052163, 1432337.419017248786986 ], [ -1780911.47760894941166, 1432725.491909878095612 ], [ -1780521.859391172882169, 1433398.924898961093277 ], [ -1779931.866089968476444, 1435305.167908259201795 ], [ -1779976.393886285834014, 1435818.847763336263597 ], [ -1781289.963877646485344, 1437987.819280484924093 ], [ -1781490.338961074128747, 1439060.949853745289147 ], [ -1781278.831928567029536, 1439940.033468844834715 ], [ -1780154.505071555264294, 1440567.966804615454748 ], [ -1778573.768302290234715, 1442097.898239955306053 ], [ -1778128.490339117357507, 1443536.564916344825178 ], [ -1778774.14338571857661, 1445649.023857217282057 ], [ -1778607.164149528369308, 1446162.888789639575407 ], [ -1778017.170848324429244, 1446756.69976211944595 ], [ -1777449.441445278469473, 1446813.797620698343962 ], [ -1776458.69797721831128, 1447316.26369240693748 ], [ -1776024.551963124424219, 1447213.485823016380891 ], [ -1775078.336291381623596, 1446311.340377144049853 ], [ -1774054.196976083796471, 1446117.211533069144934 ], [ -1772952.134017230244353, 1446242.824164115358144 ], [ -1771738.751567583531141, 1446973.672231213422492 ], [ -1771482.716738758841529, 1448172.76030930550769 ], [ -1772885.342322754207999, 1450068.56414980487898 ], [ -1773297.224438689183444, 1451827.434554018545896 ], [ -1773096.84935526154004, 1452547.003723900299519 ], [ -1772217.425377994542941, 1453186.636021714424714 ], [ -1771671.959873107727617, 1453186.636021714890376 ], [ -1771104.230470061767846, 1452901.084113851888105 ], [ -1769167.27133025880903, 1451644.689721300033852 ], [ -1768310.111251150723547, 1451519.053328389301896 ], [ -1767508.610917439218611, 1451587.582201335579157 ], [ -1766874.089819917455316, 1451873.120945267844945 ], [ -1766673.714736489811912, 1452341.410678311018273 ], [ -1766707.110583727248013, 1453300.857586580328643 ], [ -1766239.568722395924851, 1453769.170793253462762 ], [ -1765059.582119987113401, 1454340.294887456577271 ], [ -1764091.102550085401163, 1454294.604538132902235 ], [ -1763011.30348939076066, 1452981.038359456928447 ], [ -1761753.393243426922709, 1452604.113166530616581 ], [ -1758981.537922674324363, 1452615.535068795550615 ], [ -1758113.245894486783072, 1452033.023891358403489 ], [ -1757512.12064420315437, 1451964.493947464041412 ], [ -1756398.925736270379275, 1452227.192960668820888 ], [ -1755797.800485986750573, 1452764.020214983727783 ], [ -1755218.939133861800656, 1452078.710612172959372 ], [ -1754562.154138181125745, 1450548.245321438880637 ], [ -1754016.688633294310421, 1449783.043471234850585 ], [ -1753560.278721041977406, 1448058.55927725462243 ], [ -1753682.730160914594308, 1447236.325317616574466 ], [ -1752124.257289808709174, 1446870.895593276945874 ], [ -1752090.861442570574582, 1447636.01942692277953 ], [ -1748305.998755599372089, 1448629.569002466043457 ], [ -1748383.922399154631421, 1449645.994560096180066 ], [ -1743352.281415298813954, 1450171.352293414296582 ], [ -1743285.489720822777599, 1448218.440849932143465 ], [ -1741760.412696954794228, 1448309.802150293951854 ], [ -1740469.106603752821684, 1448526.786409620661288 ], [ -1734558.041642630007118, 1451816.012967649148777 ], [ -1734502.381897233659402, 1450308.403727548895404 ], [ -1730728.651159341447055, 1451324.889082920970395 ], [ -1723927.030271872645244, 1451678.954288192791864 ], [ -1723893.634424634510651, 1452912.506135196890682 ], [ -1722914.022905653808266, 1452855.396074278047308 ], [ -1721934.411386673105881, 1458749.759104345459491 ], [ -1719218.215811317320913, 1458544.121201982488856 ], [ -1717270.124722434673458, 1459298.134131298400462 ], [ -1711693.018233691575006, 1462382.941345963394269 ], [ -1710212.469006140949205, 1463011.36919983709231 ], [ -1708409.093255290063098, 1463079.925810063723475 ], [ -1706995.335722215473652, 1463251.318062478909269 ], [ -1706817.224536946043372, 1463411.285101651446894 ], [ -1705993.460305076092482, 1463377.006374242017046 ], [ -1705670.633781775599346, 1463571.253045542398468 ], [ -1699893.152209604857489, 1464211.133870405610651 ], [ -1694828.115378510672599, 1465422.376521215075627 ], [ -1691265.891673126025125, 1463491.268960500368848 ], [ -1690531.183033890556544, 1463434.137609671335667 ], [ -1687547.820680630626157, 1461411.762104447698221 ], [ -1687224.994157330133021, 1460486.31640325859189 ], [ -1687147.070513775106519, 1459206.737557260552421 ], [ -1688360.452963421586901, 1456933.34250722383149 ], [ -1688282.529319866327569, 1456133.699074991047382 ], [ -1687692.536018661921844, 1455276.963220015401021 ], [ -1687369.709495361428708, 1453849.127476527821273 ], [ -1687024.619073902256787, 1453232.324592681368813 ], [ -1686601.605008887825534, 1453015.304533426417038 ], [ -1682215.617071632761508, 1448024.29905664222315 ], [ -1682660.895034806104377, 1446219.985462903510779 ], [ -1682449.388002298772335, 1439334.94705717288889 ], [ -1682605.235289409290999, 1438524.379561390494928 ], [ -1682861.27011823374778, 1438022.067510010208935 ], [ -1683762.957993659190834, 1437143.042523134499788 ], [ -1683829.749688135227188, 1436617.923522141994908 ], [ -1684898.416799750877544, 1436663.585663754260167 ], [ -1686289.910434666555375, 1437748.082815387286246 ], [ -1687469.897037075366825, 1437599.675528513966128 ], [ -1689429.120075036771595, 1438512.963280976749957 ], [ -1690798.349811794469133, 1438775.538877194281667 ], [ -1691444.002858395222574, 1438615.709967862349004 ], [ -1693570.205132546834648, 1438638.542614804580808 ], [ -1694839.247327590128407, 1438216.141580858035013 ], [ -1695395.844781556399539, 1437496.932470594299957 ], [ -1695740.93520301557146, 1437588.259615073911846 ], [ -1696753.942569234408438, 1439083.78285427717492 ], [ -1696854.130110948346555, 1440179.788213399238884 ], [ -1697188.088583328295499, 1440682.13797701196745 ], [ -1697221.484430566197261, 1441104.575262164697051 ], [ -1698256.755694943480194, 1442486.102772563695908 ], [ -1699559.193737224908546, 1442999.910969019168988 ], [ -1700082.395343953277916, 1443856.278427087003365 ], [ -1700572.201103443745524, 1444027.554989463882521 ], [ -1701050.874913854757324, 1444027.554989464115351 ], [ -1702019.354483756469563, 1443376.709498424082994 ], [ -1703266.132780640851706, 1443308.200306513113901 ], [ -1704000.841419876553118, 1442908.566616768948734 ], [ -1704635.362517398316413, 1443102.673713158816099 ], [ -1706806.092587867053226, 1443228.273122892947868 ], [ -1708431.357153448741883, 1442805.804568321909755 ], [ -1710924.913747217971832, 1441823.874673860613257 ], [ -1711470.379252105252817, 1441435.67910137353465 ], [ -1712461.12272016517818, 1440134.12048873770982 ], [ -1712561.310261879116297, 1439460.529981668805704 ], [ -1712338.671280292794108, 1438010.651428971206769 ], [ -1712928.664581496967003, 1437474.100729761878029 ], [ -1713908.276100477902219, 1437565.427801781101152 ], [ -1714642.9847397133708, 1437964.987150120083243 ], [ -1717292.388620593352243, 1439940.033468844834715 ], [ -1718583.694713795091957, 1440122.703568916069344 ], [ -1718973.312931572087109, 1439803.031655995175242 ], [ -1719964.056399632012472, 1437987.819280484924093 ], [ -1720453.862159122247249, 1437485.516597913578153 ], [ -1723481.752308699535206, 1435944.415343091124669 ], [ -1724884.377892694436014, 1435796.017353090690449 ], [ -1727411.330333701800555, 1437359.942297308007255 ], [ -1728357.546005444601178, 1436321.121366581879556 ], [ -1729314.89362626709044, 1435647.620127469301224 ], [ -1729626.588200488127768, 1434780.082408344373107 ], [ -1730639.595566706964746, 1429917.787970753153786 ], [ -1730561.671923151472583, 1428628.161682871403173 ], [ -1730305.637094326782972, 1427680.950652454746887 ], [ -1729370.553371663438156, 1425934.968094931449741 ], [ -1728947.539306649006903, 1423995.110737940995023 ], [ -1728223.962616492761299, 1419397.02500875829719 ], [ -1728301.886260048253462, 1418518.565217866329476 ], [ -1728546.789139793487266, 1418005.191883221268654 ], [ -1731107.137428038753569, 1415472.682309111813083 ], [ -1732654.478350065415725, 1412586.801661789417267 ] ] ] ] } },
{ "type": "Feature", "properties": { "GID_2": "SEN.12.1_1", "GID_0": "SEN", "COUNTRY": "Senegal", "GID_1": "SEN.12_1", "NAME_1": "Tambacounda", "NL_NAME_1": "NA", "NAME_2": "Bakel", "VARNAME_2": "NA", "NL_NAME_2": "NA", "TYPE_2": "Département", "ENGTYPE_2": "Department", "CC_2": "51", "HASC_2": "SN.TB.BK", "area_ha": 684053.95, "carbon_mean": 12.86, "carbon_min": 7.74, "carbon_max": 85.21, "carbon_median": 11.34, "carbon_std": 3.1, "carbon_pixel_count": 1250041 }, "geometry": { "type": "MultiPolygon", "coordinates": [ [ [ [ -1343370.219045987585559, 1540679.981432780390605 ], [ -1342312.683883451391011, 1539476.886476980755106 ], [ -1342167.968545420095325, 1538766.512785180006176 ], [ -1340253.273303775582463, 1535535.694393273675814 ], [ -1339863.655085999285802, 1533805.876117300475016 ], [ -1340119.689914823975414, 1531938.713065891992301 ], [ -1340030.634322189027444, 1531045.269576096907258 ], [ -1339095.550599525915459, 1530048.771227487362921 ], [ -1337971.223742513684556, 1529373.005845733219758 ], [ -1335889.549264679430053, 1527437.432112630223855 ], [ -1335455.403250585775822, 1526704.469819271471351 ], [ -1335711.438079410232604, 1525101.183765061665326 ], [ -1335588.986639537615702, 1524666.022443866822869 ], [ -1333963.722073955694214, 1523875.878901437623426 ], [ -1332683.547929833177477, 1521940.696712735109031 ], [ -1332639.020133515819907, 1521219.332626739516854 ], [ -1332416.381151929264888, 1520933.082330407109112 ], [ -1331358.845989393303171, 1520360.590757136233151 ], [ -1330501.685910284984857, 1519467.527906163595617 ], [ -1330034.144048953428864, 1519456.078572297701612 ], [ -1329978.484303556615487, 1519249.991384431486949 ], [ -1329522.074391304515302, 1519078.253250444307923 ], [ -1328731.706006672000512, 1519043.905753368511796 ], [ -1328141.712705467594787, 1518792.025429249741137 ], [ -1327551.719404263189062, 1518196.681176853366196 ], [ -1326939.462204900570214, 1517028.928232778096572 ], [ -1325269.669843001058325, 1516273.349985990906134 ], [ -1324234.398578623775393, 1515552.135688932379708 ], [ -1323933.835953481961042, 1514533.309809670783579 ], [ -1323577.613582943566144, 1514166.999665194191039 ], [ -1321562.730799585347995, 1513090.991963677108288 ], [ -1320961.605549301719293, 1512049.365203350782394 ], [ -1320716.702669556485489, 1511213.803122910903767 ], [ -1320750.09851679415442, 1509943.339702771278098 ], [ -1320939.341651142807677, 1509256.62720953556709 ], [ -1321551.598850505892187, 1508890.387569936225191 ], [ -1322230.647744345013052, 1508032.032551081851125 ], [ -1322375.363082376075909, 1506773.160354892257601 ], [ -1323232.523161484394222, 1504965.062929713632911 ], [ -1323377.238499515457079, 1504026.730066495016217 ], [ -1323154.59951792890206, 1503660.560059305280447 ], [ -1324223.266629544319585, 1503363.050511549692601 ], [ -1325113.822555890539661, 1502676.502273216377944 ], [ -1326316.073056458029896, 1502321.792381965089589 ], [ -1327507.191607945831493, 1502253.139381633372977 ], [ -1327941.337622039951384, 1501726.805389517219737 ], [ -1328865.289395624073222, 1501372.107710951939225 ], [ -1329922.82455816003494, 1501703.921530712628737 ], [ -1330724.324891871772707, 1501555.176911149639636 ], [ -1331425.637683869106695, 1500685.609025844139978 ], [ -1331637.144716376671568, 1499919.039001669036224 ], [ -1332683.547929833177477, 1498809.266361796064302 ], [ -1333240.145383799448609, 1498569.01217434136197 ], [ -1334152.96520830411464, 1497516.49462631996721 ], [ -1334642.770967794815078, 1497470.733902405714616 ], [ -1335088.048930967925116, 1496967.370934787904844 ], [ -1336223.507737059611827, 1496967.370934787439182 ], [ -1337180.855357881635427, 1495560.291201136540622 ], [ -1337537.077728419797495, 1495297.18666534149088 ], [ -1339151.210344922496006, 1495617.488170056371018 ], [ -1339173.47424308094196, 1496521.215958937769756 ], [ -1339585.356359016150236, 1497241.931418236577883 ], [ -1339117.814497684361413, 1497642.337007415248081 ], [ -1338806.119923463324085, 1498877.910798920784146 ], [ -1339251.397886636201292, 1499953.362577539170161 ], [ -1338928.571363335708156, 1501040.297881119418889 ], [ -1339062.154752287780866, 1501452.200336584588513 ], [ -1338772.724076225422323, 1502081.507628477178514 ], [ -1339017.626955970656127, 1502264.581536486279219 ], [ -1340097.426016665296629, 1501417.874897133326158 ], [ -1341778.350327643798664, 1500616.960096376016736 ], [ -1342524.190915958490223, 1501234.806607850594446 ], [ -1343359.087096908129752, 1501475.083986608311534 ], [ -1343826.628958240151405, 1502001.41317583899945 ], [ -1344483.413953920360655, 1502207.370809690328315 ], [ -1345874.907588836038485, 1502287.46586043573916 ], [ -1346821.123260578839108, 1502687.944603745592758 ], [ -1347500.172154417727143, 1502653.617626403691247 ], [ -1348301.67248812969774, 1503649.117324995109811 ], [ -1349281.284007110167295, 1504198.373932814691216 ], [ -1349515.054937775945291, 1504553.107979517197236 ], [ -1350750.701285581570119, 1504873.516852566273883 ], [ -1351518.805772055173293, 1505754.660482709063217 ], [ -1351930.687887990148738, 1507105.039247212233022 ], [ -1352854.639661574503407, 1507562.809810732956976 ], [ -1353789.723384238081053, 1507734.475737591506913 ], [ -1357697.037511081900448, 1509977.675778444157913 ], [ -1358086.655728858197108, 1510481.276491279713809 ], [ -1359110.795044156257063, 1510824.645913901738822 ], [ -1360569.080373548669741, 1511660.196134326746687 ], [ -1360980.962489483179525, 1511499.951652969466522 ], [ -1361927.178161226212978, 1512243.951810109429061 ], [ -1362639.622902303235605, 1512449.986193920485675 ], [ -1363162.824509031604975, 1511969.241708022542298 ], [ -1363552.442726808134466, 1511854.779978153062984 ], [ -1363329.803745221346617, 1511042.115438212174922 ], [ -1363329.803745221346617, 1510137.911366307875142 ], [ -1363507.914930490544066, 1509817.441126177785918 ], [ -1363619.23442128370516, 1508569.931891935411841 ], [ -1363763.949759315000847, 1508226.590671376092359 ], [ -1364331.679162360960618, 1508100.699965634150431 ], [ -1364932.80441264458932, 1507219.481173439417034 ], [ -1364966.200259882491082, 1506853.268686283845454 ], [ -1364699.033481978578493, 1506349.734479679027572 ], [ -1364843.74882000987418, 1505148.155997264897451 ], [ -1366034.867371497908607, 1507070.706762237939984 ], [ -1366925.423297843895853, 1507871.809251138009131 ], [ -1376866.253825683379546, 1512781.933737876359373 ], [ -1376354.184168034465984, 1516983.135016996180639 ], [ -1375942.302052099257708, 1517292.240713197970763 ], [ -1375853.246459464775398, 1519284.339140958152711 ], [ -1373359.68986569554545, 1529212.657211417332292 ], [ -1373137.0508841087576, 1569754.030254789395258 ], [ -1374394.961130072828382, 1570144.040309540461749 ], [ -1374639.864009818062186, 1571772.968061658553779 ], [ -1374072.134606772335246, 1572013.874355398351327 ], [ -1373137.0508841087576, 1573597.027563566574827 ], [ -1372413.474193952744827, 1574342.748586384113878 ], [ -1372413.474193952279165, 1575088.490704216295853 ], [ -1371890.272587224142626, 1575432.686491857515648 ], [ -1372001.592078017536551, 1575880.147738924250007 ], [ -1371611.97386024100706, 1576293.195637538097799 ], [ -1371834.612841827562079, 1577027.519012694014236 ], [ -1373304.030120298732072, 1578897.841424146201462 ], [ -1373393.085712933447212, 1579873.215705960057676 ], [ -1373882.891472423681989, 1580997.809820739785209 ], [ -1373493.273254647385329, 1581869.977194149512798 ], [ -1373905.155370582360774, 1582673.314893746050075 ], [ -1374105.530454010469839, 1583752.121369554894045 ], [ -1374662.127907976508141, 1584337.449844415765256 ], [ -1376510.031455145217478, 1584968.70108927320689 ], [ -1376888.517723842291161, 1585542.579059128416702 ], [ -1376988.705265555996448, 1586368.985434426926076 ], [ -1376621.350945938378572, 1586931.415807060198858 ], [ -1375697.399172354256734, 1587424.987115639029071 ], [ -1375741.926968671381474, 1589422.324295182246715 ], [ -1376231.732728161849082, 1593084.505949152866378 ], [ -1389345.168743609450758, 1593095.986950905993581 ], [ -1389256.113150974735618, 1595644.894593251170591 ], [ -1390224.592720876680687, 1597068.7174194927793 ], [ -1390313.648313510930166, 1597665.827611092012376 ], [ -1390068.745433765696362, 1597987.354164805728942 ], [ -1390291.384415352484211, 1598343.334632362239063 ], [ -1389834.974503099685535, 1598423.717993550235406 ], [ -1389879.502299417043105, 1598883.05625745235011 ], [ -1390280.252466273028404, 1599239.048999196151271 ], [ -1390035.3495865277946, 1599572.078885398572311 ], [ -1389656.863317830720916, 1599629.498263024026528 ], [ -1389545.543827037326992, 1600042.921531019732356 ], [ -1389757.050859544659033, 1600548.2255792489741 ], [ -1389612.335521513363346, 1601110.962123414967209 ], [ -1388833.099085960304365, 1602305.382187472656369 ], [ -1389055.738067546859384, 1602753.303899413906038 ], [ -1389534.411877958104014, 1603005.981101150391623 ], [ -1389400.828489006031305, 1604016.714554079808295 ], [ -1389033.474169388413429, 1603924.828064806526527 ], [ -1388354.425275549292564, 1604602.498589106369764 ], [ -1388855.36298411898315, 1605877.486144543159753 ], [ -1389478.752132561290637, 1605865.999489687616006 ], [ -1389834.974503099918365, 1606819.409205563366413 ], [ -1389768.182808623882011, 1623021.278636472299695 ], [ -1394610.580658131279051, 1652003.436387885827571 ], [ -1408302.878025703830644, 1655651.560087439371273 ], [ -1401456.729341917438433, 1677010.077212041709572 ], [ -1402736.90348604042083, 1679129.656773071503267 ], [ -1403026.334162102779374, 1680212.55540876253508 ], [ -1402725.771536960965022, 1680604.253807294880971 ], [ -1403193.313398292753845, 1681111.166814605938271 ], [ -1402235.965777470730245, 1682712.619293421972543 ], [ -1402803.695180515991524, 1682977.617828952614218 ], [ -1403048.598060261458158, 1684014.595920700347051 ], [ -1403649.723310545086861, 1683703.497926001669839 ], [ -1404039.341528321616352, 1684671.371214408660308 ], [ -1404451.223644256824628, 1685155.322076302021742 ], [ -1404774.050167557550594, 1685950.404793503228575 ], [ -1404351.03610254288651, 1686226.961305334698409 ], [ -1404195.188815432367846, 1686826.177711116382852 ], [ -1404996.689149143639952, 1687321.69457626901567 ], [ -1404974.425250984961167, 1688105.322959047975019 ], [ -1405375.175417840946466, 1689246.238217903999612 ], [ -1407245.342863167868927, 1691897.053413617890328 ], [ -1407801.94031713437289, 1693430.046411704272032 ], [ -1408291.746076624374837, 1693372.413367186440155 ], [ -1412399.435286896303296, 1699090.270252927904949 ], [ -1412054.344865437131375, 1700911.964348391164094 ], [ -1411364.164022518787533, 1701488.478052418678999 ], [ -1410551.53173972829245, 1701707.556820652680472 ], [ -1409293.621493763988838, 1701546.130169701529667 ], [ -1406777.801001836080104, 1700185.576410362962633 ], [ -1403482.744074355112389, 1698744.394269747426733 ], [ -1402825.959078674903139, 1698202.531708388822153 ], [ -1401423.333494679769501, 1696254.231199714588001 ], [ -1397159.796997297322378, 1692726.932497705798596 ], [ -1394721.900148924672976, 1691839.423961149528623 ], [ -1392462.114485820988193, 1691240.08565556560643 ], [ -1391638.350253951037303, 1691182.457741459133103 ], [ -1390636.474836811423302, 1690779.066119986353442 ], [ -1389701.391114148078486, 1690029.927784338826314 ], [ -1387975.939006852218881, 1688209.040346201974899 ], [ -1387207.834520378382877, 1687125.79137033293955 ], [ -1386283.8827467947267, 1680258.637251766398549 ], [ -1385816.340885462705046, 1679302.456573416013271 ], [ -1385849.736732700606808, 1678714.94216746953316 ], [ -1386384.070288508431986, 1677424.763308217516169 ], [ -1386283.882746794493869, 1676860.331158264772967 ], [ -1384714.277926609152928, 1675650.876915802014992 ], [ -1381853.367013222072273, 1672667.808186940383166 ], [ -1379938.671771578025073, 1671274.296388552058488 ], [ -1378502.650340344524011, 1670767.584167138673365 ], [ -1377801.337548347190022, 1670283.913937303703278 ], [ -1375229.857311022235081, 1669397.209571489365771 ], [ -1373459.877407409250736, 1669374.178709676722065 ], [ -1372112.911568810697645, 1669028.718336220830679 ], [ -1371122.168100750539452, 1668095.999238410033286 ], [ -1369630.486924120690674, 1666000.387231583939865 ], [ -1368506.160067108692601, 1664941.133805384859443 ], [ -1367448.624904572730884, 1663317.799929558066651 ], [ -1367059.006686795968562, 1663053.010784744052216 ], [ -1366535.805080067599192, 1662776.712056877091527 ], [ -1364665.637634740676731, 1662581.002304267836735 ], [ -1362684.150698620360345, 1662062.954465659335256 ], [ -1361882.650364908855408, 1659035.467004769714549 ], [ -1361403.976554497610778, 1658805.254786475095898 ], [ -1360346.44139196164906, 1658851.297061036806554 ], [ -1359422.489618377527222, 1658264.264392524724826 ], [ -1359066.267247839132324, 1656860.045897851698101 ], [ -1359711.920294440118596, 1655317.798063463997096 ], [ -1359021.739451521541923, 1654535.201047366019338 ], [ -1358587.593437427887693, 1654247.487682223320007 ], [ -1358008.732085302937776, 1654143.911676834803075 ], [ -1356116.300741817103699, 1654155.420100806280971 ], [ -1354980.84193572611548, 1653154.206917947391048 ], [ -1353878.778976872563362, 1653441.907774501014501 ], [ -1353589.348300809971988, 1653188.730846996884793 ], [ -1353522.556606333935633, 1652647.861401360016316 ], [ -1353689.535842523910105, 1652406.20008766790852 ], [ -1354324.0569400456734, 1651853.840083587216213 ], [ -1355392.724051661090925, 1651497.114021946908906 ], [ -1355593.099135088967159, 1651140.393013860564679 ], [ -1355581.967186009511352, 1650645.594818536192179 ], [ -1355314.800408105831593, 1650334.912546440027654 ], [ -1352709.924323542974889, 1649725.065892118727788 ], [ -1352119.931022338801995, 1649264.814036194235086 ], [ -1351952.951786148827523, 1648827.582554953871295 ], [ -1351908.423989831469953, 1647389.374569955049083 ], [ -1352387.097800242714584, 1645905.229847844224423 ], [ -1352988.223050526343286, 1645214.959689003415406 ], [ -1354891.78634309140034, 1644892.840067250654101 ], [ -1355092.161426519276574, 1644455.684288938529789 ], [ -1354969.709986646659672, 1641637.361292384797707 ], [ -1355904.793709310237318, 1640544.62657929235138 ], [ -1356539.314806831767783, 1639451.938983324449509 ], [ -1356483.655061435187235, 1638209.782902708742768 ], [ -1356628.370399466250092, 1638037.266034662490711 ], [ -1359044.003349680453539, 1638175.279435275821015 ], [ -1359990.219021423254162, 1637243.703544138930738 ], [ -1359578.336905488045886, 1634656.172000640304759 ], [ -1360368.705290120327845, 1632609.333590575261042 ], [ -1360435.4969845963642, 1630758.121476697036996 ], [ -1359867.76758155063726, 1630171.740718769142404 ], [ -1358420.614201238146052, 1629585.37344674160704 ], [ -1358042.127932541305199, 1629263.452049586223438 ], [ -1358030.995983461849391, 1628918.540775023167953 ], [ -1358821.36436809389852, 1627274.527762089855969 ], [ -1358832.496317172888666, 1626768.698899141978472 ], [ -1356962.328871846199036, 1624940.900788438739255 ], [ -1356984.592770004877821, 1624550.067835783120245 ], [ -1358342.690557682653889, 1622860.358769075712189 ], [ -1358287.030812286306173, 1620860.439059643307701 ], [ -1357207.23175159143284, 1620469.668377606198192 ], [ -1356750.821839338866994, 1619998.452828249661252 ], [ -1356127.432690896559507, 1619745.609029277926311 ], [ -1355904.793709310237318, 1619722.623352952534333 ], [ -1355548.571338771609589, 1620251.299119717208669 ], [ -1355214.612866391660646, 1620090.396645826753229 ], [ -1354813.862699535908177, 1620193.833834585733712 ], [ -1354658.015412425389513, 1619630.680853598983958 ], [ -1354190.47355109360069, 1619285.89941551303491 ], [ -1354101.41795845888555, 1618826.198037479771301 ], [ -1353132.938388557638973, 1618343.520451476564631 ], [ -1351808.236448117531836, 1618309.043828308582306 ], [ -1351529.93772113439627, 1618423.966085581108928 ], [ -1351340.694586785975844, 1618791.720766059588641 ], [ -1350405.610864122398198, 1618550.381162756122649 ], [ -1350093.916289901360869, 1618676.796862452058122 ], [ -1350349.951118725817651, 1619239.928907143417746 ], [ -1349882.409257394028828, 1619435.304136506747454 ], [ -1349704.298072124831378, 1618826.198037480236962 ], [ -1350316.555271487683058, 1617941.296061584725976 ], [ -1350160.707984377397224, 1617343.717171734431759 ], [ -1349737.693919362965971, 1616757.643685532733798 ], [ -1349270.152058030944318, 1616700.186220102710649 ], [ -1348925.061636571772397, 1616332.461483082501218 ], [ -1348635.630960509413853, 1616884.050561684183776 ], [ -1347377.720714545343071, 1617355.208942358382046 ], [ -1346398.109195564640686, 1616389.918126451782882 ], [ -1346353.581399247050285, 1615631.500773588893935 ], [ -1346631.880126230185851, 1615459.136313153896481 ], [ -1346398.109195564640686, 1615355.718191389460117 ], [ -1346375.84529740572907, 1614953.540559503016993 ], [ -1346887.914955054875463, 1615068.447812702972442 ], [ -1347444.512409021379426, 1614229.636664690682665 ], [ -1347132.817834800342098, 1613747.045380207477137 ], [ -1346386.977246485184878, 1613379.362854505190626 ], [ -1346409.241144644096494, 1613046.155100435717031 ], [ -1345908.303436074173078, 1612804.869417916052043 ], [ -1346420.373093723319471, 1612218.89931199979037 ], [ -1346487.164788199355826, 1612586.565271718194708 ], [ -1346175.470213978085667, 1612770.400219208095223 ], [ -1346765.463515182258561, 1612919.767080075340346 ], [ -1346631.880126230185851, 1612437.200342811178416 ], [ -1346932.442751372233033, 1612575.075631057377905 ], [ -1346910.178853213554248, 1612299.325792382936925 ], [ -1347099.421987562207505, 1612253.367772853933275 ], [ -1347210.741478355368599, 1612471.669095699908212 ], [ -1347077.158089403761551, 1612873.807953708805144 ], [ -1347333.192918228218332, 1613057.644951222697273 ], [ -1347277.533172831404954, 1612655.503223290434107 ], [ -1347656.019441528478637, 1612758.910496554104611 ], [ -1347789.602830480318516, 1612460.179506279993802 ], [ -1347656.019441528478637, 1612264.857270051026717 ], [ -1347934.318168511847034, 1612322.304832885740325 ], [ -1347667.151390607934445, 1612115.494206075789407 ], [ -1347678.283339687157422, 1611862.727916128467768 ], [ -1347433.380459941923618, 1611874.217239163117483 ], [ -1347544.699950735084713, 1611724.856439204188064 ], [ -1346531.692584516480565, 1611724.856439204188064 ], [ -1345986.22707962943241, 1611483.583129070000723 ], [ -1346242.261908453889191, 1611161.88889478915371 ], [ -1346576.220380833838135, 1611115.932903264882043 ], [ -1346219.998010295210406, 1610920.620853028493002 ], [ -1346498.296737278345972, 1610346.182219229638577 ], [ -1347021.498344006715342, 1610081.944743311731145 ], [ -1347132.817834800109267, 1610219.807436563773081 ], [ -1347422.248510862700641, 1610116.410347560886294 ], [ -1347310.929020069306716, 1609829.198385543189943 ], [ -1346999.234445848269388, 1609898.128964863484725 ], [ -1347199.609529276145622, 1609335.201288297306746 ], [ -1346965.838598610134795, 1609266.272212464828044 ], [ -1346821.123260578839108, 1609576.454503316199407 ], [ -1346119.810468581039459, 1609243.295894757611677 ], [ -1344928.691917093237862, 1609323.713096209103242 ], [ -1344149.455481540411711, 1608381.69874096638523 ], [ -1342646.642355831107125, 1608611.455170914530754 ], [ -1341488.91965158120729, 1608037.067928275791928 ], [ -1341199.488975518615916, 1607635.004457743139938 ], [ -1340809.870757742319256, 1607657.979344648541883 ], [ -1340598.363725234987214, 1607416.744050985202193 ], [ -1339807.995340602705255, 1607623.517021951032802 ], [ -1339407.245173746952787, 1607531.617719470988959 ], [ -1339607.62025717459619, 1607347.820095005445182 ], [ -1339273.661784795112908, 1607118.074902641586959 ], [ -1339462.904919143533334, 1607003.203072292730212 ], [ -1339151.210344922496006, 1606807.922132281819358 ], [ -1338739.32822898728773, 1607209.972734509035945 ], [ -1338628.008738194126636, 1606819.409205563366413 ], [ -1338416.501705686561763, 1607003.203072292730212 ], [ -1338060.279335148166865, 1606474.799227352254093 ], [ -1335410.875454268418252, 1598906.023383864434436 ], [ -1334331.07639357377775, 1597941.421556456247345 ], [ -1334308.812495415098965, 1596391.243614042876288 ], [ -1332984.110554974991828, 1595828.609289013780653 ], [ -1332728.075726150535047, 1595334.878984867129475 ], [ -1332995.242504054447636, 1592992.658117186743766 ], [ -1333006.374453133903444, 1591075.408487772103399 ], [ -1333785.610888686729595, 1589961.861103143543005 ], [ -1334242.02080093906261, 1588400.678738637128845 ], [ -1333796.742837766185403, 1587402.030104064848274 ], [ -1333607.499703417532146, 1584303.018395754741505 ], [ -1333819.006735924398527, 1584130.861831079469994 ], [ -1334598.243171477457508, 1584222.678524823626503 ], [ -1335188.236472681863233, 1583889.844540502177551 ], [ -1335277.292065316578373, 1582994.656862261937931 ], [ -1334898.80579661950469, 1581502.745294232154265 ], [ -1335733.701977568911389, 1580125.671418054727837 ], [ -1336468.41061680437997, 1579907.641342034796253 ], [ -1336345.959176931763068, 1577922.503328810213134 ], [ -1337191.987306960858405, 1577337.317831072025001 ], [ -1336535.202311280416325, 1576362.037583871744573 ], [ -1336045.396551789948717, 1574973.759774146135896 ], [ -1335967.472908234689385, 1574159.184531657956541 ], [ -1336368.223075090674683, 1573631.44499274273403 ], [ -1328976.608886417234316, 1573952.676497718784958 ], [ -1328041.525163753889501, 1565567.519719491712749 ], [ -1328909.817191941197962, 1560865.65243185008876 ], [ -1329188.115918924799189, 1558354.508106603985652 ], [ -1329677.921678415033966, 1557700.961457868572325 ], [ -1329588.866085780085996, 1556451.241463399725035 ], [ -1329900.560660001356155, 1555614.305791165912524 ], [ -1330011.880150794517249, 1554078.081260466016829 ], [ -1330267.914979619206861, 1553573.668610419146717 ], [ -1330045.275998032884672, 1552312.678666289662942 ], [ -1330379.234470412367955, 1552003.172049778047949 ], [ -1331347.714040313847363, 1551831.225478244246915 ], [ -1331804.123952566413209, 1550799.569272166816518 ], [ -1332872.791064182063565, 1550513.005166611401364 ], [ -1333640.895550655433908, 1548850.993868419202045 ], [ -1334409.000037129037082, 1547968.450495394878089 ], [ -1335922.945111917331815, 1546959.865090516628698 ], [ -1336067.660449948627502, 1546134.687071332940832 ], [ -1336791.237140104873106, 1545538.740955698071048 ], [ -1337592.737473816610873, 1545527.280583194922656 ], [ -1337704.056964610004798, 1545252.233111353591084 ], [ -1338405.369756607338786, 1544725.066668358165771 ], [ -1339039.890854129334912, 1544301.048997299280018 ], [ -1339663.280002571642399, 1544174.990980797214434 ], [ -1340097.426016665296629, 1543670.764830929692835 ], [ -1342457.399221482686698, 1542765.473444743780419 ], [ -1343136.448115321574733, 1541860.212545810732991 ], [ -1344015.872092588339001, 1542158.143147971015424 ], [ -1343370.219045987585559, 1540679.981432780390605 ] ] ] ] } },
{ "type": "Feature", "properties": { "GID_2": "SEN.12.2_1", "GID_0": "SEN", "COUNTRY": "Senegal", "GID_1": "SEN.12_1", "NAME_1": "Tambacounda", "NL_NAME_1": "NA", "NAME_2": "Goudiry", "VARNAME_2": "NA", "NL_NAME_2": "NA", "TYPE_2": "Département", "ENGTYPE_2": "Department", "CC_2": "53", "HASC_2": "SN.TB.GY", "area_ha": 1573254.75, "carbon_mean": 11.48, "carbon_min": 7.67, "carbon_max": 85.9, "carbon_median": 10.73, "carbon_std": 2.45, "carbon_pixel_count": 2875703 }, "geometry": { "type": "MultiPolygon", "coordinates": [ [ [ [ -1418677.854567637201399, 1523658.307174002286047 ], [ -1418945.021345540881157, 1523738.464976395713165 ], [ -1418989.549141858238727, 1524013.293520655948669 ], [ -1419189.924225286114961, 1523875.878901437157765 ], [ -1419902.368966363137588, 1524230.868087604409084 ], [ -1421338.390397596405819, 1523394.933200374245644 ], [ -1421705.744717214023694, 1523635.40498812822625 ], [ -1422284.606069339439273, 1523349.12929128902033 ], [ -1422473.849203687626868, 1522833.840626311022788 ], [ -1422997.050810415996239, 1522352.913339965976775 ], [ -1423497.988518985686824, 1522444.517882369691506 ], [ -1423965.530380317708477, 1522078.101561826420948 ], [ -1424522.127834283746779, 1521940.696712735109031 ], [ -1424388.54444533213973, 1521517.03612505318597 ], [ -1424611.183426918461919, 1520921.632381096482277 ], [ -1425234.572575360769406, 1520772.783477812074125 ], [ -1425301.364269836805761, 1520280.442896330030635 ], [ -1425846.829774723853916, 1519753.762814771384001 ], [ -1426058.336807231185958, 1519982.752904625376686 ], [ -1426559.274515800643712, 1519868.25761934556067 ], [ -1426960.02468265639618, 1520223.194568579318002 ], [ -1427961.900099796010181, 1520337.691344292135909 ], [ -1428240.198826778912917, 1519948.404268565354869 ], [ -1428663.212891793577, 1519856.808117257198319 ], [ -1428885.851873380597681, 1519604.920287414686754 ], [ -1429609.428563536377624, 1519639.268490863032639 ], [ -1429854.331443281611428, 1519822.459639833308756 ], [ -1430121.498221185524017, 1519707.965027530211955 ], [ -1430889.602707659127191, 1518013.500942160608247 ], [ -1429297.733989315340295, 1517269.343875013059005 ], [ -1428563.025350079638883, 1515929.912233592709526 ], [ -1428585.289248238317668, 1515380.420803065411747 ], [ -1429331.129836553242058, 1515254.497238664422184 ], [ -1429709.616105250315741, 1514945.414583912119269 ], [ -1429809.803646964486688, 1514521.862543433671817 ], [ -1430678.095675152027979, 1514224.235302067361772 ], [ -1432102.985157306073233, 1514086.869974652770907 ], [ -1434607.673700154293329, 1514292.918224316556007 ], [ -1435798.792251642327756, 1513709.118878708221018 ], [ -1435720.868608087301254, 1512999.418792480835691 ], [ -1435854.451997039141133, 1512919.292518829926848 ], [ -1436411.049451005412266, 1513342.819763255072758 ], [ -1436689.348177988780662, 1512610.2362302292604 ], [ -1437335.001224589534104, 1512392.754265238530934 ], [ -1437335.001224589766935, 1512083.703915912425146 ], [ -1436811.799617861397564, 1512083.703915912425146 ], [ -1436800.667668781941757, 1511087.898715696996078 ], [ -1436967.646904971916229, 1510950.549112536711618 ], [ -1437479.716562620829791, 1511053.561250417260453 ], [ -1437835.93893315945752, 1510847.537361573893577 ], [ -1438737.626808585133404, 1510813.20019722986035 ], [ -1439483.467396899824962, 1510183.693134700879455 ], [ -1440340.627476008376107, 1510275.256900646258146 ], [ -1440674.585948387859389, 1509989.1211465485394 ], [ -1440874.961031815735623, 1509279.517349212197587 ], [ -1441119.863911561202258, 1509313.852594509255141 ], [ -1441242.315351433586329, 1508981.947021889034659 ], [ -1442021.551786986645311, 1508730.159263551933691 ], [ -1442233.058819493744522, 1508272.369252849835902 ], [ -1442622.677037270274013, 1508283.813910137861967 ], [ -1443179.274491236777976, 1508627.155845925910398 ], [ -1443780.399741520406678, 1507997.698908158577979 ], [ -1444158.886010217480361, 1508283.813910138094798 ], [ -1444448.316686279838905, 1507517.032411323161796 ], [ -1444826.802954977145419, 1507059.262610107194632 ], [ -1445216.421172753209248, 1506773.160354892257601 ], [ -1445683.963034085463732, 1506921.933156084269285 ], [ -1445683.963034085230902, 1506269.627614941680804 ], [ -1446363.011927924118936, 1505926.315122474450618 ], [ -1446251.692437130957842, 1505033.722687343135476 ], [ -1445928.865913830697536, 1504850.63038084260188 ], [ -1445850.942270275205374, 1504061.058754195924848 ], [ -1447064.324719921918586, 1504312.803771250648424 ], [ -1447409.415141380857676, 1503729.216564957052469 ], [ -1448901.096318010939285, 1503202.854393085697666 ], [ -1449669.200804484309629, 1503534.690243251854554 ], [ -1450248.062156609492376, 1503008.331786690978333 ], [ -1450203.534360292134807, 1502401.887765030609444 ], [ -1449780.520295277936384, 1501703.921530713094398 ], [ -1450426.173341878689826, 1501532.293194699566811 ], [ -1450726.735967020504177, 1501795.457079821266234 ], [ -1451428.048759018070996, 1500925.881623379420489 ], [ -1451828.798925873823464, 1501326.340600680094212 ], [ -1451839.930874953279272, 1500411.014332145219669 ], [ -1451695.215536922216415, 1500124.981096734991297 ], [ -1452062.569856539834291, 1499621.569797419244424 ], [ -1452262.944939967477694, 1499598.687683619791642 ], [ -1452641.431208664551377, 1500090.657307578716427 ], [ -1454044.056792660150677, 1499770.303999112220481 ], [ -1454378.01526503986679, 1500033.45108711742796 ], [ -1453910.473403708310798, 1501463.64215922402218 ], [ -1454378.015265040099621, 1501909.87694332189858 ], [ -1454355.751366881188005, 1502115.833893663715571 ], [ -1453999.528996342793107, 1502493.425630542915314 ], [ -1453376.13984790048562, 1502516.31014440045692 ], [ -1453598.778829486807808, 1502699.38693902338855 ], [ -1453531.987135011004284, 1502859.580131554277614 ], [ -1454311.223570563830435, 1502722.271623825887218 ], [ -1454711.973737419815734, 1502951.119516646489501 ], [ -1455001.404413482174277, 1503855.087269660783932 ], [ -1454845.557126371888444, 1504129.716257939813659 ], [ -1455090.460006116889417, 1504392.904941031010821 ], [ -1455190.647547830827534, 1504907.846595824463293 ], [ -1455101.591955196112394, 1505102.382616213755682 ], [ -1456092.335423256037757, 1505331.250282626831904 ], [ -1456303.842455763602629, 1505548.676328439032659 ], [ -1455880.828390749171376, 1507185.148545549251139 ], [ -1455613.661612845258787, 1507208.03695937874727 ], [ -1455669.321358241839334, 1507356.812113775638863 ], [ -1455969.883983383653685, 1507642.920443165116012 ], [ -1456292.710506684379652, 1507677.253642832161859 ], [ -1456804.780164333293214, 1506967.709564546355978 ], [ -1457316.849821982206777, 1507562.809810733422637 ], [ -1457483.829058172414079, 1508524.152814578730613 ], [ -1457105.342789475107566, 1508741.604111578315496 ], [ -1456637.800928143318743, 1509760.214691372588277 ], [ -1457016.287196840392426, 1510298.147889876971021 ], [ -1455624.793561924481764, 1510893.32031423645094 ], [ -1455524.606020210776478, 1511076.452889160485938 ], [ -1455969.883983383653685, 1511156.573775243246928 ], [ -1455502.342122051864862, 1511786.103169666603208 ], [ -1455658.189409162616357, 1512175.274026426719502 ], [ -1455969.883983383886516, 1512255.398124124156311 ], [ -1456292.710506684146821, 1511889.118446924490854 ], [ -1456982.891349602723494, 1512152.38147011352703 ], [ -1458196.273799248971045, 1511808.995420042891055 ], [ -1458875.322693088324741, 1512461.432594001991674 ], [ -1459431.920147054595873, 1512530.111094912746921 ], [ -1460433.795564193977043, 1513606.096757178427652 ], [ -1460890.205476446542889, 1513640.437421281589195 ], [ -1461235.295897905481979, 1513422.947276039049029 ], [ -1461691.705810158047825, 1513640.437421281356364 ], [ -1461858.685046347789466, 1513525.96870843693614 ], [ -1463216.782834025565535, 1514212.78816511714831 ], [ -1463728.852491674479097, 1513903.71727713290602 ], [ -1463918.095626023598015, 1514647.782735433196649 ], [ -1464374.505538275931031, 1514270.023897747974843 ], [ -1465398.644853573990986, 1514304.365394782973453 ], [ -1466022.034002016298473, 1514544.757080696057528 ], [ -1466556.367557824123651, 1514418.837362799560651 ], [ -1467625.034669439541176, 1515185.811902445508167 ], [ -1467747.486109312158078, 1515082.784221516456455 ], [ -1467658.430516677442938, 1514613.440807418432087 ], [ -1467881.069498263997957, 1514292.918224316323176 ], [ -1468693.701781054958701, 1514178.446782993385568 ], [ -1469138.979744227835909, 1514453.179046579869464 ], [ -1469662.181350956205279, 1514441.731813864782453 ], [ -1469751.236943590920419, 1514178.446782993385568 ], [ -1469395.01457305252552, 1513617.543640426360071 ], [ -1469595.389656480401754, 1513583.203005038201809 ], [ -1469606.521605559857562, 1513319.926231238758191 ], [ -1470586.133124540327117, 1512243.951810109429061 ], [ -1470964.619393237633631, 1511328.262176576303318 ], [ -1472601.015907898778096, 1511454.167687473585829 ], [ -1473714.210815831553191, 1510675.851969709387049 ], [ -1473769.870561228133738, 1510424.048672032309696 ], [ -1473246.668954499764368, 1509027.726862346054986 ], [ -1473357.988445293158293, 1508844.607958436012268 ], [ -1474081.565135449403897, 1508672.93509495863691 ], [ -1475172.496145223267376, 1509336.742781896842644 ], [ -1475617.774108396377414, 1509886.113005449529737 ], [ -1475873.808937220834196, 1510652.960665319347754 ], [ -1476252.295205918140709, 1510950.549112536711618 ], [ -1476508.330034742597491, 1510492.722069455077872 ], [ -1476508.330034742830321, 1509531.310145284282044 ], [ -1478367.365530990296975, 1509599.981308674672619 ], [ -1478623.400359815219417, 1509817.441126177553087 ], [ -1478489.816970862913877, 1511614.411901216953993 ], [ -1478890.567137718899176, 1511705.98044390254654 ], [ -1479569.616031557554379, 1511374.0459318254143 ], [ -1481094.69305542553775, 1511328.262176576303318 ], [ -1481417.519578726030886, 1511843.333831456489861 ], [ -1481295.068138853181154, 1512289.737094854004681 ], [ -1481539.971018598414958, 1512266.844442919129506 ], [ -1482252.415759675670415, 1511568.627744572237134 ], [ -1481651.290509392041713, 1510675.851969709387049 ], [ -1481695.818305709166452, 1508810.273299891967326 ], [ -1482129.964319803053513, 1508352.481953986920416 ], [ -1482508.450588500127196, 1508295.258572193561122 ], [ -1483577.117700115544721, 1508764.493821938987821 ], [ -1484478.805575540987775, 1510870.428828352130949 ], [ -1485725.58387242583558, 1511122.236223972169682 ], [ -1486237.653530074981973, 1512163.827745879301801 ], [ -1487773.86250302195549, 1513926.611297304509208 ], [ -1488241.404364353744313, 1515208.706995353102684 ], [ -1487629.147164990659803, 1515769.64275898761116 ], [ -1487328.584539849078283, 1517418.173666302580386 ], [ -1487361.980387086747214, 1519169.846787373768166 ], [ -1487028.021914707031101, 1519971.303354464704171 ], [ -1487395.376234324881807, 1521196.432492373511195 ], [ -1486972.362169310217723, 1521997.948648938909173 ], [ -1487462.167928800685331, 1522650.629229706712067 ], [ -1487618.015215911436826, 1523234.619855892378837 ], [ -1486682.93149324785918, 1523417.835183830931783 ], [ -1486248.78547915420495, 1524402.638712130719796 ], [ -1486861.042678517056629, 1524402.638712130719796 ], [ -1487840.654197497991845, 1524791.98947837529704 ], [ -1488074.425128163769841, 1525410.381569056538865 ], [ -1489387.99511952442117, 1525421.83340713265352 ], [ -1490278.551045870641246, 1526040.239830772858113 ], [ -1491313.822310247924179, 1526372.352794358041137 ], [ -1494230.392969031818211, 1526567.041592188877985 ], [ -1495210.004488012520596, 1527494.69562532263808 ], [ -1496723.94956280104816, 1527861.184967887587845 ], [ -1497069.039984260220081, 1528353.662817385047674 ], [ -1498349.214128382969648, 1528032.978551202919334 ], [ -1501455.027921515284106, 1531113.994951619300991 ], [ -1500453.152504375902936, 1532935.280987257836387 ], [ -1499484.672934474656358, 1533691.32252490054816 ], [ -1498404.873873779550195, 1533977.707416123710573 ], [ -1497870.540317971957847, 1534401.56262405612506 ], [ -1497970.727859685895965, 1534871.247782246675342 ], [ -1499083.922767618438229, 1534882.70361982146278 ], [ -1498761.096244317945093, 1535340.941106892423704 ], [ -1497915.068114289082587, 1535867.923829650506377 ], [ -1497547.713794671464711, 1536669.873798845801502 ], [ -1496490.178632135270163, 1537838.472140833968297 ], [ -1496011.504821724491194, 1537918.671923011541367 ], [ -1495766.601941979024559, 1538457.162353531690314 ], [ -1495365.851775123039261, 1538502.991823056479916 ], [ -1494998.497455505421385, 1539236.273935284465551 ], [ -1492983.614672147203237, 1541757.08349092095159 ], [ -1491002.127736027119681, 1543464.493224632227793 ], [ -1489699.689693745458499, 1547326.619028388522565 ], [ -1490868.544347074814141, 1551888.540879184147343 ], [ -1491191.370870375307277, 1554490.789609424304217 ], [ -1492081.926796721527353, 1554582.503442596644163 ], [ -1494430.768052459694445, 1555946.78394016274251 ], [ -1497046.776086101774126, 1556795.195248686010018 ], [ -1497703.561081781983376, 1557253.807201946619898 ], [ -1498749.964295238722116, 1559180.063649473246187 ], [ -1498861.28378603188321, 1560418.444995135301724 ], [ -1500152.589879234088585, 1561347.268855174770579 ], [ -1501466.159870594507083, 1561805.959278493421152 ], [ -1502223.13240798888728, 1562666.02517107874155 ], [ -1503948.584515284514055, 1562585.751175891608 ], [ -1504171.223496871301904, 1562379.33344544400461 ], [ -1504304.806885823141783, 1561748.622542505152524 ], [ -1504015.37620976055041, 1560670.714931959286332 ], [ -1504249.147140426328406, 1560154.710802165791392 ], [ -1504071.035955157363787, 1559409.389178724261001 ], [ -1504571.973663727054372, 1559363.523914745775983 ], [ -1505072.911372296744958, 1559615.783845140133053 ], [ -1505807.620011532213539, 1559443.788178595947102 ], [ -1507577.599915145430714, 1559535.519062370760366 ], [ -1507944.954234763048589, 1558021.999912440776825 ], [ -1509158.336684409761801, 1558067.862864760449156 ], [ -1509380.97566599608399, 1558732.884551800787449 ], [ -1510271.531592342769727, 1559524.052684601396322 ], [ -1512865.275727825704962, 1558904.87562320753932 ], [ -1513143.574454809073359, 1559306.192445959895849 ], [ -1517095.416377970250323, 1561450.473510025534779 ], [ -1517128.812225208152086, 1561106.459552564192563 ], [ -1517262.395614159991965, 1561072.058401742018759 ], [ -1518386.722471172222868, 1561461.940718641504645 ], [ -1518709.548994472483173, 1561794.491921396693215 ], [ -1519021.243568693753332, 1562562.815793270012364 ], [ -1519511.04932818422094, 1561909.165715126786381 ], [ -1520646.50813427567482, 1561656.88402231130749 ], [ -1522438.751936047105119, 1563078.866694483207539 ], [ -1522828.37015382386744, 1563250.885890837060288 ], [ -1523674.398283852729946, 1563239.417909730458632 ], [ -1523440.62735318671912, 1564397.709030515747145 ], [ -1523908.169214518507943, 1565911.591511450009421 ], [ -1524108.544297946384177, 1567345.272079154383391 ], [ -1524297.787432294804603, 1567632.017507021315396 ], [ -1525577.96157641755417, 1568480.802180709550157 ], [ -1525221.739205879159272, 1571715.609744272194803 ], [ -1524420.238872167654335, 1573780.587704858742654 ], [ -1524687.405650071334094, 1575226.168479704065248 ], [ -1524531.55836296081543, 1576970.149261333048344 ], [ -1523607.606589376693591, 1578335.583282643696293 ], [ -1522683.654815792571753, 1580550.261496353661641 ], [ -1522216.11295446078293, 1580596.163537566550076 ], [ -1522082.529565508943051, 1580779.772504737367854 ], [ -1522383.092190650757402, 1582191.309322238201275 ], [ -1522249.508801698684692, 1583614.398922229418531 ], [ -1522071.397616429487243, 1583958.706397355301306 ], [ -1522294.036598016042262, 1584750.630757716251537 ], [ -1522049.133718270808458, 1586483.766161322128028 ], [ -1521626.119653256610036, 1587413.508607333293185 ], [ -1521358.952875352697447, 1588607.300460497150198 ], [ -1519010.111619614530355, 1589135.341171778505668 ], [ -1518408.986369330901653, 1589732.269609789829701 ], [ -1517195.60391968418844, 1591764.224468982312828 ], [ -1516549.950873083202168, 1592521.943057541269809 ], [ -1516060.14511359273456, 1592866.367876670788974 ], [ -1514891.290460263378918, 1593176.35410477919504 ], [ -1513677.908010616665706, 1593934.113740958739072 ], [ -1512898.671575063839555, 1595047.830787830986083 ], [ -1512898.671575063839555, 1596207.524945552460849 ], [ -1512375.469968335470185, 1597608.412573612295091 ], [ -1511562.837685544509441, 1598963.441288746893406 ], [ -1510772.469300912460312, 1599755.821340817026794 ], [ -1510850.392944467486814, 1600823.850116561865434 ], [ -1509392.107615075772628, 1601788.559060735162348 ], [ -1508490.419739650096744, 1603086.378909356426448 ], [ -1507644.391609621234238, 1603316.088307568337768 ], [ -1505696.300520738819614, 1606635.616645559901372 ], [ -1505373.473997438559309, 1607520.130329642444849 ], [ -1504939.327983344672248, 1608163.432025692192838 ], [ -1504282.542987664462999, 1608611.455170914763585 ], [ -1504560.841714647831395, 1609473.05999217974022 ], [ -1504327.070783981820568, 1610920.620853028493002 ], [ -1504661.029256361536682, 1611701.87793141673319 ], [ -1505418.001793755916879, 1612712.951657190453261 ], [ -1505518.189335469854996, 1613793.006065127206966 ], [ -1505128.571117693325505, 1615746.411055711796507 ], [ -1504616.501460044179112, 1617113.882838740712032 ], [ -1504638.765358202857897, 1617653.996783071197569 ], [ -1503135.952232493786141, 1621940.836066699586809 ], [ -1487996.501484608277678, 1633770.721693360246718 ], [ -1486193.125733757391572, 1635737.153134060790762 ], [ -1484178.242950399173424, 1636737.676646305248141 ], [ -1474293.072167956503108, 1644455.684288938529789 ], [ -1451194.277828352293, 1640878.193230736069381 ], [ -1447030.928872684016824, 1639992.525907111819834 ], [ -1441654.197467368794605, 1638347.797241589985788 ], [ -1424355.148598094005138, 1640889.695607383269817 ], [ -1415961.6589922811836, 1644697.269442498218268 ], [ -1408458.725312814582139, 1655145.164273604284972 ], [ -1408302.878025703830644, 1655651.560087439371273 ], [ -1394610.580658131279051, 1652003.436387885827571 ], [ -1389768.182808623882011, 1623021.278636472299695 ], [ -1389834.974503099918365, 1606819.409205563366413 ], [ -1389478.752132561290637, 1605865.999489687616006 ], [ -1388855.36298411898315, 1605877.486144543159753 ], [ -1388354.425275549292564, 1604602.498589106369764 ], [ -1389033.474169388413429, 1603924.828064806526527 ], [ -1389400.828489006031305, 1604016.714554079808295 ], [ -1389534.411877958104014, 1603005.981101150391623 ], [ -1389055.738067546859384, 1602753.303899413906038 ], [ -1388833.099085960304365, 1602305.382187472656369 ], [ -1389612.335521513363346, 1601110.962123414967209 ], [ -1389757.050859544659033, 1600548.2255792489741 ], [ -1389545.543827037326992, 1600042.921531019732356 ], [ -1389656.863317830720916, 1599629.498263024026528 ], [ -1390035.3495865277946, 1599572.078885398572311 ], [ -1390280.252466273028404, 1599239.048999196151271 ], [ -1389879.502299417043105, 1598883.05625745235011 ], [ -1389834.974503099685535, 1598423.717993550235406 ], [ -1390291.384415352484211, 1598343.334632362239063 ], [ -1390068.745433765696362, 1597987.354164805728942 ], [ -1390313.648313510930166, 1597665.827611092012376 ], [ -1390224.592720876680687, 1597068.7174194927793 ], [ -1389256.113150974735618, 1595644.894593251170591 ], [ -1389345.168743609450758, 1593095.986950905993581 ], [ -1376231.732728161849082, 1593084.505949152866378 ], [ -1375741.926968671381474, 1589422.324295182246715 ], [ -1375697.399172354256734, 1587424.987115639029071 ], [ -1376621.350945938378572, 1586931.415807060198858 ], [ -1376988.705265555996448, 1586368.985434426926076 ], [ -1376888.517723842291161, 1585542.579059128416702 ], [ -1376510.031455145217478, 1584968.70108927320689 ], [ -1374662.127907976508141, 1584337.449844415765256 ], [ -1374105.530454010469839, 1583752.121369554894045 ], [ -1373905.155370582360774, 1582673.314893746050075 ], [ -1373493.273254647385329, 1581869.977194149512798 ], [ -1373882.891472423681989, 1580997.809820739785209 ], [ -1373393.085712933447212, 1579873.215705960057676 ], [ -1373304.030120298732072, 1578897.841424146201462 ], [ -1371834.612841827562079, 1577027.519012694014236 ], [ -1371611.97386024100706, 1576293.195637538097799 ], [ -1372001.592078017536551, 1575880.147738924250007 ], [ -1371890.272587224142626, 1575432.686491857515648 ], [ -1372413.474193952279165, 1575088.490704216295853 ], [ -1372413.474193952744827, 1574342.748586384113878 ], [ -1373137.0508841087576, 1573597.027563566574827 ], [ -1374072.134606772335246, 1572013.874355398351327 ], [ -1374639.864009818062186, 1571772.968061658553779 ], [ -1374394.961130072828382, 1570144.040309540461749 ], [ -1373137.0508841087576, 1569754.030254789395258 ], [ -1373359.68986569554545, 1529212.657211417332292 ], [ -1375853.246459464775398, 1519284.339140958152711 ], [ -1375942.302052099257708, 1517292.240713197970763 ], [ -1376354.184168034465984, 1516983.135016996180639 ], [ -1376866.253825683379546, 1512781.933737876359373 ], [ -1366925.423297843895853, 1507871.809251138009131 ], [ -1366034.867371497908607, 1507070.706762237939984 ], [ -1361682.275281480979174, 1500262.276679971488193 ], [ -1361415.108503577066585, 1499587.246633828151971 ], [ -1361070.018082117894664, 1499381.308547769673169 ], [ -1361081.150031197350472, 1499118.167671515140682 ], [ -1360557.948424468748271, 1498855.029300936264917 ], [ -1360435.4969845963642, 1498431.72500473074615 ], [ -1361504.164096211781725, 1496612.734342016745359 ], [ -1362628.490953224012628, 1495972.112013967707753 ], [ -1363708.2900139184203, 1495880.595748538384214 ], [ -1364253.755518805701286, 1495354.383090975927189 ], [ -1366112.791015053167939, 1495857.716729438165203 ], [ -1368261.257187363225967, 1495686.12468867842108 ], [ -1368817.85464132972993, 1496017.87026010453701 ], [ -1370064.632938214344904, 1496063.628581858705729 ], [ -1370354.063614276936278, 1494919.693217675900087 ], [ -1370465.383105070330203, 1493226.755532834213227 ], [ -1371155.563947988674045, 1492060.061327571514994 ], [ -1371823.480892748106271, 1491556.796613977523521 ], [ -1371812.348943669116125, 1489978.434612481156364 ], [ -1371968.196230779401958, 1489658.198189138434827 ], [ -1373036.863342394819483, 1489303.655022748047486 ], [ -1373526.669101885287091, 1489463.770731667988002 ], [ -1374706.65570429386571, 1491305.167677583172917 ], [ -1375396.836547212209553, 1491579.672084889840335 ], [ -1376231.732728161849082, 1492346.011252076597884 ], [ -1377712.281955712474883, 1493226.755532834678888 ], [ -1380651.116512654582039, 1492037.185460862470791 ], [ -1381140.922272145282477, 1492002.871696144109592 ], [ -1382042.610147570958361, 1492288.821031510364264 ], [ -1382298.644976395415142, 1492128.689040805213153 ], [ -1382554.679805219871923, 1491179.354064306244254 ], [ -1382844.110481282230467, 1490813.35406579496339 ], [ -1384580.694537657545879, 1490344.423613795777783 ], [ -1384825.597417402546853, 1489909.812211219454184 ], [ -1385270.875380575656891, 1489841.189979353919625 ], [ -1385493.514362161979079, 1489486.644479631446302 ], [ -1385860.868681780062616, 1489463.770731667988002 ], [ -1385927.66037625586614, 1489109.230044106021523 ], [ -1386528.785626539494842, 1488823.313426746055484 ], [ -1386640.105117333121598, 1488308.670920368051156 ], [ -1387085.383080505998805, 1488308.670920368051156 ], [ -1386951.799691553693265, 1487153.619053978007287 ], [ -1387719.904178027994931, 1486902.029953151475638 ], [ -1387831.223668821156025, 1486547.521895411424339 ], [ -1388488.008664501365274, 1486375.987357962643728 ], [ -1389233.849252816056833, 1483471.496095288312063 ], [ -1389545.543827037326992, 1483345.717871601693332 ], [ -1390113.273230083053932, 1485083.794443301856518 ], [ -1390625.342887732200325, 1485335.367129375459626 ], [ -1391237.600087095052004, 1486936.337423984892666 ], [ -1391026.093054587952793, 1489006.299723291536793 ], [ -1390369.308058907743543, 1491305.167677583638579 ], [ -1391716.273897506296635, 1494393.498810319928452 ], [ -1393052.107787025393918, 1495880.595748538384214 ], [ -1394031.719306006329134, 1496647.053813685197383 ], [ -1395701.511667905608192, 1497527.934819126268849 ], [ -1400465.98587385751307, 1499381.308547769673169 ], [ -1401412.201545600313693, 1500353.807448031846434 ], [ -1402670.111791564384475, 1504713.311949993483722 ], [ -1404150.661019114777446, 1507436.922145810909569 ], [ -1404017.077630163170397, 1509794.550537936622277 ], [ -1403471.612125275656581, 1512804.826820203801617 ], [ -1404618.202880446566269, 1512907.845927442423999 ], [ -1404929.897454667603597, 1512701.808100392110646 ], [ -1406633.085663804784417, 1513159.672043002210557 ], [ -1406900.252441708697006, 1513915.164284825092182 ], [ -1407334.398455802584067, 1514075.422895153053105 ], [ -1407401.190150278387591, 1514785.150878541404381 ], [ -1407980.051502403337508, 1515357.525566413300112 ], [ -1408269.482178466161713, 1515243.049670649925247 ], [ -1408636.836498083779588, 1515838.329561634454876 ], [ -1409282.489544684998691, 1515655.165138022275642 ], [ -1409404.940984557149932, 1517028.928232778329402 ], [ -1409894.74674404785037, 1517086.169860448222607 ], [ -1410061.725980237592012, 1517761.630126137752086 ], [ -1410707.379026838578284, 1518173.783580300398171 ], [ -1411208.316735408268869, 1518849.270753299118951 ], [ -1412087.740712675498798, 1519089.702425744850188 ], [ -1412332.643592420732602, 1519914.055675771087408 ], [ -1413891.116463526152074, 1520131.597494206856936 ], [ -1413924.512310764286667, 1520497.987638148944825 ], [ -1414403.186121175298467, 1520623.935387439094484 ], [ -1414826.20018618972972, 1520658.284874608041719 ], [ -1415382.797640156466514, 1520360.590757136233151 ], [ -1415739.020010694628581, 1520772.783477812074125 ], [ -1415850.339501487556845, 1521894.895250425906852 ], [ -1416195.429922946961597, 1522318.561716021504253 ], [ -1416963.534409420564771, 1522742.234773870324716 ], [ -1417152.777543769218028, 1523131.561776017537341 ], [ -1417531.263812466291711, 1522913.996000094572082 ], [ -1418032.201521036215127, 1523440.737186563899741 ], [ -1418677.854567637201399, 1523658.307174002286047 ] ] ] ] } },
{ "type": "Feature", "properties": { "GID_2": "SEN.12.3_1", "GID_0": "SEN", "COUNTRY": "Senegal", "GID_1": "SEN.12_1", "NAME_1": "Tambacounda", "NL_NAME_1": "NA", "NAME_2": "Koupentoum", "VARNAME_2": "Koumpentoum", "NL_NAME_2": "NA", "TYPE_2": "Département", "ENGTYPE_2": "Department", "CC_2": "54", "HASC_2": "SN.TB.KP", "area_ha": 673146.62, "carbon_mean": 10.98, "carbon_min": 7.76, "carbon_max": 26.72, "carbon_median": 10.94, "carbon_std": 0.79, "carbon_pixel_count": 1233550 }, "geometry": { "type": "MultiPolygon", "coordinates": [ [ [ [ -1641038.537427200935781, 1531881.44016273249872 ], [ -1642641.538094624178484, 1532935.280987257603556 ], [ -1645346.601720900740474, 1534309.917691488051787 ], [ -1645624.900447883876041, 1534825.424480528570712 ], [ -1645814.143582232296467, 1536062.680917273275554 ], [ -1646682.435610420070589, 1536165.788179580587894 ], [ -1646816.018999371910468, 1536853.179995046695694 ], [ -1646047.914512898307294, 1537517.675397407263517 ], [ -1646203.761800008825958, 1539190.4432186211925 ], [ -1646882.810693847946823, 1541780.001024502096698 ], [ -1647829.026365590747446, 1542249.814766527619213 ], [ -1648040.533398097846657, 1542582.127003799192607 ], [ -1647684.311027559451759, 1543636.38611990516074 ], [ -1648107.325092573883012, 1544415.64770759199746 ], [ -1648296.568226922536269, 1544610.466637507779524 ], [ -1649086.936611554585397, 1544713.606643261155114 ], [ -1649409.763134855311364, 1545172.011463032336906 ], [ -1649621.270167362410575, 1546237.832935278071091 ], [ -1651491.437612689333037, 1547624.610297866631299 ], [ -1650979.367955040419474, 1548128.910764221800491 ], [ -1651023.895751357777044, 1548587.373971073422581 ], [ -1649899.568894345546141, 1549561.634345784317702 ], [ -1648430.151615874376148, 1551808.299352279631421 ], [ -1647784.498569273389876, 1552358.531803236342967 ], [ -1642997.760465162573382, 1552656.579111414030194 ], [ -1638634.036426066420972, 1553275.611069057136774 ], [ -1635494.826785695971921, 1560865.652431850554422 ], [ -1633613.527391289593652, 1561748.622542505385354 ], [ -1625631.919901411980391, 1567127.347631028853357 ], [ -1623683.828812529798597, 1572461.277590699261054 ], [ -1626511.343878678744659, 1572702.190166413085535 ], [ -1625498.336512460140511, 1573493.775545515120029 ], [ -1624084.578979385318235, 1574159.184531657956541 ], [ -1623361.00228922907263, 1574973.759774146135896 ], [ -1623561.377372656948864, 1575673.626218842342496 ], [ -1623784.016354243736714, 1578691.296219934942201 ], [ -1624385.141604527365416, 1583029.086592421634123 ], [ -1623594.773219895316288, 1583591.445251355646178 ], [ -1623194.023053039330989, 1584406.31287747179158 ], [ -1623617.037118053762242, 1584968.701089272974059 ], [ -1624374.009655447909608, 1585221.205846686847508 ], [ -1623539.11347449850291, 1590030.738944758428261 ], [ -1623550.245423577958718, 1590742.487281433306634 ], [ -1624830.419567700475454, 1603970.771268686512485 ], [ -1627502.087346739135683, 1606497.773082997649908 ], [ -1627936.233360832557082, 1606670.07765103247948 ], [ -1629750.741060762898996, 1608772.285888172918931 ], [ -1628960.372676130849868, 1623584.506137865362689 ], [ -1628570.754458354320377, 1623802.903809636831284 ], [ -1628448.303018481936306, 1624389.138355676550418 ], [ -1628481.698865719838068, 1626688.227048984961584 ], [ -1628726.601745465071872, 1627895.331423357827589 ], [ -1628080.948698863852769, 1638566.321480116108432 ], [ -1625687.579646808328107, 1638750.343351386021823 ], [ -1625008.530752969672903, 1639877.50644734618254 ], [ -1625030.794651128118858, 1640199.562249860493466 ], [ -1622114.223992344690487, 1640211.064318485790864 ], [ -1619464.820111464476213, 1638704.337758425856009 ], [ -1619509.347907781833783, 1638589.324141027405858 ], [ -1617138.242753885220736, 1638865.357698808424175 ], [ -1615357.130901192547753, 1638830.85333982645534 ], [ -1614255.067942339228466, 1640521.622144494438544 ], [ -1612741.122867551166564, 1641338.292370168026537 ], [ -1605894.974183764541522, 1644237.109234273200855 ], [ -1603768.771909613162279, 1645456.552099651889876 ], [ -1602633.313103521475568, 1645847.706614325754344 ], [ -1601920.868362444918603, 1645882.220538720488548 ], [ -1601063.708283336367458, 1645306.994620722020045 ], [ -1599249.200583406025544, 1643270.80005006515421 ], [ -1589430.821495439391583, 1641418.810578758595511 ], [ -1583631.076025109970942, 1637818.746351949637756 ], [ -1582829.575691398233175, 1637554.225042545003816 ], [ -1583107.874418381368741, 1637048.191956440452486 ], [ -1580157.907912359805778, 1636645.672839065082371 ], [ -1571564.043223118875176, 1633736.224253236083314 ], [ -1567033.339947832748294, 1639175.899041815660894 ], [ -1553964.431728702504188, 1640521.622144494438544 ], [ -1545303.775344985770062, 1638934.366557574365288 ], [ -1537255.376160632120445, 1626044.461371516576037 ], [ -1540016.099532305262983, 1616780.626707674469799 ], [ -1542531.920024233171716, 1613919.398371758405119 ], [ -1543478.13569597597234, 1610254.273224985925481 ], [ -1545259.247548668412492, 1606474.799227352254093 ], [ -1545927.164493427844718, 1604625.470782142598182 ], [ -1548743.547610497800633, 1605383.564591569826007 ], [ -1555200.078076507663354, 1596517.550951298559085 ], [ -1554799.327909651910886, 1595105.240174022037536 ], [ -1555667.619937839452177, 1591362.412936623208225 ], [ -1555734.411632315488532, 1590444.009810050483793 ], [ -1556135.161799171241, 1589341.968702845042571 ], [ -1555990.446461139945313, 1588997.590392265701666 ], [ -1554443.105539113748819, 1587620.12252764380537 ], [ -1553430.09817289467901, 1586254.205210944870487 ], [ -1552895.764617086853832, 1585083.475677222013474 ], [ -1577308.1289480519481, 1564489.45702340034768 ], [ -1577553.031827797181904, 1564156.872059116605669 ], [ -1578298.872416112106293, 1561094.992497342638671 ], [ -1577742.274962145602331, 1560728.049342358717695 ], [ -1576885.114883037516847, 1560498.712442660005763 ], [ -1578621.698939412366599, 1558572.360554542392492 ], [ -1577074.358017385937274, 1555579.911736490903422 ], [ -1580202.435708676930517, 1550203.519380412995815 ], [ -1584811.062627518316731, 1545664.805376274976879 ], [ -1586792.549563638865948, 1544014.554360958281904 ], [ -1591256.461144448956475, 1538583.193582239095122 ], [ -1593727.7538400599733, 1537700.98735492490232 ], [ -1595575.657387228216976, 1537391.649149389239028 ], [ -1598392.04050429770723, 1538296.759823838248849 ], [ -1599783.534139213850722, 1539213.358567207120359 ], [ -1602432.938020093832165, 1541459.157331137452275 ], [ -1601508.986246509477496, 1545894.014931137906387 ], [ -1607152.884429728612304, 1548472.757433730177581 ], [ -1610392.281611812999472, 1549183.387872764607891 ], [ -1611449.816774348728359, 1548610.29733739932999 ], [ -1613130.741085327230394, 1547051.55310460133478 ], [ -1615635.429628176148981, 1545458.518450957490131 ], [ -1619464.820111464476213, 1544392.7279264095705 ], [ -1620321.980190572794527, 1542765.473444743780419 ], [ -1620978.765186253003776, 1542066.471841921564192 ], [ -1622303.467126692878082, 1541436.240070895059034 ], [ -1622503.842210121219978, 1540771.64801459829323 ], [ -1623984.391437671380118, 1540221.653206060640514 ], [ -1624607.780586113687605, 1539751.874870784347877 ], [ -1625197.77388731809333, 1539694.585390543797985 ], [ -1625498.336512460140511, 1539740.416964987292886 ], [ -1626322.100744330557063, 1540553.940392515622079 ], [ -1627234.920568834990263, 1539030.036324254702777 ], [ -1627780.386073722271249, 1536876.09335713647306 ], [ -1627802.649971880717203, 1536532.394968891749159 ], [ -1627502.087346739135683, 1536097.049960948526859 ], [ -1627223.788619755534455, 1534813.968667244073004 ], [ -1628181.136240578256547, 1534733.778110271086916 ], [ -1629773.004958921810612, 1534287.006506908684969 ], [ -1631799.019691359251738, 1533347.664659990929067 ], [ -1635172.000262395711616, 1531217.083341961726546 ], [ -1636363.118813883746043, 1530117.494074709247798 ], [ -1636797.264827977167442, 1530014.409869240131229 ], [ -1637977.251430385746062, 1530174.763247212860733 ], [ -1641038.537427200935781, 1531881.44016273249872 ] ] ] ] } },
{ "type": "Feature", "properties": { "GID_2": "SEN.12.4_1", "GID_0": "SEN", "COUNTRY": "Senegal", "GID_1": "SEN.12_1", "NAME_1": "Tambacounda", "NL_NAME_1": "NA", "NAME_2": "Tambacounda", "VARNAME_2": "NA", "NL_NAME_2": "NA", "TYPE_2": "Département", "ENGTYPE_2": "Department", "CC_2": "52", "HASC_2": "SN.TB.TC", "area_ha": 1355877.36, "carbon_mean": 12.77, "carbon_min": 7.21, "carbon_max": 98.87, "carbon_median": 11.28, "carbon_std": 4.33, "carbon_pixel_count": 2469051 }, "geometry": { "type": "MultiPolygon", "coordinates": [ [ [ [ -1480816.394328442402184, 1419374.207536315312609 ], [ -1481261.672291615512222, 1419134.625154584180564 ], [ -1481662.42245847126469, 1419385.616270302562043 ], [ -1482608.638130214065313, 1418860.819130494259298 ], [ -1483387.874565766891465, 1419123.216518880566582 ], [ -1484078.055408685235307, 1419134.625154584646225 ], [ -1484144.847103161271662, 1419636.609548468142748 ], [ -1483777.492783543420956, 1420127.193564821965992 ], [ -1483977.86786697129719, 1420640.604293751996011 ], [ -1484467.673626461764798, 1420652.013523906469345 ], [ -1484757.104302524356171, 1420058.739485004916787 ], [ -1484979.74328411067836, 1419967.467628908110783 ], [ -1485558.604636235861108, 1420709.059741760836914 ], [ -1485647.660228870343417, 1421770.139779256423935 ], [ -1485413.889298204565421, 1423595.744431028608233 ], [ -1485669.924127029022202, 1424360.250453203450888 ], [ -1486404.632766264723614, 1424485.76829085778445 ], [ -1487473.299877879908308, 1424965.023208663100377 ], [ -1488519.703091336879879, 1425044.89979766914621 ], [ -1489465.918763079680502, 1424713.983931516064331 ], [ -1489644.029948349110782, 1424109.216405735583976 ], [ -1490401.002485743258148, 1423812.54260198562406 ], [ -1490412.134434822481126, 1423230.614326582290232 ], [ -1490679.301212726393715, 1422945.359625089913607 ], [ -1491414.009851962095127, 1422865.488810435635969 ], [ -1492627.392301608575508, 1423310.486144819529727 ], [ -1493083.802213861141354, 1423127.922311461064965 ], [ -1493517.948227954795584, 1422637.287692283745855 ], [ -1494208.129070873139426, 1422443.318150439765304 ], [ -1495087.553048140136525, 1423070.871348766144365 ], [ -1495154.344742615940049, 1423584.334045800380409 ], [ -1494909.441862870706245, 1424143.448193504707888 ], [ -1495488.303214996121824, 1424588.465107129886746 ], [ -1495911.317280010320246, 1424371.661143294069916 ], [ -1496122.824312517419457, 1424474.357555919792503 ], [ -1496067.16456712060608, 1424771.03812202741392 ], [ -1495499.43516407511197, 1425124.776606530649588 ], [ -1495532.831011313013732, 1425273.1198348950129 ], [ -1496011.504821724258363, 1425261.708790403790772 ], [ -1496345.463294103974476, 1424850.914177153259516 ], [ -1496601.498122928431258, 1425022.077892662491649 ], [ -1495744.338043820345774, 1425546.986249053152278 ], [ -1495699.810247502988204, 1425957.790718072559685 ], [ -1495388.115673281718045, 1426174.606533698737621 ], [ -1495510.567113154567778, 1426402.835459396010265 ], [ -1496100.560414358740672, 1425877.911615648539737 ], [ -1496490.178632135270163, 1426288.720771996537223 ], [ -1497402.998456639936194, 1426505.539062070660293 ], [ -1497759.220827178331092, 1426311.543673546751961 ], [ -1498460.533619176130742, 1425318.764057735912502 ], [ -1499351.089545522350818, 1425044.89979766914621 ], [ -1498961.471327746054158, 1426243.075022786855698 ], [ -1498482.797517335042357, 1426208.840758034493774 ], [ -1498482.797517335042357, 1426345.778059556148946 ], [ -1498916.943531428696588, 1427235.886286564869806 ], [ -1498827.887938793981448, 1427623.890736279543489 ], [ -1499651.652170664398, 1427932.015618908917531 ], [ -1499651.652170664165169, 1428171.670571614988148 ], [ -1499150.714462094707415, 1428285.792674732860178 ], [ -1498916.943531428696588, 1427874.955208171857521 ], [ -1498571.853109969524667, 1427897.779358977451921 ], [ -1498059.783452320378274, 1428628.161682871868834 ], [ -1498471.66556825558655, 1429758.008142923237756 ], [ -1499061.658869460225105, 1429986.265310009010136 ], [ -1499339.957596443127841, 1430625.394962136400864 ], [ -1499005.999124063411728, 1430830.832493570633233 ], [ -1499095.054716697661206, 1431184.644998123636469 ], [ -1498872.415735111339018, 1431333.019272970966995 ], [ -1498093.179299558280036, 1431184.644998123403639 ], [ -1498582.985059048747644, 1432634.180171766318381 ], [ -1498148.839044955093414, 1433136.398305670823902 ], [ -1498115.443197717191651, 1433478.824770961655304 ], [ -1498538.457262731622905, 1435111.113457032479346 ], [ -1499317.693698284449056, 1434437.640495685627684 ], [ -1499618.256323426030576, 1434700.178931605769321 ], [ -1499184.110309332376346, 1435088.283607489662245 ], [ -1498983.735225904500112, 1435944.415343090891838 ], [ -1498482.797517335042357, 1436743.494585822336376 ], [ -1498749.964295238722116, 1437382.773947571637109 ], [ -1499462.409036315744743, 1437314.279051118763164 ], [ -1499896.555050409398973, 1437542.596006603445858 ], [ -1500230.513522789347917, 1437496.932470594299957 ], [ -1500208.249624630669132, 1438353.135831030318514 ], [ -1500631.263689645100385, 1439723.114233508706093 ], [ -1499440.145138157065958, 1440339.625821479363367 ], [ -1499106.186665777117014, 1440579.383901428664103 ], [ -1499106.186665777117014, 1440773.475241762120277 ], [ -1499328.825647363672033, 1441960.886129763908684 ], [ -1500152.589879234088585, 1442189.240010275738314 ], [ -1500497.680300693493336, 1442463.267066383268684 ], [ -1500352.964962661964819, 1442874.312559698941186 ], [ -1499696.179966981522739, 1442862.894549769582227 ], [ -1498772.228193397400901, 1442645.953224937198684 ], [ -1497959.595910606672987, 1442006.556760458275676 ], [ -1497313.942864005453885, 1442520.356365926330909 ], [ -1497636.769387305947021, 1443445.218854079023004 ], [ -1499929.950897647533566, 1445283.614407455781475 ], [ -1499774.103610536782071, 1445706.119505148148164 ], [ -1498660.908702604239807, 1445740.376948581309989 ], [ -1499228.638105649733916, 1446277.082250117557123 ], [ -1498928.075480507919565, 1446745.28020408260636 ], [ -1498672.040651683462784, 1447830.15858236933127 ], [ -1499339.957596443127841, 1448058.559277254389599 ], [ -1500419.756657138001174, 1447887.258584950119257 ], [ -1501711.062750339740887, 1448869.396490811603144 ], [ -1501911.437833767617121, 1449246.272327470593154 ], [ -1503013.500792620936409, 1449451.843062356347218 ], [ -1503102.556385255651549, 1450868.037250134395435 ], [ -1503614.626042904797941, 1451416.260327835567296 ], [ -1503725.945533697959036, 1451941.650669451802969 ], [ -1503614.626042904797941, 1452055.867242610547692 ], [ -1502824.257658272515982, 1451816.012967648683116 ], [ -1502434.639440496219322, 1452672.644648811547086 ], [ -1502056.153171798912808, 1453060.992829518625513 ], [ -1502668.410371161764488, 1453917.66195524088107 ], [ -1503046.896639859071001, 1453849.127476528519765 ], [ -1502824.257658272515982, 1453323.701954533811659 ], [ -1504026.508158840006217, 1453392.235168362502009 ], [ -1504672.161205440992489, 1454443.098441680893302 ], [ -1504661.029256361536682, 1454682.97484607482329 ], [ -1504171.223496871301904, 1454865.739178434479982 ], [ -1503803.869177253451198, 1455573.962059378391132 ], [ -1502801.993760113837197, 1455642.500693644629791 ], [ -1502334.451898782048374, 1455905.233655742835253 ], [ -1502334.451898782048374, 1456659.176509481854737 ], [ -1502601.618676686193794, 1456704.870658698258922 ], [ -1502957.841047224588692, 1456247.932473303051665 ], [ -1503514.438501190859824, 1456453.553747414378449 ], [ -1503425.382908556144685, 1457333.172664124984294 ], [ -1504393.862478457624093, 1458429.878566836472601 ], [ -1503759.341380936093628, 1458978.247410609852523 ], [ -1503314.06341776298359, 1459058.218752578366548 ], [ -1502957.841047224588692, 1460223.541034867521375 ], [ -1504215.751293188659474, 1461331.784121974138543 ], [ -1504716.689001758117229, 1460966.173363561276346 ], [ -1505006.119677820708603, 1460452.041217036312446 ], [ -1505317.814252041978762, 1460417.766072267200798 ], [ -1505596.112979025114328, 1460132.1414777955506 ], [ -1505829.883909690892324, 1460657.692956208018586 ], [ -1506230.634076546644792, 1460486.31640325859189 ], [ -1506297.425771022681147, 1461011.874450308037922 ], [ -1505829.883909690892324, 1461514.591270918259397 ], [ -1505941.203400484286249, 1461914.48602344468236 ], [ -1505284.418404803844169, 1462051.594095919281244 ], [ -1505829.883909690892324, 1462440.070574208628386 ], [ -1505195.36281216936186, 1462508.625800321809947 ], [ -1504560.841714647831395, 1462874.256477747811005 ], [ -1504750.084848996251822, 1463388.432612095726654 ], [ -1504672.161205440992489, 1464131.147975345142186 ], [ -1505150.83501585200429, 1463902.618093506898731 ], [ -1505674.03662258037366, 1463959.750390795757994 ], [ -1505963.467298642732203, 1463605.532008377369493 ], [ -1506041.390942198224366, 1464291.119991777464747 ], [ -1506486.668905371101573, 1463754.074660800397396 ], [ -1506575.724498005816713, 1464176.854173382977024 ], [ -1506943.07881762390025, 1464154.001065126853064 ], [ -1507622.127711462788284, 1464565.359840500634164 ], [ -1507265.905340923927724, 1464965.297723315656185 ], [ -1507655.523558700457215, 1464873.882851076312363 ], [ -1507744.579151335172355, 1464988.15148758655414 ], [ -1507054.398308417061344, 1465090.993655560072511 ], [ -1507054.398308417061344, 1465365.241267042001709 ], [ -1507844.766693049110472, 1466290.846616099355742 ], [ -1508546.079485046910122, 1465719.481705967104062 ], [ -1508835.510161109268665, 1465833.753763099666685 ], [ -1508646.267026760848239, 1466313.701453005662188 ], [ -1508935.697702823206782, 1466485.113319596275687 ], [ -1508212.121012666961178, 1467067.921452813316137 ], [ -1508200.989063587738201, 1467342.188268847763538 ], [ -1507833.634743969887495, 1467467.894783947616816 ], [ -1508123.065420032478869, 1467936.442184878047556 ], [ -1508590.607281364034861, 1467947.870267510414124 ], [ -1508902.301855585537851, 1468484.995375915197656 ], [ -1509659.274392979452386, 1468256.430249313358217 ], [ -1509470.03125863079913, 1467833.589649584377185 ], [ -1509692.670240217586979, 1467342.188268847763538 ], [ -1509280.788124282378703, 1467422.183259099954739 ], [ -1509481.163207710487768, 1467113.632403675233945 ], [ -1510249.267694184090942, 1467422.183259099721909 ], [ -1510316.059388659661636, 1466999.355165367480367 ], [ -1510661.149810118833557, 1467330.760431614471599 ], [ -1510850.392944467486814, 1467193.626745877088979 ], [ -1511195.483365926658735, 1467616.45775128598325 ], [ -1511217.74726408533752, 1468713.562355729052797 ], [ -1510716.809555515414104, 1468953.559679388534278 ], [ -1510727.941504595102742, 1469262.13067022850737 ], [ -1510449.642777611734346, 1469547.847563792951405 ], [ -1510471.906675770413131, 1469696.421493652043864 ], [ -1510894.920740784844384, 1469799.2808272393886 ], [ -1510883.788791705621406, 1470267.866989626782015 ], [ -1510271.531592342536896, 1470027.858469005674124 ], [ -1510171.344050628598779, 1470393.586554972920567 ], [ -1511017.372180657461286, 1470565.023230605991557 ], [ -1511351.330653037410229, 1470027.858469006139785 ], [ -1511663.025227258447558, 1469879.282790837110952 ], [ -1511607.365481861867011, 1469547.847563792951405 ], [ -1511863.400310686323792, 1469467.846541514154524 ], [ -1511774.344718051841483, 1469924.998300636420026 ], [ -1511919.060056082904339, 1470313.583130257669836 ], [ -1511596.233532782644033, 1470553.594086418161169 ], [ -1512163.962935828138143, 1471239.350951892789453 ], [ -1511774.344718051841483, 1471662.242682391079143 ], [ -1511974.719801479717717, 1472199.438642209162936 ], [ -1512586.977000842569396, 1472245.157921091653407 ], [ -1512598.108949922025204, 1471765.109199640108272 ], [ -1512965.463269539643079, 1472130.859863251913339 ], [ -1512954.331320460420102, 1472542.335045768180862 ], [ -1513321.685640078270808, 1472428.035779961152002 ], [ -1513522.060723506147042, 1472873.805544471135363 ], [ -1513733.567756013479084, 1472885.235631379997358 ], [ -1513455.269029030110687, 1473182.419522531563416 ], [ -1513644.512163378763944, 1473525.327917429851368 ], [ -1513299.421741919824854, 1473571.049352929927409 ], [ -1513666.776061537442729, 1473948.254034979036078 ], [ -1513544.324621664592996, 1474291.171777902636677 ], [ -1513132.442505729850382, 1474142.573575247777626 ], [ -1512987.727167698554695, 1474496.924433526350185 ], [ -1513655.644112458219752, 1474622.662909709615633 ], [ -1514078.658177472651005, 1474942.727026516571641 ], [ -1514312.429108138429001, 1474679.816948667634279 ], [ -1514980.346052897861227, 1475148.484457225073129 ], [ -1515292.040627119131386, 1474862.710655217990279 ], [ -1515603.735201340401545, 1475034.174587291665375 ], [ -1515503.547659626463428, 1475788.628333361819386 ], [ -1514535.068089724751189, 1476097.274349306942895 ], [ -1514646.387580518145114, 1476497.376091479556635 ], [ -1515236.380881722550839, 1476383.06072556367144 ], [ -1515347.700372515711933, 1476531.670792124932632 ], [ -1515091.665543691255152, 1477411.915798352798447 ], [ -1514946.950205659959465, 1477469.075520751764998 ], [ -1514690.915376835502684, 1477000.369238208746538 ], [ -1514401.48470077291131, 1476863.188394177006558 ], [ -1513956.206737599801272, 1477343.324285358190536 ], [ -1514201.109617345035076, 1477812.036303580738604 ], [ -1514501.672242487082258, 1477994.95043756836094 ], [ -1514924.68630750128068, 1477960.653946480713785 ], [ -1515091.665543691255152, 1478486.538090836955234 ], [ -1514913.554358422057703, 1478658.02418583445251 ], [ -1514512.804191566305235, 1478349.349970867857337 ], [ -1514401.48470077291131, 1478863.80888605536893 ], [ -1514724.311224073404446, 1478909.53902482544072 ], [ -1514746.575122232316062, 1479252.517446570796892 ], [ -1514991.478001977549866, 1479069.595098734600469 ], [ -1515459.019863309105858, 1479138.190839101560414 ], [ -1515681.658844895660877, 1479549.768811365589499 ], [ -1515381.096219753846526, 1480029.950762579217553 ], [ -1515058.269696453120559, 1480144.281013200525194 ], [ -1515470.151812388328835, 1480327.210386072518304 ], [ -1515202.985034484416246, 1480704.505995939718559 ], [ -1514590.727835121564567, 1480715.939275694545358 ], [ -1514279.033260900294408, 1481459.112488004611805 ], [ -1514601.859784201020375, 1481722.086203249171376 ], [ -1514379.220802614232525, 1482190.871572274947539 ], [ -1514167.713770107133314, 1482248.041057785972953 ], [ -1514334.693006297340617, 1482568.192338723922148 ], [ -1515303.172576198354363, 1482591.06042777071707 ], [ -1515392.228168833069503, 1482774.005814186530188 ], [ -1515147.325289087835699, 1483128.465910834027454 ], [ -1514880.15851118392311, 1483048.426140882773325 ], [ -1514724.311224073404446, 1483334.283515730174258 ], [ -1514490.54029340762645, 1483197.071610551560298 ], [ -1514379.220802614232525, 1483380.020967314951122 ], [ -1514134.317922868998721, 1483368.586597393965349 ], [ -1513856.019195885863155, 1482671.098886876832694 ], [ -1513677.908010616665706, 1483025.557677323464304 ], [ -1513878.28309404454194, 1483906.007047015242279 ], [ -1513399.609283633762971, 1484088.961050542304292 ], [ -1513922.81089036189951, 1484420.568239492131397 ], [ -1513922.81089036189951, 1485015.184104638407007 ], [ -1514345.824955376563594, 1485015.184104638174176 ], [ -1514501.672242487082258, 1485323.931958039756864 ], [ -1514935.818256580736488, 1485140.969854470575228 ], [ -1515024.873849215218797, 1485621.247937106527388 ], [ -1514768.839020390762016, 1486090.098808891605586 ], [ -1514234.505464583169669, 1485861.390081295045093 ], [ -1514501.672242487082258, 1486250.196035008411855 ], [ -1514457.144446169724688, 1486490.343598916660994 ], [ -1514768.839020390762016, 1486719.057489023543894 ], [ -1514624.123682359466329, 1487062.131845262134448 ], [ -1515113.929441849933937, 1487096.439513310790062 ], [ -1515292.040627119131386, 1487439.518518451834098 ], [ -1515169.589187246747315, 1487736.857075676321983 ], [ -1515614.867150419624522, 1488125.689211892895401 ], [ -1516149.2007062274497, 1487588.187400119146332 ], [ -1516883.909345462918282, 1487428.082483511650935 ], [ -1517774.465271809138358, 1487416.646453268826008 ], [ -1518653.889249076135457, 1487908.39999561640434 ], [ -1518809.736536186886951, 1488789.003630148712546 ], [ -1518008.236202475149184, 1490847.666360816219822 ], [ -1519154.826957645826042, 1491831.303508720593527 ], [ -1519744.820258850231767, 1491945.682182529242709 ], [ -1522260.6407507781405, 1491362.355872021988034 ], [ -1522639.127019475447014, 1491511.045728685799986 ], [ -1523529.682945821434259, 1492814.975506161339581 ], [ -1523652.134385694051161, 1493455.524855538271368 ], [ -1523295.912015155656263, 1494061.7726874218788 ], [ -1522294.036598016042262, 1494816.74135181424208 ], [ -1520746.695675989612937, 1498637.656014819163829 ], [ -1520958.202708496944979, 1498923.673851719358936 ], [ -1521926.682278398191556, 1498752.062794421100989 ], [ -1524052.88455254980363, 1497894.023487237282097 ], [ -1524787.593191785505041, 1497768.179961037123576 ], [ -1525065.891918768407777, 1497996.986798230791464 ], [ -1525266.267002196516842, 1498717.74071082053706 ], [ -1523874.77336728037335, 1500205.070104001089931 ], [ -1523240.252269758842885, 1501292.015317789046094 ], [ -1521948.946176556870341, 1502173.044430578593165 ], [ -1521748.571093128994107, 1502710.829279049998149 ], [ -1521871.02253300184384, 1503282.952335924608633 ], [ -1522260.6407507781405, 1503580.461018928093836 ], [ -1524141.940145184285939, 1503477.47688056784682 ], [ -1529808.102226561866701, 1502207.370809690561146 ], [ -1532424.110260203946382, 1502276.023696087766439 ], [ -1533014.103561408352107, 1502687.944603745592758 ], [ -1532958.443816011538729, 1502905.349786104401574 ], [ -1531934.304500713478774, 1503546.132930043851957 ], [ -1531310.915352271171287, 1504232.702834428288043 ], [ -1530476.019171321531758, 1505560.119852116098627 ], [ -1530386.963578687049448, 1507299.590805259533226 ], [ -1531188.463912398554385, 1508169.367551801959053 ], [ -1531322.047301350627095, 1508810.273299891501665 ], [ -1531210.727810557466, 1509256.62720953556709 ], [ -1529463.01180510269478, 1510607.178113847738132 ], [ -1527370.20537818945013, 1511683.088279556017369 ], [ -1526680.024535270873457, 1512907.845927442423999 ], [ -1527381.337327268905938, 1513560.309272040845826 ], [ -1529351.692314309766516, 1514498.968025326961651 ], [ -1532902.784070615191013, 1515380.420803064946085 ], [ -1535474.264307939680293, 1513171.118739634519443 ], [ -1536175.577099937247112, 1513102.438631604425609 ], [ -1536476.139725079294294, 1513331.37299485411495 ], [ -1536954.813535490073264, 1514876.730023791547865 ], [ -1536776.702350220875815, 1515620.821945192059502 ], [ -1535819.354729398852214, 1517509.761633261339739 ], [ -1535863.882525716209784, 1519169.846787373768166 ], [ -1534539.180585276102647, 1521265.132953212130815 ], [ -1534628.236177910817787, 1521940.696712735109031 ], [ -1535151.437784639187157, 1522135.353786895982921 ], [ -1536197.840998095925897, 1521814.742876719450578 ], [ -1536676.514808506937698, 1521849.09386513964273 ], [ -1538223.855730533367023, 1522375.814446673262864 ], [ -1538580.078101071994752, 1522330.012252521235496 ], [ -1538958.564369769068435, 1521047.582088105380535 ], [ -1539815.724448877386749, 1519616.369683757424355 ], [ -1539893.648092432646081, 1518792.025429249741137 ], [ -1539637.6132636081893, 1517704.387082867091522 ], [ -1539893.648092432646081, 1517441.070629249792546 ], [ -1542142.301806456875056, 1518288.27175512118265 ], [ -1542832.482649375218898, 1518173.783580300631002 ], [ -1543823.226117435144261, 1519353.034783750073984 ], [ -1544591.330603908747435, 1520864.382706702221185 ], [ -1545826.976951714139432, 1522559.023993798531592 ], [ -1547786.199989675544202, 1523704.111603592289612 ], [ -1551159.18056071200408, 1524608.764893845655024 ], [ -1553908.77198330569081, 1525948.623176097869873 ], [ -1555790.071377712069079, 1525960.075241033919156 ], [ -1557860.613906467100605, 1525284.411668719956651 ], [ -1561456.233459089649841, 1523062.856606252025813 ], [ -1564383.936066952766851, 1522936.897578818025067 ], [ -1566031.464530693367124, 1523223.168938854243606 ], [ -1568358.0418882726226, 1523211.718026635702699 ], [ -1571786.682204705430195, 1522032.299868432804942 ], [ -1573567.794057398103178, 1521150.63228137884289 ], [ -1575259.85031745582819, 1521139.182240659371018 ], [ -1576117.010396563913673, 1520898.732496907468885 ], [ -1578254.344619794515893, 1519891.15663794381544 ], [ -1580759.03316264343448, 1518219.578792611137033 ], [ -1583196.930011016083881, 1516113.078497914364561 ], [ -1584911.250169232487679, 1513995.293472706107423 ], [ -1586770.285665480187163, 1514041.081685381010175 ], [ -1588885.355990552110597, 1513674.778128457721323 ], [ -1592547.767237651161849, 1512541.557528468314558 ], [ -1594228.691548629431054, 1511774.657051647780463 ], [ -1595497.733743672724813, 1512449.986193920485675 ], [ -1597167.526105571771041, 1513045.205339808017015 ], [ -1599527.499310389393941, 1513388.606884707231075 ], [ -1600306.735745942220092, 1514304.365394782274961 ], [ -1602388.410223776241764, 1515632.269671342335641 ], [ -1603434.813437232980505, 1515987.151559360092506 ], [ -1604381.029108976013958, 1516570.999528670217842 ], [ -1606039.689521795837209, 1517109.066545099020004 ], [ -1606774.398161031538621, 1518482.902754321461543 ], [ -1607854.197221726179123, 1519604.920287413988262 ], [ -1610637.184491558233276, 1521562.836951996432617 ], [ -1610748.50398235116154, 1523555.247489388333634 ], [ -1611483.212621586630121, 1526601.398583754431456 ], [ -1612752.254816630156711, 1528983.589378998382017 ], [ -1613709.602437452413142, 1530232.032540768850595 ], [ -1614811.665396305732429, 1531251.446225963532925 ], [ -1617839.555545882787555, 1533152.927142012165859 ], [ -1620544.619172159582376, 1534298.46209677006118 ], [ -1624340.613808210007846, 1534756.689673688728362 ], [ -1627223.788619755534455, 1534813.968667244073004 ], [ -1627502.087346739135683, 1536097.049960948526859 ], [ -1627802.649971880717203, 1536532.394968891749159 ], [ -1627234.920568834990263, 1539030.036324254702777 ], [ -1626322.100744330557063, 1540553.940392515622079 ], [ -1625498.336512460140511, 1539740.416964987292886 ], [ -1625197.77388731809333, 1539694.585390543797985 ], [ -1624607.780586113687605, 1539751.874870784347877 ], [ -1623984.391437671380118, 1540221.653206060640514 ], [ -1622503.842210121219978, 1540771.64801459829323 ], [ -1622303.467126692878082, 1541436.240070895059034 ], [ -1620978.765186253003776, 1542066.471841921564192 ], [ -1620321.980190572794527, 1542765.473444743780419 ], [ -1619464.820111464476213, 1544392.7279264095705 ], [ -1615635.429628176148981, 1545458.518450957490131 ], [ -1613130.741085327230394, 1547051.55310460133478 ], [ -1611449.816774348728359, 1548610.29733739932999 ], [ -1610392.281611812999472, 1549183.387872764607891 ], [ -1607152.884429728612304, 1548472.757433730177581 ], [ -1601508.986246509477496, 1545894.014931137906387 ], [ -1602432.938020093832165, 1541459.157331137452275 ], [ -1599783.534139213850722, 1539213.358567207120359 ], [ -1598392.04050429770723, 1538296.759823838248849 ], [ -1596020.935350401094183, 1537494.761490328470245 ], [ -1595085.851627737749368, 1537380.192246951162815 ], [ -1591256.461144448956475, 1538583.193582239095122 ], [ -1586792.549563638865948, 1544014.554360958281904 ], [ -1584811.062627518316731, 1545664.805376274976879 ], [ -1580202.435708676930517, 1550203.519380412995815 ], [ -1577330.392846210394055, 1554972.290750499814749 ], [ -1577074.358017385937274, 1555579.911736490903422 ], [ -1578621.698939412366599, 1558572.360554542392492 ], [ -1576885.114883037516847, 1560498.712442660005763 ], [ -1577742.274962145602331, 1560728.049342358717695 ], [ -1578298.872416112106293, 1561094.992497342638671 ], [ -1577553.031827797181904, 1564156.872059116605669 ], [ -1577308.1289480519481, 1564489.45702340034768 ], [ -1552895.764617086853832, 1585083.475677222013474 ], [ -1553430.09817289467901, 1586254.205210944870487 ], [ -1554443.105539113748819, 1587620.12252764380537 ], [ -1555990.446461139945313, 1588997.590392265701666 ], [ -1556135.161799171241, 1589341.968702845042571 ], [ -1555734.411632315488532, 1590444.009810050483793 ], [ -1555667.619937839452177, 1591362.412936623208225 ], [ -1554799.327909651910886, 1595105.240174022037536 ], [ -1555200.078076507663354, 1596517.550951298559085 ], [ -1548743.547610497800633, 1605383.564591569826007 ], [ -1545927.164493427844718, 1604625.470782142598182 ], [ -1545259.247548668412492, 1606474.799227352254093 ], [ -1543478.13569597597234, 1610254.273224985925481 ], [ -1542531.920024233171716, 1613919.398371758405119 ], [ -1540016.099532305262983, 1616780.626707674469799 ], [ -1537255.376160632120445, 1626044.461371516576037 ], [ -1534361.069400006905198, 1621400.631869888631627 ], [ -1515792.978335689054802, 1620963.879354824777693 ], [ -1504238.015191347105429, 1621377.644709864398465 ], [ -1503135.952232493786141, 1621940.836066699586809 ], [ -1504638.765358202857897, 1617653.996783071197569 ], [ -1504616.501460044179112, 1617113.882838740712032 ], [ -1505128.571117693325505, 1615746.411055711796507 ], [ -1505518.189335469854996, 1613793.006065127206966 ], [ -1505418.001793755916879, 1612712.951657190453261 ], [ -1504661.029256361536682, 1611701.87793141673319 ], [ -1504327.070783981820568, 1610920.620853028493002 ], [ -1504560.841714647831395, 1609473.05999217974022 ], [ -1504282.542987664462999, 1608611.455170914763585 ], [ -1504939.327983344672248, 1608163.432025692192838 ], [ -1505373.473997438559309, 1607520.130329642444849 ], [ -1505696.300520738819614, 1606635.616645559901372 ], [ -1507644.391609621234238, 1603316.088307568337768 ], [ -1508490.419739650096744, 1603086.378909356426448 ], [ -1509392.107615075772628, 1601788.559060735162348 ], [ -1510850.392944467486814, 1600823.850116561865434 ], [ -1510772.469300912460312, 1599755.821340817026794 ], [ -1511562.837685544509441, 1598963.441288746893406 ], [ -1512375.469968335470185, 1597608.412573612295091 ], [ -1512898.671575063839555, 1596207.524945552460849 ], [ -1512898.671575063839555, 1595047.830787830986083 ], [ -1513677.908010616665706, 1593934.113740958739072 ], [ -1514891.290460263378918, 1593176.35410477919504 ], [ -1516060.14511359273456, 1592866.367876670788974 ], [ -1516549.950873083202168, 1592521.943057541269809 ], [ -1517195.60391968418844, 1591764.224468982312828 ], [ -1518408.986369330901653, 1589732.269609789829701 ], [ -1519010.111619614530355, 1589135.341171778505668 ], [ -1521358.952875352697447, 1588607.300460497150198 ], [ -1521626.119653256610036, 1587413.508607333293185 ], [ -1522049.133718270808458, 1586483.766161322128028 ], [ -1522294.036598016042262, 1584750.630757716251537 ], [ -1522071.397616429487243, 1583958.706397355301306 ], [ -1522249.508801698684692, 1583614.398922229418531 ], [ -1522383.092190650757402, 1582191.309322238201275 ], [ -1522082.529565508943051, 1580779.772504737367854 ], [ -1522216.11295446078293, 1580596.163537566550076 ], [ -1522683.654815792571753, 1580550.261496353661641 ], [ -1523607.606589376693591, 1578335.583282643696293 ], [ -1524531.55836296081543, 1576970.149261333048344 ], [ -1524687.405650071334094, 1575226.168479704065248 ], [ -1524420.238872167654335, 1573780.587704858742654 ], [ -1525221.739205879159272, 1571715.609744272194803 ], [ -1525577.96157641755417, 1568480.802180709550157 ], [ -1524297.787432294804603, 1567632.017507021315396 ], [ -1524108.544297946384177, 1567345.272079154383391 ], [ -1523908.169214518507943, 1565911.591511450009421 ], [ -1523440.62735318671912, 1564397.709030515747145 ], [ -1523674.398283852729946, 1563239.417909730458632 ], [ -1522828.37015382386744, 1563250.885890837060288 ], [ -1522438.751936047105119, 1563078.866694483207539 ], [ -1520646.50813427567482, 1561656.88402231130749 ], [ -1519511.04932818422094, 1561909.165715126786381 ], [ -1519021.243568693753332, 1562562.815793270012364 ], [ -1518709.548994472483173, 1561794.491921396693215 ], [ -1518386.722471172222868, 1561461.940718641504645 ], [ -1517262.395614159991965, 1561072.058401742018759 ], [ -1517128.812225208152086, 1561106.459552564192563 ], [ -1517095.416377970250323, 1561450.473510025534779 ], [ -1513143.574454809073359, 1559306.192445959895849 ], [ -1512865.275727825704962, 1558904.87562320753932 ], [ -1510271.531592342769727, 1559524.052684601396322 ], [ -1509380.97566599608399, 1558732.884551800787449 ], [ -1509158.336684409761801, 1558067.862864760449156 ], [ -1507944.954234763048589, 1558021.999912440776825 ], [ -1507577.599915145430714, 1559535.519062370760366 ], [ -1505807.620011532213539, 1559443.788178595947102 ], [ -1505072.911372296744958, 1559615.783845140133053 ], [ -1504571.973663727054372, 1559363.523914745775983 ], [ -1504071.035955157363787, 1559409.389178724261001 ], [ -1504249.147140426328406, 1560154.710802165791392 ], [ -1504015.37620976055041, 1560670.714931959286332 ], [ -1504304.806885823141783, 1561748.622542505152524 ], [ -1504171.223496871301904, 1562379.33344544400461 ], [ -1503948.584515284514055, 1562585.751175891608 ], [ -1502223.13240798888728, 1562666.02517107874155 ], [ -1501466.159870594507083, 1561805.959278493421152 ], [ -1500152.589879234088585, 1561347.268855174770579 ], [ -1498861.28378603188321, 1560418.444995135301724 ], [ -1498749.964295238722116, 1559180.063649473246187 ], [ -1497703.561081781983376, 1557253.807201946619898 ], [ -1497046.776086101774126, 1556795.195248686010018 ], [ -1494430.768052459694445, 1555946.78394016274251 ], [ -1492081.926796721527353, 1554582.503442596644163 ], [ -1491191.370870375307277, 1554490.789609424304217 ], [ -1490868.544347074814141, 1551888.540879184147343 ], [ -1489699.689693745458499, 1547326.619028388522565 ], [ -1491002.127736027119681, 1543464.493224632227793 ], [ -1492983.614672147203237, 1541757.08349092095159 ], [ -1494998.497455505421385, 1539236.273935284465551 ], [ -1495365.851775123039261, 1538502.991823056479916 ], [ -1495766.601941979024559, 1538457.162353531690314 ], [ -1496011.504821724491194, 1537918.671923011541367 ], [ -1496490.178632135270163, 1537838.472140833968297 ], [ -1497547.713794671464711, 1536669.873798845801502 ], [ -1497915.068114289082587, 1535867.923829650506377 ], [ -1498761.096244317945093, 1535340.941106892423704 ], [ -1499083.922767618438229, 1534882.70361982146278 ], [ -1497970.727859685895965, 1534871.247782246675342 ], [ -1497870.540317971957847, 1534401.56262405612506 ], [ -1498404.873873779550195, 1533977.707416123710573 ], [ -1499484.672934474656358, 1533691.32252490054816 ], [ -1500453.152504375902936, 1532935.280987257836387 ], [ -1501455.027921515284106, 1531113.994951619300991 ], [ -1498349.214128382969648, 1528032.978551202919334 ], [ -1497069.039984260220081, 1528353.662817385047674 ], [ -1496723.94956280104816, 1527861.184967887587845 ], [ -1495210.004488012520596, 1527494.69562532263808 ], [ -1494230.392969031818211, 1526567.041592188877985 ], [ -1491313.822310247924179, 1526372.352794358041137 ], [ -1490278.551045870641246, 1526040.239830772858113 ], [ -1489387.99511952442117, 1525421.83340713265352 ], [ -1488074.425128163769841, 1525410.381569056538865 ], [ -1487840.654197497991845, 1524791.98947837529704 ], [ -1486861.042678517056629, 1524402.638712130719796 ], [ -1486248.78547915420495, 1524402.638712130719796 ], [ -1486682.93149324785918, 1523417.835183830931783 ], [ -1487618.015215911436826, 1523234.619855892378837 ], [ -1487462.167928800685331, 1522650.629229706712067 ], [ -1486972.362169310217723, 1521997.948648938909173 ], [ -1487395.376234324881807, 1521196.432492373511195 ], [ -1487028.021914707031101, 1519971.303354464704171 ], [ -1487361.980387086747214, 1519169.846787373768166 ], [ -1487328.584539849078283, 1517418.173666302580386 ], [ -1487629.147164990659803, 1515769.64275898761116 ], [ -1488241.404364353744313, 1515208.706995353102684 ], [ -1487773.86250302195549, 1513926.611297304509208 ], [ -1486237.653530074981973, 1512163.827745879301801 ], [ -1485725.58387242583558, 1511122.236223972169682 ], [ -1484367.486084747826681, 1510721.634635799797252 ], [ -1483577.117700115544721, 1508764.493821938987821 ], [ -1482374.867199548054487, 1508283.813910137861967 ], [ -1481740.346102026756853, 1508718.71442029485479 ], [ -1481651.290509392041713, 1510675.851969709387049 ], [ -1482252.415759675670415, 1511568.627744572237134 ], [ -1481384.123731487896293, 1512301.183427992975339 ], [ -1481417.519578726030886, 1511843.333831456489861 ], [ -1481094.69305542553775, 1511328.262176576303318 ], [ -1479569.616031557554379, 1511374.0459318254143 ], [ -1478890.567137718899176, 1511705.98044390254654 ], [ -1478489.816970862913877, 1511614.411901216953993 ], [ -1478623.400359815219417, 1509817.441126177553087 ], [ -1478367.365530990296975, 1509599.981308674672619 ], [ -1476508.330034742830321, 1509531.310145284282044 ], [ -1476508.330034742597491, 1510492.722069455077872 ], [ -1476252.295205918140709, 1510950.549112536711618 ], [ -1475873.808937220834196, 1510652.960665319347754 ], [ -1475617.774108396377414, 1509886.113005449529737 ], [ -1475172.496145223267376, 1509336.742781896842644 ], [ -1474315.336066115181893, 1508741.604111578548327 ], [ -1473502.70378332445398, 1508798.828423249069601 ], [ -1473235.53700542030856, 1509153.62181715387851 ], [ -1473769.870561228133738, 1510424.048672032309696 ], [ -1473714.210815831553191, 1510675.851969709387049 ], [ -1472601.015907898778096, 1511454.167687473585829 ], [ -1470964.619393237633631, 1511328.262176576303318 ], [ -1470586.133124540327117, 1512243.951810109429061 ], [ -1469606.521605559857562, 1513319.926231238758191 ], [ -1469595.389656480401754, 1513583.203005038201809 ], [ -1469395.01457305252552, 1513617.543640426360071 ], [ -1469751.236943590920419, 1514178.446782993385568 ], [ -1469662.181350956205279, 1514441.731813864782453 ], [ -1469138.979744227835909, 1514453.179046579869464 ], [ -1468693.701781054958701, 1514178.446782993385568 ], [ -1467881.069498263997957, 1514292.918224316323176 ], [ -1467658.430516677442938, 1514613.440807418432087 ], [ -1467747.486109312158078, 1515082.784221516456455 ], [ -1467625.034669439541176, 1515185.811902445508167 ], [ -1466556.367557824123651, 1514418.837362799560651 ], [ -1466022.034002016298473, 1514544.757080696057528 ], [ -1465398.644853573990986, 1514304.365394782973453 ], [ -1464374.505538275931031, 1514270.023897747974843 ], [ -1463918.095626023598015, 1514647.782735433196649 ], [ -1463728.852491674479097, 1513903.71727713290602 ], [ -1463216.782834025565535, 1514212.78816511714831 ], [ -1461858.685046347789466, 1513525.96870843693614 ], [ -1461691.705810158047825, 1513640.437421281356364 ], [ -1461235.295897905481979, 1513422.947276039049029 ], [ -1460890.205476446542889, 1513640.437421281589195 ], [ -1460433.795564193977043, 1513606.096757178427652 ], [ -1459431.920147054595873, 1512530.111094912746921 ], [ -1458875.322693088324741, 1512461.432594001991674 ], [ -1458196.273799248971045, 1511808.995420042891055 ], [ -1456982.891349602723494, 1512152.38147011352703 ], [ -1456292.710506684146821, 1511889.118446924490854 ], [ -1455969.883983383886516, 1512255.398124124156311 ], [ -1455658.189409162616357, 1512175.274026426719502 ], [ -1455502.342122051864862, 1511786.103169666603208 ], [ -1455969.883983383653685, 1511156.573775243246928 ], [ -1455524.606020210776478, 1511076.452889160485938 ], [ -1455624.793561924481764, 1510893.32031423645094 ], [ -1457016.287196840392426, 1510298.147889876971021 ], [ -1456637.800928143318743, 1509760.214691372588277 ], [ -1457105.342789475107566, 1508741.604111578315496 ], [ -1457483.829058172414079, 1508524.152814578730613 ], [ -1457316.849821982206777, 1507562.809810733422637 ], [ -1456804.780164333293214, 1506967.709564546355978 ], [ -1456292.710506684379652, 1507677.253642832161859 ], [ -1455969.883983383653685, 1507642.920443165116012 ], [ -1455669.321358241839334, 1507356.812113775638863 ], [ -1455613.661612845258787, 1507208.03695937874727 ], [ -1455880.828390749171376, 1507185.148545549251139 ], [ -1456303.842455763602629, 1505548.676328439032659 ], [ -1456092.335423256037757, 1505331.250282626831904 ], [ -1455101.591955196112394, 1505102.382616213755682 ], [ -1455190.647547830827534, 1504907.846595824463293 ], [ -1455090.460006116889417, 1504392.904941031010821 ], [ -1454845.557126371888444, 1504129.716257939813659 ], [ -1455001.404413482174277, 1503855.087269660783932 ], [ -1454711.973737419815734, 1502951.119516646489501 ], [ -1454311.223570563830435, 1502722.271623825887218 ], [ -1453531.987135011004284, 1502859.580131554277614 ], [ -1453598.778829486807808, 1502699.38693902338855 ], [ -1453376.13984790048562, 1502516.31014440045692 ], [ -1453999.528996342793107, 1502493.425630542915314 ], [ -1454355.751366881188005, 1502115.833893663715571 ], [ -1454378.015265040099621, 1501909.87694332189858 ], [ -1453910.473403708310798, 1501463.64215922402218 ], [ -1454378.01526503986679, 1500033.45108711742796 ], [ -1454044.056792660150677, 1499770.303999112220481 ], [ -1452641.431208664551377, 1500090.657307578716427 ], [ -1452262.944939967477694, 1499598.687683619791642 ], [ -1452062.569856539834291, 1499621.569797419244424 ], [ -1451695.215536922216415, 1500124.981096734991297 ], [ -1451839.930874953279272, 1500411.014332145219669 ], [ -1451828.798925873823464, 1501326.340600680094212 ], [ -1451428.048759018070996, 1500925.881623379420489 ], [ -1450726.735967020504177, 1501795.457079821266234 ], [ -1450426.173341878689826, 1501532.293194699566811 ], [ -1449780.520295277936384, 1501703.921530713094398 ], [ -1450203.534360292134807, 1502401.887765030609444 ], [ -1450248.062156609492376, 1503008.331786690978333 ], [ -1449669.200804484309629, 1503534.690243251854554 ], [ -1448901.096318010939285, 1503202.854393085697666 ], [ -1447409.415141380857676, 1503729.216564957052469 ], [ -1447064.324719921918586, 1504312.803771250648424 ], [ -1445850.942270275205374, 1504061.058754195924848 ], [ -1445928.865913830697536, 1504850.63038084260188 ], [ -1446251.692437130957842, 1505033.722687343135476 ], [ -1446363.011927924118936, 1505926.315122474450618 ], [ -1445683.963034085230902, 1506269.627614941680804 ], [ -1445683.963034085463732, 1506921.933156084269285 ], [ -1445216.421172753209248, 1506773.160354892257601 ], [ -1444826.802954977145419, 1507059.262610107194632 ], [ -1444448.316686279838905, 1507517.032411323161796 ], [ -1444158.886010217480361, 1508283.813910138094798 ], [ -1443780.399741520406678, 1507997.698908158577979 ], [ -1443179.274491236777976, 1508627.155845925910398 ], [ -1442622.677037270274013, 1508283.813910137861967 ], [ -1442233.058819493744522, 1508272.369252849835902 ], [ -1442021.551786986645311, 1508730.159263551933691 ], [ -1441242.315351433586329, 1508981.947021889034659 ], [ -1441119.863911561202258, 1509313.852594509255141 ], [ -1440874.961031815735623, 1509279.517349212197587 ], [ -1440674.585948387859389, 1509989.1211465485394 ], [ -1440340.627476008376107, 1510275.256900646258146 ], [ -1439483.467396899824962, 1510183.693134700879455 ], [ -1438737.626808585133404, 1510813.20019722986035 ], [ -1437835.93893315945752, 1510847.537361573893577 ], [ -1437479.716562620829791, 1511053.561250417260453 ], [ -1436967.646904971916229, 1510950.549112536711618 ], [ -1436800.667668781941757, 1511087.898715696996078 ], [ -1436811.799617861397564, 1512083.703915912425146 ], [ -1437335.001224589766935, 1512083.703915912425146 ], [ -1437335.001224589534104, 1512392.754265238530934 ], [ -1436689.348177988780662, 1512610.2362302292604 ], [ -1436411.049451005412266, 1513342.819763255072758 ], [ -1435854.451997039141133, 1512919.292518829926848 ], [ -1435720.868608087301254, 1512999.418792480835691 ], [ -1435798.792251642327756, 1513709.118878708221018 ], [ -1434607.673700154293329, 1514292.918224316556007 ], [ -1432102.985157306073233, 1514086.869974652770907 ], [ -1430678.095675152027979, 1514224.235302067361772 ], [ -1429809.803646964486688, 1514521.862543433671817 ], [ -1429709.616105250315741, 1514945.414583912119269 ], [ -1429331.129836553242058, 1515254.497238664422184 ], [ -1428585.289248238317668, 1515380.420803065411747 ], [ -1428563.025350079638883, 1515929.912233592709526 ], [ -1429297.733989315340295, 1517269.343875013059005 ], [ -1430889.602707659127191, 1518013.500942160608247 ], [ -1430121.498221185524017, 1519707.965027530211955 ], [ -1429854.331443281611428, 1519822.459639833308756 ], [ -1429609.428563536377624, 1519639.268490863032639 ], [ -1428885.851873380597681, 1519604.920287414686754 ], [ -1428663.212891793577, 1519856.808117257198319 ], [ -1428240.198826778912917, 1519948.404268565354869 ], [ -1427961.900099796010181, 1520337.691344292135909 ], [ -1426960.02468265639618, 1520223.194568579318002 ], [ -1426559.274515800643712, 1519868.25761934556067 ], [ -1426058.336807231185958, 1519982.752904625376686 ], [ -1425846.829774723853916, 1519753.762814771384001 ], [ -1425301.364269836805761, 1520280.442896330030635 ], [ -1425234.572575360769406, 1520772.783477812074125 ], [ -1424611.183426918461919, 1520921.632381096482277 ], [ -1424388.54444533213973, 1521517.03612505318597 ], [ -1424522.127834283746779, 1521940.696712735109031 ], [ -1424366.280547173228115, 1522078.101561826420948 ], [ -1423965.530380317708477, 1522078.101561826420948 ], [ -1423497.988518985686824, 1522444.517882369691506 ], [ -1422997.050810415996239, 1522352.913339965976775 ], [ -1422473.849203687626868, 1522833.840626311022788 ], [ -1422284.606069339439273, 1523349.12929128902033 ], [ -1421705.744717214023694, 1523635.40498812822625 ], [ -1421338.390397596405819, 1523394.933200374245644 ], [ -1419902.368966363137588, 1524230.868087604409084 ], [ -1419189.924225286114961, 1523875.878901437157765 ], [ -1418989.549141858238727, 1524013.293520655948669 ], [ -1418945.021345540881157, 1523738.464976395713165 ], [ -1418032.201521036215127, 1523440.737186563899741 ], [ -1417531.263812466291711, 1522913.996000094572082 ], [ -1417152.777543769218028, 1523131.561776017537341 ], [ -1416963.534409420564771, 1522742.234773870324716 ], [ -1416195.429922946961597, 1522318.561716021504253 ], [ -1415850.339501487556845, 1521894.895250425906852 ], [ -1415739.020010694628581, 1520772.783477812074125 ], [ -1415382.797640156466514, 1520360.590757136233151 ], [ -1414826.20018618972972, 1520658.284874608041719 ], [ -1414403.186121175298467, 1520623.935387439094484 ], [ -1413924.512310764286667, 1520497.987638148944825 ], [ -1413891.116463526152074, 1520131.597494206856936 ], [ -1412332.643592420732602, 1519914.055675771087408 ], [ -1412087.740712675498798, 1519089.702425744850188 ], [ -1411208.316735408268869, 1518849.270753299118951 ], [ -1410707.379026838578284, 1518173.783580300398171 ], [ -1410061.725980237592012, 1517761.630126137752086 ], [ -1409894.74674404785037, 1517086.169860448222607 ], [ -1409404.940984557149932, 1517028.928232778329402 ], [ -1409282.489544684998691, 1515655.165138022275642 ], [ -1408636.836498083779588, 1515838.329561634454876 ], [ -1408269.482178466161713, 1515243.049670649925247 ], [ -1407980.051502403337508, 1515357.525566413300112 ], [ -1407401.190150278387591, 1514785.150878541404381 ], [ -1407334.398455802584067, 1514075.422895153053105 ], [ -1406900.252441708697006, 1513915.164284825092182 ], [ -1406633.085663804784417, 1513159.672043002210557 ], [ -1404929.897454667603597, 1512701.808100392110646 ], [ -1404618.202880446566269, 1512907.845927442423999 ], [ -1403471.612125275656581, 1512804.826820203801617 ], [ -1404017.077630163170397, 1509794.550537936622277 ], [ -1404150.661019114777446, 1507436.922145810909569 ], [ -1402670.111791564384475, 1504713.311949993483722 ], [ -1401412.201545600313693, 1500353.807448031846434 ], [ -1400465.98587385751307, 1499381.308547769673169 ], [ -1395100.38641762197949, 1497253.371497504645959 ], [ -1393052.107787025393918, 1495880.595748538384214 ], [ -1391716.273897506296635, 1494393.498810319928452 ], [ -1390369.308058907743543, 1491305.167677583638579 ], [ -1391026.093054587952793, 1489006.299723291536793 ], [ -1391237.600087095052004, 1486936.337423984892666 ], [ -1390625.342887732200325, 1485335.367129375459626 ], [ -1390113.273230083053932, 1485083.794443301856518 ], [ -1389545.543827037326992, 1483345.717871601693332 ], [ -1389656.863317830720916, 1483036.991906761890277 ], [ -1390079.877382844686508, 1482899.78146251058206 ], [ -1389957.425942972302437, 1482568.192338723922148 ], [ -1390079.877382844919339, 1482248.041057785972953 ], [ -1390469.49560062168166, 1481973.628594176378101 ], [ -1391627.218304871581495, 1482305.210660285316408 ], [ -1392295.135249631246552, 1481939.327225719578564 ], [ -1392662.489569249097258, 1482042.231457414105535 ], [ -1393163.427277818787843, 1481630.616804262856022 ], [ -1393441.726004801923409, 1481058.939842089312151 ], [ -1393374.934310325654224, 1480876.005683089373633 ], [ -1393786.81642626109533, 1480841.705661515006796 ], [ -1394176.434644037624821, 1481367.643949612509459 ], [ -1395066.990570383844897, 1480830.272330339998007 ], [ -1395634.719973429571837, 1481310.476265106350183 ], [ -1396814.706575838150457, 1480693.07272085826844 ], [ -1397627.338858629111201, 1480944.605852459324524 ], [ -1398083.748770881444216, 1481527.714088225504383 ], [ -1398406.575294181937352, 1481573.448581914184615 ], [ -1399130.151984338182956, 1482831.176493202103302 ], [ -1400076.367656080983579, 1482808.308207551715896 ], [ -1400510.51367017487064, 1482430.984197605401278 ], [ -1400855.60409163380973, 1483425.758493833476678 ], [ -1401812.951712456298992, 1483723.054242880782112 ], [ -1402124.64628667710349, 1482751.137575349304825 ], [ -1402024.458744963165373, 1482282.342805246822536 ], [ -1402358.417217343114316, 1481985.062393019674346 ], [ -1403248.973143689334393, 1481893.592133275000378 ], [ -1403104.257805658038706, 1481573.448581913951784 ], [ -1405441.96711231674999, 1481859.290863064583391 ], [ -1405954.036769965663552, 1482133.702203746186569 ], [ -1406532.8981220908463, 1481722.086203249171376 ], [ -1406532.8981220908463, 1481093.24013014882803 ], [ -1407078.363626978127286, 1480441.541851600399241 ], [ -1407746.280571737792343, 1480270.044828549027443 ], [ -1407991.183451482793316, 1480007.084768520668149 ], [ -1408636.836498083779588, 1480464.408200786216184 ], [ -1408915.135225066915154, 1480235.74555010930635 ], [ -1409070.982512177433819, 1479721.261419465998188 ], [ -1409883.614794968394563, 1479481.172062367899343 ], [ -1410952.281906584044918, 1479629.798564366530627 ], [ -1410774.170721314614639, 1479103.892947907792404 ], [ -1410863.226313949096948, 1478120.704597449861467 ], [ -1410551.53173972829245, 1478052.111349352169782 ], [ -1410807.566568552749231, 1477709.147627981845289 ], [ -1410529.267841569380835, 1477343.324285358656198 ], [ -1410707.379026838578284, 1477320.46048499760218 ], [ -1411030.20555013907142, 1476497.376091479556635 ], [ -1410217.573267348343506, 1475982.960614116862416 ], [ -1410473.608096172800288, 1475571.435024262405932 ], [ -1410384.552503538317978, 1475434.261168936733156 ], [ -1410083.989878396270797, 1475502.848012778908014 ], [ -1410061.725980237592012, 1475251.3637382122688 ], [ -1410863.226313949096948, 1475388.536699505988508 ], [ -1410673.983179600676522, 1474839.848876738222316 ], [ -1410729.642924997257069, 1474279.74111901409924 ], [ -1410930.018008425133303, 1474039.698357052868232 ], [ -1411464.351564233191311, 1474028.267800512956455 ], [ -1412310.379694261820987, 1473228.140400086529553 ], [ -1412154.532407151302323, 1471856.546419661026448 ], [ -1413412.442653115140274, 1471490.799322836333886 ], [ -1413657.345532860374078, 1470450.731997524155304 ], [ -1413913.380361684830859, 1470290.725050664041191 ], [ -1415482.9851818701718, 1470279.296017826301977 ], [ -1415872.603399646468461, 1470096.432123303646222 ], [ -1415917.131195964058861, 1469307.84517848584801 ], [ -1415516.381029108073562, 1468987.845178177813068 ], [ -1415538.644927266752347, 1468599.278634151443839 ], [ -1416418.068904533516616, 1468005.01075014215894 ], [ -1416963.534409420564771, 1467856.445736121851951 ], [ -1417442.208219831576571, 1468370.712580982362852 ], [ -1418032.201521036215127, 1468439.282202347647399 ], [ -1418677.854567636968568, 1468770.704390282509848 ], [ -1419034.076938175596297, 1468793.561236540786922 ], [ -1419245.583970682695508, 1468622.13534139841795 ], [ -1419334.639563317410648, 1467902.15796476835385 ], [ -1420013.688457156298682, 1468427.853920538676903 ], [ -1420258.591336901532486, 1468370.712580982362852 ], [ -1420570.285911122802645, 1467947.870267510646954 ], [ -1420637.077605598606169, 1467113.632403675233945 ], [ -1420180.667693346273154, 1465902.317219333024696 ], [ -1420525.758114805445075, 1465708.054525684565306 ], [ -1420959.904128899099305, 1466119.435929052531719 ], [ -1422028.57124051451683, 1465822.326536578824744 ], [ -1422173.286578545812517, 1464736.761097211623564 ], [ -1421972.911495117703453, 1463902.618093506898731 ], [ -1422596.30064356024377, 1463982.603342035785317 ], [ -1423497.988518985686824, 1463754.074660800397396 ], [ -1424522.127834283746779, 1464108.294904036214575 ], [ -1424800.426561267115176, 1463971.176864106673747 ], [ -1424477.60003796685487, 1463319.875254206592217 ], [ -1424588.919528759783134, 1463251.3180624791421 ], [ -1425880.225621961755678, 1463297.022838502191007 ], [ -1426158.524348945124075, 1463068.499696822836995 ], [ -1426125.128501706989482, 1462542.903475651051849 ], [ -1425357.024015233386308, 1461503.165789539692923 ], [ -1425757.774182089138776, 1461503.165789540158585 ], [ -1426314.371636055642739, 1461857.357855878537521 ], [ -1426859.837140942690894, 1461674.548494237707928 ], [ -1426971.156631735851988, 1460851.920969226630405 ], [ -1426403.427228690125048, 1460109.291634576860815 ], [ -1425991.545112755149603, 1459949.343247763579711 ], [ -1425980.413163675693795, 1459640.873907263623551 ], [ -1426303.239686976186931, 1459286.709543436998501 ], [ -1427127.003918846603483, 1459629.449181324336678 ], [ -1428017.559845192590728, 1459583.750323597341776 ], [ -1428563.025350079638883, 1461057.575610779691488 ], [ -1428963.775516935624182, 1461571.718746955972165 ], [ -1429397.921531029278412, 1461400.336664553033188 ], [ -1430255.081610137363896, 1460600.567323398776352 ], [ -1430477.720591723918915, 1460611.992440747329965 ], [ -1430900.734656738350168, 1461183.25418224115856 ], [ -1432036.193462830036879, 1461468.889373060315847 ], [ -1432125.249055464519188, 1461708.825159644242376 ], [ -1431702.234990450087935, 1462314.386424278607592 ], [ -1432347.888037051074207, 1462908.534595977049321 ], [ -1432603.922865875763819, 1462942.812755734426901 ], [ -1433115.992523524677381, 1462474.348166507901624 ], [ -1433405.423199587035924, 1462554.329376653535292 ], [ -1433661.458028411725536, 1464016.882803528336808 ], [ -1434763.520987265044823, 1464782.468274570768699 ], [ -1435531.625473738647997, 1465056.712891309522092 ], [ -1435821.056149801239371, 1465673.773012578953058 ], [ -1436054.827080467017367, 1465799.472097408724949 ], [ -1436622.556483512744308, 1464953.870848112273961 ], [ -1437290.473428272409365, 1464588.213281335774809 ], [ -1437758.015289604198188, 1465662.345850791316479 ], [ -1437591.036053413990885, 1466279.419204585254192 ], [ -1438014.050118428654969, 1466210.854832634562626 ], [ -1438659.703165029641241, 1466976.499773243209347 ], [ -1439650.446633089799434, 1466987.927466991124675 ], [ -1439873.085614676121622, 1467285.049128972925246 ], [ -1439249.696466234046966, 1468907.845745887374505 ], [ -1440374.023323246277869, 1468199.289257191121578 ], [ -1440730.245693784672767, 1468153.576546870404854 ], [ -1441798.912805399857461, 1469067.844837569165975 ], [ -1443357.385676505742595, 1467696.453519338276237 ], [ -1444003.038723106728867, 1468473.567075573839247 ], [ -1444381.52499180380255, 1468587.850287477485836 ], [ -1444982.650242087431252, 1468176.432892767479643 ], [ -1445316.608714467380196, 1468256.430249313125387 ], [ -1445906.602015671785921, 1469010.702200544299558 ], [ -1446073.581251861527562, 1468999.273687043460086 ], [ -1446385.275826083030552, 1468267.858461634488776 ], [ -1446919.609381890622899, 1468165.004717502743006 ], [ -1447487.338784936349839, 1467742.165488664992154 ], [ -1448444.686405758373439, 1467730.737489387392998 ], [ -1448823.172674455679953, 1467445.039012264693156 ], [ -1449624.673008166952059, 1467593.601859227987006 ], [ -1449602.409110008506104, 1466645.09866754617542 ], [ -1449902.971735150320455, 1466153.717983206966892 ], [ -1451149.75003203493543, 1466462.258343911729753 ], [ -1452107.09765285695903, 1466302.27403223933652 ], [ -1452596.903412347426638, 1467022.210576003417373 ], [ -1453008.785528282634914, 1467216.482313877902925 ], [ -1453298.216204344760627, 1466393.693527886178344 ], [ -1453888.209505549399182, 1465788.044884759932756 ], [ -1454389.147214119089767, 1465662.345850790850818 ], [ -1454867.821024530101568, 1464976.724603140493855 ], [ -1454912.348820847691968, 1464473.946261951699853 ], [ -1455713.849154559196904, 1463411.285101651446894 ], [ -1456582.141182746738195, 1463034.221384787699208 ], [ -1457895.711174107389525, 1463845.485911657335237 ], [ -1458363.253035438945517, 1464416.812925494275987 ], [ -1460122.100989972939715, 1465068.139808104140684 ], [ -1461090.580559874186292, 1465845.180994245223701 ], [ -1461981.136486220639199, 1466176.572709102416411 ], [ -1462259.435213203774765, 1466188.000078987563029 ], [ -1462994.143852439243346, 1465513.793168272823095 ], [ -1463261.310630343155935, 1465925.171741738682613 ], [ -1463840.171982468105853, 1466108.008586917771026 ], [ -1464263.186047482537106, 1466028.017321473220363 ], [ -1464463.56113091064617, 1465513.793168272823095 ], [ -1465688.075529636349529, 1465570.928722930839285 ], [ -1465075.818330273265019, 1466050.871945619117469 ], [ -1466010.902052936842665, 1467227.910104822134599 ], [ -1466522.971710585989058, 1466885.078389861620963 ], [ -1466856.930182965705171, 1466907.933707940392196 ], [ -1467046.173317314125597, 1466462.258343911729753 ], [ -1466968.249673759331927, 1466050.871945619117469 ], [ -1467302.20814613904804, 1465856.608230013865978 ], [ -1467914.46534550213255, 1465948.026282640639693 ], [ -1468048.048734453739598, 1466245.136997795663774 ], [ -1467858.805600105319172, 1466599.388475600397214 ], [ -1468526.722544864984229, 1466096.581249408423901 ], [ -1468894.076864482602105, 1465559.501602753298357 ], [ -1470408.021939271362498, 1465605.210111203370616 ], [ -1470163.119059526128694, 1465148.128355075372383 ], [ -1470363.494142954004928, 1464531.079713897779584 ], [ -1470163.119059526128694, 1464382.532979050884023 ], [ -1470419.153888350585476, 1464051.162306583253667 ], [ -1470062.931517812190577, 1463479.842681102454662 ], [ -1471064.806934951804578, 1462634.310812836978585 ], [ -1471832.911421425174922, 1462542.903475651051849 ], [ -1471921.967014059657231, 1462177.277079018997028 ], [ -1472344.981079074088484, 1462154.425586042227224 ], [ -1472367.2449772330001, 1461868.783480170648545 ], [ -1472701.203449612716213, 1461800.229803579626605 ], [ -1472812.522940405877307, 1461571.718746955739334 ], [ -1473335.724547134479508, 1461480.314840610604733 ], [ -1473591.759375958936289, 1461777.378614934161305 ], [ -1473781.002510307356715, 1461114.70216504833661 ], [ -1473291.196750817121938, 1460657.692956208018586 ], [ -1471498.952949045458809, 1460212.11607411573641 ], [ -1470920.091596920276061, 1460269.240923926001415 ], [ -1470307.834397557424381, 1458509.848363146185875 ], [ -1468994.264406196540222, 1457344.59646560321562 ], [ -1468426.535003151046112, 1455539.692804204532877 ], [ -1468092.576530771097168, 1455562.538969730958343 ], [ -1467669.562465756898746, 1456339.319522557314485 ], [ -1467346.735942456172779, 1456305.049344647442922 ], [ -1466522.971710585989058, 1455345.501138380263001 ], [ -1465743.735275032930076, 1454785.779638542793691 ], [ -1465554.49214068450965, 1454397.407927281688899 ], [ -1465532.228242525830865, 1453597.835799626074731 ], [ -1464808.651552369585261, 1452272.879992784699425 ], [ -1464496.956978148315102, 1451907.385786762228236 ], [ -1463795.644186150981113, 1451758.905104451347142 ], [ -1463584.137153643649071, 1451484.788953690091148 ], [ -1463628.664949960773811, 1450319.824710109038278 ], [ -1463294.706477581057698, 1449623.153138881549239 ], [ -1464552.616723544895649, 1448218.440849932143465 ], [ -1465398.644853573990986, 1447852.998569710878655 ], [ -1466500.707812427310273, 1448344.062713251914829 ], [ -1467524.847127725370228, 1448321.222333381650969 ], [ -1467580.506873122183606, 1448149.920066380174831 ], [ -1467291.076197059592232, 1447795.89863558136858 ], [ -1466099.957645571557805, 1447099.288623686414212 ], [ -1466511.83976150653325, 1445831.730331554077566 ], [ -1466389.388321634149179, 1444929.628450819756836 ], [ -1464819.783501448808238, 1444255.925332039827481 ], [ -1463528.477408247068524, 1443468.055342352250591 ], [ -1463573.005204564426094, 1443034.165176139445975 ], [ -1464441.297232751734555, 1442040.809781190240756 ], [ -1464218.658251165179536, 1441036.071496383287013 ], [ -1462626.78953282139264, 1440670.720839345827699 ], [ -1461279.823694222839549, 1440031.368373690638691 ], [ -1459220.413114547496662, 1440077.035935005173087 ], [ -1458541.364220708375797, 1439346.363663997268304 ], [ -1458407.780831756535918, 1438923.952231392031536 ], [ -1458496.836424391018227, 1438604.293651190353557 ], [ -1459654.559128640918061, 1438238.973910574102774 ], [ -1459821.538364830892533, 1437964.98715011915192 ], [ -1459532.10768876853399, 1437314.279051118530333 ], [ -1458418.912780835526064, 1436412.444780943449587 ], [ -1459120.225572833558545, 1436138.475406582932919 ], [ -1459309.468707181978971, 1435693.280730868456885 ], [ -1459610.031332323793322, 1435567.714245634386316 ], [ -1459687.954975879052654, 1434894.23061642004177 ], [ -1460133.232939052162692, 1434528.957941400120035 ], [ -1460088.705142734805122, 1434175.104449990205467 ], [ -1459721.350823116954416, 1433684.282600620994344 ], [ -1460088.705142734805122, 1432976.6006789135281 ], [ -1459665.691077720141038, 1430636.808120027650148 ], [ -1459309.468707181978971, 1430260.176288353046402 ], [ -1458786.267100453609601, 1427909.191441125236452 ], [ -1457071.946942237205803, 1425786.621482256334275 ], [ -1458207.405748328659683, 1425763.79899380216375 ], [ -1459242.677012705709785, 1425501.341667166445404 ], [ -1461079.448610794730484, 1424771.038122027181089 ], [ -1463595.269102722872049, 1423447.409772642888129 ], [ -1464307.713843799894676, 1422717.15787983709015 ], [ -1464318.845792879117653, 1421405.032603769330308 ], [ -1463584.137153643649071, 1420423.829770469339564 ], [ -1460734.358189335791394, 1418803.776532619027421 ], [ -1460867.941578287631273, 1418507.15682332450524 ], [ -1461246.427846984704956, 1418370.256437077885494 ], [ -1461947.740638982504606, 1419077.582020733272657 ], [ -1462359.622754917480052, 1419009.130407516146079 ], [ -1462470.942245710873976, 1418039.416490974603221 ], [ -1463138.859190470539033, 1418666.87475323327817 ], [ -1464407.901385513599962, 1418963.496088037500158 ], [ -1464752.991806972771883, 1418678.283210287569091 ], [ -1464741.859857893781736, 1418187.723588776309043 ], [ -1465098.082228432176635, 1418336.031440968392417 ], [ -1465409.776802653213963, 1418244.764981107320637 ], [ -1465955.242307540494949, 1418564.198840683093295 ], [ -1466856.930182965705171, 1417389.155811577336863 ], [ -1467079.569164552493021, 1417868.293853887589648 ], [ -1468181.632123405812308, 1418598.424104679375887 ], [ -1468994.264406196540222, 1418986.313238844042644 ], [ -1469584.257707400945947, 1418963.496088037267327 ], [ -1469495.202114766463637, 1419727.88036766089499 ], [ -1469628.785503718303517, 1420047.330487347906455 ], [ -1470029.535670574288815, 1420207.056861343793571 ], [ -1470630.660920857684687, 1419739.289240170503035 ], [ -1471242.918120220769197, 1419921.831808136077598 ], [ -1471621.40438891784288, 1419146.033794756280258 ], [ -1472367.2449772330001, 1418746.734046392142773 ], [ -1473357.988445292925462, 1419807.742569077527151 ], [ -1474348.731913353316486, 1419328.5726450427901 ], [ -1475350.607330492464826, 1420013.103521196404472 ], [ -1476029.65622433158569, 1420081.557493729516864 ], [ -1476842.288507122546434, 1419887.604989488609135 ], [ -1477365.490113850915805, 1420275.511289858957753 ], [ -1478400.761378228198737, 1420503.693880710285157 ], [ -1479436.032642605481669, 1419956.058667010394856 ], [ -1479179.997813781024888, 1419339.98136115912348 ], [ -1480816.394328442402184, 1419374.207536315312609 ] ] ] ] } },
{ "type": "Feature", "properties": { "GID_2": "SEN.13.1_1", "GID_0": "SEN", "COUNTRY": "Senegal", "GID_1": "SEN.13_1", "NAME_1": "Thiès", "NL_NAME_1": "NA", "NAME_2": "Mbour", "VARNAME_2": "M'Bour", "NL_NAME_2": "NA", "TYPE_2": "Département", "ENGTYPE_2": "Department", "CC_2": "71", "HASC_2": "SN.TH.MR", "area_ha": 191379.76, "carbon_mean": 11.86, "carbon_min": 8.34, "carbon_max": 78.92, "carbon_median": 10.99, "carbon_std": 3.37, "carbon_pixel_count": 351189 }, "geometry": { "type": "MultiPolygon", "coordinates": [ [ [ [ -1862564.324105815496296, 1604269.404080911306664 ], [ -1862341.685124229174107, 1603924.828064806526527 ], [ -1861696.032077627955005, 1603936.313858134439215 ], [ -1862731.303342005237937, 1602948.554248027969152 ], [ -1864122.796976921148598, 1602362.807615375844762 ], [ -1863866.762148096924648, 1601914.892651403089985 ], [ -1863710.914860986173153, 1600869.787824123632163 ], [ -1863710.914860986173153, 1600410.414408516138792 ], [ -1864044.873333366122097, 1599962.533157681114972 ], [ -1863343.560541368555278, 1598963.441288747126237 ], [ -1861696.032077627955005, 1598090.702830426162109 ], [ -1861506.788943279301748, 1597573.963611997896805 ], [ -1861696.032077627955005, 1596529.033466916065663 ], [ -1862831.490883719641715, 1595208.577388209756464 ], [ -1863632.99121743068099, 1595105.240174022037536 ], [ -1864523.547143777133897, 1593899.669643039116636 ], [ -1865425.23501920257695, 1593624.118499023839831 ], [ -1866104.283913041697815, 1592682.674073548521847 ], [ -1866048.624167645117268, 1592303.809692044509575 ], [ -1865425.23501920257695, 1591798.66574544692412 ], [ -1864991.089005108689889, 1591063.928375475807115 ], [ -1864890.901463394984603, 1590650.647695963969454 ], [ -1865013.352903267135844, 1590398.090501972008497 ], [ -1865258.255783012602478, 1590294.772354098269716 ], [ -1865636.742051709676161, 1590512.888923610560596 ], [ -1866939.180093991104513, 1590042.21860269154422 ], [ -1867918.791612971806899, 1590409.570321419509128 ], [ -1868486.521016017766669, 1590248.853308504913002 ], [ -1869232.361604332458228, 1589146.820436186622828 ], [ -1869288.021349729271606, 1588458.073497530771419 ], [ -1868987.458724587457255, 1588021.876490480965003 ], [ -1867829.736020337091759, 1587046.199001246597618 ], [ -1866460.506283580092713, 1586368.985434426926076 ], [ -1866560.69382529403083, 1585680.311643349705264 ], [ -1865002.220954187912866, 1583958.706397355301306 ], [ -1864790.713921680813655, 1582306.071750273229554 ], [ -1864902.03341247420758, 1581537.173066570889205 ], [ -1865647.874000789131969, 1581342.082953709177673 ], [ -1866193.339505675947294, 1581479.793471093755215 ], [ -1867250.874668212141842, 1580068.294906825060025 ], [ -1868386.333474303362891, 1584991.655966626713052 ], [ -1869265.75745157035999, 1587115.069159505423158 ], [ -1870356.6884613444563, 1588905.75694271363318 ], [ -1870367.820410423912108, 1589468.241887497715652 ], [ -1870712.910831883084029, 1589560.077314280439168 ], [ -1870946.681762548862025, 1589938.901862977072597 ], [ -1871737.050147181143984, 1589651.913063948042691 ], [ -1872494.022684575757012, 1589904.463040574686602 ], [ -1872583.078277210239321, 1590225.89381599240005 ], [ -1872260.251753909513354, 1590547.328548543853685 ], [ -1872416.099041020032018, 1590731.007315578637645 ], [ -1872861.377004193374887, 1590788.407195345964283 ], [ -1872983.828444065758958, 1591052.448268229840323 ], [ -1873061.752087621018291, 1590639.167770499829203 ], [ -1875544.176732310792431, 1593245.240433912724257 ], [ -1876523.788251291960478, 1594864.121602732921019 ], [ -1877581.323413827689365, 1595392.289004123304039 ], [ -1877915.281886207638308, 1598492.618215369991958 ], [ -1878883.761456109117717, 1601489.954838678706437 ], [ -1882746.547786635812372, 1606532.233904741238803 ], [ -1883648.235662061255425, 1606991.715917335823178 ], [ -1884561.055486566387117, 1607014.690232354681939 ], [ -1884772.562519073719159, 1607657.979344648541883 ], [ -1884961.805653422139585, 1609599.431117598200217 ], [ -1884728.034722756361589, 1612058.047104299766943 ], [ -1884805.95836631138809, 1613609.163817749125883 ], [ -1885217.840482246363536, 1614999.503399192588404 ], [ -1885485.007260150508955, 1615516.591004939284176 ], [ -1886197.452001227065921, 1616206.057319734944031 ], [ -1886386.695135575952008, 1617228.799748224904761 ], [ -1886798.577251511160284, 1617952.788099576719105 ], [ -1887511.021992587950081, 1618527.39655696740374 ], [ -1888078.751395633677021, 1619734.116188541287556 ], [ -1888991.571220138575882, 1620848.945719275856391 ], [ -1889781.93960477062501, 1621182.254682082915679 ], [ -1890394.196804133942351, 1621848.885611879872158 ], [ -1890872.870614544954151, 1621963.823731968179345 ], [ -1892030.593318794853985, 1622940.818576356163248 ], [ -1893177.184073965530843, 1624320.168888389365748 ], [ -1893600.198138979962096, 1624527.077848070766777 ], [ -1893900.760764122009277, 1624377.64343155012466 ], [ -1894357.170676374109462, 1624710.998328326502815 ], [ -1894702.261097833281383, 1624733.988481343258172 ], [ -1895770.928209449164569, 1625665.107047972735018 ], [ -1896438.845154208596796, 1625561.64775497931987 ], [ -1897874.866585441865027, 1625826.04455823614262 ], [ -1898910.137849819147959, 1626515.788223582319915 ], [ -1899578.054794578813016, 1628148.255761147243902 ], [ -1899867.48547064140439, 1628401.182605043752119 ], [ -1900335.027331973193213, 1628343.699011347955093 ], [ -1900479.74267000425607, 1628481.659853727091104 ], [ -1901103.131818446796387, 1629332.43486409378238 ], [ -1901392.562494509387761, 1630079.760647176997736 ], [ -1902038.215541110606864, 1630505.171260135946795 ], [ -1902116.139184665633366, 1630884.597526376368478 ], [ -1902383.305962569545954, 1631034.070030681788921 ], [ -1902995.563161932164803, 1633690.227739164838567 ], [ -1903585.556463136803359, 1635265.655710772844031 ], [ -1904164.417815261520445, 1636162.65831819572486 ], [ -1904364.792898689396679, 1636956.187024282058701 ], [ -1904988.182047131936997, 1637669.233968800166622 ], [ -1907036.460677728056908, 1639129.892677007941529 ], [ -1907748.905418805079535, 1640096.043867108644918 ], [ -1908683.989141468657181, 1642074.4683780556079 ], [ -1906568.918816396268085, 1643351.324405561434105 ], [ -1907325.891353790648282, 1645537.083416479174048 ], [ -1906914.009237855207175, 1648010.670361372176558 ], [ -1906535.522969158366323, 1649046.197347921784967 ], [ -1906535.522969158366323, 1650818.197736303554848 ], [ -1907815.69711328111589, 1651934.391829284839332 ], [ -1907715.509571567177773, 1653349.843142387690023 ], [ -1907325.891353790648282, 1653902.2359902379103 ], [ -1907259.099659314844757, 1654776.88281906559132 ], [ -1907225.703812076710165, 1655617.032775879139081 ], [ -1907648.717877091374248, 1655663.069201838457957 ], [ -1907626.453978932695463, 1655996.835813371930271 ], [ -1907103.252372204093263, 1656572.305905590532348 ], [ -1906190.432547699194402, 1656664.382344300160185 ], [ -1905633.8350937331561, 1656215.512894883519039 ], [ -1904787.806963704293594, 1655927.78028847463429 ], [ -1904554.036033038049936, 1655594.014594536973163 ], [ -1904598.563829355640337, 1655179.690936687868088 ], [ -1903340.653583391569555, 1653948.269275263417512 ], [ -1903062.354856408433989, 1653994.302644563140348 ], [ -1902706.132485870271921, 1653476.432098420802504 ], [ -1901325.770800033118576, 1652855.00151740713045 ], [ -1897396.192775030387565, 1652210.571199969155714 ], [ -1895904.511598400771618, 1652452.230635173153132 ], [ -1895659.608718655537814, 1649828.623717788606882 ], [ -1893188.316023044520989, 1648965.654835283523425 ], [ -1888869.119780265726149, 1646791.104187461314723 ], [ -1886509.14657544856891, 1643938.009589435067028 ], [ -1884950.673704342683777, 1641269.27696652058512 ], [ -1882946.922870063688606, 1638738.841945323860273 ], [ -1882746.547786635812372, 1636979.188226070487872 ], [ -1883102.770157174440101, 1634978.161574163939804 ], [ -1882590.700499525526538, 1633506.242514380719513 ], [ -1882056.366943717701361, 1633149.774926798418164 ], [ -1881644.484827782260254, 1633092.280622204765677 ], [ -1881432.977795275393873, 1633241.766084299422801 ], [ -1880976.567883022595197, 1633977.707316435175017 ], [ -1880954.303984864149243, 1634380.184182689990848 ], [ -1880086.011956676607952, 1634909.163465140154585 ], [ -1879217.71992848906666, 1634828.665907935472205 ], [ -1878616.594678205670789, 1635081.659088803455234 ], [ -1877681.510955541860312, 1635035.660141391679645 ], [ -1877213.969094210071489, 1633862.715095708845183 ], [ -1875332.669699803926051, 1632436.854728141799569 ], [ -1873807.592675935709849, 1634184.694623673334718 ], [ -1874241.738690029829741, 1634230.692031796788797 ], [ -1874208.342842792160809, 1635921.154501439305022 ], [ -1872482.890735495835543, 1636139.657855794765055 ], [ -1870211.973123313160613, 1639417.433826312655583 ], [ -1871247.244387690909207, 1640360.591685607330874 ], [ -1871414.223623880650848, 1641453.318460795562714 ], [ -1871180.452693214872852, 1642454.067495719064027 ], [ -1870000.466090806294233, 1644559.220500649185851 ], [ -1868564.444659572793171, 1645594.60594278248027 ], [ -1867128.42322833975777, 1645721.155961616663262 ], [ -1867161.819075577426702, 1646526.489117059158161 ], [ -1866972.575941229006276, 1647090.237606445094571 ], [ -1865592.214255392784253, 1647400.879908577539027 ], [ -1864801.845870760269463, 1647366.363908442668617 ], [ -1863187.713254257803783, 1649276.320230189245194 ], [ -1862931.678425433114171, 1649333.851278928108513 ], [ -1861885.275211976375431, 1649322.345058678416535 ], [ -1858222.863964877324179, 1650070.260299051878974 ], [ -1858222.863964877324179, 1649563.97678672010079 ], [ -1857632.870663673384115, 1649552.47046144050546 ], [ -1857421.363631166284904, 1649828.623717788606882 ], [ -1855462.140593204647303, 1649161.258526527322829 ], [ -1855150.446018983144313, 1648137.232490623369813 ], [ -1854426.869328826898709, 1647884.108866955619305 ], [ -1853057.639592070132494, 1647792.06454245117493 ], [ -1853046.507642990676686, 1648114.221147173782811 ], [ -1851109.548503187485039, 1648574.452004239661619 ], [ -1850764.458081728080288, 1647734.537010129075497 ], [ -1850040.881391571834683, 1647538.944381125969812 ], [ -1850174.464780524140224, 1647170.774132522754371 ], [ -1849751.450715509243309, 1646814.114324634894729 ], [ -1848782.971145608229563, 1645203.455346105387434 ], [ -1847547.324797802837566, 1644536.21241696132347 ], [ -1847636.380390437319875, 1644225.605336364824325 ], [ -1847502.797001485479996, 1644053.047495737206191 ], [ -1846567.71327882213518, 1643788.461093492573127 ], [ -1846289.414551838766783, 1643512.373885442502797 ], [ -1845098.296000350732356, 1643523.877458950970322 ], [ -1844975.844560478115454, 1643316.813936109887436 ], [ -1843450.767536610364914, 1643443.352554241660982 ], [ -1842849.642286326503381, 1643673.424390600295737 ], [ -1839454.397817131830379, 1643834.475921141216531 ], [ -1838842.140617768513039, 1642281.521736630937085 ], [ -1838741.953076055040583, 1640786.174405532656237 ], [ -1839810.620187670225278, 1638715.839148844592273 ], [ -1839754.960442273877561, 1637887.752364289015532 ], [ -1840790.231706651160493, 1633759.222541454480961 ], [ -1841703.051531156059355, 1631988.415153407957405 ], [ -1842159.46144340839237, 1631551.481623999541625 ], [ -1842471.156017629429698, 1630735.125898732338101 ], [ -1847346.949714374728501, 1626596.259530604816973 ], [ -1849851.638257223647088, 1625573.143211302813143 ], [ -1851821.993244264507666, 1623446.571726399008185 ], [ -1853413.861962608294562, 1623101.738949440186843 ], [ -1855807.231014663819224, 1623090.244603535160422 ], [ -1858033.620830529136583, 1623366.110329631948844 ], [ -1858423.239048305898905, 1623182.199515271233395 ], [ -1858868.517011478543282, 1622251.171288272598758 ], [ -1859124.551840303232893, 1620366.230076282983646 ], [ -1859625.489548872923478, 1619481.274994912790135 ], [ -1859914.920224935282022, 1615642.991778692929074 ], [ -1860193.218951918883249, 1614666.274671840714291 ], [ -1859903.788275856291875, 1609450.083490399410948 ], [ -1860104.163359283935279, 1608703.358315258985385 ], [ -1861350.941656168783084, 1606624.129653943004087 ], [ -1862887.150629115989432, 1604705.873618324287236 ], [ -1862564.324105815496296, 1604269.404080911306664 ] ] ] ] } },
{ "type": "Feature", "properties": { "GID_2": "SEN.13.2_1", "GID_0": "SEN", "COUNTRY": "Senegal", "GID_1": "SEN.13_1", "NAME_1": "Thiès", "NL_NAME_1": "NA", "NAME_2": "Thiès", "VARNAME_2": "NA", "NL_NAME_2": "NA", "TYPE_2": "Département", "ENGTYPE_2": "Department", "CC_2": "72", "HASC_2": "SN.TH.TH", "area_ha": 154680.89, "carbon_mean": 11.68, "carbon_min": 8.44, "carbon_max": 64.42, "carbon_median": 11.02, "carbon_std": 2.23, "carbon_pixel_count": 284594 }, "geometry": { "type": "MultiPolygon", "coordinates": [ [ [ [ -1863966.949689810629934, 1648298.312482448061928 ], [ -1864801.845870760269463, 1647366.363908442668617 ], [ -1865592.214255392784253, 1647400.879908577539027 ], [ -1866972.575941229006276, 1647090.237606445094571 ], [ -1867161.819075577426702, 1646526.489117059158161 ], [ -1867128.42322833975777, 1645721.155961616663262 ], [ -1868564.444659572793171, 1645594.60594278248027 ], [ -1870000.466090806294233, 1644559.220500649185851 ], [ -1871180.452693214872852, 1642454.067495719064027 ], [ -1871414.223623880650848, 1641453.318460795562714 ], [ -1871247.244387690909207, 1640360.591685607330874 ], [ -1870211.973123313160613, 1639417.433826312655583 ], [ -1872482.890735495835543, 1636139.657855794765055 ], [ -1874208.342842792160809, 1635921.154501439305022 ], [ -1874241.738690029829741, 1634230.692031796788797 ], [ -1873807.592675935709849, 1634184.694623673334718 ], [ -1875332.669699803926051, 1632436.854728141799569 ], [ -1877213.969094210071489, 1633862.715095708845183 ], [ -1877681.510955541860312, 1635035.660141391679645 ], [ -1878616.594678205670789, 1635081.659088803455234 ], [ -1879217.71992848906666, 1634828.665907935472205 ], [ -1880086.011956676607952, 1634909.163465140154585 ], [ -1880954.303984864149243, 1634380.184182689990848 ], [ -1880976.567883022595197, 1633977.707316435175017 ], [ -1881544.297286068787798, 1633149.774926799815148 ], [ -1882301.269823462702334, 1633241.766084299422801 ], [ -1882713.15193939814344, 1633736.224253236316144 ], [ -1883102.770157174440101, 1634978.161574163939804 ], [ -1882746.547786635812372, 1636979.188226070487872 ], [ -1882946.922870063688606, 1638738.841945323860273 ], [ -1884950.673704342683777, 1641269.27696652058512 ], [ -1886509.14657544856891, 1643938.009589435067028 ], [ -1888869.119780265726149, 1646791.104187461314723 ], [ -1893188.316023044520989, 1648965.654835283523425 ], [ -1895659.608718655537814, 1649828.623717788606882 ], [ -1895904.511598400771618, 1652452.230635173153132 ], [ -1897396.192775030387565, 1652210.571199969155714 ], [ -1901325.770800033118576, 1652855.00151740713045 ], [ -1902706.132485870271921, 1653476.432098420802504 ], [ -1903062.354856408433989, 1653994.302644563140348 ], [ -1903340.653583391569555, 1653948.269275263417512 ], [ -1904598.563829355640337, 1655179.690936687868088 ], [ -1904554.036033038049936, 1655594.014594536973163 ], [ -1904787.806963704293594, 1655927.78028847463429 ], [ -1906513.259070999687538, 1656767.968741507269442 ], [ -1905444.591959384502843, 1656952.123391938395798 ], [ -1904899.126454497221857, 1657458.555647476576269 ], [ -1904709.8833201485686, 1658828.275913188001141 ], [ -1904932.522301735589281, 1660301.672000040765852 ], [ -1906001.189413350773975, 1660647.011740111513063 ], [ -1906290.620089413365349, 1661038.402534824097529 ], [ -1906424.203478364972398, 1662995.448298101779073 ], [ -1907147.780168521450832, 1665988.873365886276588 ], [ -1907860.224909598473459, 1667635.410081346984953 ], [ -1908327.766770930495113, 1669270.54009488876909 ], [ -1909296.246340831276029, 1670951.841963654616848 ], [ -1909719.260405846172944, 1674487.552698810584843 ], [ -1909741.524304004851729, 1676434.135796728078276 ], [ -1910309.253707050113007, 1676952.482469035545364 ], [ -1906702.502205348340794, 1678876.219245165353641 ], [ -1905878.737973477924243, 1680258.637251765700057 ], [ -1905533.647552018985152, 1681629.611308410298079 ], [ -1904442.716542245121673, 1683645.887615903280675 ], [ -1901592.937577937263995, 1681191.813022699672729 ], [ -1901381.430545429931954, 1679532.858181536896154 ], [ -1899199.568525881739333, 1677125.267099099466577 ], [ -1898609.575224677333608, 1674602.730884702177718 ], [ -1899021.457340612309054, 1669926.92526790779084 ], [ -1897173.553793444065377, 1671182.166126725496724 ], [ -1895693.004565893439576, 1670479.68408933118917 ], [ -1894245.851185581181198, 1669086.294732636539266 ], [ -1893433.218902790220454, 1668971.142072793096304 ], [ -1892320.023994857212529, 1669800.253098663408309 ], [ -1891674.370948256691918, 1669454.786819134373218 ], [ -1891362.676374035188928, 1668959.626836065202951 ], [ -1890383.064855054486543, 1670168.755743071902543 ], [ -1888379.314020775491372, 1671458.557935056975111 ], [ -1886909.896742304321378, 1671884.667985617183149 ], [ -1884394.076250376645476, 1671988.317479395773262 ], [ -1882501.644906890578568, 1672402.91977188247256 ], [ -1878382.823747539659962, 1674694.873817807296291 ], [ -1877581.323413827689365, 1674614.248732653912157 ], [ -1876635.107742085121572, 1673819.529746728483588 ], [ -1876356.809015101986006, 1672944.21649691532366 ], [ -1875722.287917580455542, 1672875.114131458569318 ], [ -1871670.25845270534046, 1674994.340710404794663 ], [ -1869800.091007378417999, 1675627.840263925958425 ], [ -1869076.514317221706733, 1675616.321946001378819 ], [ -1868074.638900082325563, 1675213.184184034587815 ], [ -1867250.874668212141842, 1675374.438503607874736 ], [ -1865569.950357233872637, 1675236.220451308181509 ], [ -1865291.651630250737071, 1675005.858739900868386 ], [ -1863132.053508860757574, 1676180.72580766887404 ], [ -1862241.497582514770329, 1677136.786117215873674 ], [ -1862686.775545688113198, 1677989.208300218917429 ], [ -1859102.287942144786939, 1679394.616959599545226 ], [ -1858022.488881449680775, 1680466.006606297800317 ], [ -1857510.419223800767213, 1681641.132420502603054 ], [ -1857042.877362468745559, 1681295.501390580553561 ], [ -1857421.363631166284904, 1680823.146787327248603 ], [ -1855617.987880314933136, 1678346.312786732567474 ], [ -1854382.3415325100068, 1677228.938454668503255 ], [ -1853848.007976702181622, 1676226.800158726982772 ], [ -1852178.215614803135395, 1674902.196666684467345 ], [ -1850920.305368838831782, 1673209.110676481155679 ], [ -1850497.29130382463336, 1671331.877975327661261 ], [ -1850541.819100141758099, 1670894.261255783028901 ], [ -1852668.021374293603003, 1669005.68781489203684 ], [ -1853313.674420894356444, 1667865.703596796840429 ], [ -1853291.410522735444829, 1667543.293270420981571 ], [ -1852924.056203117826954, 1667002.11387427803129 ], [ -1851309.923586615594104, 1665908.276454648002982 ], [ -1850909.173419759608805, 1665344.105358629254624 ], [ -1847536.192848723381758, 1662776.712056877091527 ], [ -1848025.998608213849366, 1660324.694501270307228 ], [ -1848471.276571387192234, 1659772.160310342209414 ], [ -1848371.089029672788456, 1658828.27591318753548 ], [ -1847859.019372023874894, 1658655.617978014750406 ], [ -1847881.283270182553679, 1658321.816007402027026 ], [ -1848504.672418624861166, 1657170.808794122887775 ], [ -1848493.540469545638189, 1656549.286848676623777 ], [ -1849818.242409985512495, 1655962.308027190621942 ], [ -1850497.29130382463336, 1655018.566914839670062 ], [ -1850552.951049221213907, 1654650.287315491586924 ], [ -1850853.513674362795427, 1654466.149539411766455 ], [ -1852690.285272452048957, 1651957.406661111162975 ], [ -1852812.73671232489869, 1650116.286577205173671 ], [ -1852078.028073088964447, 1650058.753742648055777 ], [ -1852356.326800072332844, 1648919.630657846108079 ], [ -1851966.708582295803353, 1648378.852864049375057 ], [ -1853046.507642990676686, 1648114.221147173782811 ], [ -1853057.639592070132494, 1647792.06454245117493 ], [ -1854816.4875466034282, 1647976.153527210699394 ], [ -1855150.446018983144313, 1648137.232490623369813 ], [ -1855462.140593204647303, 1649161.258526527322829 ], [ -1857421.363631166284904, 1649828.623717788606882 ], [ -1857632.870663673384115, 1649552.47046144050546 ], [ -1858222.863964877324179, 1649563.97678672010079 ], [ -1858222.863964877324179, 1650070.260299051878974 ], [ -1858534.558539098827168, 1650081.766860709292814 ], [ -1859402.850567286368459, 1649748.078705499647185 ], [ -1863187.713254257803783, 1649276.320230189245194 ], [ -1863966.949689810629934, 1648298.312482448061928 ] ] ] ] } },
{ "type": "Feature", "properties": { "GID_2": "SEN.13.3_1", "GID_0": "SEN", "COUNTRY": "Senegal", "GID_1": "SEN.13_1", "NAME_1": "Thiès", "NL_NAME_1": "NA", "NAME_2": "Tivaouane", "VARNAME_2": "NA", "NL_NAME_2": "NA", "TYPE_2": "Département", "ENGTYPE_2": "Department", "CC_2": "73", "HASC_2": "SN.TH.TV", "area_ha": 317936.75, "carbon_mean": 11.46, "carbon_min": 7.69, "carbon_max": 83.47, "carbon_median": 11.24, "carbon_std": 2.15, "carbon_pixel_count": 586917 }, "geometry": { "type": "MultiPolygon", "coordinates": [ [ [ [ -1898665.234970074146986, 1673888.63473679474555 ], [ -1898609.575224677333608, 1674602.730884702177718 ], [ -1899199.568525881739333, 1677125.267099099466577 ], [ -1901381.430545429931954, 1679532.858181536896154 ], [ -1901592.937577937263995, 1681191.813022699672729 ], [ -1904442.716542245121673, 1683645.887615903280675 ], [ -1904387.056796847842634, 1683807.196822521043941 ], [ -1895726.400413131341338, 1693522.259563960600644 ], [ -1890060.238331753760576, 1700231.695638844976202 ], [ -1879184.324081251164898, 1714544.39240650460124 ], [ -1874586.829111489234492, 1721536.570419823052362 ], [ -1866972.575941229006276, 1734291.542015369748697 ], [ -1861751.691823024535552, 1742259.616709462134168 ], [ -1860883.399794836994261, 1741878.474544240627438 ], [ -1858567.954386336961761, 1740307.770871846936643 ], [ -1857833.245747101260349, 1739187.55250715278089 ], [ -1857777.586001704679802, 1737951.90844164439477 ], [ -1858011.356932370457798, 1737270.599225177196786 ], [ -1859380.586669127922505, 1735688.650732647860423 ], [ -1861117.170725502772257, 1733079.240767136448994 ], [ -1863187.713254257803783, 1727411.09949161298573 ], [ -1863844.498249938245863, 1724098.566627071006224 ], [ -1863499.407828479306772, 1723648.466557023115456 ], [ -1860549.441322457045317, 1722552.104016395751387 ], [ -1859146.815738462144509, 1720590.316103519173339 ], [ -1857120.801006024237722, 1719471.014225196791813 ], [ -1855551.196185839362442, 1717578.703898415900767 ], [ -1853580.841198798036203, 1716113.418674746528268 ], [ -1851821.993244264507666, 1715132.765377930132672 ], [ -1851376.715281091164798, 1714313.661797632230446 ], [ -1851398.979179250076413, 1712952.395790418377146 ], [ -1850864.645623442251235, 1712871.645117066334933 ], [ -1850129.936984206782654, 1712479.431374670239165 ], [ -1849384.096395891625434, 1711002.918700189096853 ], [ -1849250.513006940251216, 1709780.249430756783113 ], [ -1849473.151988526573405, 1707219.763516831677407 ], [ -1850241.256475, 1705951.153869742061943 ], [ -1849829.374359064968303, 1705881.958876302232966 ], [ -1847992.602760975714773, 1707519.626344114076346 ], [ -1847280.158019899157807, 1708834.453038375126198 ], [ -1845343.19888009596616, 1710656.873998907860368 ], [ -1844619.622189939487725, 1711568.135624947026372 ], [ -1842293.04483236069791, 1716413.39112422382459 ], [ -1840300.425947160692886, 1720013.349913164740428 ], [ -1839020.251803037943318, 1720290.291969096986577 ], [ -1838385.730705516412854, 1720832.646002847701311 ], [ -1838140.827825771411881, 1721905.850432312581688 ], [ -1838508.182145389029756, 1722055.872047180542722 ], [ -1838574.973839865298942, 1722275.136080720927566 ], [ -1836994.237070600269362, 1724756.420271130511537 ], [ -1833832.763532071607187, 1728334.534638490527868 ], [ -1831305.811091064242646, 1730620.188766910228878 ], [ -1830738.081688018515706, 1730262.319509923225269 ], [ -1827743.587385679595172, 1726984.022692209109664 ], [ -1826652.656375905033201, 1726510.784256977494806 ], [ -1823702.689869883470237, 1725945.218786138342693 ], [ -1822645.154707347741351, 1725945.218786138342693 ], [ -1822366.855980364140123, 1726164.518110110191628 ], [ -1820975.362345448462293, 1726418.446132102515548 ], [ -1820029.146673705428839, 1726083.723390558268875 ], [ -1818637.653038789751008, 1724133.190056577092037 ], [ -1818359.354311806149781, 1723302.241436812561005 ], [ -1818448.409904441097751, 1722390.539001861354336 ], [ -1818826.896173137938604, 1721721.209721660474315 ], [ -1819561.604812374105677, 1721005.740273078437895 ], [ -1819517.077016056282446, 1720509.540009352378547 ], [ -1818203.507024696096778, 1718940.229348904918879 ], [ -1817145.971862159669399, 1718178.688742226921022 ], [ -1816088.436699623707682, 1717890.232637605629861 ], [ -1815754.478227243758738, 1718132.535534890368581 ], [ -1815542.971194736659527, 1718582.533054160652682 ], [ -1815398.255856705131009, 1719897.958324416540563 ], [ -1815220.144671436399221, 1720232.595446299994364 ], [ -1814696.943064708029851, 1720601.855567539576441 ], [ -1813951.102476392872632, 1720682.631969664711505 ], [ -1813227.525786236394197, 1720532.618865904398263 ], [ -1811836.032151320483536, 1719136.387622755719349 ], [ -1811257.170799195766449, 1718005.614667685469612 ], [ -1811001.135970371076837, 1716782.593074907781556 ], [ -1811156.983257481828332, 1714290.588857248891145 ], [ -1810856.42063233978115, 1712329.468968125525862 ], [ -1810411.142669166671112, 1711187.477885509608313 ], [ -1809509.454793740995228, 1709618.769398891367018 ], [ -1808385.127936729229987, 1708534.574041618267074 ], [ -1807561.363704858813435, 1706919.904375419020653 ], [ -1807427.780315906973556, 1703575.571265959879383 ], [ -1806759.863371147308499, 1702802.980088231852278 ], [ -1804333.098471854114905, 1701257.870941353030503 ], [ -1803019.528480493230745, 1699966.511261029867455 ], [ -1802785.75754982768558, 1698479.22598794545047 ], [ -1802752.361702589550987, 1694432.883018912980333 ], [ -1801961.993317957269028, 1691966.20893474877812 ], [ -1801505.583405704703182, 1691297.713704590918496 ], [ -1800971.249849897343665, 1689868.577894476475194 ], [ -1800882.194257262861356, 1687644.362071587704122 ], [ -1800648.423326596617699, 1686515.044299960602075 ], [ -1800815.402562786592171, 1684924.8681024920661 ], [ -1801594.638998339651152, 1684844.209719585021958 ], [ -1804132.723388426471502, 1683945.462694610003382 ], [ -1805668.932361373445019, 1683657.409667182248086 ], [ -1806437.036847846815363, 1683784.152585699222982 ], [ -1806837.787014702567831, 1684302.653110986342654 ], [ -1807605.891501176171005, 1683841.76321803429164 ], [ -1808084.565311587182805, 1683887.85182057833299 ], [ -1808474.183529363712296, 1685593.190550633938983 ], [ -1808129.093107904540375, 1686111.729048888897523 ], [ -1810066.052247707732022, 1687310.170815209858119 ], [ -1811936.219693034887314, 1688024.654181755846366 ], [ -1815954.853310671634972, 1688992.696929949801415 ], [ -1817012.388473208062351, 1689407.584032070124522 ], [ -1816990.124575048917904, 1690329.580383983440697 ], [ -1817145.971862159669399, 1690640.761942702578381 ], [ -1817691.437367046950385, 1690951.947434107307345 ], [ -1818504.069649837445468, 1690905.845631641335785 ], [ -1818971.611511169467121, 1690306.530054574133828 ], [ -1821142.341581638203934, 1690986.523842610884458 ], [ -1820808.383109258487821, 1692000.786768203601241 ], [ -1821175.737428876105696, 1692311.989456169540063 ], [ -1821342.716665066312999, 1692346.567775615025312 ], [ -1821632.147341128904372, 1691966.20893474877812 ], [ -1821966.105813508620486, 1691159.406613590661436 ], [ -1823602.50232816953212, 1691551.27872325386852 ], [ -1823635.898175407899544, 1691366.867541519924998 ], [ -1824248.155374770518392, 1691355.341888539493084 ], [ -1824582.113847150467336, 1691724.165461116237566 ], [ -1828077.545858059078455, 1691977.734873834764585 ], [ -1828812.254497294779867, 1691804.846354453824461 ], [ -1829135.081020595273003, 1692035.364650252508 ], [ -1830359.595419321442023, 1692000.786768204066902 ], [ -1832218.630915569141507, 1691655.010620222659782 ], [ -1833576.728703246917576, 1691067.202317977789789 ], [ -1835190.861319749383256, 1690168.228531162487343 ], [ -1836370.847922158427536, 1689234.713557316688821 ], [ -1839888.543831225251779, 1689050.319720896193758 ], [ -1839777.224340432323515, 1688255.137102753389627 ], [ -1840367.21764163672924, 1688013.130092256702483 ], [ -1847491.665052406024188, 1685835.173827914055437 ], [ -1852378.590698231011629, 1684798.119333307025954 ], [ -1853569.709249719046056, 1684291.130758909508586 ], [ -1855161.577968062600121, 1683208.053646306507289 ], [ -1857042.877362468745559, 1681295.501390580553561 ], [ -1857510.419223800767213, 1681641.132420502603054 ], [ -1858022.488881449680775, 1680466.006606297800317 ], [ -1859102.287942144786939, 1679394.616959599545226 ], [ -1862686.775545688113198, 1677989.208300218917429 ], [ -1862241.497582514770329, 1677136.786117215873674 ], [ -1863132.053508860757574, 1676180.72580766887404 ], [ -1865291.651630250737071, 1675005.858739900868386 ], [ -1865569.950357233872637, 1675236.220451308181509 ], [ -1867250.874668212141842, 1675374.438503607874736 ], [ -1868074.638900082325563, 1675213.184184034587815 ], [ -1869076.514317221706733, 1675616.321946001378819 ], [ -1869800.091007378417999, 1675627.840263925958425 ], [ -1871670.25845270534046, 1674994.340710404794663 ], [ -1875722.287917580455542, 1672875.114131458569318 ], [ -1876356.809015101986006, 1672944.21649691532366 ], [ -1876635.107742085121572, 1673819.529746728483588 ], [ -1877581.323413827689365, 1674614.248732653912157 ], [ -1878382.823747539659962, 1674694.873817807296291 ], [ -1882501.644906890578568, 1672402.91977188247256 ], [ -1884394.076250376645476, 1671988.317479395773262 ], [ -1886909.896742304321378, 1671884.667985617183149 ], [ -1888379.314020775491372, 1671458.557935056975111 ], [ -1890383.064855054486543, 1670168.755743071902543 ], [ -1891362.676374035188928, 1668959.626836065202951 ], [ -1891674.370948256691918, 1669454.786819134373218 ], [ -1892320.023994857212529, 1669800.253098663408309 ], [ -1893433.218902790220454, 1668971.142072793096304 ], [ -1894245.851185581181198, 1669086.294732636539266 ], [ -1895693.004565893439576, 1670479.68408933118917 ], [ -1897173.553793444065377, 1671182.166126725496724 ], [ -1899021.457340612309054, 1669926.92526790779084 ], [ -1898665.234970074146986, 1673888.63473679474555 ] ] ] ] } },
{ "type": "Feature", "properties": { "GID_2": "SEN.14.1_1", "GID_0": "SEN", "COUNTRY": "Senegal", "GID_1": "SEN.14_1", "NAME_1": "Ziguinchor", "NL_NAME_1": "NA", "NAME_2": "Bignona", "VARNAME_2": "NA", "NL_NAME_2": "NA", "TYPE_2": "Département", "ENGTYPE_2": "Department", "CC_2": "21", "HASC_2": "SN.ZG.BG", "area_ha": 534052.56, "carbon_mean": 24.03, "carbon_min": 7.63, "carbon_max": 94.5, "carbon_median": 17.81, "carbon_std": 14.7, "carbon_pixel_count": 967479 }, "geometry": { "type": "MultiPolygon", "coordinates": [ [ [ [ -1780677.706678283168003, 1440305.374830585205927 ], [ -1781278.831928567029536, 1439940.033468844834715 ], [ -1781490.338961074128747, 1439060.949853745289147 ], [ -1781289.963877646485344, 1437987.819280484924093 ], [ -1779976.393886285834014, 1435818.847763336263597 ], [ -1779931.866089968476444, 1435305.167908259201795 ], [ -1780521.859391172882169, 1433398.924898961093277 ], [ -1780911.47760894941166, 1432725.491909878095612 ], [ -1781991.276669644052163, 1432337.419017248786986 ], [ -1783638.805133384419605, 1431104.75147334812209 ], [ -1783427.298100877320394, 1429107.485096797114238 ], [ -1783249.186915608122945, 1428628.161682871868834 ], [ -1782447.686581896385178, 1427806.482863667188212 ], [ -1782347.49904018221423, 1427452.711662062210962 ], [ -1783271.45081376680173, 1424850.914177153259516 ], [ -1783527.485642591258511, 1423435.999445676803589 ], [ -1783482.95784627366811, 1422135.251538027077913 ], [ -1782993.152086783433333, 1420366.784111581742764 ], [ -1784206.534536429913715, 1419100.399260872974992 ], [ -1785575.764273187145591, 1417297.892314887139946 ], [ -1787568.383158386917785, 1416145.715217497898266 ], [ -1792789.26727659185417, 1415689.420027104206383 ], [ -1794982.261245219036937, 1414035.409703064942732 ], [ -1801026.909595293691382, 1412563.989510350162163 ], [ -1801806.146030846750364, 1412769.299513414967805 ], [ -1804667.056944233831018, 1415096.246936727548018 ], [ -1805179.126601883210242, 1415278.760450911708176 ], [ -1806247.793713498394936, 1415027.804662846727297 ], [ -1808763.61420542630367, 1413305.393534999340773 ], [ -1810221.899534818483517, 1412803.517987292725593 ], [ -1811513.205628019990399, 1412769.299513415666297 ], [ -1812181.122572779655457, 1412951.798503138823435 ], [ -1814875.054249976761639, 1414309.170464681694284 ], [ -1815676.554583688732237, 1414468.865426184376702 ], [ -1817402.006690984359011, 1414331.983977198135108 ], [ -1818036.527788506355137, 1414115.256327075185254 ], [ -1818715.57668234501034, 1413430.863767164293677 ], [ -1820518.952433195896447, 1409416.0830061158631 ], [ -1821498.563952176831663, 1408697.586512505542487 ], [ -1822622.890809188829735, 1408594.945592484204099 ], [ -1823847.405207914765924, 1409142.367981359129772 ], [ -1825305.69053730671294, 1410442.537102050380781 ], [ -1829012.629580722656101, 1411366.376522268168628 ], [ -1831383.734734619269148, 1413727.431909999344498 ], [ -1835491.423944891197607, 1414320.577218714402989 ], [ -1836649.146649141330272, 1414697.002598971128464 ], [ -1837973.848589581204578, 1415404.239153338363394 ], [ -1841591.73204036266543, 1418062.232918460620567 ], [ -1844296.795666638994589, 1419260.120442163664848 ], [ -1845721.685148793039843, 1419408.433751682052389 ], [ -1846801.484209487680346, 1419168.85108849988319 ], [ -1847436.005307009443641, 1418792.368026442360133 ], [ -1848471.276571387192234, 1418073.64113889914006 ], [ -1852434.250443627359346, 1414582.933789989445359 ], [ -1855261.765509776771069, 1412803.517987292492762 ], [ -1860683.024711409118026, 1410088.976634178543463 ], [ -1863132.053508860757574, 1409313.439572534058243 ], [ -1866883.520348594291136, 1408515.114013978512958 ], [ -1866415.978487262735143, 1411309.348553982330486 ], [ -1866605.2216216113884, 1411948.068141353549436 ], [ -1866271.263149231439456, 1413579.147462691180408 ], [ -1866293.527047389885411, 1415164.689370933454484 ], [ -1866916.916195832658559, 1417446.19564199517481 ], [ -1867696.15263138525188, 1418575.607257549650967 ], [ -1867751.812376782065257, 1419180.259742072317749 ], [ -1867351.062209926079959, 1419613.791888358071446 ], [ -1867729.548478623153642, 1419978.876595275243744 ], [ -1868453.125168779632077, 1421735.910786874126643 ], [ -1868853.875335635384545, 1424953.612285322975367 ], [ -1867629.360936909215525, 1428274.380444182315841 ], [ -1867529.173395195510238, 1430077.568681211443618 ], [ -1867929.923562051262707, 1430842.245732568902895 ], [ -1868764.819743000902236, 1431116.164820507867262 ], [ -1868842.743386556161568, 1430750.939946755999699 ], [ -1869098.778215380851179, 1430910.725261192303151 ], [ -1868742.55584484199062, 1431298.77898808196187 ], [ -1868764.819743000902236, 1431926.523991649737582 ], [ -1869087.646266301162541, 1432383.074380967300385 ], [ -1869143.306011697975919, 1433398.924898960860446 ], [ -1867707.284580464707687, 1437348.526478968560696 ], [ -1867551.437293353956193, 1439334.947057172190398 ], [ -1866783.332806880353019, 1442965.656802822137251 ], [ -1866004.096371327294037, 1444998.141520221950486 ], [ -1865158.068241298431531, 1449280.534013827797025 ], [ -1864924.297310632886365, 1451496.210407347185537 ], [ -1864156.19282415905036, 1453620.680405862862244 ], [ -1863109.78961070231162, 1460989.023897719569504 ], [ -1863042.997916226508096, 1462999.943114283960313 ], [ -1863198.845203337259591, 1464828.175525857601315 ], [ -1863543.935624796198681, 1465068.139808103907853 ], [ -1864389.963754825294018, 1467102.204659017035738 ], [ -1863855.63019901746884, 1468130.720219501527026 ], [ -1862786.963087401818484, 1468324.99959272518754 ], [ -1862464.136564101092517, 1468633.563701971666887 ], [ -1862274.893429752904922, 1469113.559030619682744 ], [ -1862798.095036481274292, 1470302.154088141396642 ], [ -1861996.594702769769356, 1470736.460950250504538 ], [ -1862252.629531594226137, 1471136.486356861656532 ], [ -1862441.872665942646563, 1471079.339522092603147 ], [ -1863154.317407019436359, 1471753.679568036925048 ], [ -1863132.053508860757574, 1472336.596701853442937 ], [ -1862809.226985560264438, 1472885.235631379997358 ], [ -1862330.5531751497183, 1472908.095819141715765 ], [ -1861974.330804611090571, 1472336.596701853442937 ], [ -1861584.71258683456108, 1472222.29827235871926 ], [ -1861451.12919788248837, 1472736.644864084897563 ], [ -1861885.275211976375431, 1473159.559111648006365 ], [ -1861885.275211976375431, 1473639.631645686924458 ], [ -1861273.01801261305809, 1473479.606556330574676 ], [ -1860482.649627981474623, 1473696.783684203634039 ], [ -1860170.955053759971634, 1474005.40670138807036 ], [ -1860059.635562966577709, 1475068.467499390710145 ], [ -1859736.809039666084573, 1475102.760453387163579 ], [ -1859447.378363603726029, 1474862.710655217990279 ], [ -1859180.211585700046271, 1474999.881717088632286 ], [ -1859469.642261762637645, 1475457.123431591317058 ], [ -1859402.850567286368459, 1476097.274349307175726 ], [ -1860059.635562966577709, 1476726.008221375523135 ], [ -1860059.635562966577709, 1477091.823507169028744 ], [ -1859836.99658138025552, 1477491.939442354487255 ], [ -1859580.961752555565909, 1477594.827320412034169 ], [ -1859135.683789382688701, 1477194.709916400024667 ], [ -1858957.572604113258421, 1477286.164819427765906 ], [ -1859258.135229255305603, 1478257.891597533365712 ], [ -1858846.253113320097327, 1478326.485349537571892 ], [ -1858400.975150146754459, 1478006.382610595086589 ], [ -1857888.905492497840896, 1478109.272377769695595 ], [ -1858022.488881449680775, 1478703.75398852233775 ], [ -1857777.586001704679802, 1478920.971571188652888 ], [ -1855874.022709139622748, 1478909.53902482544072 ], [ -1854493.661023302935064, 1479641.231404906371608 ], [ -1852122.555869406322017, 1479298.248220300069079 ], [ -1851309.923586615594104, 1479069.595098734600469 ], [ -1850775.590030807768926, 1478680.889077843166888 ], [ -1849706.92291919211857, 1478669.456629505148157 ], [ -1848215.241742562036961, 1479138.190839101560414 ], [ -1847358.081663454184309, 1479195.354084471007809 ], [ -1846389.602093552704901, 1478943.836677919141948 ], [ -1846066.775570252211764, 1478623.726882826071233 ], [ -1843973.969143338734284, 1478555.132402824936435 ], [ -1822322.328184047248214, 1478658.02418583445251 ], [ -1802551.986619161441922, 1478337.917657870100811 ], [ -1791275.322201803093776, 1478555.132402824936435 ], [ -1783794.6524204951711, 1478440.808642849093303 ], [ -1781056.192946980241686, 1478543.70000582607463 ], [ -1775657.197643506806344, 1479103.892947907559574 ], [ -1769156.139381179586053, 1478875.241413745330647 ], [ -1769445.570057242410257, 1476508.80765370093286 ], [ -1769645.945140670053661, 1476257.314361250028014 ], [ -1770491.973270699148998, 1476314.471729682292789 ], [ -1772306.480970629025251, 1474839.848876738222316 ], [ -1773597.787063830997795, 1473296.72185589093715 ], [ -1773820.426045417552814, 1472576.624916120199487 ], [ -1773018.925711706047878, 1470736.460950250271708 ], [ -1772250.821225232444704, 1470347.870284442789853 ], [ -1771326.869451648555696, 1470565.023230605991557 ], [ -1770024.431409367127344, 1470325.012177013559267 ], [ -1769735.00073330453597, 1469284.987915085861459 ], [ -1769946.507765811868012, 1467959.298354774247855 ], [ -1772384.404614184284583, 1464656.773714717710391 ], [ -1772640.439443008974195, 1464074.015331709990278 ], [ -1773018.925711706047878, 1461720.25072400062345 ], [ -1773530.995369355427101, 1460783.369753777980804 ], [ -1773820.426045417552814, 1459777.970977597404271 ], [ -1775089.468240461079404, 1457927.216435426380485 ], [ -1775701.725439823931083, 1457435.987042869441211 ], [ -1776369.64238458359614, 1457173.239925930043682 ], [ -1776803.788398677483201, 1457218.93490208289586 ], [ -1776870.580093153286725, 1456739.141318840207532 ], [ -1777037.559329343261197, 1456682.023574903607368 ], [ -1777404.913648961111903, 1455711.039493140531704 ], [ -1777460.57339435769245, 1454820.047985260142013 ], [ -1777916.983306610025465, 1454123.266381538240239 ], [ -1779130.365756256971508, 1453814.860299052204937 ], [ -1779731.491006540833041, 1452741.176295961253345 ], [ -1779664.699312064563856, 1451279.203570270910859 ], [ -1780254.692613269202411, 1450993.670774550875649 ], [ -1780644.310831045266241, 1450194.194153388496488 ], [ -1780443.935747617390007, 1450034.301517547341064 ], [ -1779686.96321022324264, 1450091.405927498359233 ], [ -1779408.664483240107074, 1449783.043471235083416 ], [ -1778918.858723749872297, 1448503.945883656851947 ], [ -1779397.532534160651267, 1448149.920066380174831 ], [ -1779397.532534160651267, 1447704.538978264667094 ], [ -1778228.677880831295624, 1447533.240407895762473 ], [ -1778017.170848324429244, 1446756.69976211944595 ], [ -1778607.164149528369308, 1446162.888789639575407 ], [ -1778774.14338571857661, 1445649.023857217282057 ], [ -1778128.490339117357507, 1443536.564916344825178 ], [ -1778573.768302290234715, 1442097.898239955306053 ], [ -1780032.053631682414562, 1440670.720839345827699 ], [ -1780677.706678283168003, 1440305.374830585205927 ] ] ] ] } },
{ "type": "Feature", "properties": { "GID_2": "SEN.14.2_1", "GID_0": "SEN", "COUNTRY": "Senegal", "GID_1": "SEN.14_1", "NAME_1": "Ziguinchor", "NL_NAME_1": "NA", "NAME_2": "Oussouye", "VARNAME_2": "NA", "NL_NAME_2": "NA", "TYPE_2": "Département", "ENGTYPE_2": "Department", "CC_2": "22", "HASC_2": "SN.ZG.OU", "area_ha": 87722.09, "carbon_mean": 33.47, "carbon_min": 8.6, "carbon_max": 84.31, "carbon_median": 28.13, "carbon_std": 19.02, "carbon_pixel_count": 158285 }, "geometry": { "type": "MultiPolygon", "coordinates": [ [ [ [ -1832686.17277690093033, 1386683.58563937433064 ], [ -1835157.465472511248663, 1386364.497124014655128 ], [ -1837884.792996946722269, 1385566.790779628325254 ], [ -1841602.863989441655576, 1386706.377806929172948 ], [ -1848359.957080593565479, 1385122.363644558470696 ], [ -1852222.743411120260134, 1386307.517391494475305 ], [ -1854237.626194478711113, 1386569.625063100131229 ], [ -1857744.19015446677804, 1386558.229029442649335 ], [ -1860905.663692995440215, 1384267.714685270329937 ], [ -1862319.421226070262492, 1386022.620362748624757 ], [ -1862519.796309498138726, 1387754.836365679046139 ], [ -1863020.734018067829311, 1388791.93495608237572 ], [ -1863566.199522954877466, 1389225.019790909718722 ], [ -1863966.949689810629934, 1389133.843512246850878 ], [ -1864690.5263799673412, 1390102.605766718043014 ], [ -1865113.540444981306791, 1390148.195356347598135 ], [ -1865681.269848026800901, 1390820.649926362093538 ], [ -1866159.943658438045532, 1390900.433681798866019 ], [ -1866415.978487262735143, 1391504.517640507314354 ], [ -1867017.103737546131015, 1391732.477044458966702 ], [ -1868052.375001923879609, 1394490.924627862637863 ], [ -1868230.486187193077058, 1395790.447551388293505 ], [ -1868942.930928270099685, 1397614.435590850422159 ], [ -1868965.194826428545639, 1399461.338111174758524 ], [ -1869243.493553411914036, 1400396.234023106051609 ], [ -1869198.965757094323635, 1400943.503906667698175 ], [ -1868631.236354049062356, 1401889.848703210474923 ], [ -1867384.458057163981721, 1405470.271496327128261 ], [ -1866883.520348594291136, 1408515.114013978512958 ], [ -1863132.053508860757574, 1409313.439572534058243 ], [ -1860683.024711409118026, 1410088.976634178543463 ], [ -1855261.765509776771069, 1412803.517987292492762 ], [ -1852434.250443627359346, 1414582.933789989445359 ], [ -1848471.276571387192234, 1418073.64113889914006 ], [ -1846801.484209487680346, 1419168.85108849988319 ], [ -1845721.685148793039843, 1419408.433751682052389 ], [ -1844296.795666638994589, 1419260.120442163664848 ], [ -1840790.231706651160493, 1417548.86761781712994 ], [ -1839153.835191990016028, 1416316.827752278186381 ], [ -1840411.745437953621149, 1414229.323311074636877 ], [ -1841001.738739158259705, 1412643.832118175225332 ], [ -1840177.974507287843153, 1409222.201266427291557 ], [ -1839855.147983987350017, 1408811.632400242611766 ], [ -1839020.251803037943318, 1408321.238227309891954 ], [ -1838686.293330658227205, 1408287.024986121570691 ], [ -1836882.917579807341099, 1409039.725505484966561 ], [ -1835547.083690288010985, 1408606.350121426163241 ], [ -1835446.896148573840037, 1407899.277705966494977 ], [ -1835947.833857143530622, 1406633.432517152046785 ], [ -1835558.215639367466792, 1404968.529965287074447 ], [ -1835046.145981718087569, 1404181.725247348193079 ], [ -1834389.36098603787832, 1403691.408306290861219 ], [ -1833298.429976264247671, 1403132.684999788878486 ], [ -1831962.596086744684726, 1402813.419296896783635 ], [ -1831305.811091064242646, 1401673.212876965291798 ], [ -1831250.151345667429268, 1400989.110188474645838 ], [ -1831394.866683698724955, 1400783.882475496269763 ], [ -1831606.373716206289828, 1400635.663348303409293 ], [ -1832997.867351122200489, 1400635.663348303409293 ], [ -1833409.749467057175934, 1400362.029992353869602 ], [ -1833565.596754167461768, 1399655.155563025269657 ], [ -1832218.630915569141507, 1396041.239240991184488 ], [ -1831840.144646872067824, 1395619.454435505671427 ], [ -1830470.914910114603117, 1395003.887392816832289 ], [ -1830214.880081290146336, 1394502.323703944450244 ], [ -1830292.803724845405668, 1393761.392876780126244 ], [ -1831572.977868967922404, 1391265.162149597657844 ], [ -1831606.373716206289828, 1390923.229079846991226 ], [ -1831227.887447508750483, 1388974.285697036189958 ], [ -1830882.797026049811393, 1388826.125634879572317 ], [ -1830014.504997862270102, 1388928.697907017543912 ], [ -1829691.678474561776966, 1388655.172633778536692 ], [ -1829647.150678244186565, 1388370.253147732233629 ], [ -1829936.58135430701077, 1387948.577313813148066 ], [ -1830392.991266559343785, 1388176.509455234743655 ], [ -1830804.87338249431923, 1387948.577313813380897 ], [ -1831183.359651191392913, 1386877.319619325920939 ], [ -1832686.17277690093033, 1386683.58563937433064 ] ] ] ] } },
{ "type": "Feature", "properties": { "GID_2": "SEN.14.3_1", "GID_0": "SEN", "COUNTRY": "Senegal", "GID_1": "SEN.14_1", "NAME_1": "Ziguinchor", "NL_NAME_1": "NA", "NAME_2": "Ziguinchor", "VARNAME_2": "NA", "NL_NAME_2": "NA", "TYPE_2": "Département", "ENGTYPE_2": "Department", "CC_2": "23", "HASC_2": "SN.ZG.ZG", "area_ha": 113547.78, "carbon_mean": 30.55, "carbon_min": 7.36, "carbon_max": 101.48, "carbon_median": 24.4, "carbon_std": 17.02, "carbon_pixel_count": 204986 }, "geometry": { "type": "MultiPolygon", "coordinates": [ [ [ [ -1807427.780315906973556, 1396326.232376337749884 ], [ -1811012.267919450532645, 1394867.096453828504309 ], [ -1818938.215663931332529, 1390262.169636326609179 ], [ -1822544.967165633570403, 1388552.601304550189525 ], [ -1822767.606147219892591, 1388381.649874801049009 ], [ -1823313.071652107406408, 1386922.904268271988258 ], [ -1827754.71933475905098, 1387321.772922009928152 ], [ -1831183.359651191392913, 1386877.319619325920939 ], [ -1830804.87338249431923, 1387948.577313813380897 ], [ -1830392.991266559343785, 1388176.509455234743655 ], [ -1829936.58135430701077, 1387948.577313813148066 ], [ -1829647.150678244186565, 1388370.253147732233629 ], [ -1829691.678474561776966, 1388655.172633778536692 ], [ -1830014.504997862270102, 1388928.697907017543912 ], [ -1830882.797026049811393, 1388826.125634879572317 ], [ -1831227.887447508750483, 1388974.285697036189958 ], [ -1831606.373716206289828, 1390923.229079846991226 ], [ -1831572.977868967922404, 1391265.162149597657844 ], [ -1830292.803724845405668, 1393761.392876780126244 ], [ -1830181.484234052011743, 1394342.737037775572389 ], [ -1830470.914910114603117, 1395003.887392816832289 ], [ -1831840.144646872067824, 1395619.454435505671427 ], [ -1832218.630915569141507, 1396041.239240991184488 ], [ -1833432.013365215621889, 1399164.91388028790243 ], [ -1833576.728703246917576, 1399894.578877531457692 ], [ -1833409.749467057175934, 1400362.029992353869602 ], [ -1832997.867351122200489, 1400635.663348303409293 ], [ -1831606.373716206289828, 1400635.663348303409293 ], [ -1831394.866683698724955, 1400783.882475496269763 ], [ -1831250.151345667429268, 1400989.110188474645838 ], [ -1831305.811091064242646, 1401673.212876965291798 ], [ -1831962.596086744684726, 1402813.419296896783635 ], [ -1833298.429976264247671, 1403132.684999788878486 ], [ -1834389.36098603787832, 1403691.408306290861219 ], [ -1835046.145981718087569, 1404181.725247348193079 ], [ -1835558.215639367466792, 1404968.529965287074447 ], [ -1835947.833857143530622, 1406633.432517152046785 ], [ -1835446.896148573840037, 1407899.277705966494977 ], [ -1835547.083690288010985, 1408606.350121426163241 ], [ -1836882.917579807341099, 1409039.725505484966561 ], [ -1838686.293330658227205, 1408287.024986121570691 ], [ -1839020.251803037943318, 1408321.238227309891954 ], [ -1839855.147983987350017, 1408811.632400242611766 ], [ -1840177.974507287843153, 1409222.201266427291557 ], [ -1841012.870688237715513, 1412210.40343648288399 ], [ -1841001.738739158259705, 1412643.832118175225332 ], [ -1840411.745437953621149, 1414229.323311074636877 ], [ -1839153.835191990016028, 1416316.827752278186381 ], [ -1837973.848589581204578, 1415404.239153338363394 ], [ -1835892.174111747182906, 1414446.051806840812787 ], [ -1831383.734734619269148, 1413727.431909999344498 ], [ -1829725.074321799678728, 1411970.879812838276848 ], [ -1828712.066955581307411, 1411195.292950466973707 ], [ -1825305.69053730671294, 1410442.537102050380781 ], [ -1823847.405207914765924, 1409142.367981359129772 ], [ -1822812.133943537482992, 1408617.754654799355194 ], [ -1821498.563952176831663, 1408697.586512505542487 ], [ -1820886.306752813514322, 1409016.916115168482065 ], [ -1820296.313451609574258, 1409758.230379036860541 ], [ -1818715.57668234501034, 1413430.863767164293677 ], [ -1818036.527788506355137, 1414115.256327075185254 ], [ -1817402.006690984359011, 1414331.983977198135108 ], [ -1815676.554583688732237, 1414468.865426184376702 ], [ -1814875.054249976761639, 1414309.170464681694284 ], [ -1812181.122572779655457, 1412951.798503138823435 ], [ -1811513.205628019990399, 1412769.299513415666297 ], [ -1810221.899534818483517, 1412803.517987292725593 ], [ -1808763.61420542630367, 1413305.393534999340773 ], [ -1806247.793713498394936, 1415027.804662846727297 ], [ -1805179.126601883210242, 1415278.760450911708176 ], [ -1804667.056944233831018, 1415096.246936727548018 ], [ -1801806.146030846750364, 1412769.299513414967805 ], [ -1801026.909595293691382, 1412563.989510350162163 ], [ -1794982.261245219036937, 1414035.409703064942732 ], [ -1792789.26727659185417, 1415689.420027104206383 ], [ -1787568.383158386917785, 1416145.715217497898266 ], [ -1786978.389857182977721, 1416373.865486744791269 ], [ -1785575.764273187145591, 1417297.892314887139946 ], [ -1784206.534536429913715, 1419100.399260872974992 ], [ -1782993.152086783433333, 1420366.784111581742764 ], [ -1782269.575396627187729, 1420549.330613508354872 ], [ -1780944.873456187313423, 1420515.103057202184573 ], [ -1779252.81719612935558, 1419454.068768054945394 ], [ -1777338.121954485308379, 1416978.47232462069951 ], [ -1776647.941111566731706, 1413727.431909999577329 ], [ -1776313.982639187015593, 1413522.115183141082525 ], [ -1776347.378486424917355, 1412928.986067177727818 ], [ -1776736.996704201446846, 1412735.081079548923299 ], [ -1777193.406616454012692, 1411868.227431105216965 ], [ -1777104.351023819530383, 1411058.426812380552292 ], [ -1776948.503736708778888, 1410533.779205380473286 ], [ -1776247.190944710979238, 1409952.115662318421528 ], [ -1775757.385185220744461, 1409096.749058859422803 ], [ -1775902.100523252040148, 1407522.939654277637601 ], [ -1775568.142050872324035, 1406542.202538464684039 ], [ -1775100.600189540535212, 1406131.671138563193381 ], [ -1773096.84935526154004, 1405116.770890585845336 ], [ -1772284.217072470579296, 1403839.642799441935495 ], [ -1772362.140716025838628, 1402072.280107266502455 ], [ -1772061.578090883791447, 1401023.314946095924824 ], [ -1773052.32155894394964, 1400282.220741410274059 ], [ -1772384.404614184284583, 1398549.273058171384037 ], [ -1770414.049627143656835, 1399381.531294825719669 ], [ -1769055.951839465415105, 1398743.084526092512533 ], [ -1768721.993367085698992, 1398389.66456839768216 ], [ -1768555.014130895957351, 1397432.03172647068277 ], [ -1768621.805825371993706, 1397021.627144502010196 ], [ -1775924.364421410486102, 1396121.037042310461402 ], [ -1784662.944448682712391, 1399256.121019103098661 ], [ -1785319.72944436292164, 1399415.734189712675288 ], [ -1787167.632991531165317, 1399381.531294825719669 ], [ -1788670.446117240702733, 1399301.724694119999185 ], [ -1798989.762913776794448, 1396702.427516960306093 ], [ -1803520.466189063154161, 1398173.054425177862868 ], [ -1807427.780315906973556, 1396326.232376337749884 ] ] ] ] } }
]
}
