inventory_date,latitude_proj,longitude_proj,agb,cagb,cagb_category,HCS,longitude,latitude,start_date,end_date,B2,B3,B4,B8,B5,B6,B7,B8A,B11,B12,B9,B1,VV,VH,elevation,ARI,ARVI,AVI,BCC,CCCI,CVI,EVI,ExG,GNDVI,IKAW,MCARI,MSAVI,MTVI2,NDDI,NDMI,NDVI,NDYI,PSRI,PVI,RCC,RENDVI,S2REP,SAVI,SI,SIPI,TCARI,TNDVI,TTVI,TVI,VARI,VARI700,AWEInsh,AWEIsh,MNDWI,MuWIR,NDWI,S2WI,WI2015,BAI,BAIM,MIRBI,NBR,NBRplus,NBRSWIR,NDSWIR,NBSIMS,NDSI,NBAI,NDBI,UI,BI,BI2,BSI,SATVI,DPDD,DpRVIVV,NDPolI,VDDPI,VHVVD,VHVVP,VHVVR,VVVHD,VVVHR,VVVHS
2026-01-15,1606790,357081,39.58,18.6,10-20,non-HCS,-16.32643109417671,14.530288600145902,2026-01-01,2026-02-01,0.10309629541564935,0.15963899892896438,0.23832306808829765,0.36285408523084556,0.2684665364195501,0.30557747020167736,0.334651411285466,0.3646334661974809,0.5192874611061525,0.4672902290196343,0.3693333711671502,0.08142429153094136,-16.20505722558779,-21.653300783616867,27.0,2.5392744721965244,0.1840187371166535,0.32528206501615087,0.20575705974661448,0.721754773164869,0.00220381984581514,0.15415533998777006,-0.022141365646018235,0.38893354278298115,0.5574795098456375,0.009437618209485134,0.15896834300099794,0.04271015518199688,-3.2789733850115046,-0.1773336450651037,0.20714529229030582,0.2152078716883444,0.44252860848478226,-0.16494664417334426,0.4756393385614987,0.06464823838255704,721.995654651524,0.1696334918961804,0.8311144569664402,2.259917249192285,0.016875077870304032,0.8409193137812366,0.5474174038270141,0.8409193137812366,-0.26684707666117913,-0.1452191910504219,-0.2442592402124697,-0.9378410840223455,-0.5297311024799146,-0.3687589137550268,-0.38893354278298115,-0.2702301928292883,-52.211689955212286,9.020885036148938,5.9059159765125155,1.583885171356048,-0.12580480525615836,-0.14623598129546383,-0.06626054698231798,-0.1773336450651037,-3.818370978039513,-0.5297311024799146,-0.7487805936833402,0.1773336450651037,0.12580480525615836,0.23836994644252665,0.2670490478861982,0.20456670090763357,0.10147182332047902,-26.769901672896655,2.2878224965121006,-0.14391124825605017,2.3362063757125338,-5.448243558029077,350.8929783213763,1.3362063757125338,5.448243558029077,0.748387388487612,-37.85835800920466
2026-01-15,1606335,356744,37.8,17.77,10-20,non-HCS,-16.32953361020225,14.526158070257841,2026-01-01,2026-02-01,0.07242277725388285,0.1103122859528073,0.1631838619902315,0.32654097757008366,0.21024151152665724,0.2703625634739027,0.2994608466109444,0.33869779499966157,0.41931198112658086,0.33133083037273064,0.36952648292239143,0.07119515462601199,-11.387847169844479,-20.704770687285027,27.0,4.308738796128016,0.31763481293788864,0.354733276797195,0.2093634432191146,0.6495213890349558,0.0006484293504098745,0.23171572828390696,-0.014982067338499744,0.49496869926884746,0.6369455802528341,0.03487855362623824,0.22950181935447278,0.1260898058094083,-5.133459587470388,-0.12438243017579395,0.33356918494581056,0.2073466801282025,0.3357013765891058,-0.17583384899157073,0.47174019720758453,0.12509476110283796,717.2723983228869,0.24757959341369593,0.8839056405990343,1.5631141749638302,0.06392534149629388,0.9130001012846661,0.3494352182612914,0.9130001012846661,-0.262946683870733,-0.050193655413379966,-0.40647424156260603,-0.8534086535022781,-0.5834319051839367,-0.578010833646937,-0.49496869926884746,-0.22358844696793825,-44.178044053165124,13.326884340275402,10.669773786531344,1.2040508886868135,-0.007280830010978898,-0.22292462774813807,-0.12694064922917134,-0.12438243017579395,-3.8633950788085882,-0.5834319051839367,-0.8396450068727181,0.12438243017579395,0.007280830010978898,0.18699912729766807,0.22017173848203644,0.10694263285234568,0.18924789108400877,-22.692907712804757,2.580627205852623,-0.2903136029263115,2.818146167443498,-9.316923517440548,235.7827642734777,1.8181461674434982,9.316923517440548,0.5500107845598045,-32.092617857129504
2026-01-15,1606131,365264,6.95,3.27,0-10,non-HCS,-16.250464475887572,14.524749025912477,2026-01-01,2026-02-01,0.06678997058883952,0.10213743512909436,0.15027167447168627,0.303427923095743,0.18908986026622368,0.24348420396304848,0.271165428312275,0.3228859337461424,0.4044772207101945,0.2882499588457737,0.32980399461111365,0.04957086820919054,-11.830710806599797,-20.149754794846334,27.0,4.502238636129315,0.32184950436373466,0.34053110431837713,0.20924236545156383,0.687705642180228,0.00047566649925998196,0.22468350695384975,-0.012786774802337073,0.4963207135039804,0.6391856162104196,0.02696290540532306,0.22103292795771334,0.1225920670299944,-5.25290728405122,-0.14274412115608634,0.33757192963190696,0.20924647714815545,0.3428629148177352,-0.19104392878715126,0.4707772791275508,0.12574573511183695,718.9169652201481,0.24088756409467002,0.8929417297673171,1.6575037399203987,0.05080616964802347,0.9151895593984379,0.022939331490139825,0.9151895593984379,-0.2593172212672281,-0.06592052160744762,-0.49252873627245863,-0.8117866470087742,-0.5967845227063665,-0.5123470893999521,-0.4963207135039804,-0.2077348140869938,-40.2704601962205,16.185316697691526,13.886233640263864,0.9186228254978306,0.025652411072329975,-0.2609575159597431,-0.17184633676963873,-0.14274412115608634,-3.6804758026083997,-0.5967845227063665,-0.8643011401501535,0.14274412115608634,-0.025652411072329975,0.19950013743027356,0.2041911982411506,0.08445703140796894,0.21739075299417307,-22.613604092285676,2.5202578406407166,-0.2601289203203582,2.7031736405563844,-8.319043988246538,238.3859218017246,1.7031736405563844,8.319043988246538,0.5871391948464662,-31.98046560144613
2026-01-15,1606968,364890,127.58,59.96,>=50,HCS,-16.253977571153428,14.532296486004995,2026-01-01,2026-02-01,0.11116298260471642,0.16867242042102495,0.24716695117635237,0.3678455398313009,0.2844990445899474,0.3180792202548512,0.33633374809956146,0.3745466784611372,0.5157935355806719,0.4487328382808848,0.3767489514563656,0.08023958692065156,-16.676152393689478,-22.12197167028906,27.0,2.4137012173458414,0.17318321889351274,0.3221054929384271,0.21093450858112842,0.6511244370381919,0.002586688004867268,0.14956757264980086,-0.020985092939018887,0.3712329020944691,0.5358621928503796,0.016306517140340867,0.15244446092857444,0.03840061305453996,-3.242381982026884,-0.16743034556319752,0.19622136203644489,0.20551165861961496,0.42757891717247964,-0.16309806387354034,0.46900540235835325,0.05572749238400222,712.5579019958966,0.16234605840050662,0.8224275802029312,2.3832392814353303,0.03200363456391418,0.8343988027534824,-0.07314236114075756,0.8343988027534824,-0.25763247035600845,-0.12545015657398173,-0.2464305403239797,-0.9047977890309015,-0.5071415343830284,-0.3204951036356559,-0.3712329020944691,-0.2239861598051502,-49.515043661739796,8.589073873069363,6.138968617275329,1.4325517341182632,-0.09905638040108766,-0.18642594667225496,-0.08178350432406428,-0.16743034556319752,-3.5530941713212485,-0.5071415343830284,-0.7440706425270888,0.16743034556319752,0.09905638040108766,0.22863047485017535,0.27377133301247447,0.1846027173573399,0.09467751044529707,-27.434416622956192,2.280725906624731,-0.14036295331236548,2.3265632951795503,-5.4458192765995825,368.9093708226217,1.3265632951795503,5.4458192765995825,0.7538275811141375,-38.798124063978534
2026-01-15,1606637,364960,51.52,24.21,20-30,non-HCS,-16.25331114045286,14.529307912833984,2026-01-01,2026-02-01,0.09477328416951207,0.1403060196736537,0.22154366898427322,0.34565269942677346,0.25453229608338906,0.2843145698035529,0.31158000612477643,0.35422924844496845,0.5065370373550906,0.40825548251834487,0.3546617726557846,0.06466029033474965,-16.201834864002063,-24.510585440120174,27.0,3.198503425582221,0.19617451216353465,0.32202718099743505,0.2075525976774006,0.6938419567753222,0.0015074812024406647,0.1579706703237886,-0.0357049138064779,0.4225599247056277,0.5696290060107554,0.011653755354366647,0.16234425724067814,0.039994028288737916,-3.147857479149418,-0.18878933996068398,0.21881139822912007,0.193690957731094,0.44588071903016835,-0.174565949766055,0.48517854371728275,0.05527038497503779,719.137065404939,0.1744416971179635,0.8461457313356289,2.264077062645395,0.020224900232283453,0.8478274578174029,0.20092417928603634,0.8478274578174029,-0.3041738167257057,-0.13295051044650577,-0.4286346686569926,-0.9348101424487361,-0.5661821885570033,-0.4810905904899634,-0.4225599247056277,-0.23193425014453584,-49.5986345285081,10.376637903942186,7.646378562090013,1.1184918591035604,-0.08303767566237749,-0.18149518572500709,-0.11655737751348201,-0.18878933996068398,-3.837062013698405,-0.5661821885570033,-0.7968112821289207,0.18878933996068398,0.08303767566237749,0.24617293612492683,0.2504949534053812,0.1769470382405398,0.14396831655650572,-28.788028475561713,2.4081678521714824,-0.20408392608574122,2.51282775351444,-8.308750576118111,397.1164577208404,1.51282775351444,8.308750576118111,0.6610137853942107,-40.71242030412223
2026-01-15,1607084,364647,52.07,24.47,20-30,non-HCS,-16.256238430500698,14.533332981392805,2026-01-01,2026-02-01,0.08834488213067977,0.13270874550556114,0.19197043654707388,0.3199326946158915,0.23521073527969957,0.2791050124295892,0.30709962151813724,0.3350440029473228,0.4727047818411935,0.42216280695816505,0.359499990940094,0.07360000163316727,-14.44331078050088,-21.17631822148301,27.0,3.283791789604848,0.23034236318478482,0.3210129775264716,0.21389766309468392,0.6105154761521601,0.0010816632234831294,0.17682466291847257,-0.014897827666631377,0.41362529480308846,0.5672312800782701,0.02786193998585668,0.17466909920511553,0.07317158416202825,-4.0549460371971415,-0.19273891503106766,0.24997357952882027,0.20069276333200547,0.371278012939793,-0.18788549100363963,0.4647923769930039,0.0853449993421169,716.4217687112082,0.1896855352968705,0.8612731942522638,1.9250417795085126,0.05436689227083384,0.8660101497839504,0.5469747719029814,0.8660101497839504,-0.2507536614917206,-0.07919895124928343,-0.27901959986154834,-0.8743801705305863,-0.5615930615651694,-0.5062056363004828,-0.41362529480308846,-0.2843924491424369,-48.65105630890366,13.153815854690702,8.181968791310945,1.5891212075379535,-0.1377587010370411,-0.1369112135025756,-0.07090589308287852,-0.19273891503106766,-4.087472287966877,-0.5615930615651694,-0.788078029297031,0.19273891503106766,0.1377587010370411,0.2389645125156456,0.22863448903283687,0.20134339609978627,0.15047992391304635,-25.186881210651826,2.3780503969093627,-0.1890251984546814,2.4661678712938864,-6.733007440982131,305.8561452596628,1.4661678712938861,6.733007440982131,0.6820501387180888,-35.619629001983895
2026-01-15,1606935,365404,14.43,6.78,0-10,non-HCS,-16.249206188686344,14.532023656558028,2026-01-01,2026-02-01,0.09421168222837285,0.14439775902589042,0.22387303629839442,0.36546491303266965,0.26928835059464806,0.3070387987202357,0.33381807724182266,0.38384328090601505,0.49471892029988596,0.38027957371934906,0.3925034572410723,0.0686513980676767,-16.5117303384893,-22.340218225985964,27.0,3.2118237353105448,0.2185940852937251,0.3424566463582121,0.20370865232974372,0.6306528711833088,0.0017059581942451107,0.17680283147548564,-0.02928920047498644,0.4335817586218366,0.5900958056179839,0.024583124827824706,0.18293596696364323,0.06114124567112294,-3.485500276763642,-0.15026323706463504,0.2402558275688694,0.2103272885335625,0.42229631763302,-0.15945547761143553,0.4840681477989715,0.06550176955998684,713.8608806716227,0.1949696283250162,0.8441321994101414,2.0962609000657673,0.046110260724213065,0.8603812106089193,0.022408540604928806,0.8603812106089193,-0.2899931929820198,-0.10356932558423647,-0.4468820456259395,-0.9301395636355717,-0.5481333418548238,-0.3768710320212839,-0.4335817586218366,-0.17086931015246457,-47.760709157533086,9.203582509348868,7.574676689183444,0.9545503182546078,-0.019865598673350585,-0.24151326274824683,-0.1378867222926035,-0.15026323706463504,-3.5165755873970403,-0.5481333418548238,-0.8001874918229394,0.15026323706463504,0.019865598673350585,0.2197422318780096,0.26110946098723814,0.13580752816316952,0.14325222660506515,-27.472476292251407,2.3000358078732765,-0.15001790393663833,2.3529907385848166,-5.828487887496664,368.87565905048405,1.3529907385848168,5.828487887496664,0.7391033593075196,-38.851948564475265
2026-01-15,1607036,357041,85.32,40.1,40-50,HCS,-16.326815528991652,14.53251013182398,2026-01-01,2026-02-01,0.0882720790986823,0.13581638549735756,0.20289254262714945,0.34138056654469395,0.2511055843246325,0.2909382035261913,0.31965169046706443,0.3496656539596064,0.49760917857190784,0.43935194335642513,0.3605460593754714,0.07633850037569863,-15.647462845028997,-23.437283001814833,27.0,3.38049331748116,0.2341234501604595,0.33526583181985814,0.20673537605980954,0.5988166503369593,0.0012776421065999206,0.18253858315660096,-0.019531850731116643,0.43077429595405653,0.5891002650920456,0.031132793734828905,0.1849163939320667,0.07440567096463759,-3.886043755865265,-0.18621039522420077,0.25444583166760804,0.2121675762488823,0.3939684171389633,-0.17351986434341443,0.4751793152267649,0.07348598045831899,713.9330964149271,0.19892500731064292,0.8563725108873111,1.9138266159881152,0.0590280091894604,0.8685884132704097,0.5319527494861449,0.8685884132704097,-0.2678366118672699,-0.08003076092135013,-0.3242984697042053,-0.9405095606719327,-0.5711686006960528,-0.49717655611169653,-0.43077429595405653,-0.2726400270615184,-51.92936112424103,11.140584324447257,7.032745083938959,1.5169494835595545,-0.1254864829749941,-0.13266347942441395,-0.07546785849594394,-0.18621039522420077,-4.137610300172038,-0.5711686006960528,-0.7858485747507779,0.18621039522420077,0.1254864829749941,0.2396567084126862,0.2423167112394113,0.1983323157302617,0.1485658609745507,-27.637088829256022,2.398611785135345,-0.1993058925676724,2.497832794615682,-7.7898201567858365,366.7340149593273,1.497832794615682,7.7898201567858365,0.667631262711525,-39.08474584684383
2026-01-15,1729890,342234,7.54,3.54,0-10,non-HCS,-16.47183359406015,15.642067643591126,2026-01-01,2026-02-01,0.10202809449514393,0.15044662141684526,0.22419817428314615,0.33818420909215047,0.25693515511109427,0.28281404742166333,0.30339662772557374,0.34606411646918644,0.5149698176208374,0.4255555388980865,0.3518687193603706,0.07866233676083634,-17.228493749726496,-24.115907042349495,40.0,2.75484315202866,0.18024606193038661,0.3103977679180524,0.21404215887624053,0.673587924569997,0.0017161303631108482,0.1485614905813123,-0.02533302594459956,0.38421150683378535,0.536459596137064,0.013109614615901655,0.1492860317441297,0.03770281186290727,-3.2330992093216193,-0.20721417586200985,0.20268422016508586,0.19177574572885023,0.43198023896547116,-0.18109988101155228,0.4703396792533476,0.04794614274395052,714.280868878851,0.16093927656282167,0.8395915763675157,2.2767865621974703,0.024988273272282462,0.8382626200452253,-0.07346521552734608,0.8382626200452253,-0.270532042022191,-0.12695437266895793,-0.3723611051192681,-0.9079752767567462,-0.5478121290949187,-0.4087436158109069,-0.38421150683378535,-0.24706620217260275,-48.941612906022385,10.774510531606897,7.466841279377426,1.2088511762966583,-0.11439934877797261,-0.16891343057281388,-0.10515291918382094,-0.20721417586200985,-3.765134236319262,-0.5478121290949187,-0.7788457899946953,0.20721417586200985,0.11439934877797261,0.25348540200271646,0.24984499629898727,0.19224581901661064,0.13919828856418887,-29.234906164171395,2.333172722819726,-0.16658636140986305,2.3997687431457746,-6.887413292622998,415.48075374810344,1.3997687431457748,6.887413292622998,0.7144037219695639,-41.34440079207599
2026-01-15,1754649,397821,14.74,6.93,0-10,non-HCS,-15.954360785524436,15.86874073323621,2026-01-01,2026-02-01,0.09516075753180933,0.1514251640027105,0.22663129056395623,0.3352463886000483,0.26182298015539535,0.2861862534875856,0.30733625273431503,0.33992523561421323,0.49008370328349493,0.39873843338479104,0.36025982221315417,0.06949551716816418,-17.435593832122272,-21.13286325066493,45.0,2.7845477386607285,0.16880197887326154,0.3042381239606356,0.20109318743885096,0.6361526365027442,0.0017421280985083847,0.13704832483597643,-0.01894172009034456,0.37771105299713337,0.557810513198792,0.015148199489322932,0.1421328815918247,0.029958677876234664,-3.0965674084836774,-0.1876065300491851,0.1933073728746373,0.22817363668113816,0.4593880084385322,-0.183999496233947,0.4789159920007189,0.04445777887761379,712.4139340727362,0.15342882730372853,0.8405225916627621,2.4467212775849716,0.029050723466616673,0.8326508108893171,0.16648683719809587,0.8326508108893171,-0.26584401017587445,-0.13134534176395593,-0.3419150624649745,-0.8639560786329271,-0.5279093657947738,-0.21387174974972312,-0.37771105299713337,-0.20727134589290722,-45.53744570392546,10.893713954035176,8.273867180453957,1.1845640416696592,-0.08650321216867642,-0.19058391454114781,-0.11260394136590432,-0.1876065300491851,-3.494966504036563,-0.5279093657947738,-0.780624450209344,0.1876065300491851,0.08650321216867642,0.24958793639948215,0.24945371195561628,0.18466267195454372,0.12542222672500566,-27.27201754314116,2.191725036373971,-0.09586251818698546,2.2120529678622725,-3.697269418542657,368.46402014837685,1.2120529678622722,3.697269418542657,0.825046451364023,-38.568457082787205
2026-01-15,1675477,422132,13.01,6.11,0-10,non-HCS,-15.72480738572192,15.153901003266482,2026-01-01,2026-02-01,0.08547332670817454,0.13154809843731796,0.2091539553855652,0.33723090108217524,0.24877237403819186,0.28153652839555404,0.30634234833163937,0.3496086726495301,0.48800528466792226,0.37280102887246164,0.35499998927116394,0.06360000371932983,-17.42795221644501,-21.259153859881028,45.0,3.5820433085657077,0.2119309607028673,0.324461688572805,0.20055904356010926,0.643972544794789,0.0012205697272386744,0.1641082444307258,-0.031531085219103805,0.4387628346314272,0.5955880207066816,0.019237196777887305,0.1702963538186143,0.04943587561559635,-3.294125901022593,-0.18270452288601574,0.23440793459137887,0.21230517539111457,0.43930579588458046,-0.1782854873672656,0.4907696806064634,0.061783149796274764,714.5882903092164,0.18359919618240184,0.8564027069133625,2.1364570795670366,0.03519775701445051,0.8569760408502556,0.0868126445448476,0.8569760408502556,-0.30406395794689867,-0.11465559002965875,-0.4849336407936915,-0.9167109630417922,-0.5753453954912144,-0.40964975911004164,-0.4387628346314272,-0.19953983592843336,-47.19268723681547,11.264869255390034,8.89982292528591,0.9455584989789778,-0.050096518606647635,-0.20632600242888016,-0.14071957468437035,-0.18270452288601574,-3.7276512837534423,-0.5753453954912144,-0.8173667949560678,0.18270452288601574,0.050096518606647635,0.24507899413092551,0.24136760339131208,0.15851221444830466,0.16299076111776115,-27.355915051053426,2.198060906177754,-0.09903045308887709,2.219830855389935,-3.8312016434360174,370.5035176320591,1.2198308553899349,3.8312016434360174,0.819785788809496,-38.68710607632604
2026-01-15,1717305,332258,17.28,8.12,0-10,non-HCS,-16.564016660122423,15.527688033082486,2026-01-01,2026-02-01,0.09798073009964814,0.1583322676918843,0.25629471577718116,0.3681478547488089,0.29556476369822987,0.32623794153814123,0.3443599561465099,0.3737039173999606,0.517881042986304,0.4489672304513744,0.38635000586509705,0.07509999722242355,-13.699617616710364,-19.007142681028924,40.0,2.932478744556882,0.1520369490396056,0.3128650895378361,0.19114173959170067,0.6105197409581733,0.002365379290260083,0.1288001071647053,-0.0376109104930607,0.39852518283928157,0.5795978479564705,0.013635179222635005,0.14015443461253907,0.0061203036650531875,-2.6328573722762214,-0.16899357190295536,0.17912478144693095,0.23546030873284857,0.48527153197177764,-0.16502390240238327,0.49998216763631587,0.0493294377486687,710.4343905967792,0.14921145183871673,0.8265182613680756,2.619934140611993,0.022854404708977684,0.8240902750590684,0.11210743199392392,0.8240902750590684,-0.30937504247368547,-0.14270762464445946,-0.2955721811236016,-0.9474737548861542,-0.531709106603981,-0.2806388449328302,-0.39852518283928157,-0.2060387840395751,-51.38756820620412,8.376392277924523,6.12734813255726,1.4144380832479637,-0.09890819196266057,-0.16779642728878824,-0.08334250966018332,-0.16899357190295536,-3.6905135227204684,-0.531709106603981,-0.7586078861375072,0.16899357190295536,0.09890819196266057,0.24836418214738415,0.2746445771561921,0.2041448646167832,0.08346408203270841,-23.127171997174393,2.3245521730677448,-0.1622760865338723,2.3874214020283753,-5.307525064318559,260.3905867163513,1.3874214020283753,5.307525064318559,0.7207615498348411,-32.70676029773929
2026-01-15,1675304,421668,5.76,2.71,0-10,non-HCS,-15.729120763177294,15.15232310536862,2026-01-01,2026-02-01,0.09195379269902808,0.1397421021094991,0.2227897408103366,0.3555347752269697,0.26290795335886724,0.29585948058998857,0.32341326280101484,0.3689344807307159,0.513149246644432,0.3840046939765983,0.37485756549524185,0.06578614877809223,-19.626659850847208,-22.817361798372193,45.0,3.352426897399675,0.2069270135165812,0.3322612018642595,0.20232497023545415,0.6525151420137749,0.0015467916469387873,0.16571422604026595,-0.035259329290366445,0.4357010855785839,0.5890228296771385,0.01827346611027846,0.17256355856451366,0.04725876980889625,-3.226675664419777,-0.18144050937867398,0.22953381835894718,0.20625445025671754,0.44222327386772203,-0.1670490147636816,0.49020194116139304,0.058971810504864525,715.8272430936476,0.184654571665197,0.8467561910295391,2.182745499462326,0.03314788811243296,0.8541275187926842,0.1509988851635049,0.8541275187926842,-0.3069267393754435,-0.11886277777747926,-0.5264993635108284,-0.9577181583284761,-0.5719284613704794,-0.4072065955132146,-0.4357010855785839,-0.18719179647593853,-48.958814954070434,9.763896884007336,7.861065028501548,0.8111843226505497,-0.03849682124510369,-0.22000605937097348,-0.1495702384477827,-0.18144050937867398,-3.6606229865783217,-0.5719284613704794,-0.8106542198985032,0.18144050937867398,0.03849682124510369,0.24374151017293347,0.25532208424394115,0.15110351437991837,0.16039308933341684,-30.012455528991666,2.1503487098321967,-0.07517435491609845,2.1625697888368536,-3.1907019475249854,447.82859871036635,1.1625697888368538,3.1907019475249854,0.8601634152221485,-42.4440216492194
2026-01-15,1718489,332424,1.6,0.75,0-10,non-HCS,-16.562549922071067,15.538399296479373,2026-01-01,2026-02-01,0.09905404635721683,0.16002730445697927,0.2636937676354864,0.3673693854298106,0.309847878868753,0.33137873365224396,0.3512039871166925,0.38182972280462135,0.5424791557273623,0.480920089703751,0.4036000072956085,0.08169999718666077,-16.294150117234697,-22.643106172981415,40.0,3.021543426651259,0.1358815214775811,0.30381743305441455,0.18947735433730453,0.5170093797455493,0.002480795737427986,0.11745940131821841,-0.0426932050787447,0.39314255274779797,0.5752612771716595,0.019023718585405795,0.12914285163937655,-0.00916488637308439,-2.435730042689393,-0.19246035177991466,0.16428723066896722,0.2353440643571844,0.4968324897126503,-0.16739417566637793,0.5044114731731769,0.03357760636109899,701.1002452950635,0.1374931419788798,0.8228881245125119,2.7554153456782102,0.03283620318793294,0.815038177430338,0.15438207475191867,0.815038177430338,-0.31930086815481656,-0.13188851917538,-0.29911950475366944,-0.9858805266620321,-0.5444104402542085,-0.30180612251817696,-0.39314255274779797,-0.21633679869939337,-54.39659499173445,8.24595448143656,5.566706794752765,1.492905170909359,-0.13385843818946594,-0.14261592042176405,-0.07260024996038907,-0.19246035177991466,-3.8819064579288947,-0.5444104402542085,-0.751516183750683,0.19246035177991466,0.13385843818946594,0.2669734910059587,0.2769496985691574,0.22971251839232615,0.07969517706252477,-27.532797963610363,2.3261121435175207,-0.16305607175876027,2.3896463460853528,-6.348956055746719,368.9501711030428,1.3896463460853525,6.348956055746719,0.719607548220459,-38.93725629021611
2026-01-15,1674890,421275,104.17,48.96,40-50,HCS,-15.732765745655543,15.1485685460787,2026-01-01,2026-02-01,0.04155859309591601,0.07176467679514689,0.09602766569885371,0.27427607423091116,0.1468019424618579,0.22171268226922144,0.2523388056014212,0.293626201670438,0.3261650799995117,0.2229356172485376,0.32028075971853254,0.045254708752008786,-11.705464991915504,-14.712910696416696,45.0,7.122532911749179,0.47156340826847315,0.3535543961155053,0.19851161867899328,0.6289149684207201,0.00013564561630711983,0.2895988708509061,0.005943094795524066,0.585224129919064,0.7368332396968253,0.054678400712053724,0.28131905575737676,0.20378004923455967,-10.268739633047465,-0.08641813673665653,0.48135730026887025,0.2665479360793934,0.24567414026770446,-0.201225392606094,0.4586923169378895,0.20327752219339754,717.7931624230946,0.3072175845408451,0.9299500014871858,1.2848438163626776,0.08349506314462506,0.9906347966172349,0.367992041136328,0.9906347966172349,-0.19220683073582992,0.058112334032405094,-0.4730976839417089,-0.7354253505739855,-0.6393098250645318,-0.4908767184116928,-0.585224129919064,-0.20591274212528735,-35.424939891721294,21.77225482486657,19.675046920728505,1.032938388490161,0.10325673724527776,-0.2921387687722489,-0.1898464495161108,-0.08641813673665653,-3.852597005969389,-0.6393098250645318,-0.9064840057082832,0.08641813673665653,-0.10325673724527776,0.14411128434318424,0.17281863934059408,0.004928521932392204,0.26286404668605096,-18.68061259715352,2.2276783205736184,-0.1138391602868092,2.256926632694926,-3.007445704501192,172.2214610860848,1.2569266326949262,3.007445704501192,0.7955913845631069,-26.418375688332198
2026-01-15,1676180,422286,21.9,10.29,10-20,non-HCS,-15.723395613433684,15.160260989206963,2026-01-01,2026-02-01,0.060071256296816256,0.09562043228818574,0.14306942545114876,0.275795826258043,0.1840647758963081,0.22675481420085355,0.2555043219712486,0.2936024831158474,0.3949095954588594,0.29234050231205155,0.3016197009537954,0.04668696619043722,-14.688593024713468,-20.697449561976907,45.0,5.025145881783578,0.29937901915070775,0.31537714342358997,0.20106785479969627,0.62951658841562,0.0003607745786223842,0.1970780698821667,-0.011899817171593524,0.48510368036953216,0.6422914931712342,0.029984759649703343,0.19579034143431207,0.09997389651159808,-4.767068674148347,-0.17759476119322776,0.31687135723314436,0.22833059564358785,0.3660260508551535,-0.21118085608197215,0.47887565927953074,0.10391431989513687,717.4800408873009,0.21666898475049798,0.899767779371713,1.7261739840360768,0.05471365183073368,0.9038093588988467,0.35961935397732336,0.9038093588988467,-0.26564418699825454,-0.05858072206932014,-0.46216922788906367,-0.780020921136086,-0.6101342348913451,-0.4608738287668602,-0.48510368036953216,-0.2272765046242586,-39.33211310023413,20.65142267842735,16.80375067809594,1.053290987623693,-0.029120961329209095,-0.21163205401325072,-0.15569269980894349,-0.17759476119322776,-3.89522251954771,-0.6101342348913451,-0.8677883664043281,0.17759476119322776,0.029120961329209095,0.23129008363573336,0.18768365703248108,0.12906237820739858,0.2177679859389583,-25.02171067240472,2.3396173235559,-0.16980866177794995,2.409083193138619,-6.008856537263439,304.0164132654128,1.4090831931386194,6.008856537263439,0.7096813054540665,-35.38604258669037
2026-01-15,1764841,388690,11.06,5.2,0-10,non-HCS,-16.040109261085593,15.960473338614573,2026-01-01,2026-02-01,0.10434855740342136,0.167894384647085,0.2584372539813764,0.3601508346331137,0.297428076247344,0.32109760997282716,0.3377722598080931,0.3658664292445313,0.5323854289123611,0.44022352741367,0.3746499688066373,0.07554385235055444,-19.615941355994618,-24.52408800985382,40.0,2.5939679722005975,0.13735334678607714,0.3006102311713433,0.19663171564282794,0.580096015705343,0.002623686166929001,0.11948534431690491,-0.026997042090627754,0.36409088268633844,0.5507053004055865,0.01505809962588805,0.12773544906521928,0.003872127952851149,-2.647067430080067,-0.19297209683679367,0.164428611743163,0.23341588496305132,0.479881169439395,-0.17185424946976707,0.48699245970326305,0.038267664953622806,706.0006036846082,0.13639549046743674,0.8206446240701769,2.7981217499071307,0.02752648459134807,0.8151249056084369,0.07963600036248353,0.8151249056084369,-0.2812038104294346,-0.13836701372044805,-0.33738718533179024,-0.9247757581504957,-0.5204934330644314,-0.1696706445695939,-0.36409088268633844,-0.19358115736158185,-49.21812163514912,8.681091569244485,6.497688500899374,1.1848580707955616,-0.10004405010648737,-0.1835109029116462,-0.10456923824585171,-0.19297209683679367,-3.492791336135727,-0.5204934330644314,-0.7561884002028375,0.19297209683679367,0.10004405010648737,0.2599518461230981,0.2736707037836934,0.20131482723285057,0.09822960714301765,-31.21171408636477,2.2223898227696552,-0.11119491138482754,2.2502121394423558,-4.908146653859202,481.0630722105433,1.250212139442356,4.908146653859202,0.7998642537945917,-44.140029365848434
2026-01-15,1717513,332314,0.78,0.37,0-10,non-HCS,-16.563508827248786,15.529571514573112,2026-01-01,2026-02-01,0.1015476420069856,0.15906211020064953,0.2541707334485331,0.35943412173173267,0.2860626563849047,0.30883212327129617,0.3296617507978125,0.3659009089054398,0.5224997572843114,0.4372917415889283,0.37927388629862807,0.07441145518932805,-16.657045504311988,-22.408408771928364,40.0,2.7911146854092634,0.14474527608729632,0.3044472273218531,0.19726396947146754,0.6625895099695632,0.002311417114992395,0.12396463294003497,-0.03759415505421962,0.38644834656621746,0.559428810444041,0.007306370196302745,0.13272906943720264,0.0023898434244397047,-2.5965545127819616,-0.1848955340444658,0.17154914501495455,0.22069192617105338,0.4941943533104374,-0.17140896657639051,0.49374585970280666,0.038274780120864924,713.9978172023795,0.1417873509533505,0.8259735336126811,2.707709405815272,0.009914249902002095,0.8194810217539846,0.0748728292731835,0.8194810217539846,-0.30514321099230335,-0.154692400417958,-0.34105682939802784,-0.9330208364126886,-0.533242342950886,-0.2899891334022897,-0.38644834656621746,-0.2090663796717446,-50.03805820717254,8.816055861572352,6.576487834736433,1.252419794503031,-0.09772196867401055,-0.17787036299555287,-0.09927237178939374,-0.1848955340444658,-3.6319432903388527,-0.533242342950886,-0.7650340122561201,0.1848955340444658,0.09772196867401055,0.2550706192741637,0.27024458336126483,0.19999293982631086,0.09662227292414324,-27.62344762886256,2.294447530390776,-0.14722376519538802,2.3452811163977145,-5.751363267616377,373.2578845932347,1.3452811163977145,5.751363267616377,0.7433390596292019,-39.06545427624035
2026-01-15,1717293,332886,22.76,10.7,10-20,non-HCS,-16.558161968339068,15.527620990863522,2026-01-01,2026-02-01,0.08420387630010008,0.1322024914587193,0.20474294875226345,0.33531569547636897,0.25311862772202515,0.2939209777313873,0.31886358248195207,0.3504458591653477,0.47521356392704195,0.39429036182670363,0.3877045389637211,0.0797518817718516,-15.269862207171949,-17.81701356110318,40.0,3.6134372243769475,0.21983474969491437,0.3265411994310762,0.19993829503908078,0.5777589872665546,0.0011998918842007786,0.16893922996760588,-0.024541842134924954,0.4344498453615251,0.5985699740131977,0.029908527825655527,0.1745533950528665,0.05869765498599971,-3.5096714988763456,-0.17260063943113496,0.24177512594137443,0.2217985341915295,0.410107074978239,-0.17875342826258234,0.4861528696007643,0.07458756112465245,712.4496279321693,0.18831545814555364,0.8581731243141997,1.9572523372316926,0.05543566536188073,0.8612636796831586,0.34362784608014874,0.8612636796831586,-0.2870143563688722,-0.0878476466024425,-0.371574718718948,-0.8996563746148939,-0.564705311008747,-0.41259920970529296,-0.4344498453615251,-0.21805649347421188,-47.91006986406089,11.524744766546029,8.392515197552482,1.2858106917820242,-0.08083083433864235,-0.17953825698404433,-0.10409777559371416,-0.17260063943113496,-3.852603643815814,-0.564705311008747,-0.8023051743807625,0.17260063943113496,0.08083083433864235,0.23687367518480323,0.23932807987117163,0.1762439063422675,0.14668606913919358,-23.3959542240242,2.15396747470328,-0.07698373735163994,2.1668090595300122,-2.5471513539312323,272.0633420213596,1.1668090595300125,2.5471513539312323,0.85703825474478,-33.08687576827513
2026-01-15,1675147,422548,25.63,12.05,10-20,non-HCS,-15.720925310986267,15.150930079630752,2026-01-01,2026-02-01,0.06930792849316274,0.1021847291000577,0.15801739085643973,0.28681863145885744,0.1980327370885868,0.23732470057069013,0.26033080033590467,0.3068220004531908,0.43500759220924706,0.31676708545656945,0.3342187885041214,0.05640043977173001,-14.852559235737756,-22.983171756260603,45.0,4.736527938752737,0.271236037269781,0.31449241507220205,0.21033631241067,0.6324340594053776,0.00047324304670995327,0.1877444840148307,-0.02295586114948707,0.47463318078671624,0.6107679893209853,0.026124592009993213,0.1855856669551187,0.08210698672422517,-4.128799310347575,-0.20529728055228824,0.28954768530666375,0.19170966890535068,0.37378942078072386,-0.20601178470220038,0.4795525708545435,0.0902521929873502,714.9243589072128,0.204481895631149,0.8894032413736057,1.788943884464435,0.047974060048084924,0.888564958405779,-0.0563107121478561,0.888564958405779,-0.29247962616560746,-0.0704672806658765,-0.5318866252959059,-0.8371613556229922,-0.6195599786273872,-0.587244969342721,-0.47463318078671624,-0.23064178185020207,-42.47506807027338,18.24394404609372,14.34357700234226,0.9045964509150726,-0.049617565754804506,-0.20318360207605013,-0.16229703744129687,-0.20529728055228824,-4.016286682992195,-0.6195599786273872,-0.8614873912886463,0.20529728055228824,0.049617565754804506,0.24958967285716896,0.19805398424525647,0.1428045978235648,0.22174070737244864,-26.753901955592056,2.4297848783332525,-0.21489243916662637,2.5474216524893047,-8.130612520522847,341.3589199349956,1.5474216524893047,8.130612520522847,0.6462362720537876,-37.83573099199836
2026-01-15,1764915,390721,111.58,52.44,>=50,HCS,-16.02113665663681,15.961233037324552,2026-01-01,2026-02-01,0.10221471237283249,0.14989868792429167,0.22170189249845476,0.32732702510598277,0.25567767506998484,0.28028153614544654,0.29811994773752926,0.33650560818140474,0.4918309471638465,0.38382688091995953,0.346347703053755,0.07486121516840268,-18.096690836368005,-25.190808366085882,40.0,2.759997980417934,0.16961467625250418,0.2996620192757522,0.21572691706456087,0.6388047714399964,0.0016305980803829566,0.13964721359560683,-0.0241192290227039,0.37179123491704086,0.5240755276878134,0.014784645988807875,0.13941733535328027,0.03090922699612114,-3.144694371534855,-0.20082075451458395,0.19238537210098003,0.18913701332520214,0.4263112788978607,-0.18909119339541017,0.46790784482784725,0.045906219280504264,711.0219644480118,0.15103272774701038,0.8406135412795144,2.3902058506820434,0.02873358684980969,0.8320969727747963,-0.09391682426793158,0.8320969727747963,-0.26654406593020985,-0.12083677176689692,-0.3940368707048263,-0.8477322464511722,-0.5328291550577873,-0.33079130738002993,-0.37179123491704086,-0.2003882609586752,-44.27881161255977,11.59083127829809,9.033211423585662,1.018325526993899,-0.07944814102155222,-0.21059488223580708,-0.13119770329244138,-0.20082075451458395,-3.4826843050732106,-0.5328291550577873,-0.7905398728728057,0.20082075451458395,0.07944814102155222,0.24844494651762897,0.2441067574809249,0.1700242003678071,0.141982412008952,-30.608884226662408,2.3277674922516995,-0.16388374612584977,2.392011865255563,-7.094117529717877,455.87027091924887,1.392011865255563,7.094117529717877,0.7183846811653487,-43.28749920245389
2026-01-15,1764918,389490,48.05,22.58,20-30,non-HCS,-16.032638299639967,15.961205309301116,2026-01-01,2026-02-01,0.08615350550059658,0.13157862643370713,0.18547195787342172,0.3282941983431837,0.2231436899752723,0.2647184100328136,0.2874448969875515,0.32232678662696174,0.43788828838273575,0.34625488076981553,0.3163099950034765,0.06920371435839553,-16.172827013258207,-20.938785554239356,40.0,3.118601204255638,0.2599652616952886,0.33676092727910883,0.21367220144438592,0.6859373082856169,0.0010541736616097373,0.19891957823094294,-0.00846821050660404,0.42776080975194375,0.5842490876336435,0.02329072345059266,0.1955013427660578,0.09754367917220857,-4.71223404896406,-0.1430391479030978,0.27799075268310913,0.20862846714244576,0.37518528598186257,-0.17973389234797416,0.45999522961651285,0.0852181795979893,716.2091148247664,0.21132423822882973,0.8646425387597916,1.8140765971224369,0.04691733530568229,0.8820378408453399,0.18182533789693323,0.8820378408453399,-0.23340845938060392,-0.09042012862444057,-0.3551112752649177,-0.8207373786964686,-0.5378884250856996,-0.3816593030571265,-0.42776080975194375,-0.2162126796936736,-42.49290240211869,12.612371111128445,10.117550663180797,1.171243581547345,-0.02662620553903848,-0.21866300393575927,-0.1262616864641057,-0.1430391479030978,-3.491875917939321,-0.5378884250856996,-0.8115216578354265,0.1430391479030978,0.02662620553903848,0.20130173640726068,0.230571653907829,0.12395084578283942,0.16391893189488363,-26.241872907245423,2.2568445945221574,-0.1284222972610785,2.294689267193305,-4.765958540981149,338.639356636423,1.294689267193305,4.765958540981149,0.7723861047893386,-37.11161256749756
2026-01-15,1676212,420988,1.08,0.51,0-10,non-HCS,-15.735478253236437,15.16051120956731,2026-01-01,2026-02-01,0.08749590069600988,0.1371537353816179,0.2224806725738862,0.3545099553457116,0.26024095963353994,0.2918525953527601,0.3180140523488142,0.3656439276883927,0.5036388644144092,0.375396295247455,0.3639071734286682,0.06092884256279485,-20.067211194739915,-25.369500663017934,45.0,3.4484956790294916,0.20540140438419108,0.3313878878513217,0.1956832247849312,0.670144089345139,0.0014836655220879119,0.16234374800904522,-0.03566910250666028,0.4420831232067465,0.6040961923918445,0.015373496624595797,0.17177377039483377,0.04376066444654649,-3.1459708010845784,-0.17377977529629854,0.2288239641740305,0.22104569387527848,0.4625100959431977,-0.16778590404926175,0.49757457338300004,0.05725775175912819,716.0789616229956,0.18388639513075036,0.8491019018594879,2.2236060563192424,0.026894020504580562,0.8537118742140293,0.04857741703727991,0.8537118742140293,-0.31354231362379703,-0.13019577211842642,-0.522228193037092,-0.9506920643019903,-0.5719247212740104,-0.35769506074514035,-0.4420831232067465,-0.1811651767256383,-48.291451967439215,9.829204890089747,8.097810322462516,0.8183020812133397,-0.028615099384023436,-0.22253238605829323,-0.15141700244775042,-0.17377977529629854,-3.62153478335066,-0.5719247212740104,-0.8145033151651317,0.17377977529629854,0.028615099384023436,0.2432219029239724,0.254287308136078,0.14989295736280533,0.15626284071244517,-32.12860706943979,2.2333923055381795,-0.11669615276908969,2.2642265243945743,-5.302289468278019,509.0951277098752,1.2642265243945743,5.302289468278019,0.7909974839982813,-45.43671185775785
2026-01-15,1764801,389940,38.63,18.16,10-20,non-HCS,-16.0284284590875,15.960167868740864,2026-01-01,2026-02-01,0.08670109426670702,0.13264116628816094,0.19450978256598878,0.3217341565085154,0.23654587380316133,0.2743257989087244,0.2945696015862654,0.3298375126762982,0.44471098021434174,0.33765934831904676,0.34412766673269063,0.07069474257202481,-15.80142867512458,-19.576931190122885,40.0,3.311627767839359,0.22607820234456957,0.3206583750901506,0.2094978041255865,0.6191735752978968,0.0011010201872226056,0.172996976552976,-0.01592854425637391,0.41616034307604705,0.5754475447349574,0.025848663755413635,0.17304449566312463,0.06886780030718184,-3.90413958526625,-0.1604509152887928,0.2464423585691059,0.20944469116548617,0.39299507639510284,-0.18706356911799626,0.46999836245628074,0.07395188874930955,712.4056165747296,0.18778617374838688,0.8609091781783355,1.9732021951225887,0.050292354818926216,0.8639689569475896,0.071735821343476,0.8639689569475896,-0.25730361278022107,-0.08874500091746754,-0.40014958695447367,-0.815778532176938,-0.5405190156763852,-0.32588324048558925,-0.41616034307604705,-0.17609292047567873,-41.52163001292029,12.91374547950604,10.777075884400634,1.0184258770899186,-0.024151271879294542,-0.2385104803928557,-0.14398901208120962,-0.1604509152887928,-3.410424097910517,-0.5405190156763852,-0.8170064714981452,0.1604509152887928,0.024151271879294542,0.22028748846853302,0.2301742832235302,0.1315472078616207,0.1606076120400231,-25.01627816797447,2.213435700771817,-0.10671785038590839,2.238934250353064,-3.775502514998305,309.3434818785485,1.2389342503530643,3.775502514998305,0.8071453345607532,-35.37835986524746
2026-01-15,1676225,421574,72.77,34.2,30-40,HCS,-15.730024230441261,15.160646453840902,2026-01-01,2026-02-01,0.0587508749780975,0.0927987443977794,0.12883089890184737,0.268828079081743,0.16477983364979973,0.21498983671471958,0.24589372708078025,0.28100175472880795,0.35941088403740973,0.26837310293629835,0.3150408766948288,0.051984778151789306,-12.496539952125799,-17.7629952371669,45.0,4.7073040864522,0.337338862575771,0.32006053494599956,0.20953979020718985,0.6815991905750741,0.00029824891059456344,0.21858412728095358,-0.0019842850843860838,0.48677067975830474,0.6413025058541143,0.027566780449036425,0.21106266708066568,0.12704915916907356,-6.226549464080684,-0.14418527069052012,0.3520533621289765,0.2246648296439173,0.3259690085570996,-0.21331238080975806,0.4594859146891119,0.13221172458750097,720.7416197710852,0.23393713583922096,0.9060876906494277,1.5489119184494373,0.05260680197429647,0.9230673659755156,0.5122369105758919,0.9230673659755156,-0.22122069607586334,-0.05122277643978726,-0.3956295452541365,-0.7187039844402576,-0.5895764328641253,-0.45755391499491016,-0.48677067975830474,-0.23916095341052204,-36.07046763715681,22.502054094374994,19.025654599904342,1.1615043657963677,0.0008469380944686236,-0.23423104278149925,-0.15256969525096564,-0.14418527069052012,-3.70793666460438,-0.5895764328641253,-0.8703945982905479,0.14418527069052012,-0.0008469380944686236,0.19693398511834387,0.18025680160670987,0.09606330724491406,0.21579862794275073,-21.396722527901826,2.348085669663864,-0.17404283483193198,2.421433077093089,-5.266455285041102,221.97597965067646,1.4214330770930894,5.266455285041102,0.7035153579267033,-30.2595351892927
2026-01-15,1676011,422622,43.99,20.68,20-30,non-HCS,-15.720262985624165,15.158743172937596,2026-01-01,2026-02-01,0.04781072922473817,0.07800710424016964,0.11021201024722023,0.24938366900691622,0.14725316390913515,0.19860607711922248,0.22292621655260764,0.2589647744719863,0.3346895665224984,0.23227931046739075,0.28139999508857727,0.043699998408555984,-13.788843181976848,-19.034077313224014,45.0,6.028319673826979,0.37332025529826435,0.31373895886443587,0.20256222040739116,0.6653131376566261,0.00016724966128238035,0.22417028063881694,-0.0020085309916191146,0.5234618039690646,0.6782528236789235,0.030986521242119966,0.2171876845661509,0.13582492507098645,-6.673188228829612,-0.14605342673895916,0.3870226111958911,0.2400007549315624,0.3141962316944753,-0.22426867953472573,0.466940995739672,0.14847922830512664,718.1649441076784,0.2428554414334435,0.9209706693706176,1.4779134805995864,0.055612080592863586,0.9418187783198481,0.22229672150215007,0.9418187783198481,-0.22936597374015252,-0.029073882949212416,-0.45030766259571964,-0.6913511910858074,-0.6219639761279797,-0.4593424370167768,-0.5234618039690646,-0.22402864655503238,-33.619467511370644,27.800590293638614,24.512326437673973,1.0428353527534227,0.03551105081439594,-0.24714423775149694,-0.18353218610073666,-0.14605342673895916,-3.767723480028633,-0.6219639761279797,-0.8972847277979319,0.14605342673895916,-0.03551105081439594,0.19904053318412213,0.1637314975623416,0.0708112142280944,0.24021104063881052,-23.20930966050344,2.3196080088006847,-0.15980400440034237,2.3803969674630223,-5.245234131247166,262.4579071856691,1.3803969674630225,5.245234131247166,0.7244292935805712,-32.82292049520086
2026-01-15,1669689,428752,0.91,0.43,0-10,non-HCS,-15.663027790269021,15.101763997336366,2026-01-01,2026-02-01,0.0921262857743672,0.1457209136315754,0.23002788469337276,0.355079013234093,0.2740935684158689,0.2998609187262399,0.3232212500231606,0.36159694947515214,0.5218025200821104,0.4075638847124009,0.36176802598862423,0.06258544572336334,-19.702023758707075,-24.420822649529285,45.0,3.2140438094138135,0.18965931198019775,0.3245606559157522,0.19690359436796093,0.6022610626761195,0.0017343999846562768,0.15292664826310512,-0.03071234320458914,0.41804738453700807,0.5879910815966232,0.02191428528560552,0.16149566439132435,0.03699013007417195,-3.0920081949257385,-0.19013230466548878,0.2137235588636361,0.22533217961392213,0.4598852011285398,-0.16912600280846926,0.49164380090080834,0.044894413908451745,708.4378763014786,0.17286471330091846,0.8421059540339716,2.338991826175206,0.04041830247252412,0.8448216136342844,0.13269604495593157,0.8448216136342844,-0.29725063184736483,-0.1157243295047977,-0.47229549615156063,-0.9607847012990995,-0.5633983579546421,-0.3178710915083366,-0.41804738453700807,-0.1958026215132081,-49.944920259582425,9.61733815115659,7.344518172357909,0.9619741503193264,-0.06881972102491166,-0.19054491897544404,-0.1304089921183187,-0.19013230466548878,-3.6877948013713158,-0.5633983579546421,-0.7956253043362456,0.19013230466548878,0.06881972102491166,0.2540584111095944,0.2583463554000236,0.1755042264961336,0.1458356667172918,-31.199563900516427,2.2138936752702953,-0.10694683763514763,2.2395083342002766,-4.71879889082221,481.13962804819784,1.2395083342002768,4.71879889082221,0.8067715015770296,-44.122846408236356
2026-01-15,1765187,389956,28.99,13.63,10-20,non-HCS,-16.028296769826966,15.963657628801458,2026-01-01,2026-02-01,0.09604611787761688,0.14525060128587644,0.21420904116673148,0.32357484607465337,0.24824658502334673,0.2730142554683143,0.29070885513674555,0.32781586024911574,0.4581843634569598,0.34504472505337913,0.3317615343974188,0.06804615087234059,-19.048072807701413,-23.51806521942683,40.0,2.856400288218534,0.18068103869000807,0.30296173424392764,0.21085598963224306,0.6477743484777152,0.0014623402312522367,0.14477995407521274,-0.01975395647259548,0.3803638343283965,0.5422244066502758,0.015573683351680181,0.14567815979344334,0.03879849571080035,-3.29789695497543,-0.1721879521738631,0.20336385582120078,0.2039169184680066,0.4328086205111309,-0.1902804656490461,0.4702663716292805,0.04751492634974526,710.9526272291655,0.15807598227214106,0.8467672160348927,2.336458780854304,0.03049548293405376,0.8386679055628639,-0.07232202351027883,0.8386679055628639,-0.261787772636645,-0.12112849756643455,-0.38375576630620434,-0.7997273744684567,-0.5185873879622559,-0.2414676232312818,-0.3803638343283965,-0.16315448816790226,-40.56583111619378,12.118949246403488,10.429576671470333,0.9602404886555851,-0.032110754614172884,-0.24510864078269423,-0.14740406403779882,-0.1721879521738631,-3.2490493794056796,-0.5185873879622559,-0.8028025760082721,0.1721879521738631,0.032110754614172884,0.23147354828402875,0.23922369691965073,0.14264624263336625,0.13962796345779288,-30.09880484790495,2.2100257443546605,-0.10501287217733031,2.2346690112355168,-4.469992411725418,447.9738185959126,1.2346690112355165,4.469992411725418,0.8099336671609776,-42.56613802712825
2026-01-15,1728432,342021,9.05,4.25,0-10,non-HCS,-16.473725953256487,15.62887732103134,2026-01-01,2026-02-01,0.09432898458823213,0.1397933478940997,0.2134391060425785,0.3232770447145429,0.24971714165954914,0.27273680635166975,0.29535862409144814,0.33774598007095835,0.4932027714032876,0.37002587456757213,0.34374240720481203,0.06281695924481454,-18.86158534179436,-24.700080866474053,40.0,3.148885343921716,0.18176837100430665,0.30340299523396136,0.21076209089667133,0.6273114619986155,0.0013484097132679962,0.14479457539472915,-0.028181394842611257,0.3962328400803457,0.5482393549455139,0.016722691120552365,0.14643938691912828,0.03367113328645148,-3.136371538795507,-0.20811993552602634,0.20464809660939196,0.19419063027359235,0.4367218456784469,-0.1903332921478908,0.47689342215459635,0.04406065793884343,712.1182756765929,0.15892190730087824,0.8493796899056193,2.371312577593097,0.031669646911675,0.8394331996111376,0.016166373771444587,0.8394331996111376,-0.2844525735163573,-0.11642034439226434,-0.47688580015456417,-0.8734138384951575,-0.5583121487402879,-0.36058381487267455,-0.3962328400803457,-0.19412680701178353,-44.829975129444776,12.16793210545374,9.653521484092073,0.8668715859235028,-0.06742915477903313,-0.21429417523288946,-0.14864268980643142,-0.20811993552602634,-3.5713829256570064,-0.5583121487402879,-0.8101511653894206,0.20811993552602634,0.06742915477903313,0.257092627353865,0.2377719353659892,0.16568150477337487,0.16276671953480495,-30.80274957565147,2.2680565750981994,-0.1340282875490996,2.3095442625250855,-5.8384955246796935,465.88268321222233,1.3095442625250853,5.8384955246796935,0.7636244368493381,-43.56166620826841
2026-01-15,1765571,389752,8.18,3.84,0-10,non-HCS,-16.030220554858317,15.96711948274844,2026-01-01,2026-02-01,0.10325737133839706,0.15936343075476422,0.24134912247205303,0.3462105077113548,0.2747248931087716,0.29830613560485136,0.31566533061274643,0.3510453254854591,0.5020746008758128,0.39162860688936973,0.36494037030387094,0.07771036546051938,-21.904575207400132,-25.937540536418453,40.0,2.6349602558056477,0.15339871953316114,0.30199466207779374,0.2048879631606577,0.6450725967855586,0.0021220876123192395,0.12978697623044086,-0.02587963230092165,0.3695741863662383,0.5405350364226252,0.011728329105932005,0.134628149243619,0.01743529174244672,-2.8677638226520408,-0.18374022081332078,0.17846934992209915,0.21363905284420032,0.4629195804292071,-0.17882223933035113,0.47889588387693993,0.041151772442439095,710.6138547491292,0.14462846311464012,0.8300533745841252,2.5605244641590166,0.021338547096446146,0.8236925093274183,-0.048942894439624185,0.8236925093274183,-0.2756236794961698,-0.13932695099863643,-0.3804186384662662,-0.8686688663777864,-0.5181304275416353,-0.2095417069029335,-0.3695741863662383,-0.17543798266374266,-44.93812964187082,9.813925119176448,8.034568708924759,0.9959549803107315,-0.06155555903618982,-0.2208680828381685,-0.13127259021314153,-0.18374022081332078,-3.338574645751438,-0.5181304275416353,-0.7788739074983946,0.18374022081332078,0.06155555903618982,0.2464229303880469,0.2604533340349173,0.1695326295249408,0.11871099494084947,-33.829484468765806,2.1685947733003177,-0.08429738665015872,2.184115203825356,-4.032965329018321,568.1508073749676,1.1841152038253562,4.032965329018321,0.8445124230897797,-47.84211574381858
2026-01-15,1765435,388825,5.35,2.51,0-10,non-HCS,-16.038875613795167,15.965848562212832,2026-01-01,2026-02-01,0.10194941581838936,0.16430138400399188,0.2545682732953285,0.35762188088537394,0.28724315332114314,0.3078829637306785,0.32688789019655956,0.35750146529737137,0.5352873424384648,0.45144051660115836,0.3494889933662116,0.06911473628880768,-19.741998469396837,-26.91680036438819,40.0,2.6050049417783483,0.14136468963411034,0.3017391888930639,0.19574823788250145,0.6483294090056572,0.002457597764564635,0.121501930936947,-0.027914921105734083,0.3704002290880078,0.5563281843334733,0.009124464899844378,0.1300175410183858,0.005643844212561682,-2.666162272682962,-0.19897371077849807,0.16833594412827935,0.2341850925037528,0.4957041325951472,-0.1729359536154528,0.4887844674570776,0.03468140587037644,710.9095743830902,0.13898739420053596,0.8239852772244163,2.7995831620399754,0.014791530853568484,0.8175181613446146,0.12101012043366866,0.8175181613446146,-0.28482525719887775,-0.15269983794456723,-0.33188788330604946,-0.9395210883076786,-0.530291504725938,-0.20642927232099928,-0.3704002290880078,-0.22228373249037214,-50.594097265820736,8.891249211968132,6.334985614199861,1.2685892101146283,-0.11595970348794529,-0.1602612586766058,-0.09555918252530972,-0.19897371077849807,-3.6238895907701663,-0.530291504725938,-0.7565965117143141,0.19897371077849807,0.11595970348794529,0.2643486511633283,0.27061249062215936,0.2114290523884373,0.10073380258681297,-32.99275305738836,2.307543360494577,-0.15377168024728863,2.36342834825529,-7.174801894991354,531.3914315948119,1.36342834825529,7.174801894991354,0.7334452164498775,-46.65879883378503
2026-01-15,1670263,430176,5.35,2.51,0-10,non-HCS,-15.649792569961958,15.1069917062883,2026-01-01,2026-02-01,0.09668018713407764,0.15740454594039321,0.2507130820085663,0.3667552009924066,0.28364637609888027,0.30874338001012797,0.33230963977507133,0.3679138331665846,0.5342965945601462,0.436780064478735,0.3696500062942505,0.06925000250339508,-19.08641883500963,-23.257913400641524,45.0,2.8275400933057795,0.16157902533503932,0.3171124994539738,0.1915225942849498,0.679930557732459,0.00227817886650427,0.13518846744322388,-0.0325841772618575,0.3994023888271857,0.5827673517772409,0.008694408672032174,0.1462135016580055,0.016067074056806428,-2.7773856094239964,-0.18593980323295184,0.18793211275542954,0.2389925520968534,0.49890266430793034,-0.1648010911849085,0.49666039455286676,0.04236569530859593,715.9684195263436,0.15576565449205587,0.8292833246186152,2.5637690960334947,0.013105021796158165,0.8294167304530513,0.20072649244514262,0.8294167304530513,-0.29960603267233876,-0.1547663012423884,-0.3981118174105922,-0.9705811574634523,-0.5448770090895333,-0.23832361355357923,-0.3994023888271857,-0.21255978369849526,-51.33887880083229,8.560677356807481,6.3939168258829895,1.1316940180979174,-0.08714597416613734,-0.17493600304003415,-0.10971813183461895,-0.18593980323295184,-3.6444455842203034,-0.5448770090895333,-0.7719876533010924,0.18593980323295184,0.08714597416613734,0.2575798467517988,0.2721167751952067,0.194675648072279,0.11263881258865358,-29.941964468645047,2.1970272924563807,-0.09851364622819031,2.218558263951551,-4.1714945656318925,443.9102763930273,1.218558263951551,4.1714945656318925,0.8206419254481861,-42.34433223565115
2026-01-15,1728768,341673,21.2,9.96,0-10,non-HCS,-16.476993307924484,15.631892164772504,2026-01-01,2026-02-01,0.08568253671084286,0.13234388758410714,0.20769666017640606,0.3369164764202265,0.2557892895154457,0.29015702177786695,0.31440311124945736,0.35245418409415963,0.4961368699551715,0.37886629319815535,0.3643999993801117,0.07039999961853027,-17.69121646934957,-22.118924338001708,40.0,3.6466045926878854,0.21511256706965026,0.3255224548104193,0.20126354392372126,0.5768810306954845,0.0012256304402546905,0.166479413049216,-0.028691421719034632,0.43594687412003563,0.5944972229063471,0.0288226934110784,0.17209352554081625,0.053547551330303284,-3.388479430371645,-0.19112868849001138,0.23726900355605451,0.21401695241371285,0.420510669422891,-0.17818843398202266,0.487867977453735,0.06295075459161217,710.3573760848146,0.18555168183815032,0.856601263554158,2.0625046881262814,0.05306021038913937,0.8586437000037062,0.17599160217410792,0.8586437000037062,-0.2962469012921486,-0.09004963370003553,-0.49751874229438675,-0.927754337191525,-0.578845060898031,-0.4014468248904134,-0.43594687412003563,-0.19392723712673962,-47.83552455705606,11.327426503721465,8.747818436376956,0.9265216064208728,-0.058606910585867165,-0.2018380371501543,-0.14078987837645535,-0.19112868849001138,-3.7625969464251523,-0.578845060898031,-0.8164279606040358,0.19112868849001138,0.058606910585867165,0.249668316742633,0.24094641127072863,0.1624753465603157,0.1699689665991307,-28.150020524869383,2.222441206127788,-0.11122060306389385,2.2502771856487787,-4.4277078686521385,391.31067853275283,1.2502771856487789,4.4277078686521385,0.7998226405139848,-39.810140807351274
2026-01-15,1670546,428486,7.1,3.34,0-10,non-HCS,-15.665527185197439,15.109504468488968,2026-01-01,2026-02-01,0.0967343235063955,0.15416530891023453,0.24579310739569318,0.3567558450164662,0.2872820971079436,0.30900769680465245,0.3306498273764507,0.36220773893876707,0.5262354960317441,0.4363300377167666,0.366100013256073,0.06909999996423721,-19.393449571351997,-27.04582187546742,45.0,3.00564449049264,0.15790759787669897,0.3102269947424028,0.194756870299628,0.5857663878739391,0.0020840786871392267,0.1317217064051828,-0.034196813081619634,0.39652015687590086,0.5733785196645609,0.01737489713170723,0.14114065322109004,0.012642776871661937,-2.7343338398547417,-0.19193806681511338,0.18415555645157203,0.2289002373206841,0.4823788709170218,-0.17153940175408908,0.4948594728575393,0.03643463282199556,706.5133280642868,0.15096300809774715,0.8321414705298706,2.5923643487899835,0.031115116078933823,0.8271369635384287,0.20883225485392698,0.8271369635384287,-0.3021784899725488,-0.1306538745253742,-0.37756210601904705,-0.9514219252195253,-0.5468397221447114,-0.28628788074418154,-0.39652015687590086,-0.20597766874781442,-50.812892004634364,9.147485313320802,6.668843591552714,1.2061925160565732,-0.10033489995567918,-0.1684496208258139,-0.1034340516647984,-0.19193806681511338,-3.711563590057215,-0.5468397221447114,-0.773322064875537,0.19193806681511338,0.10033489995567918,0.2599213020602299,0.2654906947948971,0.20132995434660675,0.11253790859200025,-32.83752375340882,2.3295647009828158,-0.1647823504914078,2.394585412768418,-7.652372304115424,524.5117826576461,1.3945854127684179,7.652372304115424,0.7170589845873127,-46.43927144681942
2026-01-15,1754957,398401,0.77,0.36,0-10,non-HCS,-15.94895710070872,15.871548642411504,2026-01-01,2026-02-01,0.07419543962997704,0.13207745261487625,0.22257023058160297,0.31521138690197303,0.25099715839463926,0.27710656459120137,0.29352714386094186,0.30712184890566496,0.46886968214726715,0.42503911265488387,0.3018429490042098,0.055102663002541276,-14.867311218980106,-22.2519796681811,45.0,3.587206164384677,0.1424539990651035,0.283153767097684,0.1730130103077399,0.6583499933595879,0.0012238447853480411,0.11059428105233618,-0.03261076498182752,0.40943103897900446,0.618930976168239,0.005235994294236755,0.12290560713850884,-0.005990187819615474,-2.4527009177150134,-0.19597245911269975,0.17226538302640915,0.28060891741504834,0.5354430746543819,-0.19887539086235176,0.5190015153202595,0.04943992072038875,714.4526664863276,0.13390267483973264,0.8548445575903793,2.8077016115810145,0.004815822379808238,0.8199179123707502,0.38095759159781395,0.8199179123707502,-0.322667334787317,-0.16994385953854957,-0.2571142050541264,-0.8779923105704136,-0.5604357023279498,-0.18769757775585671,-0.40943103897900446,-0.2574446989213322,-48.36835468937324,12.475623656052706,8.26585079197892,1.6554682415056199,-0.1483656219329241,-0.0941522176947766,-0.06422175739484175,-0.19597245911269975,-4.00758247815687,-0.5604357023279498,-0.7861437983970625,0.19597245911269975,0.1483656219329241,0.2794411781299145,0.23547128590909489,0.24898600834950602,0.09756672952000048,-26.247302299147705,2.3978884441327084,-0.19894422206635412,2.496705042386782,-7.384668449200994,330.82710696526607,1.496705042386782,7.384668449200994,0.6681343161678062,-37.119290887161206
2026-01-15,1729394,342319,1.15,0.54,0-10,non-HCS,-16.471008771376425,15.637590257531,2026-01-01,2026-02-01,0.1512828056271079,0.23281694103240447,0.3326286987781351,0.4394945573005941,0.36955067272732933,0.39585293466568683,0.41150645630426685,0.43964822355871347,0.5982238901231619,0.5572483735216843,0.4453208373275365,0.10688013948742253,-18.921379437801935,-21.822962892571827,40.0,1.5892312293850805,0.11213029224461836,0.31529711894721246,0.21107409171507327,0.6246325348781774,0.007923961842521593,0.11612594038460697,-0.01827762234043409,0.30741347839602384,0.4878517183617222,0.010638083297888684,0.12162029670027341,-0.0012563287129292993,-2.6378507088645624,-0.1529599220449727,0.1384051803661286,0.2122733381482102,0.45811430779004036,-0.12672357518750535,0.46409306187788585,0.034363911646488915,708.3492050490548,0.126008849392317,0.7574311768012689,3.112447908171431,0.019619169836118822,0.7990026159945464,0.03674639121117884,0.7990026159945464,-0.2409964137475558,-0.14871981101987863,-0.039068408503546426,-0.9625646063079359,-0.43969794911599863,-0.14731315331735934,-0.30741347839602384,-0.20252254418475535,-54.719345573747894,5.047134418240629,3.579964093778464,1.7098896120098557,-0.11813860181977653,-0.1929763231485664,-0.04856779266827882,-0.1529599220449727,-3.279742766885697,-0.43969794911599863,-0.6435608337664827,0.1529599220449727,0.11813860181977653,0.22349404043001697,0.3454470751453188,0.2020050744157309,-0.00019383683677876018,-28.810600756793384,2.1424287785156784,-0.07121438925783918,2.153349467162684,-2.9015834547698915,412.9205613474232,1.153349467162684,2.9015834547698915,0.8670398942135606,-40.74434233037376
2026-01-15,1729269,341492,3.64,1.71,0-10,non-HCS,-16.478713914136133,15.636408674894117,2026-01-01,2026-02-01,0.06969320672286758,0.10595768474084831,0.1653438330035961,0.2655857288860053,0.19922796983194085,0.22039006138662237,0.24146956986901436,0.2803220179320739,0.4396098978605399,0.32101885884491277,0.28897669049548924,0.05038007518145799,-16.533984036955708,-23.473708048261948,40.0,4.418354264423652,0.2105386407742448,0.2811386387871729,0.20438206729367872,0.6137193385062829,0.0004930121882755755,0.14444496177756103,-0.02312167024476705,0.42963497209366147,0.58426731105965,0.0183512008027774,0.1445883726041145,0.04276546858456627,-3.3613966670018267,-0.24677431676285871,0.2326178214436119,0.20645769409870526,0.43400607849068135,-0.22453548639365106,0.4848867772423444,0.050431797444993445,711.9112075134368,0.1615190342848359,0.8854498277742504,2.146863362969498,0.03422183551847755,0.8559309676858361,0.028932214422291214,0.8559309676858361,-0.2945620047200935,-0.10220636900696278,-0.5182034228767576,-0.8034607362560575,-0.6115689856951604,-0.4292378107636595,-0.42963497209366147,-0.23410212672074004,-40.83058981403762,21.489059247036963,16.36051488867935,0.9020115894158365,-0.0944982891684019,-0.17368787684385079,-0.1610346365210516,-0.24677431676285871,-3.9337653978617926,-0.6115689856951604,-0.8563654182660098,0.24677431676285871,0.0944982891684019,0.28681708780323956,0.1907016810412472,0.18388035755585258,0.2118130360292676,-28.28971037308077,2.34691948720883,-0.17345974360441505,2.419724852509535,-6.9397240113062395,388.11391415812176,1.419724852509535,6.9397240113062395,0.7043618333738255,-40.007692085217656
2026-01-15,1669238,428939,43.04,20.23,20-30,non-HCS,-15.661275049024777,15.097691802635804,2026-01-01,2026-02-01,0.06623301587011636,0.1086747439913615,0.1681921680241081,0.2931556345494041,0.21031105400528072,0.24925453807084139,0.2771804987795181,0.3084756915142561,0.4321091492192636,0.3336524162577849,0.3445255119969869,0.060482209957427015,-15.118090425897076,-20.423868082046884,45.0,4.446908193861595,0.2499807715086316,0.3123451536001525,0.1930429314814755,0.6074894700684348,0.0005823194097774487,0.1730258142583019,-0.017075695911501473,0.4591014030048677,0.6314128685321506,0.027248708790796817,0.1773886919754495,0.07166551513270325,-3.8779514182446144,-0.19159004791025463,0.27086607073496144,0.24265205931891085,0.4090563523662451,-0.20341510416587516,0.4902133587162845,0.08473977324897312,716.1221373554934,0.1949816697829404,0.8846386516675817,1.8619315793778632,0.050103739384892806,0.8779897896530241,0.4721177452588796,0.8779897896530241,-0.28256337238178947,-0.08531965023001374,-0.44948238484005065,-0.8333904038689275,-0.5980843906198414,-0.3667557487443781,-0.4591014030048677,-0.2267456713460101,-42.846769961032734,16.945785873702576,12.989099511311819,1.101854500229066,-0.0646079476104846,-0.18326127536069303,-0.13682373725635086,-0.19159004791025463,-3.90655480886313,-0.5980843906198414,-0.8451664775569067,0.19159004791025463,0.0646079476104846,0.2510317654049667,0.2049707551776607,0.16540923889422537,0.19296202950090127,-25.13195987761808,2.2985641691615792,-0.14928208458078968,2.350955544429149,-5.305777656149807,308.7698845109779,1.3509555444291486,5.305777656149807,0.7402168073728539,-35.54195850794396
2026-01-15,1729624,341492,0.9,0.42,0-10,non-HCS,-16.47873695385675,15.639617053065821,2026-01-01,2026-02-01,0.14207694211047303,0.2165130068734147,0.31921251769155373,0.4245048163174045,0.34834083829994766,0.37103207876703076,0.38925305526501586,0.4208841930070429,0.561545505187346,0.4916388980696769,0.41619537821040276,0.10115817385299397,-16.20908505481572,-24.863683692715078,40.0,1.747908619008851,0.1150172126585401,0.31219810564516975,0.2096140824145231,0.6960944106774763,0.006352292951074499,0.11574637935058506,-0.028263446055197344,0.324471179925483,0.4984768217575485,0.0030148571988363256,0.12193110746420743,-0.006005721589908343,-2.5481595457320685,-0.1389794069138502,0.14157569524200778,0.20757989724437664,0.4774131017719987,-0.1353920792181028,0.4709521333807793,0.031543084162244585,714.088008500062,0.1269890220390211,0.7706027674335255,3.0709429529447494,0.0010706450011375261,0.8009842041151671,0.066990574963808,0.8009842041151671,-0.2608913518188797,-0.16395399393254392,-0.13424922764346503,-0.918625747480535,-0.44345315032937627,-0.15219468896742316,-0.324471179925483,-0.17059704367281592,-50.18948491016738,5.527369379305794,4.438386455023674,1.4132430298607783,-0.07327898527054402,-0.22644346714241048,-0.07796377306503566,-0.1389794069138502,-3.1427806892911203,-0.44345315032937627,-0.6812948043453372,0.1389794069138502,0.07327898527054402,0.21707153255150505,0.33114893561307684,0.1773368479216091,0.017441365112586843,-29.042833303485928,2.4214275736363473,-0.21071378681817385,2.533935049919926,-8.654598637899358,403.0175637512533,1.533935049919926,8.654598637899358,0.6519180848316893,-41.0727687475308
2026-01-15,1754173,397227,15.79,7.42,0-10,non-HCS,-15.959887874849322,15.864413523178934,2026-01-01,2026-02-01,0.09676655802541541,0.1512835898445437,0.23087053185153586,0.34145353764925973,0.274513638156509,0.29876272102110063,0.3171969744778306,0.3508159358470132,0.4959421279459084,0.3872026582645901,0.3657699189835618,0.07039233912556907,-17.28159556596742,-24.56679102107814,45.0,2.9672960040302017,0.16867366973242157,0.3073782634685049,0.20205132524594202,0.562446354974396,0.0018041961963903036,0.138164680366865,-0.02506991018786385,0.3859460495132013,0.5583654926804054,0.022588253563339128,0.1436870692466814,0.026759166676487794,-3.0050732510088576,-0.1844869715045013,0.19321746487820943,0.21978229921358075,0.4488644813776787,-0.18009773839251605,0.48206423657836867,0.04229911538542779,704.3073562902279,0.15468692106650764,0.8385340190048737,2.451201218200834,0.04301425598933037,0.8325968201225665,0.03299672228850126,0.8325968201225665,-0.27887319609636213,-0.1119077847842747,-0.399190226590151,-0.8779186303221252,-0.5325167536265184,-0.23647676445623222,-0.3859460495132013,-0.17029808804401692,-45.42802667082837,10.379560821998993,8.334027844710219,1.0117937287759986,-0.06278560571073408,-0.214653823248704,-0.13094660266423286,-0.1844869715045013,-3.434529383726327,-0.5325167536265184,-0.7887273420405421,0.1844869715045013,0.06278560571073408,0.24771197442068443,0.25349453998515603,0.1702681413020652,0.13049656060354026,-29.591277937416073,2.348170911676958,-0.174085455838479,2.421558034227894,-7.285195455110717,424.5533467799122,1.4215580342278942,7.285195455110717,0.7034535178461009,-41.84838658704556
2026-01-15,1670521,429725,19.14,9.0,0-10,non-HCS,-15.653996591289546,15.10931207746007,2026-01-01,2026-02-01,0.08217817378914316,0.12988558312638793,0.2019833909900381,0.3228117803645316,0.236786438760808,0.2711228002864625,0.29357879610232623,0.3290604850964977,0.4698793883294009,0.3765837184313318,0.3435917621430049,0.06306436297099013,-18.269843223817173,-24.07238455343263,45.0,3.4758690542520716,0.20744161533868194,0.31456478123975384,0.19847540118277873,0.6676839338560726,0.001099985425895212,0.15746183299045627,-0.0243903985264054,0.42617035749980353,0.5941717914417187,0.01573572531311806,0.162991769181434,0.04845870087683012,-3.3502037580852924,-0.18552951486413474,0.23023914084921657,0.22496729300258275,0.44188543742655106,-0.1879841545285264,0.4878270313218146,0.06760334108129679,716.2071547592653,0.1768573751398288,0.8605621197038233,2.1497217561055506,0.02921680363897679,0.8545403096690153,0.15783951507572547,0.8545403096690153,-0.2887483550421072,-0.12498459144331123,-0.40507294021702234,-0.8762905510436187,-0.5668783963454179,-0.3597810571299943,-0.42617035749980353,-0.22791666342308198,-45.94205622138236,12.58326283102462,9.468972707997349,1.1610191786851893,-0.07688344886316592,-0.17929508152158188,-0.11970426431709864,-0.18552951486413474,-3.76624060836717,-0.5668783963454179,-0.8114358798971839,0.18552951486413474,0.07688344886316592,0.24782666828084648,0.23228933142529742,0.17647898804851733,0.1546185933566188,-29.94047639183873,2.274078225649389,-0.13703911282469472,2.317602141328234,-5.802541329615458,439.79869181465233,1.317602141328234,5.802541329615458,0.7589544435560275,-42.3422277772498
2026-01-15,1754627,398816,13.55,6.37,0-10,non-HCS,-15.945067387033498,15.868582637141028,2026-01-01,2026-02-01,0.09504557035067548,0.14497273237958164,0.2121206743359522,0.3214519819746563,0.24531440354810333,0.2787016804988393,0.293177035910519,0.32599095713905374,0.4750811891142052,0.40800899941904717,0.3290746905401246,0.06844484021617597,-16.22506630861724,-18.972710520717996,45.0,2.8214473928201897,0.18229757337333138,0.3025334859663197,0.210213175973894,0.6556076283672768,0.0014330843576997475,0.1452842678245048,-0.017220779927464402,0.3783659916893749,0.5435960196162971,0.015179323988813173,0.14608486446545832,0.041055061497486604,-3.362529730735429,-0.1928723281285796,0.20490425501688211,0.20801397835487756,0.4200731899991693,-0.19146343739565388,0.46914927731366574,0.06371422169504451,712.6887314143171,0.1586699884683984,0.8479211338927757,2.3141325867478595,0.029954997853347116,0.8395857639436737,-0.11200973453462815,0.8395857639436737,-0.25624306953970855,-0.12266004253216589,-0.27877207402977855,-0.8393246051884244,-0.5323866929820416,-0.343627375735,-0.3783659916893749,-0.2490261257013691,-45.701831947201214,12.35663454304413,8.550375907403106,1.4242943408712598,-0.11865887230735166,-0.1622148855460909,-0.08856988983387956,-0.1928723281285796,-3.70079925097832,-0.5323866929820416,-0.7785596917052957,0.1928723281285796,0.11865887230735166,0.24526995960636744,0.23758763318670134,0.1964371726947943,0.12823956451480736,-24.888586678713683,2.1561260090615018,-0.07806300453075089,2.169345638399115,-2.747644212100756,307.8334862528494,1.1693456383991148,2.747644212100756,0.8551791422158496,-35.19777682933524
2026-01-15,1728791,340788,0.18,0.08,0-10,non-HCS,-16.48524876335243,15.632044305609991,2026-01-01,2026-02-01,0.07227509172321717,0.1092439012845517,0.1737826880777814,0.29091869921602415,0.2077640962750917,0.2377800191456685,0.26212625468926676,0.3028500343845046,0.44439733421349714,0.30491089087232703,0.31403458209870244,0.05333290788718521,-18.422602666834425,-25.236679365501484,40.0,4.3406779211977575,0.23089934671979842,0.3042183824416077,0.20341894105987812,0.6615237594003035,0.0006033544913284225,0.16345609099220143,-0.027569977231895165,0.45400244226774267,0.6020026028731968,0.017069161155629214,0.1653946257439617,0.055549858226578944,-3.4965168017451713,-0.20872472245933102,0.2520672723195121,0.203663588855147,0.4268970820983019,-0.2065094650744564,0.4891130476693063,0.06736913771654357,716.8824641951874,0.18213306109183858,0.8805569260420104,2.0282899257039118,0.03127334418331196,0.8672181226885841,0.12263439383991592,0.8672181226885841,-0.3062316876330997,-0.10912950617896926,-0.5748384566208885,-0.8338169279277671,-0.6053621216046986,-0.43288627320316986,-0.45400244226774267,-0.18949002200745352,-41.088407052772595,17.016256957041122,14.482654667521517,0.6940150334309978,-0.02348354611631169,-0.2273694444355346,-0.1877839383046758,-0.20872472245933102,-3.690473045026134,-0.6053621216046986,-0.860543571700547,0.20872472245933102,0.02348354611631169,0.2598257951398406,0.20556291996770873,0.1371914963233709,0.2105647848589487,-30.871774386800713,2.3121479044763156,-0.15607395223815787,2.3698758976620717,-6.8140766986670585,464.92531658093293,1.3698758976620717,6.8140766986670585,0.7299931342004569,-43.65928203233591
2026-01-15,1728463,340740,4.44,2.09,0-10,non-HCS,-16.48567505821753,15.629076920986272,2026-01-01,2026-02-01,0.09255672003488806,0.14251789728205425,0.21866391551829847,0.3202517904814706,0.24865215527501924,0.2703708588445684,0.29081833263528534,0.3265762219057195,0.4878518684250844,0.38324090787274195,0.3352254903212005,0.06741862803958822,-17.222373408811986,-24.13237151252101,40.0,2.9949801884702953,0.16385100485535037,0.29402918583463356,0.20398690729776917,0.6676530367366033,0.001422353347777352,0.13104326114609452,-0.026184840989078043,0.3840655468562978,0.5515755238712781,0.009962951790905774,0.13495094423822096,0.021285528540551428,-2.927826806699126,-0.20739923164114046,0.18850420173728555,0.21253327057342564,0.4664230310260889,-0.19396413798856224,0.48191612502458236,0.04184535748648899,714.8124599094782,0.1466738942964754,0.847150968414644,2.488812395510193,0.01755081795705633,0.8297615330546997,0.06955180610505973,0.8297615330546997,-0.2834657680424776,-0.14126998678654526,-0.4074863355424476,-0.8591142520879943,-0.5478276242447003,-0.2858869029244633,-0.3840655468562978,-0.21299292625127397,-44.834111690010246,12.223127925519783,9.379696245972696,1.0514607681615917,-0.0895376988824921,-0.18881520756039175,-0.1283203454848121,-0.20739923164114046,-3.5810471931879797,-0.5478276242447003,-0.798629851293881,0.20739923164114046,0.0895376988824921,0.2623969432994272,0.2385277540120363,0.18635441809611458,0.14304730154085596,-29.242220568114494,2.334181633418538,-0.167090816709269,2.4012221741849737,-6.909998103709025,415.61671342881374,1.401222174184974,6.909998103709025,0.7136626999081382,-41.354744921332994
2026-01-15,1668875,430173,17.22,8.09,0-10,non-HCS,-15.649782324424258,15.094443323684244,2026-01-01,2026-02-01,0.1002810505024601,0.16695654295282822,0.26794574062709936,0.3797695601934531,0.3004678462715635,0.33010916477650454,0.35082389968851385,0.3793632372578712,0.551750241054429,0.4765254481152677,0.38760000467300415,0.06960000097751617,-18.233459675043445,-25.346561325883084,45.0,2.661439436813594,0.14474877314856638,0.31443623100604634,0.18737700544132144,0.675261357464319,0.002836441927774618,0.12506376368449848,-0.03431370522390302,0.3892497834215991,0.5822063412976975,0.006526232821980408,0.1379159089183013,0.0025542853320955385,-2.5940761291728447,-0.18462375209908288,0.1726434737988908,0.24949892561251358,0.5079068017943522,-0.15859942069729163,0.5006615930716763,0.047006658957761384,715.5290217088854,0.14614750646750888,0.8186644509738242,2.773734258217582,0.007736517063009304,0.820148446196718,0.23570837365119912,0.820148446196718,-0.3018015227111764,-0.16365345252621538,-0.3236722001377803,-0.9987386560161096,-0.5353973368055968,-0.20727457412011796,-0.3892497834215991,-0.22658831564645757,-54.1721308103601,7.665282064575623,5.3991515452450765,1.3581021188192723,-0.1129936376867575,-0.15143032961111325,-0.08439851523277764,-0.18462375209908288,-3.713298529000209,-0.5353973368055968,-0.74795542010339,0.18462375209908288,0.1129936376867575,0.2613166081584797,0.28512823197320253,0.21593782827529115,0.08431668555651692,-30.8157283740073,2.3264386518165474,-0.16321932590827368,2.3901125610613274,-7.1131016508396385,462.1555038365049,1.3901125610613274,7.1131016508396385,0.7193662067455292,-43.58002100092653
2026-01-15,1676078,421817,4.26,2.0,0-10,non-HCS,-15.727757863589721,15.159324829051027,2026-01-01,2026-02-01,0.0995363191468641,0.1578611280462455,0.25323924986168556,0.37890853788476525,0.2967588473338543,0.3248337719180598,0.34785526132256517,0.3889503848352809,0.5427271348946705,0.42928132153593185,0.3910186011798499,0.07008049113494229,-20.66469878366341,-25.514522112053555,45.0,2.964942239629892,0.17347581085680605,0.3288377563673913,0.19492590274251892,0.6115929123854303,0.0023911995120276712,0.14600337393832116,-0.037053312916058664,0.4118105471834362,0.5839172783070217,0.018445008703062118,0.15700713054400073,0.023895719055232727,-2.866525648844503,-0.17774767388925716,0.1987973231245169,0.22659435645305315,0.4731741093521317,-0.1557921680596886,0.4959284190155081,0.045166116383417804,709.7228724922054,0.16650117067298972,0.8273268759968299,2.457466351628453,0.03289827471491345,0.8359409806466703,0.060335910061332765,0.8359409806466703,-0.30612684336797613,-0.129029363761879,-0.45366752764107865,-0.9955847002906585,-0.5493469234452227,-0.2924430581305262,-0.4118105471834362,-0.1825277441720241,-51.95092190575186,7.988182395822524,6.220810762333378,0.9740872933915474,-0.06232790855266773,-0.20180422757524125,-0.12448205287770264,-0.17774767388925716,-3.608215359710379,-0.5493469234452227,-0.7779934375878548,0.17774767388925716,0.06232790855266773,0.2491515433269777,0.2784612082502174,0.17578104340462294,0.12042345251234401,-32.653640245272975,2.2100435318881684,-0.10502176594408408,2.234691218060444,-4.849823328390144,527.2499140547063,1.2346912180604441,4.849823328390144,0.8099190999113798,-46.179220895716966
2026-01-15,1717870,332295,2.65,1.25,0-10,non-HCS,-16.56371026116942,15.532796616652421,2026-01-01,2026-02-01,0.10308447397511888,0.16115609965637942,0.2570990491382344,0.3597308976008655,0.29689914231651954,0.3175728024864595,0.33617288184591865,0.37055269648302913,0.5389387266167395,0.4584132364180459,0.3683451811246028,0.07441324386101446,-18.359949345515698,-21.25769844861897,40.0,2.8370166765567126,0.13930809045297446,0.3015761103441476,0.19772998151849594,0.5750978508637268,0.002401992835329575,0.12050564947914094,-0.037871323800594436,0.3812243327057328,0.5545330587266607,0.014609991569765595,0.1290644077682418,-0.0013969352070430689,-2.5489409463053074,-0.19941458372079165,0.1663859691073677,0.21976801247126196,0.4849740719521543,-0.17186885569769128,0.4931507944328853,0.03364459572937651,704.5544480861256,0.13784352142726888,0.8237356633373975,2.7800108642078776,0.025346272544978565,0.8163246713822679,0.023437239039948432,0.8163246713822679,-0.3044158519405512,-0.13680875993063762,-0.3404268320920303,-0.9566330223148515,-0.539616367359042,-0.3033207669144128,-0.3812243327057328,-0.2138374779083108,-51.931355126839534,8.732196628139347,6.1458799707055265,1.3025328433364116,-0.1206173028857765,-0.16134191723384708,-0.09160733619201353,-0.19941458372079165,-3.7430490310821445,-0.539616367359042,-0.7588958775022926,0.19941458372079165,0.1206173028857765,0.2647031584942956,0.2717091141968837,0.21445385962958113,0.09698720432172064,-28.013907409892887,2.1462857723487705,-0.07314288617438515,2.1578299072928013,-2.8977491031032727,390.2902667188919,1.1578299072928013,2.8977491031032727,0.8636847206151084,-39.61764779413467
2026-01-15,1717101,332624,49.75,23.38,20-30,non-HCS,-16.560591139482014,15.525868548051909,2026-01-01,2026-02-01,0.100144009690019,0.15550947232974618,0.24387660648102716,0.36117094229182706,0.28426940229601977,0.31861462075930663,0.3366855083309048,0.3714115329344673,0.5245793473135613,0.4495873546795319,0.39274999499320984,0.08084999769926071,-17.580478766778576,-23.25959673415119,40.0,2.9126866663157496,0.16898574769018015,0.3175856268849268,0.20047643174122864,0.6145983555931207,0.0021300835622047754,0.14143090535075198,-0.033001671511553796,0.39804386646378176,0.5658323700118875,0.01706573794513953,0.14911285461485002,0.023326780911148322,-2.8988710222809253,-0.18448586124034402,0.1938596992066062,0.21656447705041132,0.45111739206591245,-0.16759442278164255,0.4882120458708671,0.05696820142824554,711.1262655549282,0.15921622912206934,0.8313555935596703,2.389893277069529,0.031126679265158975,0.8329824123032887,-0.005703138541067965,0.8329824123032887,-0.29530317849667664,-0.12782262407496023,-0.33020701013950426,-0.952104582563581,-0.5426789329919944,-0.3591536166640168,-0.39804386646378176,-0.22527278084191532,-51.76458918395524,8.976304984180056,6.284517597318818,1.354995943122419,-0.10905397171757626,-0.16484212107857213,-0.08843319426842569,-0.18448586124034402,-3.785813413647255,-0.5426789329919944,-0.7647914340840999,0.18448586124034402,0.10905397171757626,0.24975464972382333,0.26714755269260476,0.2010332943705951,0.1071485631371043,-28.878294330878028,2.278114959275397,-0.1390574796376986,2.3230354555590553,-5.6791179673726155,408.91484650857734,1.3230354555590553,5.6791179673726155,0.7558376427466527,-40.84007550092977
2026-01-15,1755096,396907,12.37,5.81,0-10,non-HCS,-15.962915948687746,15.872743471156339,2026-01-01,2026-02-01,0.09590425187030253,0.14872923382786343,0.2223498087741248,0.33258306838702145,0.2593267363925368,0.2832108539618954,0.30523781389020666,0.33854054651119175,0.49673165194265934,0.3915507205979065,0.3413219397368536,0.06657296840607803,-16.895694902312876,-22.413963402212666,45.0,2.867488500577352,0.1749554554775003,0.3054914239959745,0.2053697701941952,0.6230421681288034,0.0016357976405588438,0.1415133739874585,-0.02079559298870047,0.38198449055448275,0.552358973830506,0.01732822755142309,0.14503085470506816,0.03379599330697768,-3.166906994727727,-0.19793279864896554,0.19864251002177719,0.21593520530029767,0.44647143686390944,-0.18508959317059928,0.4761408200380888,0.04402297277457851,711.5460916625027,0.15673972534092037,0.8427306894444972,2.4131564367694867,0.033536816425345506,0.8358483774117034,0.18709660570958264,0.8358483774117034,-0.2675411317675771,-0.12162907071112287,-0.3983909579116962,-0.8741324242040367,-0.5391533798355047,-0.25994761361325536,-0.38198449055448275,-0.203147278777718,-45.61369187607551,11.201845452089636,8.580386315735632,1.047537016941003,-0.08143198550856796,-0.19659222879029684,-0.1266651463416793,-0.19793279864896554,-3.520879059290849,-0.5391533798355047,-0.7901314090976803,0.19793279864896554,0.08143198550856796,0.25322590268863077,0.24642194155191033,0.17787353256336902,0.1418335510126904,-27.79612595325609,2.2807589146235085,-0.14037945731175427,2.326607963259587,-5.51826849989979,378.6994871953919,1.3266079632595866,5.51826849989979,0.7538021990633287,-39.30965830452554
2026-01-15,1717590,332609,3.15,1.48,0-10,non-HCS,-16.56076420917445,15.530286862621198,2026-01-01,2026-02-01,0.1262573355904026,0.1802016789569472,0.2596546689796187,0.3711718221324204,0.28624254614114764,0.3135958359298045,0.33314309783660584,0.36842592878498304,0.5291235103224317,0.43682467250058254,0.36559998989105225,0.08449999988079071,-16.96523280955661,-24.883297529655064,40.0,2.0557971105854764,0.15424470173036858,0.3129322612036652,0.22302470204182576,0.7307797070767433,0.0031295997703036705,0.14065035205263357,-0.0255086466561269,0.3463535022959336,0.4923605356453367,0.00593056962037846,0.1391157878208944,0.027097021092262658,-3.084982047308499,-0.17544430421439758,0.17677943891705633,0.17602465845627743,0.4253797981522811,-0.16343012914816113,0.4586617079487168,0.045601099573220324,717.9955777564705,0.14792342684217266,0.8094219354710265,2.570652264220103,0.009624146751801156,0.8226660555274274,0.04285687278874506,0.8226660555274274,-0.2533585467258043,-0.1453038984386565,-0.287212431618441,-0.8828876338246532,-0.4919067257712403,-0.3285072654117107,-0.3463535022959336,-0.20825467187172578,-47.49328615274339,8.17544396693316,6.2799370550886024,1.1828363238459945,-0.0812538801891487,-0.2141388969217386,-0.10535112272009452,-0.17544430421439758,-3.3618856765336087,-0.4919067257712403,-0.7409958773493409,0.17544430421439758,0.0812538801891487,0.2265179284804477,0.28146149160345135,0.16672147311980046,0.0952205825139909,-29.591379585547546,2.3784154261053847,-0.18920771305269235,2.4667230216633493,-7.918064720098453,422.15093566006306,1.4667230216633493,7.918064720098453,0.681791984737474,-41.84853033921168
2026-01-15,1421618,612765,49.82,23.42,20-30,non-HCS,-13.960770208532631,12.857618815339244,2026-01-01,2026-02-01,0.05432254578162164,0.0732633942964992,0.07137933605353992,0.20723380125866608,0.11103428028166516,0.16981354298076948,0.19160361395000974,0.21628409792356385,0.1847563082661576,0.10942210505039489,0.21622767453374017,0.04662822789729082,-10.242061957817715,-16.48298466986014,78.0,4.643153640807499,0.48362650639099003,0.29679570917342635,0.2730252576619195,0.619879817712565,7.939756227765874e-05,0.27655624809734913,0.020824906757836825,0.47761763427620074,0.5846207029856224,0.04993441744979564,0.22924769347672436,0.19664948117774353,96.59948434946776,0.05734199013275114,0.48760968888876016,0.14845560963284885,0.10044422825480932,-0.2483810984680161,0.35875273033223276,0.20929221389826758,717.1811976252426,0.26172393971048225,0.9336395318240059,1.1821884037368775,0.08371208274718363,0.9937855346546156,0.3627625043074376,0.9937855346546156,0.020859769629147505,0.20805934060478531,-0.1968693173047142,-0.37785965902696467,-0.4321100786579806,-0.3251602319311508,-0.47761763427620074,0.007312898779692648,-16.126790985799772,44.45050030590442,30.370375864443176,1.2836092294956043,0.3088895367478334,-0.5172115522954335,-0.24185546441682684,0.05734199013275114,-2.293093922798187,-0.4321100786579806,-0.9168282156362213,-0.05734199013275114,-0.3088895367478334,-0.010470903183860202,0.13342711236652116,-0.18255563279474643,0.17020290252573264,-18.897461697957684,2.4670467220497945,-0.23352336102489715,2.6093424095407625,-6.240922712042426,168.81975023846712,1.6093424095407625,6.240922712042426,0.6213718063176855,-26.725046627677855
2026-01-15,1447776,575185,29.39,13.81,10-20,non-HCS,-14.306425735317593,13.095284294762662,2026-01-01,2026-02-01,0.07175070215333243,0.09389504831881766,0.11764641643308402,0.2173036226599374,0.15285946252010357,0.18268695646581704,0.20277472686212508,0.23736186048562502,0.291565444224073,0.18557029037962827,0.241799995303154,0.05700000002980232,-11.64467995387619,-17.736554849207796,35.0,4.1082320872258045,0.2851874433108712,0.26734543705740343,0.25327457139799503,0.5851426938036899,0.0002253881344613273,0.1798799190429053,-0.0016070219487811233,0.39655880904949176,0.5035486689245445,0.030430111469391348,0.15586789648341137,0.09482475882441391,-7.008842829042256,-0.14593502807877007,0.29752857022111545,0.13368496386032158,0.2512260052257165,-0.25139340725464315,0.4152829840594876,0.08889230299598283,713.6258946169197,0.179035633680144,0.9053752031648165,1.608550236349492,0.05967121708218634,0.8930445510841637,0.07997521334338109,0.8930445510841637,-0.16990656372962265,0.014520937271832953,-0.33468919074202785,-0.503207849970546,-0.5128162281981733,-0.40163747208935496,-0.39655880904949176,-0.09665470479250707,-23.37779668141544,39.91087786847645,35.462604224328906,0.9983615504003671,0.07876740402695832,-0.3694282780309492,-0.21831112906387806,-0.14593502807877007,-2.877698387412726,-0.5128162281981733,-0.8872186458227891,0.14593502807877007,-0.07876740402695832,0.17207984339516044,0.15261915980578605,0.023911995088738244,0.19414307580581452,-20.77567036889488,2.4146779355027093,-0.20733896775135452,2.523146614545107,-6.091874895331605,206.53650470339556,1.5231466145451074,6.091874895331605,0.6565356154493724,-29.381234803083984
2026-01-15,1446295,574168,98.84,46.45,40-50,HCS,-14.315843929321336,13.081918134740627,2026-01-01,2026-02-01,0.06467786419748464,0.08731371038218205,0.1154627485967572,0.2071364392352297,0.14561027371037555,0.17123813817039382,0.19149020658936744,0.22828640218848925,0.2935086440595096,0.19104748561769078,0.23217073248125228,0.05438081979206421,-9.705797843562584,-15.966707288178013,35.0,4.585307768354816,0.2696860099576246,0.2560977619483542,0.2418277013784535,0.6137838090313562,0.00018233216371600137,0.1619872329471074,-0.005513192029877739,0.4069372320195355,0.524102570168864,0.023315516975675875,0.1443802198850258,0.07873213646730369,-5.629524940967509,-0.1725218277504404,0.28417210611893146,0.1489282958433514,0.2965746120688259,-0.25891336920613667,0.4317101597964943,0.08088367654391805,715.7428824716767,0.16716590289874536,0.9106111329526092,1.6662972591076077,0.04633183670477045,0.8855349265381527,0.03921659979679948,0.8855349265381527,-0.2038329083588569,-0.025525105385675678,-0.351183259069468,-0.5157673561935919,-0.5414465072031333,-0.4220325600376129,-0.4069372320195355,-0.1349655864103746,-24.274378486856655,45.686657880144864,40.36814448025989,1.0340901443937134,0.040405834121710955,-0.3312131238825615,-0.20949426791477407,-0.1725218277504404,-3.074750936531804,-0.5414465072031333,-0.8924460460776189,0.1725218277504404,-0.040405834121710955,0.20146881759047056,0.14590046240876178,0.059993876315346244,0.19829061191323144,-18.153202468700215,2.487752123330937,-0.2438760616654686,2.6450690139572615,-6.260909444615429,154.96963316639315,1.6450690139572612,6.260909444615429,0.6078772328186226,-25.672505131740596
2026-01-15,1425642,613847,67.65,31.8,30-40,HCS,-13.950648437692044,12.893961235913554,2026-01-01,2026-02-01,0.05112220921924337,0.06919264889754544,0.07124888400810327,0.20290423418073308,0.10481339423208165,0.16378271385878207,0.1890461129567272,0.21841647625084193,0.20666874340054983,0.11889376495609927,0.21635480646081298,0.04741123938406771,-11.358725412149568,-17.88923932847407,78.0,4.91163697699027,0.4753727286475788,0.29165963213839713,0.26686787725160266,0.6637900742772969,6.921322570717187e-05,0.26394819455270424,0.016014204567744238,0.49141167576227135,0.5975048224507158,0.03889610393447749,0.2225255688718507,0.18455440155776484,-86.86144615082443,-0.00919130271251758,0.4802256164088046,0.1501929184902601,0.12288644091105773,-0.2517729823610275,0.3719330350189744,0.21954644110759644,720.0365249993523,0.2550955626465272,0.93610193928872,1.181060964045738,0.06925277527850576,0.9900634405980279,0.40433655219228437,0.9900634405980279,-0.02302116748865168,0.1486954087431438,-0.27367258292792795,-0.41997907614784225,-0.49835206499084156,-0.41219196925321994,-0.49141167576227135,-0.06294108232885523,-18.178757544054527,47.062706329894354,33.38014766257569,1.1635839642356043,0.2610658532681291,-0.4803879195795935,-0.2532529918122583,-0.00919130271251758,-2.540203528200247,-0.49835206499084156,-0.923436446975612,0.00919130271251758,-0.2610658532681291,0.04491296232019041,0.13042769948944757,-0.14382764477316426,0.2016730381044446,-20.681434204000013,2.4465619385306505,-0.2232809692653252,2.5749336901250652,-6.530513916324502,203.19895736436388,1.574933690125065,6.530513916324502,0.6349473671622266,-29.247964740623637
2026-01-15,1425838,614108,34.52,16.22,10-20,non-HCS,-13.948235630544037,12.895723666051126,2026-01-01,2026-02-01,0.0531424131371263,0.07115051905582517,0.06783945347802187,0.20109045161396197,0.10421839207521111,0.16450514015689946,0.1865535548258763,0.21574508007767462,0.1871532195921213,0.1066383420014761,0.2114175793409436,0.047414360381800726,-10.063929830743607,-17.461368483427357,78.0,4.459475889024102,0.4919878562573156,0.2923148504156818,0.27659268868983217,0.6403652793841218,6.90605345148445e-05,0.2754123403423095,0.021319171496502178,0.4772974921388543,0.5819390762940391,0.04572705433013788,0.22672158135328713,0.19708650075145345,53.48346548937239,0.03589815637829844,0.49548598208281597,0.1448843920645722,0.08934091862952137,-0.2523982859339154,0.3530870302844046,0.22434487810176423,718.3401443646636,0.2599411154128539,0.9359232611526905,1.1532828525260566,0.07865649457367206,0.9977404382317157,0.27636720851438623,0.9977404382317157,0.03856912882639021,0.2115638088140256,-0.22102797454461576,-0.3780063815328047,-0.4490941600129192,-0.32517637582296893,-0.4772974921388543,-0.011476749542107895,-15.978891657747429,47.75363033553711,31.701022580688214,1.2322818680119718,0.306932960360286,-0.5225252423524747,-0.25524893723949077,0.03589815637829844,-2.3103966422927895,-0.4490941600129192,-0.9220771255886813,-0.03589815637829844,-0.306932960360286,0.0014920860456171,0.12923100445896257,-0.18603472381277678,0.1837303469016983,-19.463325092132933,2.5375010703426453,-0.2687505351713226,2.735044736707705,-7.39743865268375,175.72998716597084,1.7350447367077046,7.39743865268375,0.5763540148812114,-27.525298314170964
2026-01-15,1420647,612492,27.58,12.96,10-20,non-HCS,-13.963321874020897,12.84884963638971,2026-01-01,2026-02-01,0.05186088073813942,0.06818042256814916,0.07843578764569044,0.17638371336645411,0.1120386734593806,0.14768579067299756,0.16634707760581435,0.19274937424899735,0.2244178739843061,0.14018072003152618,0.1972019960269674,0.0458867508369318,-10.864560577522711,-16.72276206111536,78.0,5.7414774165545985,0.37618438646177604,0.2515705361222692,0.2612940389714147,0.5803948174041307,6.431201554971931e-05,0.19464361815444717,0.006064176752468453,0.442433189906629,0.5455675001496503,0.03546925178490622,0.1649161422870491,0.12088274532429724,-14.242756902838748,-0.11984523548260063,0.38438159297743674,0.13594938892299419,0.17994220558694476,-0.2744438188492031,0.39518811601620946,0.13724974785374125,715.1648211453295,0.19464506201037013,0.9337769854627148,1.332309608082478,0.06322004848390203,0.9404156490496299,0.1974633864170542,0.9404156490496299,-0.10822995534168083,0.1023320481641768,-0.28354875391954437,-0.41393562387550953,-0.5339656903578303,-0.4982137368734687,-0.442433189906629,-0.11157764747047569,-18.783935765093343,71.37665005769608,51.14778373270627,1.2025120352690617,0.11436216300841999,-0.3810614940442878,-0.2243595983616511,-0.11984523548260063,-2.924805700491689,-0.5339656903578303,-0.918302706243928,0.11984523548260063,-0.11436216300841999,0.14048072408411,0.11819751428027955,-0.02154603833044752,0.20265315474052825,-19.507182912562136,2.424702430194354,-0.21235121509717686,2.539202799946872,-5.85820148359265,181.6854614364864,1.5392027999468718,5.85820148359265,0.6496869678475875,-27.58732263863807
2026-01-15,1425261,613813,85.97,40.41,40-50,HCS,-13.950976131454732,12.89051776961013,2026-01-01,2026-02-01,0.04838557799433661,0.06465765426972177,0.06281280020414708,0.18523703309958475,0.09538328811960531,0.15128683167183724,0.1739282874615155,0.19888882097701924,0.18589929794966187,0.10757048955178268,0.2001928387423452,0.04539424667704462,-10.837576723950065,-15.960810698519268,78.0,4.982056133868689,0.48980799115485113,0.27699622605528235,0.27514312312877104,0.6487667941767012,4.864249696889599e-05,0.2552159503412717,0.018116930340959847,0.4825207774492017,0.5857800084694323,0.04012777375968146,0.2112103189365051,0.18166233929639453,88.52299039050145,-0.0017844247374133758,0.49354692669973205,0.14394560337212503,0.09536337069379026,-0.2637393382337401,0.3571830850642189,0.2266328147061261,719.3918238243913,0.24548678599677512,0.9413533086609125,1.1422802750332903,0.0697167367801907,0.9967682412174518,0.39164821679347894,0.9967682412174518,0.023327520351532113,0.19687833222471351,-0.2354569867272543,-0.3735674052931745,-0.48388856348229714,-0.40369604703949935,-0.4825207774492017,-0.06004914799817248,-16.004268202147426,58.59191114696373,37.26855826088671,1.2538917756111403,0.26524777384314707,-0.48715214532132994,-0.24990180064973397,-0.0017844247374133758,-2.485352525606804,-0.48388856348229714,-0.9278704557624301,0.0017844247374133758,-0.26524777384314707,0.031284265408603525,0.11893810513131839,-0.15653068731165515,0.1928112067487152,-18.949321471292347,2.382353900165917,-0.1911769500829585,2.4727287386346544,-5.123233974569203,172.9765105216456,1.4727287386346544,5.123233974569203,0.6790116698117031,-26.798387422469332
2026-01-15,1449098,588999,72.6,34.12,30-40,HCS,-14.178961833309888,13.106863380686066,2026-01-01,2026-02-01,0.06968663079013654,0.08890503222466982,0.10770833564409149,0.2199353034158327,0.14118451604786353,0.17684721517942983,0.20092693241431173,0.2356644206799502,0.2551526418968297,0.16561402489806526,0.2371000051498413,0.05220000073313713,-10.046651848963787,-17.4136382819795,35.0,4.16502754348381,0.33277146200768604,0.2803063936225483,0.26168468321848454,0.6366607725900543,0.00018723927428028616,0.2088276799505282,0.00041509801511160904,0.42426540859509115,0.5187751854417366,0.030175079630003314,0.17785329342014522,0.1201237634425857,-9.381121641551236,-0.07412804056272135,0.34252753416407855,0.12118166282636825,0.21499747573281258,-0.24695585812407903,0.4044623964946184,0.1121356632998316,717.889072912038,0.2033972638862067,0.9111011230669386,1.4946078114117183,0.05931164763754778,0.9178929862266508,0.24041240891893034,0.9178929862266508,-0.1481429669760908,0.03599437939495772,-0.26453569607291816,-0.4620862128416989,-0.4831969235874438,-0.4833832665413327,-0.42426540859509115,-0.07962720023009259,-21.38965037487744,39.0035076257103,33.266354156458505,1.1556443583917217,0.1408931997244756,-0.4083841149715253,-0.21034106824257714,-0.07412804056272135,-2.7518468316198352,-0.4831969235874438,-0.8908840389479776,0.07412804056272135,-0.1408931997244756,0.11224668419111429,0.15041800425337415,-0.028954150199009147,0.17351059274550576,-19.417357364940024,2.5365556152456175,-0.2682778076228087,2.7332777669384,-7.366986433015715,174.94876124283596,1.7332777669384,7.366986433015715,0.5769415722480329,-27.46029013094329
2026-01-15,1786002,390754,51.98,24.43,20-30,non-HCS,-16.021800252959174,16.1518382076001,2026-01-01,2026-02-01,0.08030772785176381,0.12110249843504844,0.16704871338989696,0.2745444714797266,0.20013075827649143,0.2312906847871614,0.2502778007225557,0.2822982541539452,0.40511439415541556,0.33988522571144686,0.27799999713897705,0.06509999930858612,-15.362127132055473,-20.911858538430725,3.0,3.2607347752848126,0.22422685461922598,0.29076438577634856,0.2179557047041032,0.6440023354658614,0.0006726080238000289,0.16048657769222785,-0.005151444371563882,0.387825472485561,0.547373650195454,0.020697780574658833,0.15411911567924863,0.06856762316859033,-4.371605301512659,-0.1921109681305653,0.24342712200498928,0.20254567672841026,0.37503017303941166,-0.21785732638873448,0.4533713133313246,0.07222618859506377,714.5840231583493,0.17124554396288547,0.87646273729748,1.9483975544050458,0.04243880494240483,0.8622221999026639,0.09003200457629079,0.8622221999026639,-0.2210616088439753,-0.08832589152665167,-0.26999933004492127,-0.72139563094119,-0.5397240182127782,-0.37493534063416833,-0.387825472485561,-0.2587969089412675,-38.65003839352431,19.792236848325043,14.288144077599435,1.4287311943913958,-0.10634374368690411,-0.17462889001574203,-0.10086296660985167,-0.1921109681305653,-3.6722737967912353,-0.5397240182127782,-0.8155356304016846,0.1921109681305653,0.10634374368690411,0.23441997839923687,0.19828073918269962,0.1764727151987098,0.16312100277813757,-25.649581248264443,2.305989612323782,-0.1529948061618911,2.3612606092026716,-5.549731406375251,321.25062943493253,1.3612606092026716,5.549731406375251,0.7346131910668655,-36.2739856704862
2026-01-15,1786721,390272,7.47,3.51,0-10,non-HCS,-16.026341494256567,16.158315457177935,2026-01-01,2026-02-01,0.08213673877898736,0.12044404125432379,0.16949110753577723,0.2838577352777107,0.19859583815119275,0.23289148629027426,0.25086257693287645,0.28803579366617565,0.40530477045297725,0.31883821548767904,0.2910746989875322,0.05822644553545792,-14.562121912541956,-19.7282337702606,3.0,3.2672585713744997,0.23366520098260077,0.2998574052762494,0.2207550248303448,0.7005395519144177,0.0006979403211855746,0.16970569823528645,-0.01073976380611702,0.4041874251087763,0.5511585851634299,0.015788167816516114,0.1628104796917652,0.07247038758360634,-4.321170687855123,-0.1762240896238279,0.2522706951939546,0.1890964309103628,0.37508614053805306,-0.21107380950919274,0.45553322677275687,0.07948240005306077,716.8188506385974,0.17994456374083206,0.8752428729411045,1.9728770026461417,0.0323710558903524,0.8673353994816276,-0.06240944341924326,0.8673353994816276,-0.23603196135538412,-0.10265147678918018,-0.3336022580229242,-0.7302064705531549,-0.5418190642668411,-0.413435200786616,-0.4041874251087763,-0.23238203301633875,-37.92146506235224,18.201243982259346,14.532357074314836,1.216395404437613,-0.058040011992025374,-0.2122148889677993,-0.1291845672189759,-0.1762240896238279,-3.5278783256235924,-0.5418190642668411,-0.8269030286939428,0.1762240896238279,0.058040011992025374,0.2219425438176354,0.2031495479397452,0.1431949448029721,0.16968570333685665,-24.246943032608353,2.3013157346926896,-0.15065786734634473,2.3547636730928074,-5.166111857718645,287.2849452816621,1.3547636730928077,5.166111857718645,0.7381361191336693,-34.290355682802556
2026-01-15,1785291,391381,35.82,16.84,10-20,non-HCS,-16.015903666071754,16.14543961834326,2026-01-01,2026-02-01,0.10038623011557346,0.15414251315463431,0.22272903513170106,0.34089879771399356,0.26127147785301413,0.29490790071817474,0.31428266227353896,0.3466178522626775,0.4753113245160635,0.3789563610471228,0.38034036822874895,0.08537260439986522,-15.671672171972851,-22.54817493516619,3.0,2.660066357409532,0.18743560757767452,0.31518685187693635,0.21033964171671624,0.6307087446129028,0.0018040442101917209,0.15351696501416331,-0.01483023893800589,0.37725393913422284,0.5450277086928741,0.020078623254917903,0.15477106701638144,0.04857228592801838,-3.5019783946774026,-0.16467882857765442,0.20965920363738327,0.21119926318888538,0.41485088978013873,-0.17860537332882984,0.46668497657074587,0.060477651925124866,712.5276428992236,0.1666510017880981,0.8394121394356195,2.1623652932041892,0.040226984662989115,0.8424127276088504,0.09915863900345423,0.8424127276088504,-0.24806569271322598,-0.11205234823616393,-0.32776995199462733,-0.833311760604707,-0.5102340984208128,-0.24289943448053442,-0.37725393913422284,-0.18381719138655767,-43.41087022271056,10.642084799172409,8.572837725211649,1.1315126302138054,-0.052868362294752475,-0.2267009123827947,-0.1219311575035371,-0.16467882857765442,-3.3266504467843703,-0.5102340984208128,-0.781110764872793,0.16467882857765442,0.052868362294752475,0.22535733394539675,0.25138292685010216,0.15379186663107755,0.1267661187819612,-27.02551306537107,2.359839365339004,-0.17991968266950198,2.4387855161679077,-6.87650276319334,353.36760566021974,1.4387855161679075,6.87650276319334,0.6950306274026317,-38.219847107139046
2026-01-15,1786476,391122,6.51,3.06,0-10,non-HCS,-16.01838059028705,16.156139096650755,2026-01-01,2026-02-01,0.10905384297444934,0.16997659962450806,0.2455664514163731,0.34508080359030646,0.27823684981536423,0.3011924976744646,0.3167842550062853,0.34434433612621257,0.4810475976753307,0.4044925833190764,0.3499000072479248,0.07810000330209732,-16.494833247008536,-21.41330489565102,3.0,2.289102511432673,0.14354214322176637,0.29589832346419837,0.20788122121680427,0.6364952588216398,0.002448319598466924,0.1243571446487837,-0.014667095141806308,0.3399702690862359,0.5197290327907225,0.012484240092245781,0.12735323671763066,0.019083121911714022,-2.9649751367568653,-0.1645831251857722,0.16848355990887992,0.21833731145107094,0.45324040105895846,-0.18071557623946435,0.46810504259142033,0.039617682394838184,709.4802751588647,0.13686508408255782,0.8232295086152743,2.6828371431446816,0.024413215995197243,0.8176084392353591,0.04672030652621373,0.8176084392353591,-0.2466313651588047,-0.1380030289039676,-0.21819958897340697,-0.8063204056925052,-0.47781787426797334,-0.14523491214557555,-0.3399702690862359,-0.18492791928431526,-42.99867367232576,9.759843783826929,7.758559988821484,1.3306593759725223,-0.07926079122650645,-0.21294789920245702,-0.09797166692770515,-0.1645831251857722,-3.2285002177413498,-0.47781787426797334,-0.7498943621611468,0.1645831251857722,0.07926079122650645,0.23076832820506143,0.26348667739101594,0.1774366141454366,0.08571854915570745,-26.805101542830982,2.259494234727795,-0.12974711736389738,2.2981825626842562,-4.918471648642484,353.2088935211151,1.2981825626842567,4.918471648642484,0.7703076814807129,-37.90813814265955
2026-01-15,1786589,390610,25.01,11.75,10-20,non-HCS,-16.02317423823298,16.157137539873297,2026-01-01,2026-02-01,0.07724600469228761,0.12408784545594119,0.1780234005856541,0.3148440800689017,0.2263963257824097,0.2685224216844674,0.29070810871519676,0.3201825875465909,0.4076892094872116,0.3280427142644822,0.3354008761670092,0.07089223840479507,-13.221213094456418,-18.634322460885222,3.0,3.64177420531941,0.25849771833319113,0.328374110621353,0.2036233775493994,0.5886742253692703,0.0008630403726931451,0.18964527473233134,-0.007093714366059337,0.43459184333622586,0.605978280530425,0.03549533208918571,0.19008051210351562,0.09153151640761421,-4.536537180399133,-0.12849944875944624,0.2776013530077943,0.2326575522653892,0.37530346725305114,-0.18860056401095085,0.46927638852627757,0.08511719573701744,711.6213116693523,0.20670534912632166,0.8725734216219418,1.783004167100166,0.06705399096275326,0.881817074572609,0.2759118733849302,0.881817074572609,-0.23985723540940213,-0.062033635667710474,-0.3109990119149809,-0.77834499456815,-0.533308764255704,-0.30743928712900204,-0.43459184333622586,-0.18333194659863009,-40.20264096980297,14.077932809207777,11.555707530994098,1.2850728896701482,-0.020530261800238626,-0.22773425839052797,-0.11923260604358052,-0.12849944875944624,-3.4517288653568405,-0.533308764255704,-0.8184364932820518,0.12849944875944624,0.020530261800238626,0.19801799108820875,0.2207690492350251,0.1269000093060314,0.15328057908568296,-22.525265209511243,2.33985360924319,-0.16992680462159476,2.4094260736708413,-5.413109366428804,246.36834812617906,1.4094260736708413,5.413109366428804,0.7095086565239327,-31.85553555534164
2026-01-15,1785820,391530,11.83,5.56,0-10,non-HCS,-16.01453460566421,16.15022781301468,2026-01-01,2026-02-01,0.10414426124812477,0.16011934397650548,0.23146805067857104,0.3449598525391251,0.26304682162072923,0.29303515415591197,0.3112319194988258,0.3444053185116398,0.4780167248622534,0.3797199965934719,0.35510000586509705,0.07890000194311142,-16.39018977170506,-23.437688435767548,3.0,2.4437370275657706,0.1738964925950153,0.31102716641516537,0.21008192639701112,0.6842663032765758,0.0020471384335484237,0.14530215098105465,-0.015373623973684844,0.3659634169012926,0.536213283063089,0.01249306825799921,0.14712495180555485,0.03971386671976087,-3.3289990600466166,-0.16167759323511632,0.1968881125064001,0.2118153299271028,0.43450005101675443,-0.17746746711395156,0.46692206947495907,0.053927898837756984,714.6907929454887,0.15815058517337813,0.8331167417349823,2.344308982977626,0.0245544995549337,0.8347982465880005,0.03283930028396487,0.8347982465880005,-0.24821851145441207,-0.13427954376824972,-0.31359949604572535,-0.8249522440610471,-0.49816551110210433,-0.2000778070294928,-0.3659634169012926,-0.1815171095746599,-42.822850082658505,10.153730948129787,8.38218809340288,1.1126360622846354,-0.047966207554898665,-0.2316385002235934,-0.12351695995218263,-0.16167759323511632,-3.2347572944222174,-0.49816551110210433,-0.77431859245091,0.16167759323511632,0.047966207554898665,0.2247394776110643,0.25704277378432494,0.15286723738753466,0.11590905209098484,-28.162562760775796,2.353897771171763,-0.17694888558588134,2.4299827373706693,-7.047498664062488,384.14816127232723,1.4299827373706693,7.047498664062488,0.6993091411989455,-39.82787820747261
2026-01-15,1791852,389136,12.35,5.8,0-10,non-HCS,-16.037207941970586,16.20464192660491,2026-01-01,2026-02-01,0.10130667119316496,0.15124352851891404,0.20474866733927388,0.31587627030314214,0.2453938020088357,0.271278853339085,0.28787840050456737,0.3198007588355245,0.43899715901768394,0.3543155820883412,0.31911288663022414,0.07209644380534519,-15.34688958385041,-19.576527520793203,3.0,2.5367705988030993,0.19325374934602563,0.30335264398818623,0.22153274038570625,0.5883181394315229,0.0014794206862955707,0.15567855637111894,-0.0035682814946107616,0.3524422261685016,0.5143297526509161,0.02614564228875624,0.14999423681971102,0.06016489807812387,-4.071409514140546,-0.16310136763631486,0.2134504034076729,0.19773042105165559,0.38131242031169893,-0.19412299953253115,0.44773491056185233,0.05009951864555065,706.2435987299108,0.16332288022557023,0.8465117824380479,2.193692835946969,0.05423124591446992,0.8446599335872828,-0.005749270330802414,0.8446599335872828,-0.21008315604403852,-0.08361912410633264,-0.25561573882792676,-0.7414735470128746,-0.4875191368113329,-0.2297999523059489,-0.3524422261685016,-0.1816242716353023,-38.82532802653583,13.081309006067718,10.581619791530029,1.2409836625101094,-0.05735568352261205,-0.2352900065967968,-0.11718357089560234,-0.16310136763631486,-3.2096319403986495,-0.4875191368113329,-0.7824215995292201,0.16310136763631486,0.05735568352261205,0.21355145767145997,0.2342181602955415,0.14533338405515023,0.13005446662745065,-24.69458505689976,2.2422236016750148,-0.12111180083750728,2.2756022915153866,-4.229637936942792,300.4388062968221,1.2756022915153866,4.229637936942792,0.7839434019924992,-34.92341710464361
2026-01-15,1792414,389802,3.17,1.49,0-10,non-HCS,-16.031004198365896,16.209752036190512,2026-01-01,2026-02-01,0.1329402543807942,0.19540305933448576,0.25844134523894624,0.36726346186384273,0.29179582156118805,0.31350607843781214,0.3322944365455372,0.3628594733761092,0.46999337928325546,0.402754904023068,0.3730500042438507,0.10220000147819519,-16.033967633093738,-21.407533057109614,3.0,1.6905732699836369,0.1525008190871564,0.30946637431428764,0.22655714042988395,0.6583981648918078,0.0036241188747510042,0.14163205262836512,-0.0005754809507689251,0.30543918298771444,0.4684555509548574,0.015892564589832577,0.13616724450646644,0.043238734423326146,-3.6447591292088384,-0.12269821203092929,0.17391925935294839,0.19023626291307894,0.4003146971934924,-0.1662321942474883,0.44043643830011353,0.035866824268451745,710.7586802080399,0.1450053103685821,0.8027696956449951,2.435749906421191,0.03476349357019459,0.8209258549667859,0.11317439055942957,0.8209258549667859,-0.196439609355687,-0.11978594994263755,-0.08260115919760236,-0.7351260850094057,-0.41267176079148976,-0.13056284646997723,-0.30543918298771444,-0.15975662881719863,-39.544095401939416,8.36718593023778,7.053894665863058,1.4216139232547755,-0.046091682655317025,-0.2636737100632,-0.0896824767078161,-0.12269821203092929,-2.9158826296321103,-0.41267176079148976,-0.7131381230421291,0.12269821203092929,0.046091682655317025,0.18575929313681364,0.2827582801301063,0.13861937127503332,0.056941565459978916,-26.47513903584359,2.287037929835001,-0.14351896491750077,2.335136352210476,-5.373565424015876,343.2476921420798,1.335136352210476,5.373565424015876,0.7489871714932949,-37.441500690203355
2026-01-15,1791718,389640,20.81,9.78,0-10,non-HCS,-16.032486930068455,16.203453696622955,2026-01-01,2026-02-01,0.06860184101469315,0.10693886689570226,0.14805477516828838,0.26254919868060345,0.1878466138795409,0.22654978482394802,0.24136815341759704,0.2751774048709661,0.37371355872981404,0.2965230714562336,0.30054359237932254,0.0716025882805141,-15.107139080596642,-18.002077558346848,3.0,4.027644760744203,0.26082177873775414,0.2947602401152182,0.2119987595686318,0.5948125162498179,0.0004445332722501424,0.17492199255180788,-0.0027788823915770172,0.4211511718035855,0.585676426818312,0.029955892306756386,0.1688384666032725,0.08538698710036813,-4.918899845123421,-0.17471454796701968,0.27884392457061474,0.21839393458854123,0.35070849533288306,-0.22283561420004683,0.45753041346466555,0.09339649443261742,711.2080123826078,0.18860189522626866,0.8915439262804027,1.6677372097476089,0.05778379932383457,0.8825213451076493,-0.11934579390782474,0.8825213451076493,-0.2205886098053833,-0.054356885693371944,-0.31729762050195565,-0.6925758957257359,-0.5550262052395426,-0.3534877085013284,-0.4211511718035855,-0.22436676131239722,-35.797581559206506,23.075801609315324,18.350689506787084,1.3028378390101576,-0.06076830240089493,-0.20635243958408425,-0.12618263461464369,-0.17471454796701968,-3.60173123187653,-0.5550262052395426,-0.8435717263977343,0.17471454796701968,0.06076830240089493,0.22348805772780617,0.1846512202603385,0.1462196508722786,0.18301529495123842,-23.411751605171414,2.174872061113348,-0.08743603055667408,2.191627181182731,-2.8949384777502054,271.95988941363345,1.1916271811827308,2.8949384777502054,0.8391886454012116,-33.109216638943494
2026-01-15,1500196,636311,45.6,21.43,20-30,non-HCS,-13.740167279436523,13.56704436629392,2026-01-01,2026-02-01,0.047433751254273446,0.0763507567947969,0.1156473631531891,0.1879814810218164,0.14505669483396239,0.16474875944626377,0.18281681969767344,0.20394776619171048,0.27419446243302326,0.20719859404169916,0.21462083905550525,0.026782553093332682,-13.169247040899714,-19.77031289480867,48.0,6.203590889791792,0.21604024652025894,0.2291014883052045,0.19810959592010166,0.5410207950727455,0.0001267294337069344,0.11849407671187563,-0.010379600817868748,0.42231218238490426,0.5970205428453823,0.019652581186762375,0.11470119835746617,0.03821060364208049,-3.5883512337385253,-0.18653714593353982,0.2382320364363518,0.23360762987449324,0.4140462855574032,-0.2741004785026366,0.4830073898369875,0.06356267890135162,712.4212066422999,0.13501403986354768,0.9197629567084359,2.2285324363981607,0.03652120632344437,0.8592043042468722,0.286475120686,0.8592043042468722,-0.2718277450624755,-0.07846597423993783,-0.2685740591936868,-0.5067529204514185,-0.5643885432927478,-0.26873344031472046,-0.42231218238490426,-0.17641154347485613,-25.085233156603998,60.15363433762559,52.3815017699508,1.3848802085733634,-0.04862874985990649,-0.2253257146780164,-0.14963348361747503,-0.18653714593353982,-3.4724354846672236,-0.5643885432927478,-0.8909034956075309,0.18653714593353982,0.04862874985990649,0.2469809678567935,0.13483420420968775,0.15661257950180976,0.16366241408503052,-23.29178619984011,2.400798666818437,-0.20039933340921834,2.5012485401335423,-6.601065853908954,260.3601345876205,1.5012485401335423,6.601065853908954,0.6661122214387272,-32.93955993570838
2026-01-15,1501031,636351,41.04,19.29,10-20,non-HCS,-13.739757818907332,13.574590993839516,2026-01-01,2026-02-01,0.033031291789564265,0.06089166075376128,0.10065549852058459,0.19674988967466184,0.13628988930220098,0.1591712201103513,0.18075571723309827,0.2227551289260168,0.30146479987130403,0.18511815195373946,0.22503055188928586,0.01803557247170883,-12.251123254271961,-17.69538580039939,48.0,9.085308619956614,0.30314422862091345,0.2571458621263039,0.1697582214729163,0.5618531614536323,7.342900441654351e-05,0.1546967111102181,-0.011903468802626285,0.5273149020217688,0.712497850528227,0.027831603555320814,0.15520429930068513,0.07020635341572187,-4.164544103401234,-0.21018029454745948,0.3231091129088467,0.2966300378104634,0.4248519718837196,-0.26361280990721,0.517300338091004,0.07744278376820528,711.7544213843264,0.18076324648037428,0.9347268838510321,1.85977885968811,0.045648597839826624,0.9072536100280046,-0.0180229693651226,0.9072536100280046,-0.3094080018681895,-0.052196623748175845,-0.5024051110160529,-0.6083411286334163,-0.663912929005195,-0.21412791176646007,-0.5273149020217688,-0.15191985384291004,-28.04695657569558,53.473184949939125,45.96222006826376,0.8968264807986148,0.030460097344939156,-0.2621779932825445,-0.23244222746901763,-0.21018029454745948,-3.755061109986563,-0.663912929005195,-0.9279128887635317,0.21018029454745948,-0.030460097344939156,0.2727309911774609,0.13235034670496104,0.10860623456783303,0.2413364727243627,-21.175379625422458,2.363599145141639,-0.1817995725708195,2.44438884771068,-5.444262546127428,216.78835247258684,1.4443888477106797,5.444262546127428,0.6923343402886107,-29.946509054671353
2026-01-15,1501153,576980,20.31,9.55,0-10,non-HCS,-14.288457388025408,13.57786231435638,2026-01-01,2026-02-01,0.036912279319324046,0.07434155809723775,0.10612022258049696,0.21391442902986585,0.14433407672578705,0.1850765913107354,0.20260298902816437,0.23163338299449007,0.26450667567465375,0.19382862759295197,0.2317483520860043,0.01777674586541454,-12.882309328619058,-19.312184313815354,35.0,6.52305565581381,0.3182441591026982,0.2741815352454756,0.16980995487604866,0.576638745208688,0.0001254589215784041,0.17123306652316594,0.0056506142946544935,0.48419764780491736,0.7056750490227985,0.032935289433173975,0.17161801646723274,0.09621286351526002,-5.570861210941001,-0.10574835881463562,0.33682042212293517,0.33643135056788426,0.37394217589071455,-0.25133912318072277,0.48819174919920455,0.1236830453239333,713.614184012066,0.19717619170912856,0.9271113716304579,1.8195568168738039,0.05752348272414863,0.9147788924778135,0.09442883613858544,0.9147788924778135,-0.2213777420509115,-0.04366843306416956,-0.28111035168651255,-0.543322639392599,-0.5612102960094897,0.04741173981711433,-0.48419764780491736,-0.14636312708368124,-25.887475894180472,42.14588542426618,37.16639552795681,1.3461208543179126,0.04926092820139479,-0.2777234795142251,-0.1624078713114089,-0.10574835881463562,-3.226325575650665,-0.5612102960094897,-0.8966748988406598,0.10574835881463562,-0.04926092820139479,0.19277414859744102,0.1443924650019669,0.08918722166252392,0.1759691453722858,-22.76494477143256,2.3994394231888965,-0.19971971159444818,2.499124405506381,-6.429874985196296,248.7855321418742,1.4991244055063813,6.429874985196296,0.6670560470678318,-32.19449364243441
2026-01-15,1563097,615014,34.36,16.15,10-20,non-HCS,-13.934386521538995,14.136618850676795,2026-01-01,2026-02-01,0.07160519328016383,0.1097038674914376,0.15888891321629234,0.24970055253246654,0.19566453010337787,0.21853108975219904,0.24034696560538277,0.27144323876110443,0.35224626291522665,0.2788615089534177,0.26284784239958664,0.04163701691927173,-15.238923095611161,-25.100506284202016,63.0,4.0046605708560925,0.20074334344554093,0.26718052084559846,0.2104809515494409,0.5458997036721597,0.00047748196748480807,0.13627237001605402,-0.011086371513580981,0.38952410499491824,0.5542862571656565,0.02411617770202276,0.13291238805852235,0.04510318151853317,-3.6574943299419203,-0.17035676201142877,0.22225643813346416,0.21013111010082067,0.39941099472437963,-0.235562902323191,0.46704838172242175,0.05520714984092386,711.051165015032,0.14992189994411387,0.8858771821810064,2.2911549354239793,0.046812843358137915,0.8498567162371926,0.22588103713251706,0.8498567162371926,-0.2496860150792012,-0.0786812092829981,-0.2657255702063741,-0.6267707384011364,-0.5250402142115946,-0.2841614475210533,-0.38952410499491824,-0.17532647737394677,-32.172859563465806,25.345841645166168,21.69223358182047,1.3366017129649554,-0.05517035471477922,-0.2376811216003536,-0.1277304900249194,-0.17035676201142877,-3.360321983899319,-0.5250402142115946,-0.8401822695121743,0.17035676201142877,0.05517035471477922,0.22803952246310255,0.1822370171147568,0.1534071933920294,0.14741123400800024,-28.52428406366174,2.488930227333648,-0.24446511366682416,2.6471312393085706,-9.861583188590854,382.5046849258592,1.6471312393085709,9.861583188590854,0.6071161642345985,-40.339429379813176
2026-01-15,1564528,614771,14.15,6.65,0-10,non-HCS,-13.936577531966204,14.149565523137626,2026-01-01,2026-02-01,0.06525049609196845,0.10740445118565993,0.1624480316188678,0.27127422060805145,0.20658561561575872,0.23225332859598033,0.25632927328096056,0.2958522693402366,0.3665047768241739,0.2578150070450156,0.2928631091082784,0.04180253726341523,-15.41285595819693,-21.86460682684847,63.0,4.4699930081738515,0.22914577706872827,0.29132957118775493,0.19471774410015757,0.5395175038739167,0.000508355513716572,0.15488329652544727,-0.012889625339516403,0.43274095328944495,0.6122097851722842,0.030904096094636374,0.15709872012289694,0.058812327024679555,-3.759872796524652,-0.14931591758200263,0.2509121642489462,0.24415144632900737,0.4184979225679075,-0.21935153921844042,0.48477047907426507,0.05849005271473121,708.8221671432526,0.1748263823577635,0.8874023502205358,2.108607178805496,0.056735373666933264,0.8665518820295449,0.13736931680975406,0.8665518820295449,-0.26902759507676416,-0.07178626100132794,-0.3952285883322758,-0.6873606238534736,-0.5467298594851111,-0.16581845376898285,-0.43274095328944495,-0.11031292580044158,-33.21287065224308,20.603028836843464,19.118683834426886,0.9864032575732518,0.025438456992855855,-0.2900809072181734,-0.17766982573873666,-0.14931591758200263,-3.1796331884018536,-0.5467298594851111,-0.8595088149532277,0.14931591758200263,-0.025438456992855855,0.22233747977593504,0.19279936192654032,0.11064967868513895,0.16856495128434706,-26.359146720734763,2.3461475318668836,-0.1730737659334419,2.4185954171082966,-6.451750868651539,336.9960356048247,1.4185954171082966,6.451750868651539,0.7049226213055355,-37.2774627850454
2026-01-15,1500197,577684,12.99,6.11,0-10,non-HCS,-14.281976514614115,13.569199904906581,2026-01-01,2026-02-01,0.05110792259774231,0.09064579966725808,0.13250118002635905,0.25322476153480905,0.17639403413588634,0.21202248040594945,0.23476024206477936,0.2711655063803089,0.346834375213505,0.22750703539142036,0.2703418864229627,0.030293736381040368,-11.947998695560685,-17.54592476502607,35.0,5.362824805495795,0.2942123631677257,0.2982101296625266,0.18635190171895968,0.571397595148265,0.00027569017310569946,0.18127508510007684,-0.0023175032895851946,0.4727911610090269,0.6641312270259978,0.035602265622002416,0.18234791109132675,0.09430545752982823,-4.916784205674718,-0.15600064717947812,0.31297760534290053,0.2789194981109702,0.38388975203373205,-0.22651837003604725,0.4831314916135724,0.09172742387663238,712.1090299565413,0.20444853624078851,0.9079729913569338,1.846623686675206,0.0631864462812732,0.9016527077222696,0.14953504522814098,0.9016527077222696,-0.24328998929455642,-0.04635783784779871,-0.46241614524228414,-0.6792430422044389,-0.5856004231873414,-0.10465289996987048,-0.4727911610090269,-0.1265483186646487,-31.867944421654993,26.047001436266175,23.77728820569191,0.876093476821854,0.05349703578549682,-0.28951372494500816,-0.20661246310989492,-0.15600064717947812,-3.2490070504254254,-0.5856004231873414,-0.887755242388981,0.15600064717947812,-0.05349703578549682,0.22331244564340147,0.17310498121087792,0.08380566561973353,0.21453007321504314,-20.855353282777898,2.379598602874656,-0.18979930143732796,2.468524161418373,-5.597926069465384,209.6386862049374,1.468524161418373,5.597926069465384,0.6809557692494148,-29.493923460586753
2026-01-15,1501057,578427,20.93,9.84,0-10,non-HCS,-14.275085843312437,13.57695581811919,2026-01-01,2026-02-01,0.05256337549553892,0.09000880735965454,0.13244074957778815,0.23318931286881409,0.1636186036759646,0.19494450749526068,0.20998165089370754,0.2415863249118749,0.3225624203550175,0.24330342336994995,0.2387000024318695,0.02710000053048134,-13.677727466032184,-21.526154588604523,35.0,4.998249448269075,0.2550416470706163,0.2731590223842166,0.19113055895416187,0.6362812674151535,0.00025020747905406943,0.15418101040384105,-0.004986510354017988,0.44301156642849693,0.6321058199213353,0.020329774210057626,0.15347434676651317,0.0685228734835405,-4.290835200957104,-0.16081480658236286,0.275547810857975,0.26264192014334165,0.40974416313930334,-0.24234345062871557,0.4815800784570845,0.08736510489596062,713.4831033487603,0.17458132693475067,0.9077414513057508,2.0455806574930078,0.03897060280415181,0.880651923780318,-0.06297761205427688,0.880651923780318,-0.24976688426329793,-0.09248628832301704,-0.31942736593129295,-0.6168680617835595,-0.5636690039766744,-0.19161237653491414,-0.44301156642849693,-0.19582331355337082,-30.603875568824925,32.209293074533164,28.22187180213381,1.271922514220328,-0.02122615883081966,-0.2244838728970794,-0.14906756056114207,-0.16081480658236286,-3.445619630627795,-0.5636690039766744,-0.8728483307589926,0.16081480658236286,0.02122615883081966,0.22848348706620253,0.16331910807502334,0.13604219437244996,0.17696772241167785,-24.892903724925024,2.4458841846130217,-0.22294209230651088,2.573810754897949,-7.848427122572339,294.42887585461085,1.573810754897949,7.848427122572339,0.635400410683331,-35.20388205463671
2026-01-15,1500524,637139,23.46,11.03,10-20,non-HCS,-13.732500208492894,13.569970782391131,2026-01-01,2026-02-01,0.04445582181393726,0.079141304962057,0.12318780450541565,0.22932660018554393,0.1598613485254693,0.18848942565013135,0.21307667396419083,0.25162878089537055,0.31479757275314296,0.20393780413013038,0.24646363187205203,0.021551216003336097,-13.101882167545892,-19.242354166121654,48.0,6.380206105538749,0.28085289511124345,0.27738207328445225,0.18013993635309966,0.5928037499626972,0.0001769410344239784,0.16228828591625208,-0.00936101639523891,0.48687494782195817,0.675247070361431,0.02664126706384569,0.1639597295803168,0.07423607667405129,-4.241293118071735,-0.15707990348230697,0.3010906625877529,0.28063340995768643,0.4176997325972993,-0.2432026645232195,0.49917069030825095,0.08218175255218721,715.1117924744345,0.1867513236657932,0.9171705795780614,1.9575818893628953,0.04717018155222404,0.8950366822581927,0.1792068818560748,0.8950366822581927,-0.27899906436370636,-0.07032011786583714,-0.4391277598528712,-0.624861626221483,-0.5982051559822303,-0.1347186872843983,-0.48687494782195817,-0.12115601502345238,-29.075210318090775,34.235821767465296,31.08144548096085,0.9543618283205024,0.05859885049987952,-0.29575075242273186,-0.21149553348991673,-0.15707990348230697,-3.298010693145904,-0.5982051559822303,-0.9024594971186362,0.15707990348230697,-0.05859885049987952,0.23069736426717488,0.15708731211508048,0.08877096646502265,0.20444808410546034,-22.870828843836637,2.3796949747231513,-0.18984748736157556,2.4686709833023883,-6.140471998575762,252.11105691071168,1.4686709833023885,6.140471998575762,0.680887694636306,-32.344236333667546
2026-01-15,1499831,637187,26.97,12.68,10-20,non-HCS,-13.732089896486627,13.563703748584992,2026-01-01,2026-02-01,0.0563074902499316,0.08553787403351046,0.12547061416780814,0.2030294655954244,0.15066662617455953,0.17197076489870577,0.18767248904796394,0.21264505413186047,0.28034438679273105,0.19618819934312412,0.2062145766855657,0.04143239483094535,-14.205444733941107,-21.519233591255208,48.0,5.05355785224346,0.2152827197743834,0.23969277820736423,0.21064019657994468,0.6270425869372109,0.00018638802197238241,0.12643703250752758,-0.010702356350718818,0.40715484889244535,0.5657580689463476,0.014614196828975013,0.1206784317334113,0.04333183330066175,-3.760516587733715,-0.15994849703873054,0.23609994701832965,0.2060721824166868,0.4021795446372237,-0.26453379068324856,0.4693719204319465,0.06603121434027603,714.7010441418214,0.14042035720101725,0.9104516334740639,2.0835413081805827,0.02866360155979725,0.8579626722756238,0.1068605408158092,0.8579626722756238,-0.2581285231711697,-0.09650969086017577,-0.2904658692421471,-0.5039556530843065,-0.5324295097535071,-0.24310856711791262,-0.40715484889244535,-0.1312409971538475,-24.033133848480702,47.37948742180986,42.67568493397837,1.2145070028624767,0.01713668219905387,-0.2874675245546267,-0.18065967120384657,-0.15994849703873054,-3.083149095474496,-0.5324295097535071,-0.8870410084418403,0.15994849703873054,-0.01713668219905387,0.2202174159098632,0.1463791501703519,0.10726731751356043,0.15837179975717203,-25.261162299454387,2.4094530280014164,-0.20472651400070824,2.5148581402621804,-7.313788857314101,305.69028349734486,1.5148581402621804,7.313788857314101,0.6601278188510294,-35.724678325196315
2026-01-15,1563728,614414,68.18,32.04,30-40,HCS,-13.939918466296204,14.142347880228288,2026-01-01,2026-02-01,0.06951477897819133,0.11296735380995362,0.1667080155135516,0.28334102805923017,0.21510330905370859,0.2446259541217895,0.2712955149657586,0.3095970615635024,0.39297720878658915,0.28698853721075196,0.3158333910848288,0.05386742568054402,-15.023436219942292,-22.319095365642237,63.0,4.203185989774925,0.23843312467226885,0.3019785213991109,0.19907428464485574,0.5282581239523094,0.0006027980776267672,0.16546240624516148,-0.010288086871835689,0.4299017685311401,0.6059876153840991,0.036087235369709376,0.16661001606977743,0.06939190278875372,-4.0355841468491915,-0.16210738488832557,0.2591562279963311,0.23811961296073372,0.39731367378529114,-0.21082223420304913,0.4774132842073129,0.06421745891083482,709.6217392172508,0.18414788162998158,0.8827046801438087,1.9674841399540657,0.0661142827301802,0.8712957178801759,0.26996874275124094,0.8712957178801759,-0.2557123655548214,-0.05751855981596854,-0.401656199591782,-0.7342913260683416,-0.5534397949443423,-0.22408716657035332,-0.4299017685311401,-0.14317147090092391,-36.35609095346328,18.40563940823841,16.125120360613796,1.0187087259989456,-0.0063954411162169605,-0.2632513821739114,-0.1615310316156713,-0.16210738488832557,-3.346099635883135,-0.5534397949443423,-0.8475762916425699,0.16210738488832557,0.0063954411162169605,0.2266521834744876,0.20069489583689903,0.12502690552746365,0.17679309798852214,-26.40515731083966,2.3907426109544385,-0.1953713054772193,2.4856185388543532,-7.295659145699945,335.3095057125357,1.4856185388543532,7.295659145699945,0.6731203023160697,-37.34253158558453
2026-01-15,1564204,613957,3.83,1.8,0-10,non-HCS,-13.944132341771173,14.14666972575815,2026-01-01,2026-02-01,0.07826611400609995,0.11918995665924968,0.1631796170489327,0.2411158223025847,0.18797487013365435,0.20727336145197325,0.22389470392219987,0.25362799712473905,0.3390024569738079,0.2907874188697716,0.23319999873638156,0.03665000014007093,-16.903088105966635,-23.93794243504902,63.0,3.070108612752054,0.17082756465000692,0.25053346142282823,0.2170226538093123,0.6424507254715782,0.0005589474041088032,0.11930001907715405,-0.0030658177365332773,0.3383955316915694,0.5098901652944126,0.012715543035060974,0.11391549420961222,0.03617573765934604,-3.647489000839106,-0.168735649552918,0.19277042891866472,0.2072554290949496,0.40966915597838566,-0.24336735724504968,0.4524777292096881,0.048826255947809406,715.0878436094183,0.1292766752913314,0.8791035232961698,2.6235024081177305,0.02684366271782394,0.8323283179843545,0.042209237424699175,0.8323283179843545,-0.2155262848258039,-0.11611448442612182,-0.13986355494200697,-0.5666332679778077,-0.47973841070750367,-0.20513792050001722,-0.3383955316915694,-0.21474654770769036,-30.187703424877572,27.17789733889146,22.337576964540627,1.5856501103543987,-0.09338464728604932,-0.21607064269584372,-0.09347216282657399,-0.168735649552918,-3.2468952861348965,-0.47973841070750367,-0.8144901231620292,0.168735649552918,0.09338464728604932,0.2225026113793774,0.1816321125731183,0.17402893705591868,0.11776631579754357,-28.87896964619906,2.344499354491922,-0.17224967724596107,2.4161875205867944,-7.0348543290823855,404.62515005519106,1.4161875205867942,7.0348543290823855,0.7061211777841766,-40.841030541015655
2026-01-15,1501277,637684,30.63,14.4,10-20,non-HCS,-13.72742767542349,13.576752324472588,2026-01-01,2026-02-01,0.04335718032628594,0.07527656021506286,0.11051609362731692,0.16950934024128184,0.1348873025852184,0.15175994722418082,0.16544396379373305,0.18579287170241704,0.27151291708789566,0.21074396444999582,0.20104219519418728,0.025035991505662995,-15.144979222131905,-22.61332139838688,48.0,5.870751460471031,0.18607522784656072,0.20719439780552737,0.18920886625810468,0.5398933115152448,0.0001061545687879482,0.09783764765144207,-0.003320153523477129,0.3849599991279911,0.592635044621556,0.01519434982973778,0.09483007017632927,0.026915526443026652,-3.417491265540267,-0.23128895458552493,0.2106710301238114,0.26905819325195846,0.4425338472332451,-0.2874870006098314,0.48228746936806227,0.05886204961038902,711.4154385220542,0.1134448520249843,0.92320877911517,2.4489811466219424,0.029459900183756375,0.8430130664015899,0.12354315931493576,0.8430130664015899,-0.24740700151688214,-0.10189312750858281,-0.24777686031416324,-0.48267079624232206,-0.565865949563974,-0.07507780137281628,-0.3849599991279911,-0.21947279977146536,-24.122316484137038,82.62493587792272,69.45450002350422,1.4466130570385807,-0.10843988388790415,-0.1818478228997515,-0.13871704259564624,-0.23128895458552493,-3.519172158889719,-0.565865949563974,-0.8895939421015148,0.23128895458552493,0.10843988388790415,0.2843566328072387,0.12465122528811944,0.20293604895069542,0.1684231336465837,-26.699150414849054,2.3955867744851047,-0.19779338724255233,2.493123302892434,-7.468342176254975,342.4782827219601,1.4931233028924342,7.468342176254975,0.66973705256815,-37.75830062051878
2026-01-15,1518243,568328,20.44,9.61,0-10,non-HCS,-14.368014670506842,13.732600199822809,2026-01-01,2026-02-01,0.044903905768504726,0.08637774560542871,0.1365960945067111,0.23316691215194674,0.17109520931013733,0.20270851059551181,0.22319314688136674,0.25442361065194113,0.31797929832886146,0.21988515002967332,0.26275445392400626,0.0217635597602664,-14.154552468243983,-20.645611941270523,35.0,5.732357015583359,0.23734025152110286,0.26889059545439276,0.16762835457228348,0.5879063621888813,0.0002376341945399081,0.14069468704118918,-0.008744509064358391,0.45936980319656107,0.6770325911627986,0.021989522044518477,0.146317625039873,0.052388634281364733,-3.6354095704065603,-0.15388364206101715,0.26116949480125745,0.3159149767151604,0.4523351706785049,-0.24334668653327296,0.5099195308578294,0.08457192799834608,714.7420827915571,0.16654677809802837,0.9099326513404579,2.189101817158633,0.0398289698328389,0.8724502821371872,0.16841511665270237,0.8724502821371872,-0.28201475496909106,-0.10225946613897269,-0.380013776350116,-0.6208423334465542,-0.5727649763931627,0.04583689870577523,-0.45936980319656107,-0.12478872545393373,-29.341815145493403,31.922310191140813,29.458953705045133,1.0826543766738905,0.02931619394538592,-0.27381561645495694,-0.18513988136991932,-0.15388364206101715,-3.2192463607221504,-0.5727649763931627,-0.8872716048166324,0.15388364206101715,-0.02931619394538592,0.24091378938953972,0.16379501100749494,0.12356815343463903,0.17507923444646267,-24.607432240374454,2.373047632571061,-0.18652381628553047,2.4585845781835465,-6.4910594730265405,292.2293974617181,1.4585845781835463,6.4910594730265405,0.6855961697095095,-34.80016440951451
2026-01-15,1518356,568614,21.31,10.02,10-20,non-HCS,-14.365366740603328,13.73361511910915,2026-01-01,2026-02-01,0.04012557100943875,0.08456418664361416,0.13951002336989102,0.2570164356388937,0.1808917429202079,0.2123119379163843,0.23554270609104208,0.2826426300764436,0.3461558249454421,0.21542295732850442,0.28769005818584864,0.011336919438099393,-14.792257547296167,-23.70974873258088,35.0,6.297168632765219,0.27339289785368304,0.29620298187262206,0.1518758677773246,0.5866149157799705,0.00025641253956243957,0.1638281917077354,-0.010507221092101442,0.5048654336505398,0.729923268257878,0.02867635864887962,0.17558625127501848,0.07171774571430642,-3.8422292475787128,-0.14778429833658588,0.2963393982906937,0.35639347185055165,0.46810581324726663,-0.22518308161221615,0.5280474602580216,0.07990819142212971,712.3905258508838,0.1966028070140615,0.9110230786243133,2.090775400736175,0.04920491080975613,0.892378506179241,-0.06018687052516358,0.892378506179241,-0.29870205631182845,-0.09090024810454485,-0.5182075294636482,-0.7070780925901557,-0.6073356966553223,0.15074952561049426,-0.5048654336505398,-0.08713079375210159,-32.263786601423575,24.7668707713585,23.205263048628662,0.7619024888197115,0.08803981829106183,-0.3081618358219284,-0.22783812246645213,-0.14778429833658588,-3.194910644271954,-0.6073356966553223,-0.9000086583552268,0.14778429833658588,-0.08803981829106183,0.2408302886482291,0.175757025911612,0.08862627024724958,0.20676497691459808,-27.225029729788098,2.463222156292952,-0.23161107814647602,2.6028485616054406,-8.917491185284714,350.72070963401524,1.6028485616054404,8.917491185284714,0.6238892581332718,-38.50200627987705
2026-01-15,1562327,599784,8.97,4.22,0-10,non-HCS,-14.075507695674675,14.130241597373175,2026-01-01,2026-02-01,0.06453211748660378,0.10262110390002337,0.14526477105380423,0.24921425691296387,0.17775731528551758,0.21427366695680675,0.2341170532049176,0.2608910727017932,0.3434964441133468,0.28420887555426216,0.2604805700796524,0.03870777294012284,-12.516255468931938,-21.779390046504002,50.0,4.11893679976377,0.24401648003234544,0.28080765611925473,0.20655698150582064,0.6351072018695285,0.00038124710247967636,0.15876821181459275,-0.004554680740361278,0.4166526999281914,0.5886351349232184,0.021371907060337977,0.15472032839617467,0.07080247041046414,-4.441394043979707,-0.1590694870821941,0.26351080409759225,0.22786869494617373,0.37677356585060223,-0.23271610373668417,0.4649692865608623,0.09314659637976642,716.4380509119402,0.1743184847420843,0.8952523009078404,2.025084417041318,0.04231211202668965,0.8737910528825482,0.23793741698972015,0.8737910528825482,-0.23257591086675067,-0.08496456877561184,-0.2442305173073137,-0.6390333931913692,-0.5399369320619156,-0.32074424923261713,-0.4166526999281914,-0.23043149559328763,-33.37676505329528,26.419426963763517,21.377819776131027,1.4758236032318228,-0.06560386400836937,-0.20194423087834956,-0.10895559839427928,-0.1590694870821941,-3.562876409286616,-0.5399369320619156,-0.8434731353978453,0.1590694870821941,0.06560386400836937,0.21808496647623668,0.1767679180202621,0.15571064952152314,0.15862288144629436,-24.250683509134756,2.5401930442395595,-0.27009652211977964,2.740088327580495,-9.263134577572064,272.5964097795575,1.7400883275804953,9.263134577572064,0.5746834710341684,-34.295645515435936
2026-01-15,1518800,568575,50.65,23.81,20-30,non-HCS,-14.365716653956346,13.737630532021294,2026-01-01,2026-02-01,0.023169414690439656,0.0575833273122624,0.09971218272072895,0.21995414101906377,0.13714331567265511,0.1745685311826135,0.2013525190239757,0.24497321181144624,0.29915152577341253,0.17528174508240987,0.25144737545383045,0.0034287081792968464,-11.465938581145139,-20.472366749223905,35.0,10.074495563131983,0.35674111103765144,0.2876889529259259,0.1283873568558966,0.6165115281791617,7.272335021500005e-05,0.18279892019046218,-0.007714942786643801,0.5850410565573148,0.809402140217761,0.029597241602386394,0.19283930668613758,0.09919877989707583,-4.60135439208611,-0.15256505528769276,0.376148343971983,0.4261640133615677,0.43846830532256154,-0.2450445115093489,0.5525294340356801,0.12006350059365997,717.5214037007939,0.2200443427083621,0.9393220727749466,1.8007477248710566,0.04663770683759255,0.9360279611058545,0.16029860656523276,0.9360279611058545,-0.31409887316015156,-0.06823950462595986,-0.5392365301227393,-0.6553512034882213,-0.6771645561728562,0.2008662642732434,-0.5850410565573148,-0.12207224771784402,-29.43732691343007,39.08477516462946,33.90358924564516,0.8211324982446557,0.11302717568815251,-0.30028322730984675,-0.25045516684062796,-0.15256505528769276,-3.6096718486180843,-0.6771645561728562,-0.9347228793585076,0.15256505528769276,-0.11302717568815251,0.2425907202035019,0.14333897250773237,0.06151186382973649,0.24517823201492828,-22.583792278710405,2.563989108057957,-0.28199455402897855,2.7854941925896193,-9.006428168078767,234.73489975727927,1.7854941925896193,9.006428168078767,0.5600690297119557,-31.938305330369044
2026-01-15,1562356,599435,30.43,14.3,10-20,non-HCS,-14.07873980597762,14.130516186404165,2026-01-01,2026-02-01,0.06041883236346802,0.09740919475925379,0.1398822035312196,0.23579103335795273,0.16462467372760006,0.19972295270683207,0.21827997961491918,0.24595057644035614,0.333200844094671,0.2792102853342948,0.24671126984316719,0.03130321781440027,-12.974735602645632,-20.234064992426834,50.0,4.191547742691143,0.23490741368980173,0.26893537831920794,0.20294509943697203,0.6961700096787894,0.00031296059389141406,0.1478301474340281,-0.005482646376180046,0.4153113561195455,0.5920538823626443,0.01329801631239794,0.14454591911471637,0.061671834964137064,-4.19097623089573,-0.17119719032338726,0.2552985424804889,0.23437131585648788,0.3978679970969272,-0.24205150575322232,0.4698602504319671,0.0963318447349575,719.4159383111296,0.16428873086400772,0.9001765890808534,2.132106250414856,0.02676464828511995,0.8690791347630484,0.1659202714846768,0.8690791347630484,-0.24013338953591173,-0.11526230330664455,-0.23428607101184618,-0.6193485682509068,-0.5475758297762409,-0.31099808838725396,-0.4153113561195455,-0.25817166779490947,-32.52632166362576,30.775785947659518,24.514263727691567,1.5267345812151722,-0.08430901125961658,-0.1823870347728322,-0.10385935270225694,-0.17119719032338726,-3.649513951459622,-0.5475758297762409,-0.8490690189926914,0.17119719032338726,0.08430901125961658,0.22991656212568953,0.1679811432873811,0.17179116265464348,0.15839404820629321,-23.482168095847594,2.437193109037388,-0.21859655451869417,2.559497288584515,-7.259329389781202,262.5316434434861,1.5594972885845149,7.259329389781202,0.6412322787092851,-33.20880059507247
2026-01-15,1518829,568363,7.2,3.38,0-10,non-HCS,-14.367676756796524,13.737897771128862,2026-01-01,2026-02-01,0.03325320032220684,0.07568290498394672,0.13801326310556938,0.26100728729073697,0.17947298053604935,0.21181717192866237,0.2390622513225226,0.2914584545784867,0.3410317722226798,0.1992651570192833,0.2936159380668423,0.00709566904068416,-14.580712789727608,-19.870553857858873,35.0,7.6411541189051855,0.284573204084881,0.30246775013904387,0.13465594399401704,0.6005168211230107,0.00020633316698926056,0.16713979939871923,-0.019900653459882775,0.550429999325897,0.7739880023175485,0.02692057367493099,0.1838209716704936,0.06876890266713688,-3.5454362329072593,-0.13292241369957064,0.30823982389631355,0.3894916615799291,0.4945777617059515,-0.2216730484903117,0.5588727114113071,0.08266037667669125,714.8090930726542,0.20521336936783482,0.9166666628221691,2.064422397203532,0.04339774315622218,0.8990215925640015,-0.009470114854958522,0.8990215925640015,-0.3454296883544996,-0.10097009209923373,-0.5786681089745875,-0.7304144157428722,-0.6367639100630017,0.19492076237732192,-0.550429999325897,-0.05225820829924307,-32.68854946716969,23.895469146394245,22.459486592336905,0.6505402024105709,0.1341425736750531,-0.33540589303513546,-0.2526431219885894,-0.13292241369957064,-3.242409041564978,-0.6367639100630017,-0.9153022943077772,0.13292241369957064,-0.1341425736750531,0.23895412903879845,0.17597383036380299,0.06811604476753648,0.21141313714894922,-24.360724266974334,2.3070912383131117,-0.15354561915655576,2.362797151580824,-5.289841068131265,289.72683877425413,1.362797151580824,5.289841068131265,0.7337849208446138,-34.45126664758648
2026-01-15,1561899,599289,7.75,3.64,0-10,non-HCS,-14.08010895788903,14.12638975127999,2026-01-01,2026-02-01,0.05787373159829091,0.09395279597170304,0.13243088594927693,0.22337549700072085,0.1617697239020802,0.19387875363570609,0.21130351135075487,0.23734334033911855,0.32722328879580587,0.2736812754752796,0.2523414395568649,0.033644260394553475,-14.118102076692216,-19.306436158509957,50.0,4.462016371147154,0.2354143819356484,0.2602388881186401,0.20359620838654902,0.6257972690514103,0.00026112246336848705,0.14354467093235543,-0.0023990256041617544,0.40785112419920516,0.5884523354138419,0.01927035793427698,0.1390956945446098,0.0615930170551699,-4.357660083651233,-0.18860882819574884,0.25560140404851744,0.23763346860962245,0.3845555686368672,-0.25009961393397817,0.4658836661802629,0.09028305127557992,716.0066115080283,0.15940161150344717,0.9047348927422251,2.0862284682139505,0.03831182920628261,0.8692533601019427,0.15455874306718098,0.8692533601019427,-0.2283431328766643,-0.08833280989732205,-0.23630233798957267,-0.6015627760360613,-0.5538550294299573,-0.28907081296142567,-0.40785112419920516,-0.25700148061026123,-31.609082575597522,36.04471874287878,28.178544531895273,1.5300245245538981,-0.10120730922540178,-0.1742300569086599,-0.10492443204019825,-0.18860882819574884,-3.6942630468711295,-0.5538550294299573,-0.8542903462509983,0.18860882819574884,0.10120730922540178,0.24079380029951788,0.15943826400264346,0.18165543575449225,0.16763217336372258,-23.63471764414049,2.3104506063963197,-0.15522530319815978,2.367495152934419,-5.188334081817741,272.5702364229851,1.3674951529344188,5.188334081817741,0.7312640179046815,-33.42453823520217
2026-01-15,1561823,599942,22.07,10.37,10-20,non-HCS,-14.074062391051706,14.125679445953923,2026-01-01,2026-02-01,0.06390395209275404,0.09896799729698719,0.15329926474677288,0.22941448457867783,0.1807360307258718,0.19576097550966282,0.2143080192563288,0.24659419051535866,0.36375705402563596,0.293759784387315,0.25408794843756094,0.03719277534606483,-15.564571799926394,-20.587174121464333,50.0,4.571345334915798,0.17458990691864837,0.2454374098849549,0.20211818544986854,0.5967550087772429,0.0003444692587497575,0.11394968670067535,-0.01926722224555255,0.39723948286340505,0.5642691075410464,0.013066769901906805,0.11312311627195848,0.020897165315053284,-3.0053067510304463,-0.22648181968247444,0.19888289868357556,0.215285967507685,0.456655431049414,-0.2502747456626703,0.4848615493521256,0.03990720918081215,712.1458761542069,0.12934298331152724,0.8938476891054729,2.5254043758544085,0.024468807986479067,0.8359921642477133,0.06627611154416368,0.8359921642477133,-0.28843869575193526,-0.1183362866242187,-0.3086704409941483,-0.6518733086680775,-0.5722384296501626,-0.35309059250009944,-0.39723948286340505,-0.23819757743170478,-34.1812007111353,31.70368045232962,24.401876785978203,1.372778714421917,-0.12299018439077648,-0.16453653302700483,-0.11880563582833532,-0.22648181968247444,-3.8042848789051353,-0.5722384296501626,-0.8519826538098882,0.22648181968247444,0.12299018439077648,0.2760918705796014,0.16923980500597177,0.2076516579855052,0.1635126377886838,-25.563144692748494,2.277862227315893,-0.1389311136579465,2.322694538988968,-5.0226023215379385,320.4305497711182,1.322694538988968,5.0226023215379385,0.7560324553576618,-36.15174592139073
2026-01-15,1518608,568330,10.88,5.11,0-10,non-HCS,-14.36798733137473,13.735900351002366,2026-01-01,2026-02-01,0.037191599219016235,0.07887232882864967,0.13986941930743907,0.2662929261409367,0.17860125501035504,0.20932892423916497,0.23929502511933703,0.2893928254164575,0.3501359202686969,0.2075714798988713,0.2840964362387633,0.008802395143430179,-13.670736627844462,-22.38003822749214,35.0,7.079653007928055,0.2886035190660136,0.3070793531912975,0.14531751959393263,0.6332474450617449,0.00023170303911432995,0.17303379751347212,-0.019316360869155967,0.54298801693931,0.7549028295600607,0.023988175589999692,0.18805609318523175,0.07458123724561362,-3.686495734758175,-0.13601406653192907,0.3112634842945242,0.3591187228517349,0.49050947193093175,-0.2179346101732072,0.5465072088217235,0.0792092775258035,717.5077450308469,0.2092729423185351,0.913709266774608,2.03672985702435,0.03978833476865238,0.9007016622025987,0.1515074296989649,0.9007016622025987,-0.33597929190711556,-0.10619835054943019,-0.5808060275735268,-0.7421637182985279,-0.6323039056027442,0.08420312753798731,-0.54298801693931,-0.07501882517761381,-33.50701982715538,22.6519334408499,21.349293629626093,0.6443827803554831,0.12392035673836281,-0.3227996082328521,-0.24716833097576227,-0.13601406653192907,-3.278805447239064,-0.6323039056027442,-0.9106613476829278,0.13601406653192907,-0.12392035673836281,0.23506388985977314,0.17953293219254346,0.06752904739532536,0.21479814928183155,-25.491747367237984,2.4831686217339897,-0.24158431086699483,2.637076248101264,-8.709301599647677,305.95160832913604,1.6370762481012642,8.709301599647677,0.6108450972639995,-36.0507748553366
2026-01-15,1518114,568644,11.72,5.51,0-10,non-HCS,-14.36509516094484,13.731426329727144,2026-01-01,2026-02-01,0.05019083201188447,0.0938983803562853,0.15286222290088572,0.2745962467082998,0.19309558340832483,0.22651686445866148,0.2521266604777816,0.2948178916906222,0.36143740860193935,0.23319263486342517,0.28941192762138923,0.014780854198681147,-14.05980249747063,-21.23908114263571,35.0,5.471028603345005,0.2624648668399463,0.30480368118185774,0.16902033817889656,0.6119040235604688,0.00037009308451524495,0.1676464668530304,-0.015256294200199597,0.49036770981288713,0.6909308571654991,0.025761602741137864,0.17749382852549167,0.07009615642256391,-3.7705293975325485,-0.13653548231072915,0.28478561652717377,0.30333671498405734,0.45326157561985153,-0.21445177283034833,0.5147717934496041,0.07964797331496448,714.8428315581277,0.19688324781600836,0.9000274826984889,2.134287394628903,0.04551652825856331,0.8858812654792818,0.13214016570785092,0.8858812654792818,-0.29996393733919186,-0.09687591920132024,-0.49752542878527195,-0.7274118587786172,-0.5875642432099705,-0.03153988202988145,-0.49036770981288713,-0.09406089527329908,-33.807488022343996,20.47252063466621,19.40043911214117,0.7898397443352461,0.08153705870187782,-0.3060772937142509,-0.2134154362212033,-0.13653548231072915,-3.1917292932875934,-0.5875642432099705,-0.8857580019255601,0.13653548231072915,-0.08153705870187782,0.22585574348123438,0.18937340866659813,0.08619043967373335,0.19185571078013938,-24.960079990234075,2.4067708609916507,-0.20338543049582547,2.5106244306388117,-7.179278645165079,298.6172860932109,1.5106244306388115,7.179278645165079,0.661977907756411,-35.29888364010634
2026-01-15,1562656,599648,17.8,8.37,0-10,non-HCS,-14.076755618607526,14.133220833943264,2026-01-01,2026-02-01,0.06686645571928504,0.1058624040774021,0.153887614784392,0.25838654622184937,0.1819739429741551,0.22049659174448305,0.23707431258593858,0.26867069022598977,0.3551451375520011,0.2930330838495438,0.27415808421254884,0.040136010105513736,-15.518477494879418,-21.57927979957944,50.0,3.9509319110572827,0.23307264485141493,0.2837504765266275,0.20472468758671308,0.6845905771151127,0.0004456121973198659,0.1554845734186846,-0.00902926234887283,0.41873598268200884,0.5888341978692219,0.015211857821453454,0.15328135651067976,0.06350869471774735,-4.067404021239628,-0.15770757059356244,0.25346951451530664,0.22576394242408465,0.3946598828427664,-0.22750985930038878,0.4711569279589141,0.09571545106341421,717.2718904326613,0.1718215903246586,0.89041418495198,2.088543233066059,0.03025730214041451,0.8680262176428236,0.00036443523857632165,0.8680262176428236,-0.2489855015354896,-0.11124473696298223,-0.25588658986761303,-0.6620333307103713,-0.5407346105305009,-0.33212629277157646,-0.41873598268200884,-0.2338052588780099,-34.589404437098175,23.66242423710921,19.201189305016538,1.4499084904858268,-0.06283152745797005,-0.20201507848430722,-0.10974932356175607,-0.15770757059356244,-3.5683077032619672,-0.5407346105305009,-0.8393376906276696,0.15770757059356244,0.06283152745797005,0.22028393683218025,0.1840759389034251,0.15756519109908868,0.15266728878082478,-26.232075749724565,2.326747639033441,-0.16337381951672045,2.390553925583221,-6.060802304700021,334.8775679254796,1.3905539255832207,6.060802304700021,0.7191378785116758,-37.09775729445886
2026-01-15,1562425,600000,23.88,11.22,10-20,non-HCS,-14.073503070909714,14.131119885741303,2026-01-01,2026-02-01,0.05574459600919749,0.08947902493836249,0.13425615957445086,0.2371399991323843,0.1642647065934451,0.19582788593628825,0.21787683638908412,0.24958137994741691,0.3341102006242556,0.2669777128735887,0.24950293670682352,0.03050588235697326,-13.39229202640694,-21.723733485691245,50.0,5.088068520952495,0.25723493870747677,0.2764270013382023,0.1994584220192174,0.655372321503188,0.00025490685789722597,0.15832253382345876,-0.011042705706923374,0.45208932521345707,0.6193408807844586,0.018415658308079657,0.1560998118776432,0.06782027082813213,-4.164663422378018,-0.16975084040790167,0.27701912673562595,0.23229298862714937,0.40092126404712747,-0.239650721186047,0.4803787927831056,0.08765295370589142,718.0868533269271,0.17710172095080365,0.9062672401849252,2.0084215136533303,0.03512470499534648,0.8814868840406112,0.2223592820604754,0.8814868840406112,-0.2665454954050868,-0.09367916459114821,-0.3036209921242997,-0.6441775694982533,-0.5775198256305268,-0.3933927915772656,-0.45208932521345707,-0.23817927375299738,-33.16609483819986,30.72001847039401,25.311718049360124,1.3954971626181814,-0.05918798929415688,-0.19315597908785992,-0.12428182838860886,-0.16975084040790167,-3.774876243353895,-0.5775198256305268,-0.8665420945229827,0.16975084040790167,0.05918798929415688,0.23051762868222908,0.16559648896852427,0.1560962319338784,0.17608515800252675,-24.83077976792443,2.474509363618839,-0.2372546818094193,2.6221072123320157,-8.331441459284305,290.9305827442123,1.6221072123320157,8.331441459284305,0.6164820625896571,-35.11602551209818
2024-05-01,1427175,481301,103.58,48.68,40-50,HCS,-15.172371979119248,12.909870871909455,2024-05-01,2024-06-01,0.06974391313855688,0.09395492307395074,0.12789851821942474,0.19099415322527188,0.15273717525025637,0.16663255074304797,0.18639774460050462,0.2145666918771784,0.337927900756579,0.29047664966872677,0.2281254386125363,0.053425445239977165,-12.336292280738254,-17.172834544786962,34.0,4.096207287095269,0.1789935343870051,0.21904271014274193,0.23917882682586963,0.5625184450138386,0.00021563768871242414,0.10989928068695137,-0.009732585210080136,0.34054937609069863,0.4650269973143269,0.015622849343881154,0.09830397296258497,0.03307640633753874,-3.7732476745217203,-0.27779848925783107,0.1978585293917279,0.14789970714247502,0.3489990690387011,-0.27462436854932837,0.4386134382754838,0.043508743509029155,716.1104205618539,0.11557491696903333,0.9024845655019811,2.180320524114641,0.03239710086358127,0.8353792727807698,0.20474058170723652,0.8353792727807698,-0.22315232686098316,-0.06950028149839746,-0.2248296624478323,-0.5613710225665243,-0.5649054887590597,-0.5469960299801067,-0.34054937609069863,-0.31077431856654825,-31.02980098599084,55.74821053729569,35.631092992565016,1.5930730692727932,-0.20662207520267248,-0.13127462472192614,-0.09260135874833342,-0.27779848925783107,-4.023274963415702,-0.5649054887590597,-0.8505462994025146,0.27779848925783107,0.20662207520267248,0.28227136992011104,0.14336936574084339,0.23212196961226142,0.1809528702043372,-20.866103685222736,2.327799754472242,-0.163899877236121,2.3920580150002144,-4.836542264048708,211.84910623325064,1.3920580150002144,4.836542264048708,0.7183608651539182,-29.509126825525215
2024-05-01,1427168,482300,94.78,44.55,40-50,HCS,-15.163162937491657,12.909813482478782,2024-05-01,2024-06-01,0.08514030635400924,0.1106286942353541,0.15127662559929944,0.217179616200607,0.1756136090366756,0.18687677191930824,0.20771588060999377,0.2365239659101431,0.35583369939022613,0.2992657528229971,0.242620568111693,0.06019272631312139,-11.128276145133507,-16.66326192060344,34.0,3.344926654948612,0.15986150257962692,0.2298776678076515,0.2453288557157174,0.5916367118765415,0.00040209295371763405,0.1108517187503342,-0.015159543482600485,0.32504033172175517,0.4367535845168917,0.013164349762389602,0.09868093334749461,0.026543690477011703,-3.447189340829593,-0.24197357970059236,0.1788624621457676,0.13019624049063933,0.3539033694024172,-0.2594675474051409,0.4358983781488768,0.03107161865351754,717.0652203821475,0.11382782590989489,0.8838961798352254,2.382090531174937,0.027747240696753002,0.8239311027906202,0.23502962236489622,0.8239311027906202,-0.22995461920634128,-0.0839419353243972,-0.2121341044063978,-0.5726243696496045,-0.5256693969454117,-0.524044036180436,-0.32504033172175517,-0.26038643436111425,-31.371221465992008,36.583504446823994,26.453127318884384,1.505487274205755,-0.15894447224414623,-0.1818407875716468,-0.10140114172087619,-0.24197357970059236,-3.658104118268137,-0.5256693969454117,-0.8297563242140201,0.24197357970059236,0.15894447224414623,0.2530056209985422,0.16562036019561227,0.19687857351250962,0.15503643644613826,-19.651585025886657,2.398321659087576,-0.19916082954378805,2.4973803402506713,-5.5349857754699325,185.43338013116278,1.4973803402506713,5.5349857754699325,0.6678329968140182,-27.791538065736944
2024-05-01,1428175,481300,118.71,55.79,>=50,HCS,-15.172387396010482,12.918913600810363,2024-05-01,2024-06-01,0.07334875170770216,0.10037049154154111,0.13564029116840925,0.20365567065371504,0.16359669580820752,0.18003379378535114,0.19875801767994924,0.22352458885521764,0.33287397117534084,0.2823522312510064,0.221451154406233,0.05604013783433995,-10.735191179139663,-15.579718880582336,34.0,3.8504947108601844,0.1815270741696235,0.22877016342218934,0.23709872671542517,0.5441351651615745,0.00027828982175493296,0.11587880607997203,-0.0082480597930292,0.3397246420057778,0.4704145797932314,0.018466900821776894,0.10440568619604484,0.037022574653952804,-3.8788469924655473,-0.24084093486636501,0.20046032708447856,0.15554833954157612,0.3459991491096133,-0.266450682795879,0.438455182652581,0.047833642458750374,712.6708219257644,0.12155791743173057,0.8965162666440152,2.1703257989065006,0.03811467586545208,0.8369350793726349,0.23521189941025156,0.8369350793726349,-0.21682871786090432,-0.06397885467681133,-0.20445920025836017,-0.5511075399947806,-0.5366565522286592,-0.47158414076932453,-0.3397246420057778,-0.26629851141458244,-29.991559140363083,45.647130562406204,32.903444223353006,1.561357394991723,-0.16192444667848072,-0.16905866153223978,-0.09860061010781643,-0.24084093486636501,-3.718474101710017,-0.5366565522286592,-0.8430855522647652,0.24084093486636501,0.16192444667848072,0.25688134169040966,0.1526959466281013,0.20286146740178695,0.16429230287197533,-18.60745134954352,2.368196409598054,-0.18409820479902683,2.451275400745208,-4.844527701442672,167.25126070030316,1.4512754007452078,4.844527701442672,0.6890490939807257,-26.314910059722
2024-05-01,1426175,481300,70.22,33.0,30-40,HCS,-15.172375003372949,12.900828124605349,2024-05-01,2024-06-01,0.06378198034257973,0.09322042031931738,0.11393589276869945,0.19775554072249413,0.14619885352570866,0.17389641642196313,0.19073281128460232,0.2089885709534896,0.2956303940918104,0.2556439194184463,0.20704999566078186,0.046950001269578934,-10.788186801726445,-16.312366039102837,34.0,3.8872644490726618,0.25378962283101136,0.24489497792360038,0.23541146411966346,0.5573951370100358,0.0001957993896465086,0.14935724665358405,0.008722967527355574,0.35925689541121814,0.5122536905386514,0.027802745541985776,0.13275686930693154,0.07914416559495759,-6.953597094903273,-0.19837382151186253,0.2689186770869752,0.1875031200327503,0.2884125702994376,-0.26596749500026695,0.42052340156887136,0.08652912272268935,712.7531170643904,0.1548981136709953,0.9094551583667333,1.7991669391888436,0.05600075479962615,0.8768800813606015,0.2977933564871298,0.8768800813606015,-0.14448522307101264,-0.013456916792417804,-0.1560580018698684,-0.5071568509351951,-0.520533752974186,-0.3791231995992501,-0.35925689541121814,-0.272357930169737,-27.294074310506375,52.16266920230482,40.115620306243905,1.6592613320847205,-0.12767632912036858,-0.17751103386977468,-0.09210631131764947,-0.19837382151186253,-3.576427879876513,-0.520533752974186,-0.8508037801538789,0.19837382151186253,0.12767632912036858,0.22057506461332785,0.14233609089283109,0.17119208335685793,0.17181728145634476,-19.16298468765474,2.407680187915115,-0.2038400939575575,2.512058174270059,-5.5241792373763925,175.9808520079799,1.5120581742700592,5.5241792373763925,0.6613502158954608,-27.10055284082928
2024-05-01,1427175,480300,97.64,45.89,40-50,HCS,-15.181599411413139,12.909864624945415,2024-05-01,2024-06-01,0.07323173629413943,0.10422765568839394,0.1408140878203835,0.24058853072602526,0.17918786048040286,0.20403856876448914,0.227790590034392,0.2584951523866353,0.351262870628252,0.27999505560108107,0.253301386263299,0.05634653576441093,-8.25391025373622,-15.091490288708085,34.0,4.013647342957867,0.24473636068017318,0.2742376800584457,0.23009060113801,0.5591385824913189,0.0003680331725101957,0.16236845372576214,-0.005590512737735032,0.3954596112658855,0.5332886751419794,0.029753574679856593,0.1498919199082136,0.07423100611672373,-4.9085167399097385,-0.18699683678872972,0.26159873596541994,0.17466485739625054,0.3312234149429404,-0.23847976683049057,0.44243110644210504,0.06484601892685748,712.2032854596382,0.16979943241521298,0.8934809904429061,1.8465850532070103,0.05788858398691038,0.8726962449589318,0.3136847814927868,0.8726962449589318,-0.21294703798180403,-0.033454571961806526,-0.2783015895379658,-0.6239749904165619,-0.542349841911147,-0.46483452341605713,-0.3954596112658855,-0.21953603148160145,-32.56190389059335,29.17322452057625,23.406488068319877,1.357574423853941,-0.07569682546674626,-0.21783584874489526,-0.12480933437232658,-0.18699683678872972,-3.565428936988261,-0.542349841911147,-0.8465841635084886,0.18699683678872972,0.07569682546674626,0.2211903525598773,0.1718282598564554,0.14563652758876416,0.1781967125993555,-16.507691033078473,2.5857753455581496,-0.29288767277907485,2.828404940782675,-6.8375800349718645,124.56380643812827,1.8284049407826746,6.8375800349718645,0.5469247964140459,-23.345400542444306
2024-05-01,1439717,453863,32.76,15.4,10-20,non-HCS,-15.425491407417486,13.022992656463485,2024-05-01,2024-06-01,0.08584786764919598,0.11517018804779615,0.15248667080380393,0.22335282212557628,0.17750347488965157,0.19311682878207395,0.2122814635611295,0.24026090922238413,0.3590171354072532,0.3098038218019561,0.2327083323066435,0.06799817377793711,-12.198125487270111,-18.23473276922614,30.0,3.0491100016068664,0.17001184262545377,0.23760684239776553,0.24284786373005585,0.6066078315139327,0.00045175553140191203,0.11855175160468948,-0.007994162357407616,0.31957246871453454,0.44471102110587635,0.014609110691342278,0.10569029077573722,0.036896150477679336,-3.8782922886604645,-0.23295211493465345,0.18855429686067612,0.14586908771418847,0.3450698914997598,-0.2548741870269534,0.4313568090396114,0.04212762694796076,715.9406813824565,0.12136838751941222,0.881742119383069,2.192226407812685,0.03151463975730132,0.8297917189636663,0.1841919442243034,0.8297917189636663,-0.2052510302665072,-0.0818916336267447,-0.17926548501384287,-0.577232553981047,-0.5142418097192607,-0.45740577435914587,-0.31957246871453454,-0.27149264501169734,-31.91457782147106,33.96855077137896,23.74841110652487,1.5796702910284792,-0.16214934327655192,-0.1750474720521058,-0.0900252691556937,-0.23295211493465345,-3.6176191398642463,-0.5142418097192607,-0.8192023891172387,0.23295211493465345,0.16214934327655192,0.24649933980595368,0.16970841674202228,0.19843363907103911,0.15137048768308908,-21.51928044405751,2.396716419540872,-0.19835820977043603,2.494879913168281,-6.03660728195603,222.4295585458569,1.494879913168281,6.03660728195603,0.6689500549114866,-30.432858256496253
2024-05-01,1439717,454863,64.32,30.23,30-40,HCS,-15.416269234156125,13.023007624774584,2024-05-01,2024-06-01,0.07972027044170177,0.10787565362568081,0.14474215445610195,0.20878595968851676,0.1685791181772947,0.18184338366182948,0.19752359581108275,0.22174984692954097,0.34999227194831917,0.312547927384193,0.2240083082536092,0.062214999088587665,-11.755271520945618,-18.302296654499568,30.0,3.3379994480760047,0.16172988590221,0.22529860102295232,0.23987702762164334,0.5881459073147366,0.0003516763822892305,0.10823059819204187,-0.008711117646442085,0.31866920971791696,0.44735841298318113,0.013622479412915563,0.09699357154794663,0.02952912761199261,-3.634749552036432,-0.25270546393005505,0.18115618721688495,0.1500852607749938,0.35757079914065,-0.26455352961518225,0.43552684392701574,0.037852208162774535,711.7385181316395,0.11255131056215589,0.8888205861965032,2.288604808349901,0.029090616726439027,0.8253218688589834,0.12202429907253254,0.8253218688589834,-0.21322744865901877,-0.08564878289462263,-0.16115616290615187,-0.5668949247953984,-0.5287913933239856,-0.4818539085962632,-0.31866920971791696,-0.299232417996546,-31.95420902678852,41.426527124833996,26.39914341245372,1.6955550087484017,-0.19903169594115547,-0.1340887776549437,-0.07533287374804624,-0.25270546393005505,-3.8201865312829497,-0.5287913933239856,-0.8242608408034158,0.25270546393005505,0.19903169594115547,0.2633011891729881,0.15935183806576866,0.2263136046679051,0.15323093335984844,-21.25391028283425,2.435632390174691,-0.21781619508734532,2.556943761093771,-6.54702513355395,215.14846663053703,1.5569437610937713,6.54702513355395,0.6422839571915483,-30.057568175445184
2024-05-01,1440717,453863,38.04,17.88,10-20,non-HCS,-15.425506846284799,13.032035103297703,2024-05-01,2024-06-01,0.0809103805014648,0.11787124095869173,0.1582544397753232,0.26221749700981123,0.19690870936216645,0.23120980400710964,0.2528216069086567,0.28625977172250244,0.36693771972375755,0.2889661151759673,0.27991792418690015,0.06001568580048443,-12.787984593422069,-16.58164914039437,30.0,3.4053381180933027,0.22939276183777985,0.28416713458351117,0.22661683030415558,0.5753041573917183,0.0005765450954869306,0.1619446733872009,-0.0034223383594045448,0.3797698843239105,0.5283951797311723,0.02842719081469838,0.1514397974505317,0.07242415844097468,-4.731656493956521,-0.16644576716319698,0.2472532602993057,0.18593701060354462,0.33451894311315655,-0.22551691026049617,0.44324497426871395,0.08012055908303264,713.8051414224575,0.16941807742274945,0.8804206606976339,1.9449390638182353,0.05695720013428254,0.8644381182590838,0.1671633754657449,0.8644381182590838,-0.2068649269218397,-0.05206340639278845,-0.2671634725788059,-0.6403858709961509,-0.5137414919362532,-0.3431474031652596,-0.3797698843239105,-0.18946733019416973,-33.0328708324873,22.58075653882159,18.88530054177419,1.293671498466849,-0.04852941483525161,-0.25332477513363183,-0.12960855604177052,-0.16644576716319698,-3.3111048348135093,-0.5137414919362532,-0.8301200958361422,0.16644576716319698,0.04852941483525161,0.20967416877152303,0.18946953395540378,0.1317047939421891,0.1608498666080019,-20.76746717414678,2.2583392480379656,-0.12916962401898271,2.2966585171617817,-3.7936645469723,212.04587374089348,1.2966585171617817,3.7936645469723,0.7712130732684124,-29.369633733816435
2024-05-01,1438717,453863,58.95,27.71,20-30,non-HCS,-15.42547598020038,13.013950203316885,2024-05-01,2024-06-01,0.09149952131388815,0.11959073935597585,0.1587218463805769,0.22151789606387334,0.18138863393741347,0.192351033029961,0.20914714001531542,0.23786494161150118,0.3717685189524261,0.32299459682179565,0.2379000037908554,0.06975000351667404,-12.767799525270913,-19.146084178065692,30.0,2.848826878487011,0.1461281874670017,0.22703540294302801,0.24742164891158627,0.6030898936857554,0.0005028525149692629,0.10553230275031668,-0.01103988898251336,0.2988114228842133,0.4153710545540473,0.011779162967486016,0.09303084371208026,0.024510758735696823,-3.4711214254311717,-0.2532514129527555,0.16514856989855659,0.1330768077738136,0.34947732802775255,-0.2578036251827237,0.42919591693878173,0.029331644621774913,713.1282457759835,0.1070095679426665,0.8762939055399149,2.416838213751033,0.025626476779120614,0.8155664104771337,0.07120765208153723,0.8155664104771337,-0.2094666513047873,-0.0907398342006822,-0.1758554511418311,-0.5802019020260702,-0.5132248458380949,-0.4712529770656698,-0.2988114228842133,-0.28075073525191085,-32.5218704826642,33.85666025499753,22.448674716253883,1.5866144824841806,-0.1863624840270273,-0.16317201663360567,-0.08653386243727985,-0.2532514129527555,-3.6577677976451306,-0.5132248458380949,-0.8117564858780058,0.2532514129527555,0.1863624840270273,0.257819729008727,0.1718184582000562,0.21227109374887507,0.14861720591491867,-22.56652358062816,2.3997184869184647,-0.19985924345923237,2.499560213188689,-6.378284652794779,244.45336447950407,1.499560213188689,6.378284652794779,0.6668621847958902,-31.913883703336605
2024-05-01,1439717,452863,78.8,37.04,30-40,HCS,-15.43471356902864,13.022977360195954,2024-05-01,2024-06-01,0.07841402023072871,0.10713474327539402,0.14957428952843485,0.23623239772761043,0.17843818044724127,0.19933294891584474,0.22214233357284532,0.2598116703422297,0.3716629963763138,0.29700632747310873,0.2589433400512931,0.06054455245971283,-11.968693314130828,-18.026505514715904,30.0,3.729858413297678,0.20616657616132691,0.2591761382021249,0.23398575395122917,0.6204998934918496,0.0004055618291857549,0.14017149164571324,-0.01371882320837553,0.3759755638676177,0.5015737300329849,0.017421236408202204,0.1290076229815571,0.04954479843272839,-3.967957968805224,-0.22278602529689587,0.22461536064994092,0.15478800560003503,0.3569920060117552,-0.2440012566088884,0.44632647075165816,0.055310654638515123,717.4291680479347,0.1467443903606365,0.8878086829704244,2.0273676510926766,0.03555380136010612,0.8512434203269597,0.1252940303952601,0.8512434203269597,-0.2380299125621409,-0.07731524573605536,-0.3004037112845326,-0.6398437946049498,-0.5524843398244648,-0.51994499832046,-0.3759755638676177,-0.2493837767618737,-33.85938795977989,29.836969434501047,22.679473914838095,1.3277659102432122,-0.11397133567638412,-0.19983937065172977,-0.1231435494643828,-0.22278602529689587,-3.698392696826066,-0.5524843398244648,-0.8422747880126877,0.22278602529689587,0.11397133567638412,0.24715264455047647,0.17287381432782753,0.17331780531173266,0.17770218037863295,-21.20980849491631,2.403918789480349,-0.20195939474017446,2.506138142367883,-6.057812200585076,215.75371603112274,1.5061381423678828,6.057812200585076,0.6639497213899948,-29.995198828846732
2024-05-01,1445731,416832,119.52,56.17,>=50,HCS,-15.767155038994925,13.076585238719447,2024-05-01,2024-06-01,0.07722097183994162,0.10717802950720036,0.14191696226751022,0.25296851246447716,0.18018789902186272,0.21492505566948708,0.24060163032387416,0.27391579953151024,0.3440645797576009,0.26987906127441225,0.2835273803469876,0.057958535424654616,-11.37464310609706,-17.085284621642508,30.0,3.7805081845049884,0.26607413352813303,0.2888729011967878,0.23664478741570905,0.597471919118134,0.0004123939732361665,0.18201436425790696,-0.004781875093051113,0.40480878188951763,0.5322626824254185,0.03005180367505843,0.16572198810776917,0.09047193975364669,-5.551147757110562,-0.15258126974850966,0.28122470261115257,0.16245780860202608,0.3010165112022046,-0.22895410155124982,0.43490658776075236,0.08791702786551246,716.15517048545,0.18614373570577764,0.8908350592554248,1.756031110722385,0.05919368714128627,0.8838691660031774,0.33648492286569454,0.8838691660031774,-0.20211857948917622,-0.026547297376247107,-0.2686209106130879,-0.6178533580437777,-0.5249649421103076,-0.4978261456644194,-0.40480878188951763,-0.19928404029815175,-31.87852137955492,25.645050908936884,21.701718438226376,1.326957731119633,-0.03234317162267303,-0.25877139234199054,-0.13192290409232094,-0.15258126974850966,-3.4018588952098705,-0.5249649421103076,-0.8449013090833145,0.15258126974850966,0.03234317162267303,0.19088163227420324,0.1785316241704109,0.10998400693077111,0.17259302784492167,-20.1242078883637,2.4013110342497006,-0.20065551712485025,2.502050170917839,-5.710641515545447,194.33901493727208,1.5020501709178389,5.710641515545447,0.6657567232850435,-28.45992772773957
2024-05-01,1445731,417832,46.94,22.06,20-30,non-HCS,-15.75793145010793,13.076612467043867,2024-05-01,2024-06-01,0.07565046133019664,0.10495609157846852,0.14100123030762776,0.2434945815428232,0.178284625529235,0.21246996510496144,0.23422108125585853,0.2645538229950568,0.34644775606869366,0.27399241390547135,0.2741601069920984,0.05637040721978431,-11.547541707760722,-17.789433402214993,30.0,3.9187852011012723,0.25051493587576407,0.27779590888133027,0.23522584115857345,0.5799955497579897,0.0003782052063865549,0.1683394136636056,-0.006739508480887349,0.3975842225339338,0.525917992338699,0.02859823352988527,0.15375100140553422,0.07829128487735217,-5.06912469473959,-0.17451396172496134,0.26656558557017535,0.16226227551716843,0.30757650355497285,-0.2362267166741731,0.4384260508173066,0.08748544584017168,714.5487879567406,0.17381656848227933,0.8923961827746073,1.8257201278709079,0.05621939356110359,0.8755373124945478,0.23964181479401736,0.8755373124945478,-0.21164818969420304,-0.0321460377028382,-0.27336116510656006,-0.6153709196172752,-0.5349791893643451,-0.5032736223294058,-0.3975842225339338,-0.2116131928692643,-31.997335767536303,28.287452978948384,23.301859293419255,1.344736129581516,-0.05893449039473572,-0.238013346292747,-0.1283317421994081,-0.17451396172496134,-3.501570294337521,-0.5349791893643451,-0.8467121795771175,0.17451396172496134,0.05893449039473572,0.20866004135926233,0.17338467766636428,0.13055925675367072,0.17509058729523969,-20.744374039764786,2.425530694357905,-0.21276534717895249,2.5405385711020467,-6.241891694454271,205.42422416950936,1.540538571102047,6.241891694454271,0.6491236368620328,-29.336975109975715
2024-05-01,1446731,416832,29.82,14.02,10-20,non-HCS,-15.7671829930331,13.085627083533979,2024-05-01,2024-06-01,0.08258097861580745,0.11303206547764837,0.13909129195767578,0.24345206728830557,0.176771643152976,0.21336843091513397,0.23324459463467903,0.26071821298326514,0.3354392223252582,0.27279521606285195,0.2703472281514059,0.05916094103092638,-12.325236299009086,-19.354447983092253,30.0,3.190031114555217,0.25901572458134947,0.2796636070474086,0.24672814099185092,0.581649247741266,0.0004326301032846073,0.17886626915669382,0.004391860381813509,0.36585079060526704,0.49341958029558336,0.031686725728355854,0.15693742493570784,0.09422826329832004,-6.864115476918371,-0.1589022959705582,0.2728077035145294,0.1556700219198708,0.26484852093393785,-0.23580734549027166,0.415564655058509,0.09380422621176046,713.9863216178801,0.17737503926117437,0.8881321403285966,1.7659041500364354,0.06443693299304731,0.8790948205481188,0.22423991800674625,0.8790948205481188,-0.1537033198511877,-0.007500420665597655,-0.20030480003967277,-0.5713745961261302,-0.4959228447760806,-0.4412575593810619,-0.36585079060526704,-0.21359130670211832,-30.0387129827296,28.422987408854098,23.406680449586727,1.440647781840989,-0.056839328207344435,-0.25172044600654025,-0.11669018305647204,-0.1589022959705582,-3.3010619796711813,-0.4959228447760806,-0.8316308494983502,0.1589022959705582,0.056839328207344435,0.1854911661781425,0.1745389587757305,0.11634528677252316,0.1658216567681835,-22.40091958172274,2.4437677864141207,-0.2218838932070605,2.5703105006309936,-7.029211684083167,238.54814482849184,1.5703105006309936,7.029211684083167,0.6368167312121855,-31.67968428210134
2024-05-01,1444731,416832,48.58,22.83,20-30,non-HCS,-15.767127105977297,13.067543387528563,2024-05-01,2024-06-01,0.06061255046047698,0.09415144129843897,0.1087402584482253,0.2682061772194455,0.1593439734356681,0.23447352822959533,0.26232490322506136,0.29358162659593956,0.2956782124619828,0.21132175703145661,0.2983525027739583,0.04611367950983717,-9.190306726245439,-15.176391290247805,30.0,4.345454775263563,0.41361318449281453,0.33654797500818306,0.23002494423839207,0.6018687846983468,0.0002585312716840073,0.2719305740773686,0.018950073688175667,0.48033966177646653,0.6313315188088786,0.05504667434407026,0.24742897612892767,0.1875955478896475,-15.767820976758403,-0.048719268958762725,0.42304662859794473,0.21670991072786036,0.20525859934440832,-0.20903912363987584,0.41266984636014165,0.19077251385791827,717.2002753982541,0.27276338488646024,0.911944091067558,1.3927270442547424,0.09449270233222568,0.9607531569544514,0.4698868223402257,0.9607531569544514,-0.10253657843034794,0.07622153065246176,-0.2920237971225309,-0.6026658700734321,-0.5169611116536467,-0.3440183139711651,-0.48033966177646653,-0.1402281876187595,-28.937279478006086,23.027570909457772,20.945865888453238,1.2155710881871347,0.11862587374988129,-0.3593081455401577,-0.1719216815078507,-0.048719268958762725,-3.0143479224809595,-0.5169611116536467,-0.873904574071282,0.048719268958762725,-0.11862587374988129,0.10310407515555525,0.1757114027836828,-0.013495102594047344,0.20438025845755164,-17.229857402587168,2.49133325819941,-0.24566662909970513,2.651347636407767,-5.9860845640023665,139.4756909548971,1.6513476364077666,5.9860845640023665,0.6055660104224537,-24.366698016493245
2024-05-01,1445731,415832,83.36,39.18,30-40,HCS,-15.776378606861371,13.076557681122477,2024-05-01,2024-06-01,0.07335167162083132,0.1008175562121206,0.12491133266682812,0.2269073773692124,0.15923768545841188,0.192284387239025,0.21471129715602952,0.24202545395366423,0.329010368343779,0.2662837468703069,0.2395000010728836,0.06019999831914902,-10.296251333920328,-15.582860743566538,30.0,3.638986889906332,0.27655195471702065,0.2725804278082612,0.24525723603786434,0.6044763503412778,0.0002880864222741762,0.1787851263523136,0.0033721081365817585,0.3847428383894981,0.5114107510327617,0.028864568640104227,0.1573441711585074,0.0961357746335735,-7.114195512316075,-0.18366564435466004,0.2899108029016869,0.15769653992858132,0.26814273268013167,-0.24552399868509614,0.4176511253626595,0.09401031783587932,716.198607150342,0.17960871867571826,0.9000603045220326,1.634449448863446,0.05829446827351468,0.8887692630270733,0.33224893544803913,0.8887692630270733,-0.15811928376336068,-0.0078023911362631645,-0.23721778897559265,-0.5750519931359309,-0.5308934089552892,-0.5092803838410218,-0.3847428383894981,-0.2515644413633226,-30.260192908833606,35.11402757104708,28.019245089351532,1.438535858934035,-0.07983998001142312,-0.21965666403746276,-0.11898075888072197,-0.18366564435466004,-3.5348735635724555,-0.5308934089552892,-0.8491185027079157,0.18366564435466004,0.07983998001142312,0.20374777799676108,0.16047219756473005,0.13151419131850178,0.18779490071631547,-18.299295641077645,2.408561885262301,-0.20428094263115057,2.5134499186349326,-5.286609409646211,160.44505071724168,1.5134499186349328,5.286609409646211,0.660742048803278,-25.879112077486866
2024-05-01,1407415,450100,40.96,19.25,10-20,non-HCS,-15.459661726692921,12.730842274615942,2024-05-01,2024-06-01,0.07038856354810237,0.10186032557944119,0.14603815789711555,0.25077642247268306,0.18239783534268644,0.20542296622745382,0.23085262758766256,0.27448452778607274,0.3828763191586154,0.27737284104838184,0.2676660643958057,0.05062344513949336,-12.29714980191193,-17.592687882347693,34.0,4.334843841874984,0.2458318121319601,0.28201801224350265,0.2211480618080228,0.598053078887469,0.0003799821263541201,0.16374655224943918,-0.012706070286335538,0.4222931889992082,0.5616672637935264,0.02529443690663061,0.15563886913753544,0.06965011682692882,-4.333817612537794,-0.20847364495867188,0.26394762127429905,0.18271097242337056,0.3682625937026459,-0.23166452821923345,0.458825325322778,0.05937054121786995,714.1927602952138,0.17518381201894434,0.893362945181657,1.9109823725290151,0.04872548779917279,0.8740409723086779,0.1045302615027397,0.8740409723086779,-0.24887528728242508,-0.05911128506840842,-0.4239827670518176,-0.6947829452123377,-0.5797292130266538,-0.45963123759742275,-0.4222931889992082,-0.20657038515634318,-34.90062550188483,25.96380543731147,21.59933188037137,1.021540482729387,-0.050357768935216915,-0.23388912055794256,-0.1650820345215009,-0.20847364495867188,-3.617454011130965,-0.5797292130266538,-0.862557755942282,0.20847364495867188,0.050357768935216915,0.24438831904382316,0.17756828128669286,0.1373211263714637,0.20658740914222493,-21.13530691510519,2.354337024936369,-0.17716851246818455,2.4306313386222578,-5.2955380804357635,216.33991830751035,1.4306313386222576,5.2955380804357635,0.6989920974071706,-29.889837684259625
2024-05-01,1407408,451100,81.77,38.43,30-40,HCS,-15.45045015933526,12.730794803351722,2024-05-01,2024-06-01,0.07737422993549935,0.10232861509116799,0.1308249627168362,0.19614403679393808,0.15658837069112524,0.17321307783516554,0.18921426747280817,0.21055344409094406,0.31973896329219526,0.27543504223227505,0.2096279966831207,0.058060001581907265,-10.300001898177607,-16.586675605325805,34.0,3.386267258823021,0.18294198568756984,0.22330963307232213,0.24917005178296492,0.5613450512564755,0.0002686952083523936,0.11657566415638691,-0.0035419624699995628,0.31431831730728665,0.4342298899397644,0.017847975531239967,0.10118322143753489,0.04309654411326322,-4.488030347186817,-0.2395793745434942,0.19977145899102122,0.13886471943148973,0.30858370193157164,-0.2712470953632546,0.421298703222411,0.05040822961308196,712.2237996789281,0.11847918262185873,0.8962243425297145,2.11399253836694,0.038323134399351304,0.8365234360082335,0.19725647785342626,0.8365234360082335,-0.1829276345988468,-0.05154103660339478,-0.16123103586383725,-0.5094874930238493,-0.515107910050257,-0.4745498934771082,-0.31431831730728665,-0.275093126867691,-28.06315585347574,51.32053620726988,36.97059254739681,1.6209085820592368,-0.16813936191162018,-0.17248421524808238,-0.09250046829844631,-0.2395793745434942,-3.612998399437573,-0.515107910050257,-0.8379824410279141,0.2395793745434942,0.16813936191162018,0.244510445160942,0.14839002606437732,0.1952721111427997,0.1603907839746936,-19.011751986303057,2.4676422891098406,-0.2338211445549204,2.610356558114859,-6.286673707148198,170.842790219312,1.610356558114859,6.286673707148198,0.6209804871851708,-26.886677503503414
2024-05-01,1408415,450100,44.82,21.07,20-30,non-HCS,-15.459678018725313,12.739884880835682,2024-05-01,2024-06-01,0.06619516444310031,0.09445559596984461,0.13330263067789103,0.2055012946461872,0.16167862108788164,0.1781435169006286,0.19569016305682127,0.22031902540343998,0.32060511168968947,0.27408384804197394,0.2184000015258789,0.046950001269578934,-9.987964648048766,-18.124121350034972,34.0,4.401875582943993,0.19295727237790208,0.23428099898933558,0.2251893206520112,0.5600660199652674,0.00024440420150414165,0.11962505201196542,-0.010586603181302112,0.3702055266951334,0.512727072962356,0.01810981364678029,0.11108162066924532,0.03755386240450906,-3.7127862043099737,-0.21878429089118093,0.21309866436534208,0.17591221762101997,0.3767045099498309,-0.26443716404979584,0.45348220064145656,0.04845151028183942,710.9898436894606,0.12911002521906714,0.9015942140970885,2.1960419301696663,0.03620833948150615,0.8444516945126832,0.18989195195159714,0.8444516945126832,-0.24044502609663876,-0.07472023520362839,-0.20224280442549802,-0.5553464171465967,-0.5448588882216014,-0.4667148378765209,-0.3702055266951334,-0.25795068395529025,-30.000059059372173,44.883923982177535,33.70513560848534,1.5989083858607827,-0.1430039158664699,-0.16317127674697052,-0.0957569034541885,-0.21878429089118093,-3.7671605653588687,-0.5448588882216014,-0.8505673211857875,0.21878429089118093,0.1430039158664699,0.251116632059805,0.1515720214473676,0.199813619332476,0.15748731506493974,-19.878246642544404,2.578836924626711,-0.28941846231335544,2.8145960652329376,-8.136156701986206,181.02308332109519,1.8145960652329374,8.136156701986206,0.5510868336814294,-28.11208599808374
2024-05-01,1406415,450100,127.89,60.11,>=50,HCS,-15.459645447191157,12.721799662212849,2024-05-01,2024-06-01,0.04730438645721262,0.08148414918256294,0.09001766126595723,0.26086121264353496,0.14230709854067633,0.21451987484387594,0.24405183037940062,0.27621446941485084,0.2735470622009661,0.1869138929707677,0.26350443760630443,0.0387222588323157,-8.871126004231478,-14.389636279199433,34.0,5.245269130350631,0.4789091602443805,0.3435687759755418,0.2161930837708063,0.6039331517355326,0.00015591342239157626,0.29533503013138385,0.02564625064195604,0.5239652218571335,0.6929937241843301,0.06343255904473785,0.27380610061797056,0.21984425344915945,-27.273971372893683,-0.02373812336854698,0.4869017888539113,0.2653944511097781,0.1991110373331638,-0.21040537417742203,0.4114036189968564,0.20237476897626777,716.9849658076606,0.3011772120853309,0.9268823127384355,1.300247811638349,0.09917605015386027,0.993429307426508,0.5193134376943322,0.993429307426508,-0.06870925184399586,0.1131762216878727,-0.31945374956488515,-0.5973261260958235,-0.5409747280244712,-0.23100021268293258,-0.5239652218571335,-0.13549195093940655,-27.916546590999292,24.72501222708167,22.404597038829543,1.1883777201382089,0.16514388304664446,-0.3684454909319085,-0.19025976429977068,-0.02373812336854698,-2.9922993317345212,-0.5409747280244712,-0.8945172998031984,0.02373812336854698,-0.16514388304664446,0.08247226975613378,0.16612386761054168,-0.0533826642051829,0.22533108864567114,-16.44784274618228,2.474490922328792,-0.237245461164396,2.6220755146906556,-5.518510274967955,127.65227658783877,1.6220755146906556,5.518510274967955,0.616494109517897,-23.26076228343091
2024-05-01,1407415,449100,83.86,39.41,30-40,HCS,-15.468873169804228,12.730826127181365,2024-05-01,2024-06-01,0.07110534578043579,0.09527856083135451,0.13483584896308867,0.22992911433185695,0.16624972654787032,0.18617448661113908,0.21161044814875068,0.25828346611723124,0.36807658699455853,0.28018593772711076,0.2543327014533581,0.055045560484699003,-9.685419792863158,-15.421312669959638,34.0,4.480493075423154,0.24405578796054134,0.26644899160230895,0.23605804222479024,0.6165537706944453,0.00028144252439040113,0.15789360988813145,-0.015384073080815436,0.41404482053790875,0.5275933143739633,0.02123145440669146,0.1446001630474083,0.06507991668746617,-4.400087317763007,-0.23101363809121137,0.26069736662694964,0.14528577639014134,0.342315987237103,-0.24548891157500027,0.4476328211134557,0.05653629722166383,717.2495713628025,0.16494643528301942,0.899207568660884,1.8390740203206377,0.041738072385688225,0.8721796641902112,0.03940453671974353,0.8721796641902112,-0.248773793978496,-0.05298076055735923,-0.3781630544862258,-0.657753288562579,-0.5887449992585317,-0.6431541888013844,-0.41404482053790875,-0.2552130582225655,-34.134144547559096,33.23425065428921,25.77035928141971,1.1947088247244335,-0.0985205654928298,-0.20498085609956543,-0.14418823033744713,-0.23101363809121137,-3.8894528338286913,-0.5887449992585317,-0.8647538699237336,0.23101363809121137,0.0985205654928298,0.25110859539632074,0.16342797387750885,0.1591876714809912,0.20875214911838913,-17.753140777898427,2.456920699305654,-0.22846034965282708,2.5922193358436623,-5.7358928770964805,149.36188696555848,1.5922193358436623,5.7358928770964805,0.6280541741255355,-25.106732462822798
2024-05-01,1402135,474632,34.83,16.37,10-20,non-HCS,-15.233639669112128,12.683391864291902,2024-05-01,2024-06-01,0.07625714244443696,0.10350347817947826,0.14317209619910165,0.2300688364301056,0.1746646535674525,0.19561913368505165,0.21695066778903357,0.2487526264766867,0.3554611055719509,0.29048537817555475,0.23689278131895466,0.05981535882551878,-11.417568546823523,-19.68347883093875,34.0,3.936254242488266,0.2150860219568844,0.2577814293896084,0.23613941379073605,0.58797544979198,0.00035287920647407976,0.14318859663994263,-0.012422282284582087,0.37942404902145604,0.5021176935458779,0.02105695378787359,0.13073001283830754,0.05400046854422027,-4.176059403636583,-0.21415176261200472,0.23281674820304532,0.15157010273147925,0.3420675293573189,-0.24735556618782573,0.4433496166248373,0.056590325687983355,714.0140864326617,0.14926591903342745,0.8919306770048112,1.9592619602529344,0.04238927341607155,0.8560471647070886,0.19085078647871656,0.8560471647070886,-0.23277187549145542,-0.058657252625532896,-0.2665129286946414,-0.6159004196538407,-0.5489696510633825,-0.5527715823611382,-0.37942404902145604,-0.24899648866861204,-32.87601909402148,32.48098991648983,24.623027896074078,1.4213349471504286,-0.11606195867843852,-0.19197236833663306,-0.11391665387239688,-0.21415176261200472,-3.7271200397304263,-0.5489696510633825,-0.8440253496891554,0.21415176261200472,0.11606195867843852,0.2389030742431875,0.16747426530823298,0.17207343615727222,0.1736266550262972,-21.99176150281979,2.531551891723459,-0.2657759458617294,2.7239641479021275,-8.265910284115227,224.7374687921929,1.7239641479021277,8.265910284115227,0.5800584665388132,-31.10104737776227
2024-05-01,1402135,475632,54.32,25.53,20-30,non-HCS,-15.224429704454435,12.683399801120354,2024-05-01,2024-06-01,0.07321897311378602,0.09903202703244676,0.1360800306880351,0.22666257275433768,0.16871301900352956,0.19431745812032358,0.2193233744081485,0.2530025187438939,0.3562281129540072,0.2833903757910404,0.2668446738647639,0.054206360252739415,-10.18726669423373,-18.226559347928674,34.0,4.170518569331343,0.23296758132728893,0.26079500974950715,0.237468713141436,0.5869408036009434,0.0003025001187375047,0.15157716577189226,-0.011234949736927582,0.3918718511312257,0.5116807011126661,0.02318041712178208,0.1377029726888086,0.06271172201190581,-4.513261182910866,-0.22228102691711032,0.24971575217988703,0.14985720777671369,0.3234967057634358,-0.24836642304469947,0.4413439358336267,0.07052972334347206,717.287085166155,0.15749055692545227,0.8968503874420378,1.9038570630460736,0.046064362338758935,0.8658612776766768,0.3011409645822958,0.8658612776766768,-0.22884241007324682,-0.04540048438496957,-0.30612645344946476,-0.6243845818153745,-0.5649431244501509,-0.5835325667695727,-0.3918718511312257,-0.25365294334854266,-32.95424514228533,34.39004570012653,26.202965443762956,1.3428682509611334,-0.11121943946895117,-0.20018960745144543,-0.1255211147040007,-0.22228102691711032,-3.790938954787753,-0.5649431244501509,-0.8539409496906234,0.22228102691711032,0.11121943946895117,0.24290469861189629,0.16299390481224266,0.16624527148462034,0.1910866455649537,-20.091609073867957,2.5658718851706688,-0.2829359425853345,2.7891510937124484,-8.039292653694945,185.67882099562823,1.7891510937124482,8.039292653694945,0.558924287341782,-28.413826042162405
2024-05-01,1403135,474632,27.88,13.1,10-20,non-HCS,-15.23364791831133,12.692434719955292,2024-05-01,2024-06-01,0.0720737432184789,0.10170014947377277,0.13487293038340892,0.25770443998629883,0.1712403829986527,0.21929083074602854,0.24606213570963703,0.27907610230544616,0.3408536282560882,0.2680200530028731,0.27549999952316284,0.05339999869465828,-10.928504150921965,-17.47193380764391,34.0,3.9930832346086778,0.2987506265847411,0.301418934673937,0.23351526025852207,0.6442429146252902,0.000359492535433084,0.2011798987275017,-0.003546374654342266,0.43406315636338727,0.5628956256713666,0.02851541268558042,0.18459624848213707,0.10828188266766944,-6.16404034333526,-0.13891582568413063,0.31288484480706047,0.17048824651561065,0.2863739762911512,-0.22353938325079595,0.4369814308775394,0.12303868693781263,719.0050776470072,0.20642161735292391,0.896750369158909,1.6632901602540737,0.056127622935926075,0.9016012670837705,0.38782322169805195,0.9016012670837705,-0.2016590558203587,-0.03002213945638412,-0.28398487936793537,-0.6385179987113879,-0.5403941640925207,-0.5454860350390052,-0.43406315636338727,-0.22032412225690234,-32.89140348260351,24.811946003618978,20.93457731034279,1.3398349731190664,-0.019621709001841698,-0.25639842091854853,-0.1309592635578492,-0.13891582568413063,-3.506997264559518,-0.5403941640925207,-0.8519052314798801,0.13891582568413063,0.019621709001841698,0.1811887228628321,0.1778999776483474,0.0997921079953094,0.18264738542740572,-20.082142269169758,2.4607977994049475,-0.2303988997024737,2.598748883319948,-6.543429656721946,190.9421011414703,1.5987488833199484,6.543429656721946,0.6254890999038001,-28.400437958565874
2024-05-01,1401135,474633,32.18,15.12,10-20,non-HCS,-15.233622216641185,12.674349010571783,2024-05-01,2024-06-01,0.06661572194656423,0.09057371860696631,0.11623576127839685,0.17903784174680248,0.139952409410982,0.16229961299138262,0.1770347979773905,0.19623040517860293,0.27878647581001226,0.2503883186677518,0.20174335350994888,0.051935837692033804,-11.948826005801969,-18.36209768261108,34.0,3.895444246738397,0.19566004537219264,0.21499008412144235,0.24363416941907373,0.5760870359271256,0.00017072180562249906,0.11403345991253194,-0.0017040460110284705,0.3281169510081788,0.45764497819607225,0.016664997739825486,0.09982438404114424,0.04483290060497102,-4.685330862738294,-0.21787535139138003,0.21269114416247345,0.15241479692297288,0.30573110075417875,-0.28131059704112904,0.42510990391385417,0.07393566270551379,715.4666544406947,0.11845372503785152,0.9086322253202905,2.0238502149417,0.03547761769428873,0.8442103672441328,0.19143702960025533,0.8442103672441328,-0.18304697048375876,-0.05388566152005654,-0.109042612912567,-0.45628353753818013,-0.509564268288663,-0.4744438408980032,-0.3281169510081788,-0.28292182012453054,-25.298397793510674,69.2827475951708,52.11116052793955,1.7717757237393976,-0.16615307472667676,-0.17063619397525534,-0.07692322954932189,-0.21787535139138003,-3.6398375585286926,-0.509564268288663,-0.8495440908205852,0.21787535139138003,0.16615307472667676,0.23314236812562192,0.13387668390427496,0.197574609345045,0.14723043716622009,-21.433059684104823,2.423165703740049,-0.21158285187002435,2.5367281834797017,-6.41327167680911,219.40551031105934,1.5367281834797017,6.41327167680911,0.650733168526683,-30.310923688413048
2024-05-01,1402128,473632,142.52,66.98,>=50,HCS,-15.242849567407676,12.683320308345229,2024-05-01,2024-06-01,0.07400192770426241,0.10004710747861094,0.13295821275679812,0.2169835760718415,0.16228565835640263,0.18679683668712704,0.20883269115145062,0.23555959784120623,0.32570308260763264,0.2685698486100553,0.2503269851759203,0.053039167903553286,-10.952279323636535,-18.75942874647364,34.0,3.8333175155917294,0.22363181835273094,0.2509722842362974,0.24104293367954682,0.6006321668010247,0.0002887693565236202,0.1439068035530081,-0.006865925503838646,0.3688490567652617,0.49137034839232063,0.020603006910027546,0.12875341556774134,0.06040733514438249,-4.730288022808305,-0.20033569058126402,0.24011240154055774,0.1496427701939448,0.31561714908097604,-0.2552779376574451,0.4330784163861992,0.0702160053246667,717.2940958551361,0.1482902083756422,0.8973391779964552,1.95113001241777,0.04240219250418686,0.8602978562919693,0.328841539207521,0.8602978562919693,-0.2069836671676067,-0.04998121821847671,-0.2183027108563952,-0.5570527537709352,-0.530019669711271,-0.5234589051950408,-0.3688490567652617,-0.2466817495312341,-29.686618276573427,38.865006642219406,30.68864821821308,1.493808276545753,-0.10624221746970436,-0.20796705916439293,-0.11109929615474579,-0.20033569058126402,-3.5878118336657203,-0.530019669711271,-0.8475796052701113,0.20033569058126402,0.10624221746970436,0.22367305747262062,0.1578703923468482,0.15962511516713745,0.1672994894751752,-21.00935025700997,2.525526799362374,-0.2627633996811868,2.712833300917389,-7.807149422837103,205.45850358323608,1.7128333009173893,7.807149422837103,0.5838279764086806,-29.711708070110173
2024-05-01,1386827,444295,26.54,12.47,10-20,non-HCS,-15.5127626406528,12.544575007602162,2024-05-01,2024-06-01,0.058461250419226986,0.09274540359584184,0.1333487676571195,0.20612674757265126,0.16006738492502615,0.17932667691547138,0.19661621352800956,0.2209644823349439,0.32388033038148517,0.2841169266975843,0.21798582867934152,0.03114002032277102,-11.827712948931508,-18.44667381538685,34.0,4.534836607428978,0.19192283545142869,0.23513984926363887,0.20544767720706136,0.586698532675394,0.00023643303008630308,0.11605408522165778,-0.006319210884662814,0.3793640308524069,0.5580959766661713,0.01590992202098838,0.11193904675205424,0.03590274373954588,-3.598897063694569,-0.22217360429104233,0.21438359071720584,0.2267370665658549,0.41760388652711167,-0.2639536424409889,0.4686214266222595,0.056746107713270426,713.932244157739,0.13004187482873494,0.9046291503400906,2.4043911008930854,0.03166922374409285,0.8452121572227921,0.18538322176497735,0.8452121572227921,-0.24221593144910872,-0.09984666786825425,-0.1947498456173793,-0.5757150891967691,-0.5547783248507204,-0.31260588482193985,-0.3793640308524069,-0.27927492828236944,-31.195878674920593,44.51335772915894,31.795270341101553,1.6671420292372883,-0.15908451902215215,-0.13417006130437925,-0.08441191415128103,-0.22217360429104233,-3.8620291023198345,-0.5547783248507204,-0.8495247487528348,0.22217360429104233,0.15908451902215215,0.2668835375417473,0.15151659951823487,0.22414319881013348,0.15650887509939868,-21.40722417731377,2.4372647358959223,-0.21863236794796131,2.559614601320984,-6.618960866455341,218.18196275096682,1.5596146013209835,6.618960866455341,0.6411840458232478,-30.274386764318358
2024-05-01,1386827,444795,86.16,40.5,40-50,HCS,-15.508160285251272,12.54458375697098,2024-05-01,2024-06-01,0.051436176557276045,0.08139663110754332,0.11332706889890003,0.1749370424080501,0.13729994378849136,0.15249100888652165,0.16770733686355524,0.19069591989689808,0.30658956095260703,0.2766988273189304,0.19301613617916494,0.031655949339253385,-10.985168175799734,-18.571287822384946,34.0,5.002196568144436,0.19186549582379783,0.21220979087013714,0.20895434818745368,0.5639899237980314,0.0001313494615918927,0.10484104854954729,-0.0019699832410894347,0.3649165949116571,0.5455630591606812,0.015498239336088128,0.09846495791806731,0.034776079076645254,-3.827287874360346,-0.2734065316967563,0.21372751963405667,0.22555011127873847,0.4058658460819875,-0.2838627066056727,0.46037993876538563,0.052420770758383035,712.4125196303958,0.11723857389688862,0.9175984694513063,2.325615235778622,0.031281263639705036,0.8448239577770369,0.12961491184150642,0.8448239577770369,-0.22284171728799793,-0.08886351143294755,-0.18358420485520888,-0.5365368575445839,-0.5804148045818898,-0.3380008116522636,-0.3649165949116571,-0.3367132785383769,-29.708534824988273,74.69300530808225,46.52899582253551,1.762410575853755,-0.22531820816711604,-0.07802024392582059,-0.07301563218406419,-0.2734065316967563,-4.204821090784432,-0.5804148045818898,-0.8631325609125677,0.2734065316967563,0.22531820816711604,0.2994684370186257,0.1291915953243469,0.2654979107227898,0.17678103259342523,-20.899570464158195,2.5133308030604984,-0.25666540153024914,2.6905783803380814,-7.586119646585212,204.00871997008025,1.690578380338081,7.586119646585212,0.5915135385796313,-29.55645599818468
2024-05-01,1387327,444295,77.89,36.61,30-40,HCS,-15.512771588696946,12.549096338755296,2024-05-01,2024-06-01,0.050531802579666774,0.08241260701342892,0.12307493592226607,0.20662941539543558,0.15544109339958562,0.17432813712708473,0.19504857117359128,0.22690853649203496,0.33966288719738646,0.2854402645545198,0.24069896749724554,0.025258700131283167,-10.800259923654009,-15.87281035917328,34.0,5.70076060986429,0.23213481255356405,0.24738581251324668,0.19737493851469418,0.5578695816221072,0.00017272256176194492,0.13338066806367282,-0.008781524475074992,0.4297534571159889,0.6070029300875442,0.022431093155516182,0.1302474485056343,0.05013440032512997,-3.87439420990472,-0.24352067779565098,0.25342243479418564,0.2398055287269322,0.41612980289989304,-0.2611195954909106,0.4807251408073039,0.05727351729369913,711.7095256949874,0.15105587792893663,0.9141766295517468,2.1706881116097794,0.04175839353717563,0.8679990983832792,0.1645485415602297,0.8679990983832792,-0.26241253673733467,-0.07373070975136985,-0.2956977470597597,-0.6342351999146238,-0.6094887850927161,-0.39464852284835483,-0.4297534571159889,-0.2948620276397959,-33.83296717787065,45.387211201615536,31.41412646674297,1.5257063510108106,-0.16016196967693574,-0.11531607694562424,-0.10236146741817209,-0.24352067779565098,-4.268007967052079,-0.6094887850927161,-0.8704585149587033,0.24352067779565098,0.16016196967693574,0.28556310455967343,0.14678214350262914,0.22736870092781064,0.19473615032721311,-18.86070887205256,2.380349947098898,-0.19017497354944893,2.469669292348206,-5.072550435519272,171.4304775979394,1.4696692923482064,5.072550435519272,0.6804251849082464,-26.67307028282729
2024-05-01,1386327,444295,134.24,63.09,>=50,HCS,-15.512753696093574,12.5400536749231,2024-05-01,2024-06-01,0.04742999231941769,0.0833179335758261,0.10352022930974207,0.24517024993322298,0.14939275794711185,0.20846083539421795,0.23218717656011004,0.2589356078952274,0.31025234982233296,0.2490955772400785,0.25339116943394885,0.033622675898639126,-10.527192093804175,-17.46437526350354,34.0,5.308453071345564,0.393950663952708,0.3145876254448584,0.20246026301746475,0.5975448973178411,0.0001761854238173633,0.23443192243758582,0.01568564552249245,0.4927188388587446,0.6758034651354452,0.0471289867781033,0.22365451657651958,0.15811777870724267,-10.394375161069373,-0.11717582236976477,0.4062342652171475,0.27448191633389346,0.2690684649912909,-0.22601258458474305,0.44188775559000465,0.16506213307956216,715.9387862699965,0.25035632675501424,0.9216203254876226,1.493452476063503,0.08040499871335705,0.9519633738842832,0.3976887140965524,0.9519633738842832,-0.14491471806761702,0.029730380013993755,-0.2840173900591172,-0.6396829676843706,-0.5766045502397001,-0.30832366730092475,-0.4927188388587446,-0.2502026044153366,-32.53073189198067,29.154167506956117,24.690259360863056,1.450482744141922,-0.007941733154615209,-0.2200885315795323,-0.12308641500373212,-0.11717582236976477,-3.713693842208725,-0.5766045502397001,-0.8745998637398188,0.11717582236976477,0.007941733154615209,0.17154161826597172,0.16100389993620898,0.09301622984823518,0.21481255973209196,-19.793027094392293,2.49566236010634,-0.2478311800531701,2.658977541958437,-6.937183169699367,183.85083319718368,1.658977541958437,6.937183169699367,0.6027809145743417,-27.991567357307716
2024-05-01,1386827,443795,39.79,18.7,10-20,non-HCS,-15.517364992569409,12.54456617935663,2024-05-01,2024-06-01,0.060822057466730646,0.09023362303016187,0.12238715700170981,0.19689933431757375,0.14725240468317102,0.16820797826033185,0.18433895060236946,0.21006545634577664,0.31551981107955684,0.26860298025528656,0.2009906682656661,0.0340628996298412,-9.519343485128188,-15.906193005307049,34.0,4.291282862286792,0.21428153685432003,0.23438230665020923,0.22243061117679314,0.618152623910709,0.0001962080786619992,0.12628695896009315,-0.0027419684081167114,0.37148543403965,0.5280014821770429,0.0161964459392423,0.11668874535822915,0.05037164654842975,-4.379382395640672,-0.23149111001707573,0.23337090463170412,0.194706782735233,0.36600582309892693,-0.26864877890327726,0.4475785803032247,0.06642854288588702,715.2060064532664,0.1364214681409153,0.9085041430538913,2.1853667488128017,0.033433812742858754,0.8563707752087901,0.10824999254028767,0.8563707752087901,-0.21181689429402123,-0.08020836765689111,-0.21171139007493534,-0.5493733481173823,-0.5552292823933954,-0.4030680923170845,-0.37148543403965,-0.29180955680079557,-29.534645489772757,51.967995414863616,38.043378343249685,1.5939356539732081,-0.15403499336734183,-0.1469185538164661,-0.09781406448059393,-0.23149111001707573,-3.818893974750424,-0.5552292823933954,-0.857327253827536,0.23149111001707573,0.15403499336734183,0.2590256330719219,0.14363155500424712,0.2054360675069909,0.17457667260679657,-17.978569267692766,2.502396440883874,-0.2511982204419369,2.6709338233415845,-6.3868495201788615,151.4165147582612,1.670933823341585,6.3868495201788615,0.5984677466161821,-25.425536490435235
2024-05-01,1409135,425274,58.9,27.68,20-30,non-HCS,-15.688382640779245,12.745899313067687,2024-05-01,2024-06-01,0.06938913893935682,0.09739940315313132,0.11089392550080525,0.23575674678008868,0.1548341634192406,0.20107339259547846,0.22307760532270807,0.2533946536060298,0.30997284612074494,0.24459590143260931,0.2520103842558562,0.053619992881669576,-9.995147002601202,-15.515376982255395,34.0,3.8084804021534016,0.3503978780861899,0.2969046164720882,0.24988664045217057,0.575183619848209,0.0002480187294962709,0.22608579401624024,0.014515741866100579,0.41529277984119634,0.5452067867422996,0.04531246724699372,0.19574531368459147,0.14336592032716114,-14.075530897715348,-0.13599427318236398,0.3601978339107505,0.16793877962097756,0.20641610521262846,-0.23520343787135337,0.3993551572122502,0.12991921187063968,714.1979489562215,0.22121783877446255,0.9072753332024901,1.458694846330837,0.08370520327900088,0.9274685083121424,0.25035618372499635,0.9274685083121424,-0.09714985829730885,0.07130063607933076,-0.236594229625801,-0.5668557178872177,-0.5218162094902555,-0.4978242855642431,-0.41529277984119634,-0.2247245410699409,-29.10967963606712,32.24858587493344,27.401491815853817,1.4082251223427922,-0.018401386326086618,-0.2641287835668427,-0.13043235719281954,-0.13599427318236398,-3.373800285273965,-0.5218162094902555,-0.8572573039801537,0.13599427318236398,0.018401386326086618,0.15939238074158332,0.16058782654142376,0.076205297790831,0.20198172809551063,-18.038664501314166,2.4327806032468073,-0.21639030162340367,2.552291024656023,-5.520229979654193,155.0784737384177,1.5522910246560229,5.520229979654193,0.6442090974671411,-25.510523984856597
2024-05-01,1409135,426274,88.11,41.41,40-50,HCS,-15.679171008923674,12.745923122511925,2024-05-01,2024-06-01,0.06977962346240528,0.09993298766451213,0.11610251564543542,0.23611641876928557,0.15570170111601528,0.20726486725302848,0.22755388663144865,0.24996475462068826,0.30535454261144246,0.24920576695110325,0.2519499957561493,0.05525000020861626,-11.338674779201767,-19.382847545592924,34.0,3.5841683186149025,0.3296277990829516,0.2925857800761961,0.2441425135555671,0.6023267674727336,0.0002737698137994789,0.21288356199395989,0.013983836221183557,0.40524824176888347,0.5437690337323619,0.03814735456218238,0.1867171325174577,0.13196831877736862,-11.563580910390247,-0.1278704284817095,0.34073665949639015,0.1776730910088764,0.22349611295424832,-0.23615441781639726,0.40621543357958523,0.14206037313217978,715.946331326613,0.2112378021844918,0.9045256020176748,1.507045549331243,0.07392367832988066,0.9169169316227016,0.3500161327465756,0.9169169316227016,-0.11055643026303268,0.03322115787271577,-0.1953994653645087,-0.5548957911851823,-0.5068538743520228,-0.44804167979164977,-0.40524824176888347,-0.23092699742349154,-28.80546474732535,31.97310783313785,26.98288533347558,1.499583151918896,-0.026970430297532093,-0.2548600651786648,-0.11633576699942408,-0.1278704284817095,-3.3345727838111143,-0.5068538743520228,-0.8491855143228836,0.1278704284817095,0.026970430297532093,0.15887883883022394,0.16249857371188087,0.08851587835053393,0.18347228715260896,-21.723396764236234,2.523683213438865,-0.26184160671943246,2.7094455854000126,-8.044172766391156,219.77580461432737,1.7094455854000126,8.044172766391156,0.5849849849218796,-30.72152232479469
2024-05-01,1410135,425274,36.07,16.95,10-20,non-HCS,-15.688407068979457,12.754941545147924,2024-05-01,2024-06-01,0.06082447343562687,0.09268221385999936,0.11170103408101743,0.2540139635033303,0.15979645410322113,0.21345356985304598,0.23966867330002092,0.2715258362947639,0.31722938581767185,0.2364775041537308,0.25618026220340506,0.05305411992646206,-10.065229046610213,-15.766285672592662,34.0,4.53159554410598,0.3782375770757838,0.31784864815769664,0.2293465405905168,0.5850979980442488,0.0002437292111123295,0.24235248588620406,0.01283892020335442,0.46534043400847463,0.6136146905886215,0.04960163620325045,0.22118078293611387,0.15805758369827386,-11.212974495634862,-0.1106628591641048,0.389136158927937,0.20753324161715656,0.23834954215297025,-0.2209612633336037,0.4211831899207092,0.14375649646605712,715.363844157189,0.24658160564287862,0.9113568229972532,1.412098285044228,0.08667917863393654,0.9429401672046519,0.3898902369389987,0.9429401672046519,-0.13248107116088542,0.055244974297086025,-0.3113790422837628,-0.6234543919343105,-0.5477941393564912,-0.42646510914184554,-0.46534043400847463,-0.19350514575269706,-30.942040929640296,26.47019973874881,23.281637288472346,1.2559270605241237,0.03575283263002753,-0.28503728065872097,-0.15412394026984874,-0.1106628591641048,-3.3599629290316253,-0.5477941393564912,-0.8707505501058747,0.1106628591641048,-0.03575283263002753,0.15339709630331663,0.1689084638055284,0.05028544146559184,0.21364027890438342,-18.26563922626847,2.441403199770112,-0.22070159988505605,2.566411017531932,-5.701056625982449,158.6912765089341,1.5664110175319321,5.701056625982449,0.6384020469771846,-25.831514719202875
2024-05-01,1408135,425273,74.59,35.06,30-40,HCS,-15.688367442643848,12.736857050819873,2024-05-01,2024-06-01,0.07475030761759861,0.10052886781059749,0.13832844385419835,0.2268306776032345,0.16843573553480487,0.19065209830880991,0.21457854111186347,0.24993370216428726,0.3546733048968906,0.2873953087592327,0.25398062880769706,0.05884047236875721,-12.40991839326818,-17.518851294624767,34.0,4.010409033204964,0.22537246831761604,0.2586222742628835,0.23835615916680952,0.6095554807502013,0.0003170989940346471,0.14788091452218716,-0.012021015850601988,0.3858198472049208,0.5042770514005545,0.020122796866850423,0.1341432672366022,0.05890116927594781,-4.379018131399279,-0.21984824032332156,0.24236621392833807,0.1470714369235447,0.33347724363158415,-0.24876678249710538,0.4410876373817871,0.06186888187272985,717.6312977530355,0.15344385481357478,0.8950816326078412,1.898146500017654,0.04070976536589152,0.8616067629309428,0.22084819229808472,0.8616067629309428,-0.23033493459383175,-0.05734022772197589,-0.282948318658091,-0.6180323237959036,-0.5583111248671604,-0.5884601710891593,-0.3858198472049208,-0.2609729519600073,-32.917691347317245,34.127893724543014,25.70229692835794,1.3981546996027991,-0.11777823906648593,-0.19339880101409504,-0.11761445576797129,-0.21984824032332156,-3.7894298362675976,-0.5583111248671604,-0.8493525852663033,0.21984824032332156,0.11777823906648593,0.2409072779286191,0.16400504864622023,0.17068879237919554,0.18310669613858555,-21.16283599887949,2.3414061422927985,-0.17070307114639927,2.4116814260541752,-5.108932901356587,217.40751491009397,1.4116814260541755,5.108932901356587,0.7083751202954649,-29.928769687892945
2024-05-01,1409135,424274,127.1,59.74,>=50,HCS,-15.697594253865933,12.745875182930071,2024-05-01,2024-06-01,0.05397496139487394,0.08177223063145692,0.0898699237922063,0.2618210760332071,0.1366039228553955,0.2198560747274985,0.24676007575713668,0.27311861290381506,0.274883842582886,0.20331776793186476,0.27044368092830356,0.04734353889639561,-8.956631123632947,-15.049090839205213,34.0,4.908656402919314,0.4822687397927398,0.34475008878539526,0.23923256530894474,0.6427963614035206,0.00015733692807187496,0.3078850695483579,0.019699576075833586,0.5240173248702776,0.6581656829233259,0.05436749632870843,0.27554024420206036,0.2220659769731965,-28.866592420057046,-0.024338823991704017,0.4889267917756236,0.20477233320002042,0.16326572937237474,-0.2096114965204677,0.39832937082879954,0.23355257935427354,718.3316396899835,0.3028407349782645,0.924667315400971,1.2473166613981579,0.0901948939995729,0.9944479834438922,0.5363554935615806,0.9944479834438922,-0.06881861419748622,0.11790164783157926,-0.2787778550013901,-0.5974812819335895,-0.541450507798792,-0.5401766844296442,-0.5240173248702776,-0.1962623947944001,-29.159748552361016,24.489177086751635,22.282049110173965,1.339316022006365,0.1257760104544944,-0.3357620918139415,-0.1583635759324563,-0.024338823991704017,-3.2652931239244967,-0.541450507798792,-0.8859334445144138,0.024338823991704017,-0.1257760104544944,0.07193849542445932,0.1666469089222755,-0.03712471224064739,0.21926585666785764,-16.9746087872017,2.5075839606076955,-0.2537919803038477,2.680217777362374,-6.092459715572266,134.78915539280487,1.680217777362374,6.092459715572266,0.5951609448924008,-24.00572196283816
2024-05-01,1413732,400618,37.52,17.63,10-20,non-HCS,-15.915647614582653,12.786775615293887,2024-05-01,2024-06-01,0.05744979673132112,0.09332098523988976,0.10405081353645955,0.28580296476358485,0.15351087901104296,0.2452867690895682,0.276774801639254,0.3030801772255089,0.2803704808986601,0.19318467667595174,0.29614684108140116,0.044479700108696396,-10.065487895653959,-16.744821693446294,34.0,4.201507112989105,0.4580433461044352,0.3597023067946218,0.22545105181084157,0.645923614484247,0.0002589827512649038,0.3071726746823866,0.025141360211998844,0.5077019785268935,0.6652624352904226,0.05521049986654724,0.28183669905030395,0.22405955031620325,-23.46990718739981,0.009595087700678778,0.46620595039415724,0.23791870042445032,0.18998585605781998,-0.19401544208825555,0.4083280827481025,0.23013147272967732,719.0730588293221,0.3063741858370377,0.9148442124697991,1.327760155935214,0.095099670190363,0.9829577561595194,0.7254437594326375,0.9829577561595194,-0.07668435370955339,0.07865468075680754,-0.2883908629671105,-0.6068040778313099,-0.5005452695818853,-0.2602988451663938,-0.5077019785268935,-0.11443411089101833,-28.348550301252693,19.606540653102964,17.969617638615286,1.1842160539526478,0.19336258407269258,-0.4028623279291279,-0.18687967984799256,0.009595087700678778,-2.792152248023675,-0.5005452695818853,-0.8791671246586655,-0.009595087700678778,-0.19336258407269258,0.05657551290267872,0.18368334414729218,-0.07184717465125823,0.2024501007206902,-18.957751716163507,2.498266070042535,-0.2491330350212674,2.6635876836806207,-6.679333797792335,168.5448000702675,1.6635876836806207,6.679333797792335,0.6011104853743209,-26.810309589100253
2024-05-01,1413732,401618,38.28,17.99,10-20,non-HCS,-15.906435014639902,12.786807437579682,2024-05-01,2024-06-01,0.0620090336225422,0.09180172196265636,0.09622658249604531,0.24887149274812628,0.13764170629807818,0.22007269813082295,0.24781406964583996,0.26770542395949043,0.25931572831369953,0.20404414979893382,0.2722302854325937,0.04521823490175747,-10.91225446739692,-18.118503424823405,34.0,3.627802078147611,0.43526791018013133,0.325016703643778,0.24799909524870165,0.6506043809592653,0.00020182356338796005,0.2803574660716656,0.02536782780672521,0.4610570012638522,0.6010748286715926,0.04612602317784114,0.24338292497765246,0.19830686309501735,-48.222130500951394,-0.020551944505315712,0.44232327330159177,0.1936970417105288,0.15548293434000782,-0.22135665498912777,0.38484885191338386,0.23043799973430662,719.5970789056098,0.27093585003369774,0.916529182942599,1.3341634353222231,0.08490389113978691,0.9707333687998945,0.7097321143722126,0.9707333687998945,-0.03511257051424944,0.09588406660746562,-0.1711524866441363,-0.5217785305132892,-0.47708823990148325,-0.42902748301788113,-0.4610570012638522,-0.1943377003056356,-25.87017269910725,28.021660051875003,25.27408112350505,1.4991473605150825,0.0989750380382031,-0.34764357575861704,-0.13361189079872063,-0.020551944505315712,-3.000160264853974,-0.47708823990148325,-0.8652631972309743,0.020551944505315712,-0.0989750380382031,0.06701718780832473,0.16291524507839217,-0.017360340709850066,0.18391786709468522,-20.527845768573872,2.4964561369138503,-0.24822806845692508,2.6603813152412226,-7.206248957426485,197.7137199400756,1.6603813152412226,7.206248957426485,0.6022712920343353,-29.030757892220326
2024-05-01,1414732,400618,26.64,12.52,10-20,non-HCS,-15.91568021467325,12.795817314292846,2024-05-01,2024-06-01,0.06117090159969369,0.09456214798198932,0.103309342337764,0.26561255907114356,0.14870745838348765,0.2254022535162275,0.25598689093855675,0.2804352806955356,0.27842845436477237,0.2108522329584006,0.2776565714526036,0.047127639763387394,-11.378786513865853,-18.43084684549846,34.0,3.850443615326432,0.4317612606495447,0.3381215045571567,0.2361424365580892,0.6413644073031817,0.0002453707895002527,0.28440581864239894,0.02464405202652096,0.4749095584435943,0.6256181296683802,0.04976003174149226,0.2541869465518777,0.2018099461058397,-26.160713729569785,-0.02355685504791162,0.439939228637676,0.21441335973313552,0.18694773490823421,-0.20980150397044448,0.39881249386351225,0.20500615913788112,719.1199026223262,0.2801803300219745,0.9134734820179063,1.3461527362496333,0.0894310372245902,0.969504630539574,0.7283297545404546,0.969504630539574,-0.06398797867423593,0.0781434382660857,-0.22202472466331646,-0.571198306838807,-0.4929515790101498,-0.36073740782305613,-0.4749095584435943,-0.17283576571941833,-27.89221278950778,23.647663327097003,21.456213197045454,1.3799234768092368,0.11493047761091953,-0.3482363778240024,-0.14861546168123999,-0.02355685504791162,-2.9882340479434424,-0.4929515790101498,-0.8663482640798824,0.02355685504791162,-0.11493047761091953,0.07756201449117499,0.1733636366923109,-0.019692617410835903,0.1924840661429585,-21.078593893091227,2.4731396892150834,-0.23656984460754177,2.6197550435663044,-7.0520603316326085,209.7206715246849,1.6197550435663044,7.0520603316326085,0.6173773028039132,-29.809633359364312
2024-05-01,1412732,400618,23.88,11.22,10-20,non-HCS,-15.915615039470717,12.777733910026349,2024-05-01,2024-06-01,0.057938182514284196,0.09107132401142422,0.10097107515484671,0.2757641662190381,0.14644896318193945,0.23314132161145945,0.26521864838559783,0.29082005491065827,0.2750656593869153,0.198703852637719,0.285790800291176,0.04365904606574769,-11.624959401218302,-17.21568393333414,34.0,4.15208738752188,0.456140513235274,0.35124643065554106,0.23177073244961952,0.6601305579066357,0.00023093944267176534,0.30198088853722505,0.023233390353717527,0.5034759371062535,0.6527553208168433,0.049897358956993626,0.27354523043392,0.21762916031522533,-24.48732184626085,0.0012680991472355256,0.46396798565154884,0.22235589037014633,0.18457857381575102,-0.20122138509009302,0.4039156740737387,0.22838402852355505,719.7949193426621,0.299052238604466,0.9164897748199322,1.3278849795502021,0.0882416576425141,0.9818187132314952,0.7647401574508745,0.9818187132314952,-0.07382132635779304,0.07586705080852407,-0.25848278830299665,-0.5903042090255152,-0.5025286811174551,-0.35786884402195407,-0.5034759371062535,-0.15139638751515389,-28.192910213603824,21.47991529456476,19.618945634551782,1.2913950643854197,0.16241413650386363,-0.37762426128990506,-0.1679451499769808,0.0012680991472355256,-2.924688721164491,-0.5025286811174551,-0.8765445029763808,-0.0012680991472355256,-0.16241413650386363,0.05964781538179934,0.1775152758174169,-0.05372377917850003,0.19874273803868162,-20.393414475644633,2.3876976298526524,-0.1938488149263262,2.4809242199615706,-5.590724532115839,200.1316267892156,1.4809242199615706,5.590724532115839,0.6752539978216776,-28.840643334552443
2024-05-01,1413732,399618,49.07,23.06,20-30,non-HCS,-15.924860189546742,12.786743471322335,2024-05-01,2024-06-01,0.06154707952171078,0.09887483344584173,0.10685273657205718,0.2912378313912618,0.15910502354553813,0.24916718051542894,0.2808347200567024,0.3060405136433226,0.28193969461383545,0.2050625758587256,0.28795768893682033,0.045992306218697473,-10.689862678015315,-16.747640026701678,34.0,3.828640391693173,0.45536379575560243,0.3633280186293972,0.23027653250215785,0.6334662248738304,0.0003042320526738774,0.31341993896492076,0.0293498507979155,0.4930960086254663,0.6510787303094511,0.05986759339679732,0.2840030571630573,0.23002659729237498,-31.958457483284683,0.016222088891433034,0.46317373396345907,0.23268488221855946,0.18182834896886022,-0.19038333715415479,0.3997862751148113,0.22059340820675089,718.5001726342834,0.30796186052374097,0.9106962752105452,1.3300723977338584,0.10294676982837934,0.9814141500729746,0.7564445590798785,0.9814141500729746,-0.05533275062915929,0.09421148179157328,-0.24114681890829492,-0.6022977698360122,-0.4807192154688639,-0.27348070683411035,-0.4930960086254663,-0.1261989050875716,-28.68482261202533,18.685338918103454,17.17583839325588,1.2876167513716683,0.17363527064189893,-0.3892630204248915,-0.16503704266274777,0.016222088891433034,-2.7994680993662717,-0.4807192154688639,-0.8658206038970252,-0.016222088891433034,-0.17363527064189893,0.048555313422884494,0.18798334539294115,-0.061485760116938896,0.1929600189804479,-19.401244221329623,2.441569148175058,-0.2207845740875289,2.566684299990564,-6.057777348686363,179.02997206627367,1.566684299990564,6.057777348686363,0.6382906881788647,-27.43750270471699
