inventory_date,latitude_proj,longitude_proj,cagb,cagb_category,HCS,longitude,latitude,start_date,end_date,B2,B3,B4,B8,B5,B6,B7,B8A,B11,B12,B9,B1,VV,VH,elevation,ARI,ARVI,AVI,BCC,CCCI,CVI,EVI,ExG,GNDVI,IKAW,MCARI,MSAVI,MTVI2,NDDI,NDMI,NDVI,NDYI,PSRI,PVI,RCC,RENDVI,S2REP,SAVI,SI,SIPI,TCARI,TNDVI,TTVI,TVI,VARI,VARI700,AWEInsh,AWEIsh,MNDWI,MuWIR,NDWI,S2WI,WI2015,BAI,BAIM,MIRBI,NBR,NBRplus,NBRSWIR,NDSWIR,NBSIMS,NDSI,NBAI,NDBI,UI,BI,BI2,BSI,SATVI,DPDD,DpRVIVV,NDPolI,VDDPI,VHVVD,VHVVP,VHVVR,VVVHD,VVVHR,VVVHS,agb
2026-01-20,1606760,365223,0.0,0-5,non-HCS,-16.250876895476264,14.530432798355772,2026-01-01,2026-02-01,0.0968205439349088,0.1452539259060856,0.2268946802548337,0.3656174241403228,0.2613858802412157,0.3020579554386552,0.3237777344680235,0.3766906772544082,0.5099662542671118,0.4195382936597308,0.3733695580604229,0.0676064560147479,-16.619667006307864,-25.141175196464804,27.0,3.058734147697671,0.2123391237410784,0.3397330037068316,0.2064539723244583,0.7100335948307489,0.0017502776888098,0.1733313737378401,-0.0332073723775712,0.4313483193258321,0.5812604041234019,0.0129772194046378,0.1787054667510593,0.0337045281622229,-3.374243866744725,-0.1648601198109808,0.2341264302559674,0.2000763732044525,0.4306264211152073,-0.1939128700516026,0.483815790886182,0.0721847904296675,717.0048324762683,0.1904638996594316,0.8419441342978405,2.148248800294585,0.0389316582139135,0.8568117822812472,-0.2471173297031679,0.8568117822812472,-0.2965217337044672,-0.1313891442859283,-0.3965233619149257,-0.9583047323259616,-0.5566256037239574,-0.4770408474407706,-0.4313483193258321,-0.2322614168806429,-51.089414610978366,9.132063997943924,6.76537709035368,1.1977136447796122,-0.0686753828533404,-0.1918772929142745,-0.1072632081419693,-0.1648601198109808,-3.799240579802688,-0.5566256037239574,-0.7865161639149127,0.1648601198109808,0.0686753828533404,0.2288194926656141,0.2622060257088425,0.1659300454831704,0.1335251954581223,-29.529374709641907,2.4081099777049597,-0.2040549888524797,2.512736397601869,-8.52150819015694,417.8379599124917,1.5127363976018695,8.52150819015694,0.6610537047864341,-41.760842202772665,0.0
2024-05-01,1403135,474632,6.88,5-10,non-HCS,-15.23364791831133,12.692434719955292,2024-05-01,2024-06-01,0.0720737432184789,0.1017001494737727,0.1348729303834089,0.2577044399862988,0.1712403829986527,0.2192908307460285,0.246062135709637,0.2790761023054461,0.3408536282560882,0.2680200530028731,0.2754999995231628,0.0533999986946582,-10.928504150921963,-17.47193380764391,34.0,3.9930832346086778,0.2987506265847411,0.301418934673937,0.233515260258522,0.6442429146252902,0.000359492535433,0.2011798987275017,-0.0035463746543422,0.4340631563633872,0.5628956256713666,0.0285154126855804,0.184596248482137,0.0749631194816223,-6.16404034333526,-0.1389158256841306,0.3128848448070604,0.1704882465156106,0.2863739762911512,-0.2708325075393114,0.4369814308775394,0.1230386869378126,719.0050776470072,0.2064216173529239,0.896750369158909,1.6632901602540735,0.0855462380567412,0.9016012670837704,0.3878232216980519,0.9016012670837704,-0.2016590558203587,-0.0300221394563841,-0.2839848793679353,-0.6385179987113879,-0.5403941640925207,-0.5454860350390052,-0.4340631563633872,-0.2203241222569023,-32.89140348260351,24.811946003618974,20.93457731034279,1.3398349731190664,-0.0196217090018416,-0.2563984209185485,-0.1309592635578492,-0.1389158256841306,-3.506997264559518,-0.5403941640925207,-0.8519052314798801,0.1389158256841306,0.0196217090018416,0.1811887228628321,0.1778999776483474,0.0997921079953094,0.1826473854274057,-20.08214226916976,2.4607977994049475,-0.2303988997024737,2.598748883319948,-6.543429656721946,190.9421011414703,1.5987488833199484,6.543429656721946,0.6254890999038001,-28.40043795856587,14.64
2026-01-20,1607135,356311,0.0,0-5,non-HCS,-16.33359478771787,14.53336655754959,2026-01-01,2026-02-01,0.1000404509653837,0.1531387310221825,0.2306601210768392,0.3441900275448427,0.2667806294467087,0.2927838030254869,0.3129709372204438,0.3527591252959894,0.525614633735033,0.4540267761902011,0.3598999977111816,0.0722000002861023,-18.36197701482852,-22.343231009733582,27.0,2.7816286014636717,0.17384170230308,0.3109392900545016,0.2067637960202398,0.6415310862837804,0.0018618336990591,0.143501854704115,-0.0244231099978579,0.3841549341991492,0.5496011381259571,0.0154892857227621,0.1473421318960466,0.0197954072923837,-3.11608943526127,-0.2085808621940847,0.1974947849282357,0.209726090589101,0.4461301095268752,-0.2155185851930401,0.4767287808492385,0.0464703831583689,711.7769224027127,0.1584359084104702,0.8369853087054756,2.3957566399950867,0.0464678571682864,0.8351615322368696,-0.0277735416309989,0.8351615322368696,-0.2731950481288039,-0.1266949359214666,-0.3273774832145595,-0.935326407446524,-0.5487647237610115,-0.3717644268023077,-0.3841549341991492,-0.2597727843515156,-51.38275818769603,10.221182401337932,6.61912478838168,1.3892443512986876,-0.1376026514743945,-0.14331748607747,-0.0848317383001957,-0.2085808621940847,-3.881612415376886,-0.5487647237610115,-0.766345229757626,0.2085808621940847,0.1376026514743945,0.2599274602395037,0.2550309376367151,0.2129973582798813,0.1251641648587075,-28.782928623776936,2.1956139859303856,-0.0978069929651929,2.216820552149147,-3.981253994905064,410.265894237732,1.2168205521491469,3.981253994905064,0.8218138642002728,-40.70520802456211,0.0
2026-01-15,1791718,389640,2.19,0-5,non-HCS,-16.032486930068455,16.203453696622955,2026-01-01,2026-02-01,0.0686018410146931,0.1069388668957022,0.1480547751682883,0.2625491986806034,0.1878466138795409,0.226549784823948,0.241368153417597,0.2751774048709661,0.373713558729814,0.2965230714562336,0.3005435923793225,0.0716025882805141,-15.107139080596642,-18.002077558346848,3.0,4.027644760744203,0.2608217787377541,0.2947602401152182,0.2119987595686318,0.5948125162498179,0.0004445332722501,0.1749219925518078,-0.002778882391577,0.4211511718035855,0.585676426818312,0.0299558923067563,0.1688384666032725,0.0579041327523892,-4.918899845123421,-0.1747145479670196,0.2788439245706147,0.2183939345885412,0.350708495332883,-0.2699798455431516,0.4575304134646655,0.0933964944326174,711.2080123826078,0.1886018952262687,0.8915439262804027,1.6677372097476089,0.0898676769202691,0.8825213451076493,-0.1193457939078247,0.8825213451076493,-0.2205886098053833,-0.0543568856933719,-0.3172976205019556,-0.6925758957257359,-0.5550262052395426,-0.3534877085013284,-0.4211511718035855,-0.2243667613123972,-35.797581559206506,23.075801609315324,18.350689506787084,1.3028378390101576,-0.0607683024008949,-0.2063524395840842,-0.1261826346146436,-0.1747145479670196,-3.60173123187653,-0.5550262052395426,-0.8435717263977343,0.1747145479670196,0.0607683024008949,0.2234880577278061,0.1846512202603385,0.1462196508722786,0.1830152949512384,-23.411751605171418,2.174872061113348,-0.087436030556674,2.191627181182731,-2.8949384777502054,271.95988941363345,1.1916271811827308,2.8949384777502054,0.8391886454012116,-33.109216638943494,4.67
2024-05-01,1408415,450100,10.74,10-15,non-HCS,-15.459678018725311,12.739884880835682,2024-05-01,2024-06-01,0.0661951644431003,0.0944555959698446,0.133302630677891,0.2055012946461872,0.1616786210878816,0.1781435169006286,0.1956901630568212,0.2203190254034399,0.3206051116896894,0.2740838480419739,0.2184000015258789,0.0469500012695789,-9.987964648048766,-18.124121350034972,34.0,4.401875582943993,0.192957272377902,0.2342809989893355,0.2251893206520112,0.5600660199652674,0.0002444042015041,0.1196250520119654,-0.0105866031813021,0.3702055266951334,0.512727072962356,0.0181098136467802,0.1110816206692453,0.0260173370033378,-3.7127862043099737,-0.2187842908911809,0.213098664365342,0.1759122176210199,0.3767045099498309,-0.3203828300172043,0.4534822006414565,0.0484515102818394,710.9898436894606,0.1291100252190671,0.9015942140970884,2.1960419301696663,0.0543294409403408,0.8444516945126832,0.1898919519515971,0.8444516945126832,-0.2404450260966387,-0.0747202352036283,-0.202242804425498,-0.5553464171465967,-0.5448588882216014,-0.4667148378765209,-0.3702055266951334,-0.2579506839552902,-30.000059059372173,44.883923982177535,33.70513560848534,1.5989083858607829,-0.1430039158664699,-0.1631712767469705,-0.0957569034541885,-0.2187842908911809,-3.7671605653588687,-0.5448588882216014,-0.8505673211857875,0.2187842908911809,0.1430039158664699,0.251116632059805,0.1515720214473676,0.199813619332476,0.1574873150649397,-19.878246642544404,2.578836924626711,-0.2894184623133554,2.8145960652329376,-8.136156701986206,181.0230833210952,1.8145960652329376,8.136156701986206,0.5510868336814294,-28.11208599808374,22.85
2026-01-15,1791112,389450,0.0,0-5,non-HCS,-16.034235737297834,16.19796756296518,2026-01-01,2026-02-01,0.1450006816255274,0.2326204242095119,0.3331955282491191,0.4154974644203989,0.365985960920185,0.3816340046314726,0.3907464004095959,0.4053449449145283,0.5638151921165311,0.5310213695696333,0.3937293428189378,0.1000038447700562,-23.043281580803523,-26.14459516895107,3.0,1.5665034198772667,0.0808151256266797,0.2835691477136529,0.2039916831889443,0.5763417215272634,0.0074914041767109,0.0884143557935679,-0.0129553614556225,0.2821663210029273,0.4826006735314114,0.0067193434453789,0.0948076722226283,-0.0147819537317481,-2.276454069935121,-0.1514508433094462,0.1099274829297205,0.2320308405173213,0.4931291350866997,-0.1766817802685233,0.4687503250095154,0.0209304786285919,696.0196518317753,0.0988656979591084,0.7591451749873115,3.8333681360030702,0.0201580303361369,0.7809785419137459,0.0597395200470111,0.7809785419137459,-0.2390006043281053,-0.162036682209712,0.0316553285833154,-0.8751725850484962,-0.4158462543837759,-0.0018837537030457,-0.2821663210029273,-0.1839844592566812,-49.66094426954188,5.532240187312316,4.11245857481798,1.7848248129543285,-0.1220513538671444,-0.1917405580022452,-0.0441849741126055,-0.1514508433094462,-3.116658854142659,-0.4158462543837759,-0.6405676165989216,0.1514508433094462,0.1220513538671444,0.2308820083875209,0.3355441673582399,0.213178595313319,-0.0178894670245297,-34.78108120191959,2.126100730223653,-0.0630503651118265,2.1345864553740963,-3.1013135881475513,602.4572682942551,1.1345864553740963,3.1013135881475513,0.8813784046719291,-49.187876749754594,0.0
2026-01-15,1792735,389055,0.0,0-5,non-HCS,-16.038007438052972,16.212619437086758,2026-01-01,2026-02-01,0.1333772918326643,0.2128945799082676,0.2845777493193351,0.3677575429499014,0.3175265109837282,0.3371770755981658,0.3511484614866443,0.3587926705060718,0.4546733573361542,0.3860990635209051,0.361159651601649,0.1030428537405558,-14.834136320369714,-26.36023678363841,3.0,1.5478171147235158,0.1012634654924259,0.2797138410000877,0.211424858444866,0.5748499672022422,0.0047434217339711,0.1002217216815381,0.0078341186645357,0.2667052387225335,0.4676989800937123,0.0134143408586358,0.1018309367497267,0.0033441825588851,-2.832124863471932,-0.1056816011606835,0.1275107979229731,0.2296383118727449,0.4484304195901665,-0.208438115930954,0.4511023543789186,0.0300144447306758,705.5995148182916,0.1082755091186582,0.7873028138654635,3.1824398409191312,0.0402430225759075,0.7921557914469686,0.4084763275099308,0.7921557914469686,-0.1968803802544331,-0.1417883424146559,0.0027179292334673,-0.6645573747059763,-0.3621785348557899,0.1690030355422453,-0.2667052387225335,-0.0974560263609709,-34.637256184332536,7.764960799713395,7.374483477211772,1.4051917333147397,-0.0243302511559458,-0.2923168231052079,-0.0941506063013161,-0.1056816011606835,-2.5832543925638074,-0.3621785348557899,-0.6937875866078442,0.1056816011606835,0.0243302511559458,0.1919695023283325,0.2952706148369236,0.1446836429742063,0.0128356279581567,-29.128820568572863,2.5595958668513994,-0.2797979334256996,2.776998418670419,-11.526100463268696,391.03134588571623,1.776998418670419,11.526100463268696,0.5627467022442357,-41.19437310400812,0.0
2026-01-17,1718489,332424,0.08,0-5,non-HCS,-16.562549922071067,15.538399296479373,2026-01-01,2026-02-01,0.0990540463572168,0.1600273044569792,0.2636937676354864,0.3673693854298106,0.309847878868753,0.3313787336522439,0.3512039871166925,0.3818297228046213,0.5424791557273623,0.480920089703751,0.4036000072956085,0.0816999971866607,-16.294150117234697,-22.643106172981415,40.0,3.021543426651259,0.1358815214775811,0.3038174330544145,0.1894773543373045,0.5170093797455493,0.0024807957374279,0.1174594013182184,-0.0426932050787447,0.3931425527477979,0.5752612771716595,0.0190237185854057,0.1291428516393765,-0.005407357645584,-2.435730042689393,-0.1924603517799146,0.1642872306689672,0.2353440643571844,0.4968324897126503,-0.202808935427443,0.5044114731731769,0.0335776063610989,701.1002452950635,0.1374931419788798,0.8228881245125119,2.7554153456782102,0.0570711557562173,0.815038177430338,0.1543820747519186,0.815038177430338,-0.3193008681548165,-0.13188851917538,-0.2991195047536694,-0.985880526662032,-0.5444104402542085,-0.3018061225181769,-0.3931425527477979,-0.2163367986993933,-54.39659499173445,8.24595448143656,5.566706794752765,1.492905170909359,-0.1338584381894659,-0.142615920421764,-0.072600249960389,-0.1924603517799146,-3.881906457928894,-0.5444104402542085,-0.751516183750683,0.1924603517799146,0.1338584381894659,0.2669734910059587,0.2769496985691574,0.2297125183923261,0.0796951770625247,-27.532797963610363,2.3261121435175207,-0.1630560717587602,2.3896463460853528,-6.348956055746719,368.9501711030428,1.3896463460853523,6.348956055746719,0.719607548220459,-38.93725629021611,0.18
2026-01-17,1729624,341691,0.09,0-5,non-HCS,-16.476880906706533,15.6396295614475,2026-01-01,2026-02-01,0.1185523367815034,0.1816703918450507,0.2761250436589185,0.3934269841068012,0.3070896249880405,0.3407719829199387,0.3598937634300796,0.3916783645120423,0.5332263135176021,0.4655516914023687,0.3953771632757988,0.087469173889113,-16.45917452306805,-24.7491938674253,40.0,2.248095954168102,0.1499893787190938,0.32206556827575,0.2056958358863628,0.7034924758330965,0.0035854052254171,0.1357011288984276,-0.0313365967503204,0.3682099781993774,0.5368862297961162,0.0065401985633321,0.1426887507428617,0.0091080981177465,-2.8153446401942204,-0.1508647622246579,0.1751946608829141,0.2102374305646245,0.462399242822833,-0.1814223833651023,0.4790944928336604,0.0519900508391947,716.3469564764082,0.1504447057459767,0.8052476185194654,2.6082928300203623,0.0196205956899964,0.821702294558628,0.1006240776535807,0.821702294558628,-0.2784276295363667,-0.1549736707855166,-0.2243132813603918,-0.9336395528930668,-0.4917576469935108,-0.280942542382362,-0.3682099781993774,-0.2050913704105601,-50.97483094885593,7.03266607890774,5.306171558460266,1.4298990415511854,-0.0839656552042047,-0.1955582160753069,-0.079792844162019,-0.1508647622246579,-3.4419718445346046,-0.4917576469935108,-0.7262010025751658,0.1508647622246579,0.0839656552042047,0.2250549701333935,0.2966670203174749,0.1832220353284987,0.061760760286412,-29.13871673055122,2.402346400410735,-0.2011732002053674,2.503671635095583,-8.290019344357251,407.35130116919856,1.5036716350955832,8.290019344357251,0.6650388134351111,-41.20836839049335,0.19
2026-01-16,1753977,399444,0.0,0-5,non-HCS,-15.93917517615263,15.86273261561106,2026-01-01,2026-02-01,0.0894000368156055,0.1584401759431255,0.2834246156477336,0.3883920394869247,0.3215538061409643,0.3468519756509231,0.3649401345485488,0.3825124831226639,0.561314039438462,0.5319299928196335,0.4016200934473486,0.068862273391143,-18.86581786348322,-23.90643729935801,45.0,3.2016310468811677,0.1243807742983825,0.3079845386001498,0.168277725223712,0.602553991449188,0.002763366690777,0.1085073925711132,-0.055944300577088,0.4205163065657278,0.6257784871300422,0.0062472506116262,0.1272707822976675,-0.018329748372477,-2.1824488498859007,-0.1820794915277391,0.156244152384331,0.2785671395252132,0.5593872673436842,-0.1883425022431782,0.533490267928839,0.0378485198648918,708.6366233321733,0.1343649922271273,0.8188886202573774,3.0440850542859628,0.0187417518348788,0.8100889780661943,0.3638090204591762,0.8100889780661943,-0.3546012417165041,-0.1702517241343552,-0.245785983599085,-1.072041139919569,-0.5597381090456656,-0.2490246584897214,-0.4205163065657278,-0.2464911307453904,-60.54966009579182,7.067841035699273,4.450641863914232,1.8184223416994063,-0.1559649212927855,-0.0846805205124058,-0.0413863763687752,-0.1820794915277391,-4.183965001524333,-0.5597381090456656,-0.7389096045216718,0.1820794915277391,0.1559649212927855,0.2774578843989148,0.292279078077082,0.2610396300284393,0.0440090897142817,-30.244551672286352,2.2356957526174055,-0.1178478763087028,2.2671826619100064,-5.040619435874792,451.0144918544699,1.2671826619100062,5.040619435874792,0.7891522114836345,-42.77225516284123,0.0
2026-01-17,1717984,332796,0.16,0-5,non-HCS,-16.55904784076573,15.53385993397631,2026-01-01,2026-02-01,0.0993151339454431,0.1428791900519342,0.2145767068669237,0.3163667755890345,0.2432663892689913,0.2671145919619271,0.2890804734117752,0.3271121582701154,0.486475730201283,0.3678074694541564,0.3361245874572557,0.0670765243843333,-18.205888181073835,-24.119680695559097,40.0,2.888199902232798,0.1689845899477484,0.2935395906278147,0.2174287054884353,0.6813325146983558,0.0013858346102057,0.1368908911526459,-0.0281334607084983,0.3777661613095805,0.5221580171402398,0.0097637305621078,0.1360179129888127,0.0168019905747569,-3.060894568736255,-0.2118833437260442,0.1917154501101805,0.1798723247823216,0.4315060891091614,-0.2375468921907371,0.4697686419843705,0.0467262761935594,717.5660216126603,0.1481023020965544,0.8463946195594528,2.449062608310731,0.0292911916863234,0.8316943249236347,0.0829199149894568,0.8316943249236347,-0.2777458158453394,-0.1322629551113332,-0.4420073134957238,-0.8397025169737367,-0.5459503518477377,-0.3709783388720619,-0.3777661613095805,-0.2038069186029268,-43.35494086205372,12.682027457357512,10.089737525993032,0.9106125385689894,-0.0751865394492808,-0.2150208226471775,-0.1453114345900622,-0.2118833437260442,-3.5132532313562477,-0.5459503518477377,-0.805011775325569,0.2118833437260442,0.0751865394492808,0.2555402082884616,0.2356166114519892,0.1670252793367913,0.155672225833899,-29.928696770245423,2.279443025643544,-0.1397215128217719,2.3248285640155153,-5.913792514485259,439.120209706554,1.3248285640155155,5.913792514485259,0.7548146433143245,-42.32556887663293,0.33
2024-05-01,1402135,474632,8.34,5-10,non-HCS,-15.233639669112128,12.683391864291902,2024-05-01,2024-06-01,0.0762571424444369,0.1035034781794782,0.1431720961991016,0.2300688364301056,0.1746646535674525,0.1956191336850516,0.2169506677890335,0.2487526264766867,0.3554611055719509,0.2904853781755547,0.2368927813189546,0.0598153588255187,-11.417568546823524,-19.68347883093875,34.0,3.936254242488266,0.2150860219568844,0.2577814293896084,0.236139413790736,0.58797544979198,0.000352879206474,0.1431885966399426,-0.012422282284582,0.379424049021456,0.5021176935458779,0.0210569537878735,0.1307300128383075,0.0368838670849226,-4.176059403636583,-0.2141517626120047,0.2328167482030453,0.1515701027314792,0.3420675293573189,-0.2996873627824882,0.4433496166248373,0.0565903256879833,714.0140864326617,0.1492659190334274,0.8919306770048112,1.9592619602529344,0.0631708613636207,0.8560471647070886,0.1908507864787165,0.8560471647070886,-0.2327718754914554,-0.0586572526255328,-0.2665129286946414,-0.6159004196538407,-0.5489696510633825,-0.5527715823611382,-0.379424049021456,-0.248996488668612,-32.87601909402148,32.48098991648983,24.62302789607408,1.4213349471504286,-0.1160619586784385,-0.191972368336633,-0.1139166538723968,-0.2141517626120047,-3.7271200397304263,-0.5489696510633825,-0.8440253496891554,0.2141517626120047,0.1160619586784385,0.2389030742431875,0.1674742653082329,0.1720734361572722,0.1736266550262972,-21.99176150281979,2.531551891723459,-0.2657759458617294,2.7239641479021275,-8.265910284115227,224.7374687921929,1.7239641479021277,8.265910284115227,0.5800584665388132,-31.10104737776227,17.74
2026-01-17,1728791,340788,0.01,0-5,non-HCS,-16.48524876335243,15.632044305609991,2026-01-01,2026-02-01,0.0722750917232171,0.1092439012845517,0.1737826880777814,0.2909186992160241,0.2077640962750917,0.2377800191456685,0.2621262546892667,0.3028500343845046,0.4443973342134971,0.304910890872327,0.3140345820987024,0.0533329078871852,-18.422602666834425,-25.236679365501484,40.0,4.3406779211977575,0.2308993467197984,0.3042183824416077,0.2034189410598781,0.6615237594003035,0.0006033544913284,0.1634560909922014,-0.0275699772318951,0.4540024422677426,0.6020026028731968,0.0170691611556292,0.1653946257439617,0.036305856922733,-3.4965168017451713,-0.208724722459331,0.2520672723195121,0.203663588855147,0.4268970820983019,-0.250199653606308,0.4891130476693063,0.0673691377165435,716.8824641951874,0.1821330610918385,0.8805569260420104,2.028289925703912,0.0512074834668876,0.8672181226885841,0.1226343938399159,0.8672181226885841,-0.3062316876330997,-0.1091295061789692,-0.5748384566208885,-0.8338169279277671,-0.6053621216046986,-0.4328862732031698,-0.4540024422677426,-0.1894900220074535,-41.088407052772595,17.016256957041122,14.482654667521516,0.6940150334309978,-0.0234835461163116,-0.2273694444355346,-0.1877839383046758,-0.208724722459331,-3.690473045026134,-0.6053621216046986,-0.860543571700547,0.208724722459331,0.0234835461163116,0.2598257951398406,0.2055629199677087,0.1371914963233709,0.2105647848589487,-30.871774386800713,2.3121479044763156,-0.1560739522381578,2.3698758976620717,-6.8140766986670585,464.925316580933,1.3698758976620715,6.8140766986670585,0.7299931342004569,-43.65928203233591,0.02
2026-01-15,1786521,390335,0.0,0-5,non-HCS,-16.025742972045087,16.15651053091423,2026-01-01,2026-02-01,0.1112475592060461,0.1801897752007405,0.2750033330890276,0.3631800087010124,0.3073434692379743,0.3243023099456038,0.3377773904159456,0.3613254391573813,0.5382935194886124,0.4816595691480856,0.3596999943256378,0.0768999978899955,-22.95151031774163,-26.960416969057587,3.0,2.2960156768718583,0.1093732258172959,0.2852794938586906,0.1963975498049285,0.6026931397611421,0.0032428001111263,0.1011737226332419,-0.0258713418935926,0.3367692479811474,0.5310240520093901,0.0077219360413816,0.1090405148425418,-0.0089517425015141,-2.391415467838903,-0.1942525269036684,0.1381682501530957,0.2365593143206053,0.5049479108257007,-0.210071410296729,0.4854936251395822,0.0268486567416777,703.0329574074564,0.1162071246008238,0.8083697417849615,3.2466636876941424,0.0231658081241448,0.7988543360044407,0.0461952513431487,0.7988543360044407,-0.2756644420632054,-0.1581791557484702,-0.1986461641695047,-0.9109031873635612,-0.498416242847655,-0.1398771922329033,-0.3367692479811474,-0.2209321021965676,-50.48577683697881,8.160315317614327,5.63653913459856,1.5413192004924552,-0.1402391217853617,-0.1508284859825637,-0.0684260359813928,-0.1942525269036684,-3.5341385349986267,-0.498416242847655,-0.7223087513802001,0.1942525269036684,0.1402391217853617,0.2631535748487485,0.2828397113897054,0.2292563716271822,0.0598907104337903,-35.2930622465856,2.1606392246999544,-0.0803196123499771,2.1746685336091827,-4.008906651315957,618.7822882359417,1.1746685336091829,4.008906651315957,0.8513039818368918,-49.91192728679921,0.0
2026-01-17,1729394,342319,0.16,0-5,non-HCS,-16.471008771376425,15.637590257531,2026-01-01,2026-02-01,0.1512828056271079,0.2328169410324044,0.3326286987781351,0.4394945573005941,0.3695506727273293,0.3958529346656868,0.4115064563042668,0.4396482235587134,0.5982238901231619,0.5572483735216843,0.4453208373275365,0.1068801394874225,-18.921379437801935,-21.822962892571827,40.0,1.5892312293850803,0.1121302922446183,0.3152971189472124,0.2110740917150732,0.6246325348781774,0.0079239618425215,0.1161259403846069,-0.018277622340434,0.3074134783960238,0.4878517183617222,0.0106380832978886,0.1216202967002734,-0.0006939738583474,-2.6378507088645624,-0.1529599220449727,0.1384051803661286,0.2122733381482102,0.4581143077900403,-0.1535338566890151,0.4640930618778858,0.0343639116464889,708.3492050490548,0.126008849392317,0.7574311768012689,3.112447908171431,0.031914249893666,0.7990026159945464,0.0367463912111788,0.7990026159945464,-0.2409964137475558,-0.1487198110198786,-0.0390684085035464,-0.962564606307936,-0.4396979491159986,-0.1473131533173593,-0.3074134783960238,-0.2025225441847553,-54.719345573747894,5.047134418240629,3.579964093778464,1.7098896120098557,-0.1181386018197765,-0.1929763231485664,-0.0485677926682788,-0.1529599220449727,-3.279742766885697,-0.4396979491159986,-0.6435608337664827,0.1529599220449727,0.1181386018197765,0.2234940404300169,0.3454470751453188,0.2020050744157309,-0.0001938368367787,-28.810600756793384,2.1424287785156784,-0.0712143892578391,2.153349467162684,-2.9015834547698915,412.9205613474232,1.153349467162684,2.9015834547698915,0.8670398942135606,-40.74434233037376,0.33
2026-01-26,1425642,613847,12.16,10-15,non-HCS,-13.950648437692044,12.893961235913554,2026-01-01,2026-02-01,0.0511222092192433,0.0691926488975454,0.0712488840081032,0.202904234180733,0.1048133942320816,0.163782713858782,0.1890461129567272,0.2184164762508419,0.2066687434005498,0.1188937649560992,0.2163548064608129,0.0474112393840677,-11.358725412149568,-17.88923932847407,78.0,4.91163697699027,0.4753727286475788,0.2916596321383971,0.2668678772516026,0.6637900742772969,6.921322570717187e-05,0.2639481945527042,0.0160142045677442,0.4914116757622713,0.5975048224507158,0.0388961039344774,0.2225255688718507,0.1462005032862538,-86.86144615082443,-0.0091913027125175,0.4802256164088046,0.1501929184902601,0.1228864409110577,-0.3050393498982918,0.3719330350189744,0.2195464411075964,720.0365249993523,0.2550955626465272,0.93610193928872,1.181060964045738,0.1166883118034324,0.990063440598028,0.4043365521922843,0.990063440598028,-0.0230211674886516,0.1486954087431438,-0.2736725829279279,-0.4199790761478422,-0.4983520649908415,-0.4121919692532199,-0.4914116757622713,-0.0629410823288552,-18.178757544054527,47.062706329894354,33.38014766257569,1.1635839642356045,0.2610658532681291,-0.4803879195795935,-0.2532529918122583,-0.0091913027125175,-2.540203528200247,-0.4983520649908415,-0.923436446975612,0.0091913027125175,-0.2610658532681291,0.0449129623201904,0.1304276994894475,-0.1438276447731642,0.2016730381044446,-20.681434204000013,2.4465619385306505,-0.2232809692653252,2.5749336901250652,-6.530513916324502,203.19895736436388,1.574933690125065,6.530513916324502,0.6349473671622266,-29.247964740623637,25.87
2026-01-15,1785820,391530,2.05,0-5,non-HCS,-16.01453460566421,16.15022781301468,2026-01-01,2026-02-01,0.1041442612481247,0.1601193439765054,0.231468050678571,0.3449598525391251,0.2630468216207292,0.2930351541559119,0.3112319194988258,0.3444053185116398,0.4780167248622534,0.3797199965934719,0.355100005865097,0.0789000019431114,-16.39018977170506,-23.437688435767548,3.0,2.4437370275657706,0.1738964925950153,0.3110271664151653,0.2100819263970111,0.6842663032765758,0.0020471384335484,0.1453021509810546,-0.0153736239736848,0.3659634169012926,0.536213283063089,0.0124930682579992,0.1471249518055548,0.0242066577897857,-3.3289990600466166,-0.1616775932351163,0.1968881125064001,0.2118153299271028,0.4345000510167544,-0.2150133834412404,0.466922069474959,0.0539278988377569,714.6907929454887,0.1581505851733781,0.8331167417349823,2.344308982977626,0.0374792047739976,0.8347982465880005,0.0328393002839648,0.8347982465880005,-0.248218511454412,-0.1342795437682497,-0.3135994960457253,-0.8249522440610471,-0.4981655111021043,-0.2000778070294928,-0.3659634169012926,-0.1815171095746599,-42.822850082658505,10.153730948129787,8.38218809340288,1.1126360622846354,-0.0479662075548986,-0.2316385002235934,-0.1235169599521826,-0.1616775932351163,-3.234757294422218,-0.4981655111021043,-0.77431859245091,0.1616775932351163,0.0479662075548986,0.2247394776110643,0.2570427737843249,0.1528672373875346,0.1159090520909848,-28.162562760775796,2.353897771171763,-0.1769488855858813,2.4299827373706693,-7.047498664062488,384.1481612723272,1.4299827373706693,7.047498664062488,0.6993091411989455,-39.82787820747261,4.36
2024-05-01,1444731,416832,11.1,10-15,non-HCS,-15.767127105977297,13.067543387528564,2024-05-01,2024-06-01,0.0606125504604769,0.0941514412984389,0.1087402584482253,0.2682061772194455,0.1593439734356681,0.2344735282295953,0.2623249032250613,0.2935816265959395,0.2956782124619828,0.2113217570314566,0.2983525027739583,0.0461136795098371,-9.19030672624544,-15.176391290247803,30.0,4.345454775263563,0.4136131844928145,0.336547975008183,0.230024944238392,0.6018687846983468,0.000258531271684,0.2719305740773686,0.0189500736881756,0.4803396617764665,0.6313315188088786,0.0550466743440702,0.2474289761289276,0.1360919870783857,-15.767820976758404,-0.0487192689587627,0.4230466285979447,0.2167099107278603,0.2052585993444083,-0.2532644995521438,0.4126698463601416,0.1907725138579182,717.2002753982541,0.2727633848864602,0.911944091067558,1.3927270442547424,0.1651400230322108,0.9607531569544514,0.4698868223402257,0.9607531569544514,-0.1025365784303479,0.0762215306524617,-0.2920237971225309,-0.6026658700734321,-0.5169611116536467,-0.3440183139711651,-0.4803396617764665,-0.1402281876187595,-28.937279478006086,23.027570909457772,20.94586588845324,1.2155710881871349,0.1186258737498812,-0.3593081455401577,-0.1719216815078507,-0.0487192689587627,-3.0143479224809595,-0.5169611116536467,-0.873904574071282,0.0487192689587627,-0.1186258737498812,0.1031040751555552,0.1757114027836828,-0.0134951025940473,0.2043802584575516,-17.229857402587168,2.49133325819941,-0.2456666290997051,2.651347636407767,-5.9860845640023665,139.4756909548971,1.6513476364077666,5.9860845640023665,0.6055660104224537,-24.366698016493245,23.61
2024-05-01,1427168,482300,14.76,10-15,non-HCS,-15.163162937491656,12.909813482478782,2024-05-01,2024-06-01,0.0851403063540092,0.1106286942353541,0.1512766255992994,0.217179616200607,0.1756136090366756,0.1868767719193082,0.2077158806099937,0.2365239659101431,0.3558336993902261,0.2992657528229971,0.242620568111693,0.0601927263131213,-11.128276145133508,-16.66326192060344,34.0,3.344926654948612,0.1598615025796269,0.2298776678076515,0.2453288557157174,0.5916367118765415,0.0004020929537176,0.1108517187503342,-0.0151595434826004,0.3250403317217551,0.4367535845168917,0.0131643497623896,0.0986809333474946,0.0178997254001567,-3.447189340829593,-0.2419735797005923,0.1788624621457676,0.1301962404906393,0.3539033694024172,-0.3143618161009632,0.4358983781488768,0.0310716186535175,717.0652203821475,0.1138278259098949,0.8838961798352254,2.382090531174937,0.0394930492871688,0.8239311027906202,0.2350296223648962,0.8239311027906202,-0.2299546192063412,-0.0839419353243972,-0.2121341044063978,-0.5726243696496045,-0.5256693969454117,-0.524044036180436,-0.3250403317217551,-0.2603864343611142,-31.371221465992008,36.583504446823994,26.453127318884384,1.505487274205755,-0.1589444722441462,-0.1818407875716468,-0.1014011417208761,-0.2419735797005923,-3.658104118268137,-0.5256693969454117,-0.8297563242140201,0.2419735797005923,0.1589444722441462,0.2530056209985422,0.1656203601956122,0.1968785735125096,0.1550364364461382,-19.651585025886657,2.398321659087576,-0.199160829543788,2.4973803402506713,-5.5349857754699325,185.4333801311628,1.4973803402506711,5.5349857754699325,0.6678329968140182,-27.791538065736944,31.41
2026-01-15,1791852,389136,1.69,0-5,non-HCS,-16.037207941970586,16.20464192660491,2026-01-01,2026-02-01,0.1013066711931649,0.151243528518914,0.2047486673392738,0.3158762703031421,0.2453938020088357,0.271278853339085,0.2878784005045673,0.3198007588355245,0.4389971590176839,0.3543155820883412,0.3191128866302241,0.0720964438053451,-15.34688958385041,-19.576527520793203,3.0,2.5367705988030993,0.1932537493460256,0.3033526439881862,0.2215327403857062,0.5883181394315229,0.0014794206862955,0.1556785563711189,-0.0035682814946107,0.3524422261685016,0.5143297526509161,0.0261456422887562,0.149994236819711,0.0378267166152669,-4.071409514140546,-0.1631013676363148,0.2134504034076729,0.1977304210516555,0.3813124203116989,-0.2351926446690721,0.4477349105618523,0.0500995186455506,706.2435987299108,0.1633228802255702,0.8465117824380479,2.193692835946969,0.0784369268662687,0.8446599335872828,-0.0057492703308024,0.8446599335872828,-0.2100831560440385,-0.0836191241063326,-0.2556157388279267,-0.7414735470128746,-0.4875191368113329,-0.2297999523059489,-0.3524422261685016,-0.1816242716353023,-38.82532802653583,13.081309006067718,10.581619791530027,1.2409836625101094,-0.057355683522612,-0.2352900065967968,-0.1171835708956023,-0.1631013676363148,-3.2096319403986495,-0.4875191368113329,-0.7824215995292201,0.1631013676363148,0.057355683522612,0.2135514576714599,0.2342181602955415,0.1453333840551502,0.1300544666274506,-24.69458505689976,2.2422236016750148,-0.1211118008375072,2.2756022915153866,-4.229637936942792,300.4388062968221,1.2756022915153866,4.229637936942792,0.7839434019924992,-34.92341710464361,3.59
2026-01-20,1606137,365493,0.0,0-5,non-HCS,-16.248339825484056,14.5248145852876,2026-01-01,2026-02-01,0.0902177822570167,0.1309926514893573,0.2090482345667944,0.3309896798321292,0.2450597346551624,0.2736388673290095,0.2974637066897534,0.3444310851958988,0.5036411447002993,0.3917710588400545,0.351284944161521,0.0586847161503288,-16.64474578012779,-24.71430812403442,27.0,3.553378287510683,0.2037247802832813,0.3172283046183809,0.2096826604579892,0.6606291129962274,0.0011872845681588,0.1597224722849972,-0.0372807138450963,0.4329105569268989,0.5716230581027899,0.0154716390511123,0.1626626958962455,0.0262598082076434,-3.1805109858908533,-0.2068596795054768,0.2258016372814469,0.1843261574139425,0.4342601380779067,-0.2219520953145748,0.4858664100513516,0.0550977630641835,715.0376824703787,0.1758706729491818,0.8551394935398228,2.2330796809016538,0.0464149171533371,0.8519399258641697,-0.0329802240916241,0.8519399258641697,-0.3124434125203887,-0.1180605108270357,-0.4959709809916501,-0.9321895905282462,-0.5871866507083687,-0.5390211506102431,-0.4329105569268989,-0.2303772457039548,-48.90158616902589,11.719630248931775,8.640701879702412,0.9820273703376112,-0.0840961271908453,-0.1816045288489501,-0.1324778673510594,-0.2068596795054768,-3.941580675479707,-0.5871866507083687,-0.8150529609607035,0.2068596795054768,0.0840961271908453,0.2570621123075974,0.2383375808071967,0.1757408310025469,0.1685023944416623,-29.245267479093048,2.390219871209121,-0.1951099356045604,2.4848113903632525,-8.069562343906632,411.36337585629985,1.4848113903632525,8.069562343906632,0.673486212787844,-41.35905390416221,0.0
2026-01-19,1676212,420988,0.16,0-5,non-HCS,-15.735478253236437,15.16051120956731,2026-01-01,2026-02-01,0.0874959006960098,0.1371537353816179,0.2224806725738862,0.3545099553457116,0.2602409596335399,0.2918525953527601,0.3180140523488142,0.3656439276883927,0.5036388644144092,0.375396295247455,0.3639071734286682,0.0609288425627948,-20.067211194739915,-25.369500663017934,45.0,3.4484956790294916,0.205401404384191,0.3313878878513217,0.1956832247849312,0.670144089345139,0.0014836655220879,0.1623437480090452,-0.0356691025066602,0.4420831232067465,0.6040961923918445,0.0153734966245957,0.1717737703948337,0.0268714077962583,-3.1459708010845784,-0.1737797752962985,0.2288239641740305,0.2210456938752784,0.4625100959431977,-0.2032835398513611,0.497574573383,0.0572577517591281,716.0789616229956,0.1838863951307503,0.8491019018594879,2.2236060563192424,0.0461204898737873,0.8537118742140293,0.0485774170372799,0.8537118742140293,-0.313542313623797,-0.1301957721184264,-0.522228193037092,-0.9506920643019904,-0.5719247212740104,-0.3576950607451403,-0.4420831232067465,-0.1811651767256383,-48.291451967439215,9.829204890089748,8.097810322462516,0.8183020812133397,-0.0286150993840234,-0.2225323860582932,-0.1514170024477504,-0.1737797752962985,-3.62153478335066,-0.5719247212740104,-0.8145033151651317,0.1737797752962985,0.0286150993840234,0.2432219029239724,0.254287308136078,0.1498929573628053,0.1562628407124451,-32.12860706943979,2.2333923055381795,-0.1166961527690896,2.2642265243945743,-5.302289468278019,509.0951277098752,1.2642265243945745,5.302289468278019,0.7909974839982813,-45.43671185775785,0.33
2026-01-24,1501031,636351,6.86,5-10,non-HCS,-13.739757818907332,13.574590993839516,2026-01-01,2026-02-01,0.0330312917895642,0.0608916607537612,0.1006554985205845,0.1967498896746618,0.1362898893022009,0.1591712201103513,0.1807557172330982,0.2227551289260168,0.301464799871304,0.1851181519537394,0.2250305518892858,0.0180355724717088,-12.25112325427196,-17.69538580039939,48.0,9.085308619956614,0.3031442286209134,0.2571458621263039,0.1697582214729163,0.5618531614536323,7.342900441654351e-05,0.1546967111102181,-0.0119034688026262,0.5273149020217688,0.712497850528227,0.0278316035553208,0.1552042993006851,0.0516494849086793,-4.164544103401234,-0.2101802945474594,0.3231091129088467,0.2966300378104634,0.4248519718837196,-0.3193840713363393,0.517300338091004,0.0774427837682052,711.7544213843264,0.1807632464803742,0.934726883851032,1.85977885968811,0.0834948106659624,0.9072536100280046,-0.0180229693651226,0.9072536100280046,-0.3094080018681895,-0.0521966237481758,-0.5024051110160529,-0.6083411286334163,-0.663912929005195,-0.21412791176646,-0.5273149020217688,-0.15191985384291,-28.04695657569558,53.473184949939125,45.96222006826376,0.8968264807986148,0.0304600973449391,-0.2621779932825445,-0.2324422274690176,-0.2101802945474594,-3.755061109986563,-0.663912929005195,-0.9279128887635316,0.2101802945474594,-0.0304600973449391,0.2727309911774609,0.132350346704961,0.108606234567833,0.2413364727243627,-21.175379625422455,2.363599145141639,-0.1817995725708195,2.44438884771068,-5.444262546127428,216.78835247258684,1.4443888477106797,5.444262546127428,0.6923343402886107,-29.946509054671353,14.59
2026-01-22,1562356,599435,4.7,0-5,non-HCS,-14.07873980597762,14.130516186404163,2026-01-01,2026-02-01,0.060418832363468,0.0974091947592537,0.1398822035312196,0.2357910333579527,0.1646246737276,0.199722952706832,0.2182799796149191,0.2459505764403561,0.333200844094671,0.2792102853342948,0.2467112698431671,0.0313032178144002,-12.974735602645632,-20.23406499242683,50.0,4.191547742691143,0.2349074136898017,0.2689353783192079,0.202945099436972,0.6961700096787894,0.0003129605938914,0.1478301474340281,-0.00548264637618,0.4153113561195455,0.5920538823626443,0.0132980163123979,0.1445459191147163,0.0423479109723849,-4.19097623089573,-0.1711971903233872,0.2552985424804889,0.2343713158564878,0.3978679970969272,-0.2932611484539283,0.4698602504319671,0.0963318447349575,719.4159383111296,0.1642887308640077,0.9001765890808534,2.132106250414856,0.0398940489371938,0.8690791347630484,0.1659202714846768,0.8690791347630484,-0.2401333895359117,-0.1152623033066445,-0.2342860710118461,-0.6193485682509068,-0.5475758297762409,-0.3109980883872539,-0.4153113561195455,-0.2581716677949094,-32.52632166362576,30.77578594765952,24.514263727691567,1.5267345812151722,-0.0843090112596165,-0.1823870347728322,-0.1038593527022569,-0.1711971903233872,-3.649513951459622,-0.5475758297762409,-0.8490690189926914,0.1711971903233872,0.0843090112596165,0.2299165621256895,0.1679811432873811,0.1717911626546434,0.1583940482062932,-23.48216809584759,2.437193109037388,-0.2185965545186941,2.559497288584515,-7.259329389781202,262.5316434434861,1.5594972885845149,7.259329389781202,0.6412322787092851,-33.20880059507247,10.0
2026-01-17,1717305,332258,1.88,0-5,non-HCS,-16.564016660122423,15.527688033082486,2026-01-01,2026-02-01,0.0979807300996481,0.1583322676918843,0.2562947157771811,0.3681478547488089,0.2955647636982298,0.3262379415381412,0.3443599561465099,0.3737039173999606,0.517881042986304,0.4489672304513744,0.386350005865097,0.0750999972224235,-13.699617616710364,-19.007142681028924,40.0,2.932478744556882,0.1520369490396056,0.3128650895378361,0.1911417395917006,0.6105197409581733,0.00236537929026,0.1288001071647053,-0.0376109104930607,0.3985251828392815,0.5795978479564705,0.013635179222635,0.140154434612539,0.0036335790208604,-2.6328573722762214,-0.1689935719029553,0.1791247814469309,0.2354603087328485,0.4852715319717776,-0.1999371951447885,0.4999821676363158,0.0493294377486687,710.4343905967792,0.1492114518387167,0.8265182613680756,2.619934140611993,0.040905537667905,0.8240902750590684,0.1121074319939239,0.8240902750590684,-0.3093750424736854,-0.1427076246444594,-0.2955721811236016,-0.9474737548861542,-0.531709106603981,-0.2806388449328302,-0.3985251828392815,-0.2060387840395751,-51.38756820620412,8.376392277924523,6.12734813255726,1.4144380832479635,-0.0989081919626605,-0.1677964272887882,-0.0833425096601833,-0.1689935719029553,-3.690513522720469,-0.531709106603981,-0.7586078861375072,0.1689935719029553,0.0989081919626605,0.2483641821473841,0.2746445771561921,0.2041448646167832,0.0834640820327084,-23.127171997174393,2.3245521730677448,-0.1622760865338723,2.3874214020283753,-5.307525064318559,260.3905867163513,1.3874214020283753,5.307525064318559,0.7207615498348411,-32.70676029773929,3.99
2026-01-16,1765187,389956,3.52,0-5,non-HCS,-16.028296769826966,15.963657628801458,2026-01-01,2026-02-01,0.0960461178776168,0.1452506012858764,0.2142090411667314,0.3235748460746533,0.2482465850233467,0.2730142554683143,0.2907088551367455,0.3278158602491157,0.4581843634569598,0.3450447250533791,0.3317615343974188,0.0680461508723405,-19.048072807701413,-23.51806521942683,40.0,2.856400288218534,0.180681038690008,0.3029617342439276,0.210855989632243,0.6477743484777152,0.0014623402312522,0.1447799540752127,-0.0197539564725954,0.3803638343283965,0.5422244066502758,0.0155736833516801,0.1456781597934433,0.0241278337695409,-3.29789695497543,-0.1721879521738631,0.2033638558212007,0.2039169184680066,0.4328086205111309,-0.2305371648523391,0.4702663716292805,0.0475149263497452,710.9526272291655,0.1580759822721411,0.8467672160348927,2.336458780854304,0.0467210500550405,0.8386679055628639,-0.0723220235102788,0.8386679055628639,-0.261787772636645,-0.1211284975664345,-0.3837557663062043,-0.7997273744684567,-0.5185873879622559,-0.2414676232312818,-0.3803638343283965,-0.1631544881679022,-40.56583111619378,12.118949246403488,10.429576671470333,0.9602404886555852,-0.0321107546141728,-0.2451086407826942,-0.1474040640377988,-0.1721879521738631,-3.2490493794056796,-0.5185873879622559,-0.8028025760082721,0.1721879521738631,0.0321107546141728,0.2314735482840287,0.2392236969196507,0.1426462426333662,0.1396279634577928,-30.09880484790495,2.2100257443546605,-0.1050128721773303,2.2346690112355168,-4.469992411725418,447.9738185959126,1.2346690112355163,4.469992411725418,0.8099336671609776,-42.56613802712825,7.48
2026-01-15,1785291,391381,3.64,0-5,non-HCS,-16.015903666071754,16.14543961834326,2026-01-01,2026-02-01,0.1003862301155734,0.1541425131546343,0.222729035131701,0.3408987977139935,0.2612714778530141,0.2949079007181747,0.3142826622735389,0.3466178522626775,0.4753113245160635,0.3789563610471228,0.3803403682287489,0.0853726043998652,-15.671672171972851,-22.54817493516619,3.0,2.660066357409532,0.1874356075776745,0.3151868518769363,0.2103396417167162,0.6307087446129028,0.0018040442101917,0.1535169650141633,-0.0148302389380058,0.3772539391342228,0.5450277086928741,0.0200786232549179,0.1547710670163814,0.029878565624663,-3.5019783946774026,-0.1646788285776544,0.2096592036373832,0.2111992631888853,0.4148508897801387,-0.216392030859151,0.4666849765707458,0.0604776519251248,712.5276428992236,0.1666510017880981,0.8394121394356195,2.1623652932041892,0.0602358697647537,0.8424127276088504,0.0991586390034542,0.8424127276088504,-0.2480656927132259,-0.1120523482361639,-0.3277699519946273,-0.833311760604707,-0.5102340984208128,-0.2428994344805344,-0.3772539391342228,-0.1838171913865576,-43.41087022271056,10.642084799172409,8.572837725211649,1.1315126302138054,-0.0528683622947524,-0.2267009123827947,-0.1219311575035371,-0.1646788285776544,-3.3266504467843703,-0.5102340984208128,-0.781110764872793,0.1646788285776544,0.0528683622947524,0.2253573339453967,0.2513829268501021,0.1537918666310775,0.1267661187819612,-27.02551306537107,2.359839365339004,-0.1799196826695019,2.4387855161679077,-6.87650276319334,353.36760566021974,1.4387855161679075,6.87650276319334,0.6950306274026317,-38.219847107139046,7.74
2026-01-19,1670521,429725,4.39,0-5,non-HCS,-15.653996591289546,15.10931207746007,2026-01-01,2026-02-01,0.0821781737891431,0.1298855831263879,0.2019833909900381,0.3228117803645316,0.236786438760808,0.2711228002864625,0.2935787961023262,0.3290604850964977,0.4698793883294009,0.3765837184313318,0.3435917621430049,0.0630643629709901,-18.269843223817173,-24.07238455343263,45.0,3.4758690542520716,0.2074416153386819,0.3145647812397538,0.1984754011827787,0.6676839338560726,0.0010999854258952,0.1574618329904563,-0.0243903985264054,0.4261703574998035,0.5941717914417187,0.015735725313118,0.162991769181434,0.0305362057620843,-3.3502037580852924,-0.1855295148641347,0.2302391408492165,0.2249672930025827,0.441885437426551,-0.227755034518898,0.4878270313218146,0.0676033410812967,716.2071547592653,0.1768573751398288,0.8605621197038233,2.1497217561055506,0.0472071759393541,0.8545403096690153,0.1578395150757254,0.8545403096690153,-0.2887483550421072,-0.1249845914433112,-0.4050729402170223,-0.8762905510436187,-0.5668783963454179,-0.3597810571299943,-0.4261703574998035,-0.2279166634230819,-45.94205622138236,12.58326283102462,9.468972707997349,1.1610191786851891,-0.0768834488631659,-0.1792950815215818,-0.1197042643170986,-0.1855295148641347,-3.76624060836717,-0.5668783963454179,-0.8114358798971839,0.1855295148641347,0.0768834488631659,0.2478266682808464,0.2322893314252974,0.1764789880485173,0.1546185933566188,-29.94047639183873,2.274078225649389,-0.1370391128246947,2.317602141328234,-5.802541329615458,439.79869181465233,1.317602141328234,5.802541329615458,0.7589544435560275,-42.3422277772498,9.35
2026-01-23,1518356,568614,2.75,0-5,non-HCS,-14.365366740603328,13.73361511910915,2026-01-01,2026-02-01,0.0401255710094387,0.0845641866436141,0.139510023369891,0.2570164356388937,0.1808917429202079,0.2123119379163843,0.235542706091042,0.2826426300764436,0.3461558249454421,0.2154229573285044,0.2876900581858486,0.0113369194380993,-14.792257547296169,-23.70974873258088,35.0,6.297168632765219,0.273392897853683,0.296202981872622,0.1518758677773246,0.5866149157799705,0.0002564125395624,0.1638281917077353,-0.0105072210921014,0.5048654336505398,0.729923268257878,0.0286763586488796,0.1755862512750184,0.0492821211890752,-3.8422292475787128,-0.1477842983365858,0.2963393982906937,0.3563934718505516,0.4681058132472666,-0.2728239550524426,0.5280474602580216,0.0799081914221297,712.3905258508838,0.1966028070140615,0.9110230786243132,2.090775400736175,0.0860290759466388,0.892378506179241,-0.0601868705251635,0.892378506179241,-0.2987020563118284,-0.0909002481045448,-0.5182075294636482,-0.7070780925901557,-0.6073356966553223,0.1507495256104942,-0.5048654336505398,-0.0871307937521015,-32.263786601423575,24.7668707713585,23.205263048628662,0.7619024888197115,0.0880398182910618,-0.3081618358219284,-0.2278381224664521,-0.1477842983365858,-3.194910644271954,-0.6073356966553223,-0.9000086583552268,0.1477842983365858,-0.0880398182910618,0.2408302886482291,0.175757025911612,0.0886262702472495,0.206764976914598,-27.225029729788098,2.463222156292952,-0.231611078146476,2.6028485616054406,-8.917491185284714,350.72070963401524,1.6028485616054404,8.917491185284714,0.6238892581332718,-38.50200627987705,5.86
2024-05-01,1426175,481300,12.24,10-15,non-HCS,-15.172375003372949,12.900828124605347,2024-05-01,2024-06-01,0.0637819803425797,0.0932204203193173,0.1139358927686994,0.1977555407224941,0.1461988535257086,0.1738964164219631,0.1907328112846023,0.2089885709534896,0.2956303940918104,0.2556439194184463,0.2070499956607818,0.0469500012695789,-10.788186801726445,-16.312366039102837,34.0,3.8872644490726618,0.2537896228310113,0.2448949779236003,0.2354114641196634,0.5573951370100358,0.0001957993896465,0.149357246653584,0.0087229675273555,0.3592568954112181,0.5122536905386514,0.0278027455419857,0.1327568693069315,0.0566961249970989,-6.953597094903273,-0.1983738215118625,0.2689186770869752,0.1875031200327503,0.2884125702994376,-0.3222369255356487,0.4205234015688713,0.0865291227226893,712.7531170643904,0.1548981136709953,0.9094551583667332,1.7991669391888436,0.0834082366259573,0.8768800813606015,0.2977933564871298,0.8768800813606015,-0.1444852230710126,-0.0134569167924178,-0.1560580018698684,-0.5071568509351951,-0.520533752974186,-0.3791231995992501,-0.3592568954112181,-0.272357930169737,-27.294074310506375,52.16266920230482,40.115620306243905,1.6592613320847205,-0.1276763291203685,-0.1775110338697746,-0.0921063113176494,-0.1983738215118625,-3.576427879876513,-0.520533752974186,-0.8508037801538789,0.1983738215118625,0.1276763291203685,0.2205750646133278,0.142336090892831,0.1711920833568579,0.1718172814563447,-19.16298468765474,2.407680187915115,-0.2038400939575575,2.512058174270059,-5.5241792373763925,175.9808520079799,1.5120581742700592,5.5241792373763925,0.6613502158954608,-27.10055284082928,26.05
2026-01-27,1449793,589982,2.52,0-5,non-HCS,-14.169873008213417,13.113118308555304,2026-01-01,2026-02-01,0.0556648486707813,0.0751646939483322,0.09483580444977,0.2175499790284068,0.1294946988935064,0.1729018039489039,0.1983543969533373,0.2325371897969391,0.250520445970311,0.1640112194942136,0.2396677698005496,0.0486834414383447,-12.01914465220443,-19.95407339346221,35.0,5.581794725700131,0.3830819354119712,0.2891081808530563,0.2466699003360485,0.6459018745895603,0.0001165625836536,0.2240817087811227,-0.0001712652238868,0.4864302962065361,0.5925195631617125,0.0324882948122588,0.1984646071998477,0.1017439043052469,-9.393658575775124,-0.0704391159556693,0.3928289348263813,0.1490477218461367,0.2265503012945111,-0.2977889222324821,0.4202497445069477,0.1435436741079593,718.7883893090269,0.2265810968279948,0.9246399234257144,1.3760964303422851,0.0974648844367766,0.9448962561183007,0.3086262670443267,0.9448962561183007,-0.1720470434930082,0.0401249757479586,-0.3047796492359289,-0.4995318588300181,-0.5384211022516499,-0.5811873399354881,-0.4864302962065361,-0.1176007652258345,-23.288645106227513,40.24361098455748,34.050449656277955,1.1850118244330887,0.1403149999043186,-0.3780126040531923,-0.2070022772649758,-0.0704391159556693,-3.0335987302999805,-0.5384211022516499,-0.9061979616367024,0.0704391159556693,-0.1403149999043186,0.1166259226671812,0.1437260755711384,-0.0270040103623898,0.1942411940882766,-22.608479296446973,2.496348458258064,-0.2481742291290322,2.6601908014978783,-7.93492874125778,239.830894516726,1.6601908014978783,7.93492874125778,0.6023404051496776,-31.97321804566664,5.36
2026-01-19,1674890,421275,16.38,15-20,HCS,-15.732765745655543,15.1485685460787,2026-01-01,2026-02-01,0.041558593095916,0.0717646767951468,0.0960276656988537,0.2742760742309111,0.1468019424618579,0.2217126822692214,0.2523388056014212,0.293626201670438,0.3261650799995117,0.2229356172485376,0.3202807597185325,0.0452547087520087,-11.705464991915504,-14.712910696416696,45.0,7.122532911749179,0.4715634082684731,0.3535543961155053,0.1985116186789932,0.6289149684207201,0.0001356456163071,0.2895988708509061,0.005943094795524,0.585224129919064,0.7368332396968253,0.0546784007120537,0.2813190557573767,0.1518138946524411,-10.268739633047463,-0.0864181367366565,0.4813573002688702,0.2665479360793934,0.2456741402677044,-0.2437976559993788,0.4586923169378895,0.2032775221933975,717.7931624230946,0.3072175845408451,0.9299500014871858,1.2848438163626776,0.1640352021361611,0.9906347966172347,0.367992041136328,0.9906347966172347,-0.1922068307358299,0.058112334032405,-0.4730976839417089,-0.7354253505739855,-0.6393098250645318,-0.4908767184116928,-0.585224129919064,-0.2059127421252873,-35.424939891721294,21.77225482486657,19.675046920728505,1.032938388490161,0.1032567372452777,-0.2921387687722489,-0.1898464495161108,-0.0864181367366565,-3.852597005969389,-0.6393098250645318,-0.9064840057082832,0.0864181367366565,-0.1032567372452777,0.1441112843431842,0.172818639340594,0.0049285219323922,0.2628640466860509,-18.68061259715352,2.2276783205736184,-0.1138391602868092,2.256926632694926,-3.007445704501192,172.2214610860848,1.2569266326949262,3.007445704501192,0.7955913845631069,-26.4183756883322,34.86
2026-01-16,1754627,398816,1.76,0-5,non-HCS,-15.945067387033498,15.868582637141028,2026-01-01,2026-02-01,0.0950455703506754,0.1449727323795816,0.2121206743359522,0.3214519819746563,0.2453144035481033,0.2787016804988393,0.293177035910519,0.3259909571390537,0.4750811891142052,0.4080089994190471,0.3290746905401246,0.0684448402161759,-16.22506630861724,-18.972710520717996,45.0,2.8214473928201897,0.1822975733733313,0.3025334859663197,0.210213175973894,0.6556076283672768,0.0014330843576997,0.1452842678245048,-0.0172207799274644,0.3783659916893749,0.5435960196162971,0.0151793239888131,0.1460848644654583,0.0255932685495644,-3.362529730735429,-0.1928723281285796,0.2049042550168821,0.2080139783548775,0.4200731899991693,-0.2319704120941573,0.4691492773136657,0.0637142216950445,712.6887314143171,0.1586699884683984,0.8479211338927757,2.3141325867478595,0.0455379719664395,0.8395857639436737,-0.1120097345346281,0.8395857639436737,-0.2562430695397085,-0.1226600425321658,-0.2787720740297785,-0.8393246051884244,-0.5323866929820416,-0.343627375735,-0.3783659916893749,-0.2490261257013691,-45.701831947201214,12.35663454304413,8.550375907403106,1.4242943408712598,-0.1186588723073516,-0.1622148855460909,-0.0885698898338795,-0.1928723281285796,-3.70079925097832,-0.5323866929820416,-0.7785596917052957,0.1928723281285796,0.1186588723073516,0.2452699596063674,0.2375876331867013,0.1964371726947943,0.1282395645148073,-24.888586678713683,2.1561260090615018,-0.0780630045307508,2.169345638399115,-2.747644212100756,307.8334862528494,1.1693456383991148,2.747644212100756,0.8551791422158496,-35.19777682933524,3.74
2026-01-22,1561823,599942,3.17,0-5,non-HCS,-14.074062391051706,14.125679445953924,2026-01-01,2026-02-01,0.063903952092754,0.0989679972969871,0.1532992647467728,0.2294144845786778,0.1807360307258718,0.1957609755096628,0.2143080192563288,0.2465941905153586,0.3637570540256359,0.293759784387315,0.2540879484375609,0.0371927753460648,-15.564571799926394,-20.587174121464333,50.0,4.571345334915798,0.1745899069186483,0.2454374098849549,0.2021181854498685,0.5967550087772429,0.0003444692587497,0.1139496867006753,-0.0192672222455525,0.397239482863405,0.5642691075410464,0.0130667699019068,0.1131231162719584,0.0140589663825382,-3.0053067510304463,-0.2264818196824744,0.1988828986835755,0.215285967507685,0.456655431049414,-0.3032241386545162,0.4848615493521256,0.0399072091808121,712.1458761542069,0.1293429833115272,0.8938476891054729,2.5254043758544085,0.0392003097057204,0.8359921642477133,0.0662761115441636,0.8359921642477133,-0.2884386957519352,-0.1183362866242187,-0.3086704409941483,-0.6518733086680775,-0.5722384296501626,-0.3530905925000994,-0.397239482863405,-0.2381975774317047,-34.1812007111353,31.70368045232962,24.401876785978203,1.372778714421917,-0.1229901843907764,-0.1645365330270048,-0.1188056358283353,-0.2264818196824744,-3.8042848789051353,-0.5722384296501626,-0.8519826538098882,0.2264818196824744,0.1229901843907764,0.2760918705796014,0.1692398050059717,0.2076516579855052,0.1635126377886838,-25.563144692748494,2.277862227315893,-0.1389311136579465,2.322694538988968,-5.0226023215379385,320.4305497711182,1.322694538988968,5.0226023215379385,0.7560324553576618,-36.15174592139073,6.75
2026-01-27,1446295,574168,19.72,15-20,HCS,-14.315843929321336,13.081918134740627,2026-01-01,2026-02-01,0.0646778641974846,0.087313710382182,0.1154627485967572,0.2071364392352297,0.1456102737103755,0.1712381381703938,0.1914902065893674,0.2282864021884892,0.2935086440595096,0.1910474856176907,0.2321707324812522,0.0543808197920642,-9.705797843562584,-15.966707288178013,35.0,4.585307768354816,0.2696860099576246,0.2560977619483542,0.2418277013784535,0.6137838090313562,0.000182332163716,0.1619872329471074,-0.0055131920298777,0.4069372320195355,0.524102570168864,0.0233155169756758,0.1443802198850258,0.0562898264105265,-5.629524940967509,-0.1725218277504404,0.2841721061189314,0.1489282958433514,0.2965746120688259,-0.3136903931549155,0.4317101597964943,0.080883676543918,715.7428824716767,0.1671659028987454,0.9106111329526092,1.6662972591076075,0.0699465509270276,0.8855349265381527,0.0392165997967994,0.8855349265381527,-0.2038329083588569,-0.0255251053856756,-0.351183259069468,-0.5157673561935919,-0.5414465072031333,-0.4220325600376129,-0.4069372320195355,-0.1349655864103746,-24.274378486856655,45.686657880144864,40.36814448025989,1.0340901443937134,0.0404058341217109,-0.3312131238825615,-0.209494267914774,-0.1725218277504404,-3.074750936531804,-0.5414465072031333,-0.8924460460776189,0.1725218277504404,-0.0404058341217109,0.2014688175904705,0.1459004624087617,0.0599938763153462,0.1982906119132314,-18.153202468700215,2.487752123330937,-0.2438760616654686,2.6450690139572615,-6.260909444615429,154.96963316639315,1.6450690139572612,6.260909444615429,0.6078772328186226,-25.672505131740596,41.96
2026-01-19,1669430,430312,0.0,0-5,non-HCS,-15.648504129966494,15.099464547185834,2026-01-01,2026-02-01,0.0845886441950614,0.1330167028875578,0.2084577288219343,0.3290185411225308,0.2497426029963371,0.2842524159413118,0.3089875857690316,0.3385286541321339,0.4924389811007532,0.4026609463460278,0.3759922377683304,0.0700220525019116,-17.26385565165511,-22.500741948277746,45.0,3.5137302616287105,0.2011105370159528,0.3154764052225002,0.1985354962184307,0.6106539245936538,0.0012135305990041,0.1549345968361789,-0.0270129672418802,0.4242140416255633,0.5909711088306686,0.0214926351733751,0.1610738451156411,0.0273275958648636,-3.2441573896358458,-0.1989396110658565,0.2243090886841449,0.2225499480677256,0.4357714400304254,-0.2236704232052447,0.489264948339792,0.0646257206923575,714.107609507222,0.1743087757183833,0.8564467775718659,2.14826429648515,0.0644779055201254,0.8510635044954901,0.3790089931298133,0.8510635044954901,-0.2936753592494431,-0.1105806612752298,-0.4126261456818378,-0.9157211185074772,-0.574656666194615,-0.390312316110925,-0.4242140416255633,-0.2343922615133459,-48.688349838440836,11.885793535395486,8.408816089548173,1.2007074486728977,-0.100648448514366,-0.1600686937902291,-0.1103186039178928,-0.1989396110658565,-3.914132237818224,-0.574656666194615,-0.8038070715366006,0.1989396110658565,0.100648448514366,0.2577734594127707,0.2376280485373969,0.1927456868872045,0.1533810310708871,-28.117816614066832,2.2633944067187786,-0.1316972033593891,2.303343957589252,-5.236886296622636,388.449561050208,1.303343957589252,5.236886296622636,0.7672571727340983,-39.764597599932856,0.0
2026-01-20,1606120,356839,0.0,0-5,non-HCS,-16.328640496023308,14.524219649316398,2026-01-01,2026-02-01,0.0944176452263085,0.1408489021258764,0.222624214422108,0.351476631856367,0.2631903207879336,0.2912004443537376,0.3140061661896248,0.3577730789485436,0.527889817319018,0.4178335262368203,0.3756999969482422,0.0725999996066093,-17.82244074434125,-25.323525796187027,27.0,3.300275023579031,0.2019876912399822,0.3277479710609852,0.2062012451625954,0.6399545377477419,0.0015523004673274,0.1627672880361544,-0.0353440553966638,0.4278220713575406,0.5765020989098628,0.0190311333107831,0.16787761216065,0.0273445653139878,-3.2071216160531493,-0.2006139597753362,0.2244421311508699,0.197355966762508,0.4402691399744561,-0.2062301832676109,0.4861950338536109,0.0505241525057622,711.4037715758824,0.1799445804563478,0.8456867052926513,2.1643104398257935,0.0570933999323493,0.8511416633856376,-0.0059540290453805,0.8511416633856376,-0.3039347681521896,-0.1144061378339175,-0.4869906215854021,-0.976968154781283,-0.5787625330180012,-0.4790215006935975,-0.4278220713575406,-0.2270745820788647,-51.55115146532455,10.000467533760634,7.22858795287949,1.0050150526418271,-0.0862550606960988,-0.173321548429787,-0.1243696928864178,-0.2006139597753362,-3.9073922835013706,-0.5787625330180012,-0.7993957391691506,0.2006139597753362,0.0862550606960988,0.2546118682157303,0.2535979605715981,0.1790979907053764,0.1572513827182422,-30.50880552165543,2.3477073596114617,-0.1738536798057308,2.4208786641205373,-7.501085051845777,451.3270379403404,1.420878664120537,7.501085051845777,0.7037898627459207,-43.14596654052828,0.0
2026-01-15,1791819,390415,0.0,0-5,non-HCS,-16.02524187944818,16.204401719264773,2026-01-01,2026-02-01,0.1322320459184773,0.2068807569812194,0.2917836007069458,0.3716126496706045,0.3212397160742319,0.3352765514430675,0.3462398501169501,0.3667722727538962,0.512728735194965,0.4798126324446817,0.3595956248203011,0.0873459657343725,-18.762973201892656,-23.07436811855338,3.0,1.720762225197472,0.0928435034358943,0.2759343755854804,0.2095939129824595,0.6041831328055278,0.0046407862052241,0.0936708280886449,-0.0102541326629842,0.2847601905142053,0.4751079168795253,0.0072490236675239,0.0969833750246648,-0.007265181391554,-2.463681700712708,-0.1595719570964236,0.120333886298312,0.2201294390080041,0.4758804458639917,-0.2068161795414671,0.4624905119745617,0.0213807883571836,699.4446400395157,0.102925871908757,0.7869902609901892,3.5609428851600295,0.0217470710025718,0.7876127768759925,0.0080481589348464,0.7876127768759925,-0.231701301983134,-0.1555451149733409,0.0031896639502413,-0.7970312970379988,-0.4250193772303156,-0.0588995223836122,-0.2847601905142053,-0.1979557474160575,-45.180015218378784,7.469186267833621,5.502674677537817,1.7733847195361596,-0.1270810076314207,-0.1906661720477691,-0.0484339580336482,-0.1595719570964236,-3.157870809134556,-0.4250193772303156,-0.6756039906949026,0.1595719570964236,0.1270810076314207,0.2298054988630976,0.2977881118322446,0.2099286070636818,0.0141485459747988,-29.583467754503538,2.2061027197516365,-0.1030513598758182,2.229782075061847,-4.311394916660724,432.94375065902335,1.2297820750618471,4.311394916660724,0.8131522001161945,-41.83734132044603,0.0
2024-05-01,1427175,481301,17.96,15-20,HCS,-15.172371979119248,12.909870871909456,2024-05-01,2024-06-01,0.0697439131385568,0.0939549230739507,0.1278985182194247,0.1909941532252718,0.1527371752502563,0.1666325507430479,0.1863977446005046,0.2145666918771784,0.337927900756579,0.2904766496687267,0.2281254386125363,0.0534254452399771,-12.336292280738254,-17.172834544786962,34.0,4.096207287095269,0.1789935343870051,0.2190427101427419,0.2391788268258696,0.5625184450138386,0.0002156376887124,0.1098992806869513,-0.0097325852100801,0.3405493760906986,0.4650269973143269,0.0156228493438811,0.0983039729625849,0.023089899061434,-3.77324767452172,-0.277798489257831,0.1978585293917279,0.147899707142475,0.3489990690387011,-0.3327252911052745,0.4386134382754838,0.0435087435090291,716.1104205618539,0.1155749169690333,0.9024845655019812,2.180320524114641,0.0468685480316434,0.8353792727807698,0.2047405817072365,0.8353792727807698,-0.2231523268609831,-0.0695002814983974,-0.2248296624478323,-0.5613710225665243,-0.5649054887590597,-0.5469960299801067,-0.3405493760906986,-0.3107743185665482,-31.02980098599084,55.74821053729569,35.631092992565016,1.5930730692727932,-0.2066220752026724,-0.1312746247219261,-0.0926013587483334,-0.277798489257831,-4.023274963415702,-0.5649054887590597,-0.8505462994025146,0.277798489257831,0.2066220752026724,0.282271369920111,0.1433693657408433,0.2321219696122614,0.1809528702043372,-20.866103685222736,2.327799754472242,-0.163899877236121,2.3920580150002144,-4.836542264048708,211.84910623325064,1.3920580150002144,4.836542264048708,0.7183608651539182,-29.509126825525215,38.22
2026-01-17,1717293,332886,2.28,0-5,non-HCS,-16.558161968339068,15.527620990863522,2026-01-01,2026-02-01,0.0842038763001,0.1322024914587193,0.2047429487522634,0.3353156954763689,0.2531186277220251,0.2939209777313873,0.318863582481952,0.3504458591653477,0.4752135639270419,0.3942903618267036,0.3877045389637211,0.0797518817718516,-15.269862207171949,-17.81701356110318,40.0,3.613437224376947,0.2198347496949143,0.3265411994310762,0.1999382950390807,0.5777589872665546,0.0011998918842007,0.1689392299676058,-0.0245418421349249,0.4344498453615251,0.5985699740131977,0.0299085278256555,0.1745533950528665,0.036819012922401,-3.5096714988763456,-0.1726006394311349,0.2417751259413744,0.2217985341915295,0.410107074978239,-0.2165714090446798,0.4861528696007643,0.0745875611246524,712.4496279321693,0.1883154581455536,0.8581731243141997,1.9572523372316928,0.0897255834769665,0.8612636796831586,0.3436278460801487,0.8612636796831586,-0.2870143563688722,-0.0878476466024425,-0.371574718718948,-0.8996563746148939,-0.564705311008747,-0.4125992097052929,-0.4344498453615251,-0.2180564934742118,-47.91006986406089,11.524744766546029,8.392515197552482,1.2858106917820242,-0.0808308343386423,-0.1795382569840443,-0.1040977755937141,-0.1726006394311349,-3.852603643815814,-0.564705311008747,-0.8023051743807625,0.1726006394311349,0.0808308343386423,0.2368736751848032,0.2393280798711716,0.1762439063422675,0.1466860691391935,-23.3959542240242,2.15396747470328,-0.0769837373516399,2.166809059530012,-2.5471513539312323,272.0633420213596,1.1668090595300125,2.5471513539312323,0.85703825474478,-33.08687576827513,4.86
2026-01-24,1501277,637684,4.83,0-5,non-HCS,-13.72742767542349,13.576752324472588,2026-01-01,2026-02-01,0.0433571803262859,0.0752765602150628,0.1105160936273169,0.1695093402412818,0.1348873025852184,0.1517599472241808,0.165443963793733,0.185792871702417,0.2715129170878956,0.2107439644499958,0.2010421951941872,0.0250359915056629,-15.144979222131903,-22.61332139838688,48.0,5.870751460471031,0.1860752278465607,0.2071943978055273,0.1892088662581046,0.5398933115152448,0.0001061545687879,0.097837647651442,-0.0033201535234771,0.3849599991279911,0.592635044621556,0.0151943498297377,0.0948300701763292,0.019333626660266,-3.417491265540267,-0.2312889545855249,0.2106710301238114,0.2690581932519584,0.4425338472332451,-0.3483092067618422,0.4822874693680622,0.058862049610389,711.4154385220542,0.1134448520249843,0.92320877911517,2.4489811466219424,0.0455830494892133,0.8430130664015899,0.1235431593149357,0.8430130664015899,-0.2474070015168821,-0.1018931275085828,-0.2477768603141632,-0.482670796242322,-0.565865949563974,-0.0750778013728162,-0.3849599991279911,-0.2194727997714653,-24.12231648413704,82.62493587792272,69.45450002350422,1.446613057038581,-0.1084398838879041,-0.1818478228997515,-0.1387170425956462,-0.2312889545855249,-3.519172158889719,-0.565865949563974,-0.8895939421015148,0.2312889545855249,0.1084398838879041,0.2843566328072387,0.1246512252881194,0.2029360489506954,0.1684231336465837,-26.699150414849058,2.3955867744851047,-0.1977933872425523,2.493123302892434,-7.468342176254975,342.4782827219601,1.4931233028924342,7.468342176254975,0.66973705256815,-37.75830062051878,10.27
2026-01-20,1606968,364890,12.66,10-15,non-HCS,-16.253977571153428,14.532296486004997,2026-01-01,2026-02-01,0.1111629826047164,0.1686724204210249,0.2471669511763523,0.3678455398313009,0.2844990445899474,0.3180792202548512,0.3363337480995614,0.3745466784611372,0.5157935355806719,0.4487328382808848,0.3767489514563656,0.0802395869206515,-16.676152393689478,-22.12197167028906,27.0,2.4137012173458414,0.1731832188935127,0.3221054929384271,0.2109345085811284,0.6511244370381919,0.0025866880048672,0.1495675726498008,-0.0209850929390188,0.3712329020944691,0.5358621928503796,0.0163065171403408,0.1524444609285744,0.0229843075421457,-3.242381982026884,-0.1674303455631975,0.1962213620364448,0.2055116586196149,0.4275789171724796,-0.1976039164611966,0.4690054023583532,0.0557274923840022,712.5579019958966,0.1623460584005066,0.8224275802029312,2.3832392814353303,0.0489195514210226,0.8343988027534824,-0.0731423611407575,0.8343988027534824,-0.2576324703560084,-0.1254501565739817,-0.2464305403239797,-0.9047977890309016,-0.5071415343830284,-0.3204951036356559,-0.3712329020944691,-0.2239861598051502,-49.51504366173979,8.589073873069363,6.138968617275329,1.4325517341182632,-0.0990563804010876,-0.1864259466722549,-0.0817835043240642,-0.1674303455631975,-3.5530941713212485,-0.5071415343830284,-0.7440706425270888,0.1674303455631975,0.0990563804010876,0.2286304748501753,0.2737713330124744,0.1846027173573399,0.094677510445297,-27.434416622956192,2.280725906624731,-0.1403629533123654,2.3265632951795503,-5.4458192765995825,368.9093708226217,1.3265632951795503,5.4458192765995825,0.7538275811141375,-38.798124063978534,26.94
2026-01-15,1786721,390272,1.04,0-5,non-HCS,-16.026341494256567,16.158315457177935,2026-01-01,2026-02-01,0.0821367387789873,0.1204440412543237,0.1694911075357772,0.2838577352777107,0.1985958381511927,0.2328914862902742,0.2508625769328764,0.2880357936661756,0.4053047704529772,0.318838215487679,0.2910746989875322,0.0582264455354579,-14.562121912541956,-19.7282337702606,3.0,3.2672585713744997,0.2336652009826007,0.2998574052762494,0.2207550248303448,0.7005395519144177,0.0006979403211855,0.1697056982352864,-0.010739763806117,0.4041874251087763,0.5511585851634299,0.0157881678165161,0.1628104796917652,0.0476505643017874,-4.321170687855123,-0.1762240896238279,0.2522706951939546,0.1890964309103628,0.375086140538053,-0.2557296538709407,0.4555332267727568,0.0794824000530607,716.8188506385974,0.179944563740832,0.8752428729411045,1.9728770026461415,0.0473645034495483,0.8673353994816276,-0.0624094434192432,0.8673353994816276,-0.2360319613553841,-0.1026514767891801,-0.3336022580229242,-0.7302064705531549,-0.5418190642668411,-0.413435200786616,-0.4041874251087763,-0.2323820330163387,-37.92146506235224,18.201243982259346,14.532357074314836,1.216395404437613,-0.0580400119920253,-0.2122148889677993,-0.1291845672189759,-0.1762240896238279,-3.5278783256235924,-0.5418190642668411,-0.8269030286939428,0.1762240896238279,0.0580400119920253,0.2219425438176354,0.2031495479397452,0.1431949448029721,0.1696857033368566,-24.246943032608353,2.3013157346926896,-0.1506578673463447,2.354763673092807,-5.166111857718645,287.2849452816621,1.3547636730928077,5.166111857718645,0.7381361191336693,-34.290355682802556,2.22
2024-05-01,1387327,444295,19.31,15-20,HCS,-15.512771588696946,12.549096338755296,2024-05-01,2024-06-01,0.0505318025796667,0.0824126070134289,0.123074935922266,0.2066294153954355,0.1554410933995856,0.1743281371270847,0.1950485711735912,0.2269085364920349,0.3396628871973864,0.2854402645545198,0.2406989674972455,0.0252587001312831,-10.800259923654009,-15.87281035917328,34.0,5.70076060986429,0.232134812553564,0.2473858125132466,0.1973749385146941,0.5578695816221072,0.0001727225617619,0.1333806680636728,-0.0087815244750749,0.4297534571159889,0.6070029300875442,0.0224310931555161,0.1302474485056343,0.0353477857810331,-3.87439420990472,-0.2435206777956509,0.2534224347941856,0.2398055287269322,0.416129802899893,-0.316363379848424,0.4807251408073039,0.0572735172936991,711.7095256949874,0.1510558779289366,0.9141766295517468,2.1706881116097794,0.0672932794665485,0.8679990983832792,0.1645485415602297,0.8679990983832792,-0.2624125367373346,-0.0737307097513698,-0.2956977470597597,-0.6342351999146238,-0.6094887850927161,-0.3946485228483548,-0.4297534571159889,-0.2948620276397959,-33.83296717787065,45.387211201615536,31.41412646674297,1.5257063510108106,-0.1601619696769357,-0.1153160769456242,-0.102361467418172,-0.2435206777956509,-4.268007967052079,-0.6094887850927161,-0.8704585149587033,0.2435206777956509,0.1601619696769357,0.2855631045596734,0.1467821435026291,0.2273687009278106,0.1947361503272131,-18.86070887205256,2.380349947098898,-0.1901749735494489,2.469669292348206,-5.072550435519272,171.4304775979394,1.4696692923482064,5.072550435519272,0.6804251849082464,-26.67307028282729,41.09
2026-01-15,1785256,390230,0.0,0-5,non-HCS,-16.026665992372205,16.145071686179016,2026-01-01,2026-02-01,0.1287644644726892,0.2108508570161191,0.3108716483361439,0.3987823419003796,0.3413434525620802,0.3594422135984579,0.373125604439808,0.3924607074160681,0.5605129892484239,0.4983278727039982,0.3909795034305755,0.090026233316729,-22.711040153932903,-26.58596462838581,3.0,1.813088160754321,0.0946037362431074,0.2890852375643709,0.1979508744154246,0.6264774396017191,0.0055114741723861,0.0956266658542888,-0.0179343987765948,0.3082697681462742,0.5118368155502397,0.0048019568486787,0.103805417088433,-0.0117713742903385,-2.3436436690659415,-0.1685931767794218,0.1238782487997222,0.2417040320312373,0.5066382772361047,-0.1862772442882593,0.4779060346432463,0.0258263858841993,706.2669974403365,0.1090113713596479,0.7795876118527539,3.5121564404226273,0.0144058705460361,0.7898596386698856,0.1453143105057611,0.7898596386698856,-0.2545330058551397,-0.1678016123133302,-0.1279424644683189,-0.9076333578862178,-0.453303760508872,-0.00715184714625,-0.3082697681462742,-0.1869593678123665,-49.81061591642472,6.279816282941043,4.7472416254381296,1.4902514324054286,-0.1109624315753864,-0.1899767677063031,-0.0709201058081086,-0.1685931767794218,-3.2032350541581858,-0.453303760508872,-0.6842695519873229,0.1685931767794218,0.1109624315753864,0.2457860481273957,0.3162944945538437,0.2107001971062903,0.0238900275803687,-34.85824637376322,2.1572072985595554,-0.0786036492797776,2.170618538305119,-3.8749244744529,603.79491020631,1.170618538305119,3.8749244744529,0.8542492428386199,-49.29700478231871,0.0
2026-01-19,1668752,430173,2.84,0-5,non-HCS,-15.649778944281298,15.0933313336731,2026-01-01,2026-02-01,0.0925219059387842,0.1464680375996089,0.2231414842264992,0.3427814092181977,0.2553206487894058,0.2876587394021805,0.3078136842023758,0.3455375285375685,0.4944737889312561,0.4057121540251232,0.3497999906539917,0.066100001335144,-16.42599498541381,-22.820419092857406,45.0,2.910784470998386,0.1877861022871861,0.3170139992072573,0.2002069116707085,0.6917020823015698,0.0016409044888378,0.1504741167572732,-0.0227273149660655,0.4012541514261427,0.5749083330301844,0.0119096694217776,0.1564865354646382,0.0248792619326098,-3.2271231351882115,-0.1811781880224058,0.2114067594323076,0.2257255299621357,0.4540782545288621,-0.2147073324508585,0.4828528657004075,0.0595567554055374,715.9930033944452,0.1683610405510618,0.8442400612204345,2.3126176976644865,0.0357290082653328,0.843449322385351,0.0152900836013631,0.843449322385351,-0.276711921539175,-0.1393810922452457,-0.362009934062049,-0.8986188357926547,-0.5429599644249284,-0.2956299791614444,-0.4012541514261427,-0.2275098975351663,-47.615723200751475,10.51202490882896,7.810154275234187,1.2112784087249224,-0.0840765343849295,-0.180577825142078,-0.1087414152059086,-0.1811781880224058,-3.639670289895115,-0.5429599644249284,-0.785433778894275,0.1811781880224058,0.0840765343849295,0.2448672099332173,0.2508280304157272,0.1818813686032674,0.1314025891107929,-27.75140553200076,2.3258602987111563,-0.1629301493555782,2.389286865917213,-6.394424107443598,374.8480895843173,1.389286865917213,6.394424107443598,0.7197937478087334,-39.246414078271215,6.05
2026-01-20,1606798,365797,0.0,0-5,non-HCS,-16.245552374769076,14.53080466217298,2026-01-01,2026-02-01,0.1029726020966179,0.1566588446002539,0.2483147872362056,0.3702315255390307,0.2873121872971336,0.3101884561797613,0.3347466945374881,0.379199314092378,0.5348519408661853,0.4214846300040212,0.3894786851001595,0.0719601861964576,-17.801675826810904,-25.867412948536128,27.0,2.9027628601509163,0.1726056196421445,0.3237359377579265,0.2027234286182042,0.6397938851255109,0.0022562427183274,0.1459852902978124,-0.0379697001323156,0.4053455766942909,0.5647856978293166,0.0148874290491029,0.1536637119747188,0.0145464385963533,-2.89299545645906,-0.1818842365787424,0.1971020371228474,0.2067786594676895,0.4685609094858082,-0.1956483848989467,0.4888603766455356,0.0382866012486767,711.4542594947417,0.1634935499456471,0.8284793152016435,2.4465167252236233,0.0446622871473087,0.8349263662879783,0.0511564522366665,0.8349263662879783,-0.3034954639555651,-0.1317400602004406,-0.4462475339374245,-0.9683766435115764,-0.5469084564036578,-0.3527928517879354,-0.4053455766942909,-0.1892960569684388,-50.65594606864394,8.45731220560039,6.596146330601623,0.9732972795515956,-0.0647367166959414,-0.2049825294176122,-0.1262545617939711,-0.1818842365787424,-3.6035445856102464,-0.5469084564036578,-0.7802251386959075,0.1818842365787424,0.0647367166959414,0.2467126637418364,0.2728086079131953,0.171998845048138,0.1242147260682382,-30.87870880128523,2.3694025842040767,-0.1847012921020385,2.4530886417770574,-8.065737121725224,460.48329978809096,1.4530886417770572,8.065737121725224,0.6881892619964659,-43.669088775347035,0.0
2026-01-17,1717870,332295,0.29,0-5,non-HCS,-16.56371026116942,15.53279661665242,2026-01-01,2026-02-01,0.1030844739751188,0.1611560996563794,0.2570990491382344,0.3597308976008655,0.2968991423165195,0.3175728024864595,0.3361728818459186,0.3705526964830291,0.5389387266167395,0.4584132364180459,0.3683451811246028,0.0744132438610144,-18.359949345515695,-21.25769844861897,40.0,2.8370166765567126,0.1393080904529744,0.3015761103441476,0.1977299815184959,0.5750978508637268,0.0024019928353295,0.1205056494791409,-0.0378713238005944,0.3812243327057328,0.5545330587266607,0.0146099915697655,0.1290644077682418,-0.0008298919120893,-2.548940946305307,-0.1994145837207916,0.1663859691073677,0.2197680124712619,0.4849740719521543,-0.2082303014332578,0.4931507944328853,0.0336445957293765,704.5544480861256,0.1378435214272689,0.8237356633373975,2.7800108642078776,0.0438299747092967,0.8163246713822679,0.0234372390399484,0.8163246713822679,-0.3044158519405512,-0.1368087599306376,-0.3404268320920303,-0.9566330223148516,-0.539616367359042,-0.3033207669144128,-0.3812243327057328,-0.2138374779083108,-51.931355126839534,8.732196628139347,6.1458799707055265,1.3025328433364116,-0.1206173028857765,-0.161341917233847,-0.0916073361920135,-0.1994145837207916,-3.743049031082145,-0.539616367359042,-0.7588958775022926,0.1994145837207916,0.1206173028857765,0.2647031584942956,0.2717091141968837,0.2144538596295811,0.0969872043217206,-28.013907409892887,2.1462857723487705,-0.0731428861743851,2.1578299072928013,-2.8977491031032727,390.2902667188919,1.157829907292801,2.8977491031032727,0.8636847206151084,-39.61764779413467,0.61
2026-01-24,1500196,636311,6.27,5-10,non-HCS,-13.740167279436523,13.56704436629392,2026-01-01,2026-02-01,0.0474337512542734,0.0763507567947969,0.1156473631531891,0.1879814810218164,0.1450566948339623,0.1647487594462637,0.1828168196976734,0.2039477661917104,0.2741944624330232,0.2071985940416991,0.2146208390555052,0.0267825530933326,-13.169247040899714,-19.77031289480867,48.0,6.203590889791792,0.2160402465202589,0.2291014883052045,0.1981095959201016,0.5410207950727455,0.0001267294337069,0.1184940767118756,-0.0103796008178687,0.4223121823849042,0.5970205428453823,0.0196525811867623,0.1147011983574661,0.0272534563959866,-3.5883512337385253,-0.1865371459335398,0.2382320364363518,0.2336076298744932,0.4140462855574032,-0.3320905642264711,0.4830073898369875,0.0635626789013516,712.4212066422999,0.1350140398635476,0.919762956708436,2.2285324363981607,0.0589577435602871,0.8592043042468722,0.286475120686,0.8592043042468722,-0.2718277450624755,-0.0784659742399378,-0.2685740591936868,-0.5067529204514185,-0.5643885432927478,-0.2687334403147204,-0.4223121823849042,-0.1764115434748561,-25.085233156604,60.15363433762559,52.3815017699508,1.3848802085733634,-0.0486287498599064,-0.2253257146780164,-0.149633483617475,-0.1865371459335398,-3.4724354846672236,-0.5643885432927478,-0.8909034956075309,0.1865371459335398,0.0486287498599064,0.2469809678567935,0.1348342042096877,0.1566125795018097,0.1636624140850305,-23.29178619984011,2.400798666818437,-0.2003993334092183,2.5012485401335423,-6.601065853908954,260.3601345876205,1.5012485401335425,6.601065853908954,0.6661122214387272,-32.93955993570838,13.34
2026-01-16,1754649,397821,3.28,0-5,non-HCS,-15.954360785524436,15.86874073323621,2026-01-01,2026-02-01,0.0951607575318093,0.1514251640027105,0.2266312905639562,0.3352463886000483,0.2618229801553953,0.2861862534875856,0.307336252734315,0.3399252356142132,0.4900837032834949,0.398738433384791,0.3602598222131541,0.0694955171681641,-17.435593832122272,-21.13286325066493,45.0,2.7845477386607285,0.1688019788732615,0.3042381239606356,0.2010931874388509,0.6361526365027442,0.0017421280985083,0.1370483248359764,-0.0189417200903445,0.3777110529971333,0.557810513198792,0.0151481994893229,0.1421328815918247,0.0183710605014976,-3.0965674084836774,-0.1876065300491851,0.1933073728746373,0.2281736366811381,0.4593880084385322,-0.2229273617307097,0.4789159920007189,0.0444577788776137,712.4139340727362,0.1534288273037285,0.8405225916627621,2.4467212775849716,0.0454445984679688,0.8326508108893171,0.1664868371980958,0.8326508108893171,-0.2658440101758744,-0.1313453417639559,-0.3419150624649745,-0.8639560786329271,-0.5279093657947738,-0.2138717497497231,-0.3777110529971333,-0.2072713458929072,-45.53744570392546,10.893713954035176,8.273867180453957,1.1845640416696592,-0.0865032121686764,-0.1905839145411478,-0.1126039413659043,-0.1876065300491851,-3.494966504036563,-0.5279093657947738,-0.780624450209344,0.1876065300491851,0.0865032121686764,0.2495879363994821,0.2494537119556162,0.1846626719545437,0.1254222267250056,-27.27201754314116,2.191725036373971,-0.0958625181869854,2.2120529678622725,-3.697269418542657,368.4640201483769,1.2120529678622722,3.697269418542657,0.825046451364023,-38.568457082787205,6.98
2026-01-16,1764801,389940,4.14,0-5,non-HCS,-16.0284284590875,15.960167868740864,2026-01-01,2026-02-01,0.086701094266707,0.1326411662881609,0.1945097825659887,0.3217341565085154,0.2365458738031613,0.2743257989087244,0.2945696015862654,0.3298375126762982,0.4447109802143417,0.3376593483190467,0.3441276667326906,0.0706947425720248,-15.80142867512458,-19.576931190122885,40.0,3.311627767839359,0.2260782023445695,0.3206583750901506,0.2094978041255865,0.6191735752978968,0.0011010201872226,0.172996976552976,-0.0159285442563739,0.416160343076047,0.5754475447349574,0.0258486637554136,0.1730444956631246,0.0437686489114747,-3.90413958526625,-0.1604509152887928,0.2464423585691059,0.2094446911654861,0.3929950763951028,-0.2266396853955703,0.4699983624562807,0.0739518887493095,712.4056165747296,0.1877861737483868,0.8609091781783355,1.9732021951225889,0.0775459912662409,0.8639689569475896,0.071735821343476,0.8639689569475896,-0.257303612780221,-0.0887450009174675,-0.4001495869544736,-0.815778532176938,-0.5405190156763852,-0.3258832404855892,-0.416160343076047,-0.1760929204756787,-41.52163001292029,12.91374547950604,10.777075884400634,1.0184258770899186,-0.0241512718792945,-0.2385104803928557,-0.1439890120812096,-0.1604509152887928,-3.410424097910517,-0.5405190156763852,-0.8170064714981452,0.1604509152887928,0.0241512718792945,0.220287488468533,0.2301742832235302,0.1315472078616207,0.1606076120400231,-25.01627816797447,2.213435700771817,-0.1067178503859083,2.238934250353064,-3.775502514998305,309.3434818785485,1.2389342503530645,3.775502514998305,0.8071453345607532,-35.37835986524746,8.8
2026-01-16,1755096,396907,1.67,0-5,non-HCS,-15.962915948687746,15.87274347115634,2026-01-01,2026-02-01,0.0959042518703025,0.1487292338278634,0.2223498087741248,0.3325830683870214,0.2593267363925368,0.2832108539618954,0.3052378138902066,0.3385405465111917,0.4967316519426593,0.3915507205979065,0.3413219397368536,0.066572968406078,-16.895694902312876,-22.413963402212666,45.0,2.867488500577352,0.1749554554775003,0.3054914239959745,0.2053697701941952,0.6230421681288034,0.0016357976405588,0.1415133739874585,-0.0207955929887004,0.3819844905544827,0.552358973830506,0.017328227551423,0.1450308547050681,0.0208198040201582,-3.166906994727727,-0.1979327986489655,0.1986425100217771,0.2159352053002976,0.4464714368639094,-0.2242480850973087,0.4761408200380888,0.0440229727745785,711.5460916625027,0.1567397253409204,0.8427306894444972,2.4131564367694867,0.0519846826542692,0.8358483774117034,0.1870966057095826,0.8358483774117034,-0.2675411317675771,-0.1216290707111228,-0.3983909579116962,-0.8741324242040367,-0.5391533798355047,-0.2599476136132553,-0.3819844905544827,-0.203147278777718,-45.61369187607551,11.201845452089636,8.580386315735632,1.047537016941003,-0.0814319855085679,-0.1965922287902968,-0.1266651463416793,-0.1979327986489655,-3.520879059290849,-0.5391533798355047,-0.7901314090976803,0.1979327986489655,0.0814319855085679,0.2532259026886307,0.2464219415519103,0.177873532563369,0.1418335510126904,-27.79612595325609,2.2807589146235085,-0.1403794573117542,2.326607963259587,-5.51826849989979,378.6994871953919,1.3266079632595866,5.51826849989979,0.7538021990633287,-39.30965830452554,3.55
2026-01-23,1518829,568363,0.71,0-5,non-HCS,-14.367676756796524,13.737897771128862,2026-01-01,2026-02-01,0.0332532003222068,0.0756829049839467,0.1380132631055693,0.2610072872907369,0.1794729805360493,0.2118171719286623,0.2390622513225226,0.2914584545784867,0.3410317722226798,0.1992651570192833,0.2936159380668423,0.0070956690406841,-14.580712789727608,-19.870553857858873,35.0,7.6411541189051855,0.284573204084881,0.3024677501390438,0.134655943994017,0.6005168211230107,0.0002063331669892,0.1671397993987192,-0.0199006534598827,0.550429999325897,0.7739880023175485,0.0269205736749309,0.1838209716704936,0.0473650141051275,-3.5454362329072593,-0.1329224136995706,0.3082398238963135,0.3894916615799291,0.4945777617059515,-0.2685713215427363,0.5588727114113071,0.0826603766766912,714.8090930726542,0.2052133693678348,0.9166666628221692,2.064422397203532,0.0807617210247929,0.8990215925640015,-0.0094701148549585,0.8990215925640015,-0.3454296883544996,-0.1009700920992337,-0.5786681089745875,-0.7304144157428722,-0.6367639100630017,0.1949207623773219,-0.550429999325897,-0.052258208299243,-32.68854946716969,23.895469146394245,22.459486592336905,0.6505402024105709,0.1341425736750531,-0.3354058930351354,-0.2526431219885894,-0.1329224136995706,-3.242409041564978,-0.6367639100630017,-0.9153022943077772,0.1329224136995706,-0.1341425736750531,0.2389541290387984,0.1759738303638029,0.0681160447675364,0.2114131371489492,-24.360724266974337,2.3070912383131117,-0.1535456191565557,2.362797151580824,-5.289841068131265,289.72683877425413,1.362797151580824,5.289841068131265,0.7337849208446138,-34.45126664758648,1.52
2024-05-01,1439717,454863,11.65,10-15,non-HCS,-15.416269234156124,13.023007624774584,2024-05-01,2024-06-01,0.0797202704417017,0.1078756536256808,0.1447421544561019,0.2087859596885167,0.1685791181772947,0.1818433836618294,0.1975235958110827,0.2217498469295409,0.3499922719483191,0.312547927384193,0.2240083082536092,0.0622149990885876,-11.755271520945618,-18.302296654499568,30.0,3.3379994480760047,0.16172988590221,0.2252986010229523,0.2398770276216433,0.5881459073147366,0.0003516763822892,0.1082305981920418,-0.008711117646442,0.3186692097179169,0.4473584129831811,0.0136224794129155,0.0969935715479466,0.0200964738729688,-3.634749552036432,-0.252705463930055,0.1811561872168849,0.1500852607749938,0.35757079914065,-0.3205238144710688,0.4355268439270157,0.0378522081627745,711.7385181316395,0.1125513105621558,0.8888205861965032,2.288604808349901,0.0408674382387466,0.8253218688589834,0.1220242990725325,0.8253218688589834,-0.2132274486590187,-0.0856487828946226,-0.1611561629061518,-0.5668949247953984,-0.5287913933239856,-0.4818539085962632,-0.3186692097179169,-0.299232417996546,-31.95420902678852,41.426527124834,26.39914341245372,1.6955550087484017,-0.1990316959411554,-0.1340887776549437,-0.0753328737480462,-0.252705463930055,-3.8201865312829497,-0.5287913933239856,-0.8242608408034158,0.252705463930055,0.1990316959411554,0.2633011891729881,0.1593518380657686,0.2263136046679051,0.1532309333598484,-21.25391028283425,2.435632390174691,-0.2178161950873453,2.556943761093771,-6.54702513355395,215.14846663053703,1.5569437610937713,6.54702513355395,0.6422839571915483,-30.057568175445184,24.78
2026-01-19,1668024,429530,0.0,0-5,non-HCS,-15.655741952023572,15.08673255880684,2026-01-01,2026-02-01,0.0900380304342307,0.1420309673040276,0.2300743035273967,0.3522628102871544,0.2684173845354669,0.2920349143761842,0.3185677894147038,0.3553193204683056,0.5169639856190491,0.4102684062077918,0.369597332205727,0.0652169842548439,-19.233950053479536,-24.972647097435733,45.0,3.315176976805336,0.1851342603528486,0.3212047722802799,0.1948270810972416,0.6438068583297698,0.0016349369201085,0.1484727287660152,-0.0360503993535722,0.4253175996016771,0.5928652078192741,0.0152432807777069,0.1580187002804199,0.0179376976133655,-2.9473867664176936,-0.1894800943868593,0.2098243506400819,0.2240408558511451,0.4795189417412553,-0.2076179282534144,0.4978419094192225,0.0421401248359235,713.7489322185246,0.1693398090117054,0.8439458005316941,2.349204795477932,0.0457298423331209,0.8425107421511502,0.2976899589268655,0.8425107421511502,-0.3121359860839943,-0.1324905845327906,-0.4595596587604467,-0.9612918467169532,-0.5689467220529483,-0.3568730282987021,-0.4253175996016771,-0.2090083859232969,-50.35291459414033,9.771648809719013,7.375958008991542,1.0364370030112369,-0.0760697984107014,-0.1775359276035001,-0.1233368227280493,-0.1894800943868593,-3.778708052474597,-0.5689467220529483,-0.7974016239566648,0.1894800943868593,0.0760697984107014,0.2562241843156422,0.2563825711239216,0.1829243511682908,0.1399510495967469,-31.2587846185941,2.259630797836127,-0.1298153989180635,2.2983628962329576,-5.738697043956197,480.3226469752496,1.2983628962329572,5.738697043956197,0.7702006911175442,-44.20659715091527,0.0
2026-01-16,1765441,390558,0.0,0-5,non-HCS,-16.022683732211576,15.965980321498584,2026-01-01,2026-02-01,0.0668770239248948,0.1044810745840651,0.1429043043456444,0.2867508470186085,0.1816202018988733,0.2356708950962923,0.2608428861073645,0.2928606128166576,0.379897005339768,0.2835117746321152,0.3167114795928102,0.0599076593217299,-11.499551184315642,-15.145526901619249,40.0,4.065115940462643,0.319625964689701,0.3282044641254329,0.2128063150966101,0.6704399451875824,0.000447327173591,0.2189313143812714,-0.0008191791024088,0.4658867601801992,0.6217661026181995,0.0295973195085831,0.2111782539093033,0.0857587156267538,-6.107814700686086,-0.1397231806742339,0.3347953404403939,0.2194471751634437,0.3225993620879058,-0.2453188937187736,0.4547292423387982,0.1295275494412122,718.1148876088964,0.232096615280201,0.8947073159163018,1.5769804646094825,0.0887919585257494,0.9136713525334992,0.3436705072041577,0.9136713525334992,-0.2128612260665406,-0.0517129816811752,-0.3936940545391466,-0.7427700118105358,-0.5685970157836437,-0.4082434720608138,-0.4658867601801992,-0.219059488219154,-37.28188386356025,18.776971022293235,15.866674223684727,1.1121270939914254,0.0056799661480833,-0.2416738919800005,-0.1524546661775875,-0.1397231806742339,-3.5412181747651865,-0.5685970157836437,-0.8553344663274758,0.1397231806742339,-0.0056799661480833,0.1930257943037818,0.194562743446806,0.0933129576116878,0.205808246719442,-18.840915399809635,2.2736697340908303,-0.1368348670454152,2.3170537405213163,-3.6459757173036063,174.1667618186001,1.3170537405213163,3.6459757173036063,0.7592704604477111,-26.64507808593489,0.0
2026-01-22,1562425,600000,3.48,0-5,non-HCS,-14.073503070909714,14.131119885741304,2026-01-01,2026-02-01,0.0557445960091974,0.0894790249383624,0.1342561595744508,0.2371399991323843,0.1642647065934451,0.1958278859362882,0.2178768363890841,0.2495813799474169,0.3341102006242556,0.2669777128735887,0.2495029367068235,0.0305058823569732,-13.39229202640694,-21.723733485691245,50.0,5.088068520952495,0.2572349387074767,0.2764270013382023,0.1994584220192174,0.655372321503188,0.0002549068578972,0.1583225338234587,-0.0110427057069233,0.452089325213457,0.6193408807844586,0.0184156583080796,0.1560998118776432,0.0469942855769818,-4.164663422378018,-0.1697508404079016,0.2770191267356259,0.2322929886271493,0.4009212640471274,-0.2903524417422333,0.4803787927831056,0.0876529537058914,718.0868533269271,0.1771017209508036,0.9062672401849252,2.0084215136533303,0.0552469749242389,0.8814868840406112,0.2223592820604754,0.8814868840406112,-0.2665454954050868,-0.0936791645911482,-0.3036209921242997,-0.6441775694982533,-0.5775198256305268,-0.3933927915772656,-0.452089325213457,-0.2381792737529973,-33.16609483819986,30.72001847039401,25.311718049360124,1.3954971626181814,-0.0591879892941568,-0.1931559790878599,-0.1242818283886088,-0.1697508404079016,-3.774876243353895,-0.5775198256305268,-0.8665420945229827,0.1697508404079016,0.0591879892941568,0.230517628682229,0.1655964889685242,0.1560962319338784,0.1760851580025267,-24.83077976792443,2.474509363618839,-0.2372546818094193,2.6221072123320157,-8.331441459284305,290.9305827442123,1.6221072123320155,8.331441459284305,0.6164820625896571,-35.11602551209818,7.4
2026-01-20,1606131,365264,0.91,0-5,non-HCS,-16.250464475887572,14.524749025912476,2026-01-01,2026-02-01,0.0667899705888395,0.1021374351290943,0.1502716744716862,0.303427923095743,0.1890898602662236,0.2434842039630484,0.271165428312275,0.3228859337461424,0.4044772207101945,0.2882499588457737,0.3298039946111136,0.0495708682091905,-11.830710806599797,-20.149754794846334,27.0,4.502238636129315,0.3218495043637346,0.3405311043183771,0.2092423654515638,0.687705642180228,0.0004756664992599,0.2246835069538497,-0.012786774802337,0.4963207135039804,0.6391856162104196,0.026962905405323,0.2210329279577133,0.0826578913993514,-5.25290728405122,-0.1427441211560863,0.3375719296319069,0.2092464771481554,0.3428629148177352,-0.2314621501193641,0.4707772791275508,0.1257457351118369,718.9169652201481,0.24088756409467,0.8929417297673171,1.657503739920399,0.0808887162159691,0.915189559398438,0.0229393314901398,0.915189559398438,-0.2593172212672281,-0.0659205216074476,-0.4925287362724586,-0.8117866470087742,-0.5967845227063665,-0.5123470893999521,-0.4963207135039804,-0.2077348140869938,-40.2704601962205,16.185316697691526,13.886233640263864,0.9186228254978306,0.0256524110723299,-0.2609575159597431,-0.1718463367696387,-0.1427441211560863,-3.6804758026084,-0.5967845227063665,-0.8643011401501535,0.1427441211560863,-0.0256524110723299,0.1995001374302735,0.2041911982411506,0.0844570314079689,0.217390752994173,-22.613604092285676,2.520257840640717,-0.2601289203203582,2.7031736405563844,-8.319043988246538,238.3859218017246,1.7031736405563844,8.319043988246538,0.5871391948464662,-31.98046560144613,1.93
2026-01-17,1728432,342021,1.16,0-5,non-HCS,-16.473725953256487,15.62887732103134,2026-01-01,2026-02-01,0.0943289845882321,0.1397933478940997,0.2134391060425785,0.3232770447145429,0.2497171416595491,0.2727368063516697,0.2953586240914481,0.3377459800709583,0.4932027714032876,0.3700258745675721,0.343742407204812,0.0628169592448145,-18.86158534179436,-24.700080866474053,40.0,3.148885343921716,0.1817683710043066,0.3034029952339613,0.2107620908966713,0.6273114619986155,0.0013484097132679,0.1447945753947291,-0.0281813948426112,0.3962328400803457,0.5482393549455139,0.0167226911205523,0.1464393869191282,0.0209568371654996,-3.136371538795507,-0.2081199355260263,0.2046480966093919,0.1941906302735923,0.4367218456784469,-0.2306011675928789,0.4768934221545963,0.0440606579388434,712.1182756765929,0.1589219073008782,0.8493796899056193,2.371312577593097,0.050168073361657,0.8394331996111376,0.0161663737714445,0.8394331996111376,-0.2844525735163573,-0.1164203443922643,-0.4768858001545641,-0.8734138384951575,-0.5583121487402879,-0.3605838148726745,-0.3962328400803457,-0.1941268070117835,-44.829975129444776,12.16793210545374,9.653521484092073,0.8668715859235028,-0.0674291547790331,-0.2142941752328894,-0.1486426898064314,-0.2081199355260263,-3.5713829256570064,-0.5583121487402879,-0.8101511653894206,0.2081199355260263,0.0674291547790331,0.257092627353865,0.2377719353659892,0.1656815047733748,0.1627667195348049,-30.80274957565147,2.2680565750981994,-0.1340282875490996,2.3095442625250855,-5.8384955246796935,465.88268321222233,1.3095442625250853,5.8384955246796935,0.7636244368493381,-43.56166620826841,2.47
2026-01-20,1606892,355311,0.0,0-5,non-HCS,-16.34286083368189,14.531117067471827,2026-01-01,2026-02-01,0.0932328197503361,0.1357092140557001,0.2078712175322611,0.3332333705783241,0.2413541109857755,0.2729839153926978,0.2975738647663297,0.3385441279402564,0.5034797354854328,0.396649336062164,0.3397682902571389,0.0621876667380858,-18.300985651227016,-24.06399332182972,27.0,3.225406730371838,0.210605862106015,0.3210482010420471,0.213438625006663,0.6902018212784168,0.001275738071904,0.1665973646331548,-0.0296856091711971,0.4212118135459532,0.5627657157136635,0.0143438229801738,0.1672352146100144,0.033212415216269,-3.4447195579592376,-0.2034704173668531,0.2316782296816206,0.1855334016179428,0.4199456133414062,-0.2194648159858132,0.4758812075764427,0.0614961421958866,717.5797507504067,0.1806189615496349,0.8530683380687624,2.1621015374603973,0.0430314689405214,0.8553819203616714,0.1273272660794802,0.8553819203616714,-0.2882472213210693,-0.1197896984186589,-0.4636047541925607,-0.92172613822159,-0.5753705875136785,-0.5052366345440658,-0.4212118135459532,-0.2434081285844833,-48.594737641619304,11.588469210239609,8.410987524526092,1.0323919528643986,-0.0868851459376693,-0.1771917184591294,-0.1268140313399867,-0.2034704173668531,-3.8696196552815394,-0.5753705875136785,-0.806825304695829,0.2034704173668531,0.0868851459376693,0.2503783357061919,0.2399110342918468,0.1727028638488957,0.1677234832706824,-29.956563916673915,2.2720647010951125,-0.1360323505475562,2.314901491123584,-5.763007670602704,440.39479649402847,1.314901491123584,5.763007670602704,0.7605132450990678,-42.364978973056736,0.0
2024-05-01,1409135,426274,16.75,15-20,HCS,-15.679171008923674,12.745923122511924,2024-05-01,2024-06-01,0.0697796234624052,0.0999329876645121,0.1161025156454354,0.2361164187692855,0.1557017011160152,0.2072648672530284,0.2275538866314486,0.2499647546206882,0.3053545426114424,0.2492057669511032,0.2519499957561493,0.0552500002086162,-11.338674779201767,-19.382847545592924,34.0,3.5841683186149025,0.3296277990829516,0.2925857800761961,0.2441425135555671,0.6023267674727336,0.0002737698137994,0.2128835619939598,0.0139838362211835,0.4052482417688834,0.5437690337323619,0.0381473545621823,0.1867171325174577,0.0943965389356443,-11.563580910390248,-0.1278704284817095,0.3407366594963901,0.1776730910088764,0.2234961129542483,-0.2861164427207185,0.4062154335795852,0.1420603731321797,715.946331326613,0.2112378021844918,0.9045256020176748,1.507045549331243,0.1144420636865471,0.9169169316227016,0.3500161327465756,0.9169169316227016,-0.1105564302630326,0.0332211578727157,-0.1953994653645087,-0.5548957911851823,-0.5068538743520228,-0.4480416797916497,-0.4052482417688834,-0.2309269974234915,-28.80546474732535,31.97310783313785,26.98288533347558,1.499583151918896,-0.026970430297532,-0.2548600651786648,-0.116335766999424,-0.1278704284817095,-3.3345727838111143,-0.5068538743520228,-0.8491855143228836,0.1278704284817095,0.026970430297532,0.1588788388302239,0.1624985737118808,0.0885158783505339,0.1834722871526089,-21.72339676423623,2.523683213438865,-0.2618416067194324,2.709445585400013,-8.044172766391156,219.77580461432737,1.7094455854000126,8.044172766391156,0.5849849849218796,-30.72152232479469,35.63
2026-01-23,1518608,568330,1.37,0-5,non-HCS,-14.36798733137473,13.735900351002366,2026-01-01,2026-02-01,0.0371915992190162,0.0788723288286496,0.139869419307439,0.2662929261409367,0.178601255010355,0.2093289242391649,0.239295025119337,0.2893928254164575,0.3501359202686969,0.2075714798988713,0.2840964362387633,0.0088023951434301,-13.670736627844462,-22.38003822749214,35.0,7.079653007928055,0.2886035190660136,0.3070793531912975,0.1453175195939326,0.6332474450617449,0.0002317030391143,0.1730337975134721,-0.0193163608691559,0.54298801693931,0.7549028295600607,0.0239881755899996,0.1880560931852317,0.0512103120372262,-3.686495734758175,-0.136014066531929,0.3112634842945242,0.3591187228517349,0.4905094719309317,-0.264041960277717,0.5465072088217235,0.0792092775258035,717.5077450308469,0.2092729423185351,0.913709266774608,2.03672985702435,0.071964526769999,0.9007016622025987,0.1515074296989649,0.9007016622025987,-0.3359792919071155,-0.1061983505494301,-0.5808060275735268,-0.7421637182985279,-0.6323039056027442,0.0842031275379873,-0.54298801693931,-0.0750188251776138,-33.50701982715538,22.6519334408499,21.349293629626093,0.6443827803554831,0.1239203567383628,-0.3227996082328521,-0.2471683309757622,-0.136014066531929,-3.278805447239064,-0.6323039056027442,-0.9106613476829278,0.136014066531929,-0.1239203567383628,0.2350638898597731,0.1795329321925434,0.0675290473953253,0.2147981492818315,-25.491747367237984,2.4831686217339897,-0.2415843108669948,2.637076248101264,-8.709301599647677,305.95160832913604,1.6370762481012642,8.709301599647677,0.6108450972639995,-36.0507748553366,2.92
2024-05-01,1413732,399618,10.6,10-15,non-HCS,-15.924860189546742,12.786743471322335,2024-05-01,2024-06-01,0.0615470795217107,0.0988748334458417,0.1068527365720571,0.2912378313912618,0.1591050235455381,0.2491671805154289,0.2808347200567024,0.3060405136433226,0.2819396946138354,0.2050625758587256,0.2879576889368203,0.0459923062186974,-10.689862678015317,-16.747640026701678,34.0,3.828640391693173,0.4553637957556024,0.3633280186293972,0.2302765325021578,0.6334662248738304,0.0003042320526738,0.3134199389649207,0.0293498507979155,0.4930960086254663,0.6510787303094511,0.0598675933967973,0.2840030571630573,0.1672657934705925,-31.958457483284683,0.016222088891433,0.463173733963459,0.2326848822185594,0.1818283489688602,-0.2306618003741777,0.3997862751148113,0.2205934082067508,718.5001726342834,0.3079618605237409,0.9106962752105452,1.3300723977338584,0.1796027801903919,0.9814141500729746,0.7564445590798785,0.9814141500729746,-0.0553327506291592,0.0942114817915732,-0.2411468189082949,-0.6022977698360122,-0.4807192154688639,-0.2734807068341103,-0.4930960086254663,-0.1261989050875716,-28.68482261202533,18.685338918103454,17.17583839325588,1.2876167513716683,0.1736352706418989,-0.3892630204248915,-0.1650370426627477,0.016222088891433,-2.7994680993662717,-0.4807192154688639,-0.8658206038970252,-0.016222088891433,-0.1736352706418989,0.0485553134228844,0.1879833453929411,-0.0614857601169388,0.1929600189804479,-19.401244221329623,2.441569148175058,-0.2207845740875289,2.566684299990564,-6.057777348686363,179.02997206627367,1.566684299990564,6.057777348686363,0.6382906881788647,-27.43750270471699,22.55
2026-01-19,1675304,421668,0.86,0-5,non-HCS,-15.729120763177294,15.15232310536862,2026-01-01,2026-02-01,0.091953792699028,0.1397421021094991,0.2227897408103366,0.3555347752269697,0.2629079533588672,0.2958594805899885,0.3234132628010148,0.3689344807307159,0.513149246644432,0.3840046939765983,0.3748575654952418,0.0657861487780922,-19.626659850847208,-22.817361798372193,45.0,3.352426897399675,0.2069270135165812,0.3322612018642595,0.2023249702354541,0.6525151420137749,0.0015467916469387,0.1657142260402659,-0.0352593292903664,0.4357010855785839,0.5890228296771385,0.0182734661102784,0.1725635585645136,0.029005772810635,-3.226675664419777,-0.1814405093786739,0.2295338183589471,0.2062544502567175,0.442223273867722,-0.2023907505357146,0.490201941161393,0.0589718105048645,715.8272430936476,0.184654571665197,0.8467561910295391,2.182745499462326,0.0548203983308353,0.8541275187926842,0.1509988851635049,0.8541275187926842,-0.3069267393754435,-0.1188627777774792,-0.5264993635108284,-0.957718158328476,-0.5719284613704794,-0.4072065955132146,-0.4357010855785839,-0.1871917964759385,-48.958814954070434,9.763896884007336,7.861065028501548,0.8111843226505497,-0.0384968212451036,-0.2200060593709734,-0.1495702384477827,-0.1814405093786739,-3.6606229865783217,-0.5719284613704794,-0.8106542198985032,0.1814405093786739,0.0384968212451036,0.2437415101729334,0.2553220842439411,0.1511035143799183,0.1603930893334168,-30.012455528991666,2.1503487098321967,-0.0751743549160984,2.1625697888368536,-3.190701947524986,447.8285987103663,1.1625697888368538,3.190701947524986,0.8601634152221485,-42.4440216492194,1.83
2026-01-19,1670263,430176,0.0,0-5,non-HCS,-15.649792569961958,15.1069917062883,2026-01-01,2026-02-01,0.0966801871340776,0.1574045459403932,0.2507130820085663,0.3667552009924066,0.2836463760988802,0.3087433800101279,0.3323096397750713,0.3679138331665846,0.5342965945601462,0.436780064478735,0.3696500062942505,0.069250002503395,-19.08641883500963,-23.257913400641524,45.0,2.8275400933057795,0.1615790253350393,0.3171124994539738,0.1915225942849498,0.679930557732459,0.0022781788665042,0.1351884674432238,-0.0325841772618575,0.3994023888271857,0.5827673517772409,0.0086944086720321,0.1462135016580055,0.0095880719772784,-2.7773856094239964,-0.1859398032329518,0.1879321127554295,0.2389925520968534,0.4989026643079303,-0.1996672448574654,0.4966603945528667,0.0423656953085959,715.9684195263436,0.1557656544920558,0.8292833246186152,2.5637690960334947,0.0260832260160965,0.8294167304530513,0.2007264924451426,0.8294167304530513,-0.2996060326723387,-0.1547663012423884,-0.3981118174105922,-0.9705811574634524,-0.5448770090895333,-0.2383236135535792,-0.3994023888271857,-0.2125597836984952,-51.33887880083229,8.560677356807481,6.3939168258829895,1.1316940180979174,-0.0871459741661373,-0.1749360030400341,-0.1097181318346189,-0.1859398032329518,-3.6444455842203034,-0.5448770090895333,-0.7719876533010924,0.1859398032329518,0.0871459741661373,0.2575798467517988,0.2721167751952067,0.194675648072279,0.1126388125886535,-29.941964468645047,2.1970272924563807,-0.0985136462281903,2.218558263951551,-4.1714945656318925,443.9102763930273,1.218558263951551,4.1714945656318925,0.8206419254481861,-42.34433223565115,0.0
2026-01-20,1606797,364643,0.0,0-5,non-HCS,-16.256260894236163,14.530738472278044,2026-01-01,2026-02-01,0.092498892122391,0.1332363497270979,0.1894893077333359,0.3090501695063425,0.2229314660152072,0.2598978944660462,0.2815878210790561,0.3218652921443953,0.49056723428255,0.4565272661578159,0.3403198173729779,0.0767480336860783,-14.147387147488631,-20.343566746770957,27.0,3.019775793146019,0.2207196078310775,0.3105457502661558,0.2227683604337086,0.6750117922359312,0.0010395829472285,0.1705824639691676,-0.015515500401531,0.3975111429666917,0.5392897109648127,0.0182392170836963,0.1645034658205441,0.0432361179095794,-4.041714083653171,-0.2270048949861651,0.2398222552705217,0.1804656520219778,0.3731866154984028,-0.2373461187199531,0.4563538160826843,0.0765620972469304,716.9364640344256,0.1796036078165619,0.8606677583486942,1.9429613702626491,0.0547176512510889,0.8601292084742396,0.0233213632286131,0.8601292084742396,-0.2443371774069863,-0.0987084715244592,-0.2511360986644002,-0.8879681557826571,-0.5728259563028184,-0.5966743832012555,-0.3975111429666917,-0.343796891675128,-51.050189578829915,14.27871299830553,7.523705582247852,1.7577137656091688,-0.1926351140737752,-0.0906988809813942,-0.0516094470002536,-0.2270048949861651,-4.38382142153378,-0.5728259563028184,-0.7793733408779009,0.2270048949861651,0.1926351140737752,0.2574944873146764,0.2229873912024021,0.2333672506745547,0.1544442065406461,-24.388787388223513,2.35929302612379,-0.179646513061895,2.4379734246816196,-6.196179599282326,287.80831472734457,1.4379734246816196,6.196179599282326,0.6954231440135336,-34.49095389425959,0.0
2026-01-26,1421618,612765,9.36,5-10,non-HCS,-13.960770208532631,12.857618815339244,2026-01-01,2026-02-01,0.0543225457816216,0.0732633942964992,0.0713793360535399,0.207233801258666,0.1110342802816651,0.1698135429807694,0.1916036139500097,0.2162840979235638,0.1847563082661576,0.1094221050503948,0.2162276745337401,0.0466282278972908,-10.242061957817716,-16.48298466986014,78.0,4.643153640807499,0.48362650639099,0.2967957091734263,0.2730252576619195,0.619879817712565,7.939756227765874e-05,0.2765562480973491,0.0208249067578368,0.4776176342762007,0.5846207029856224,0.0499344174497956,0.2292476934767243,0.1557983743351527,96.59948434946776,0.0573419901327511,0.4876096888887601,0.1484556096328488,0.1004442282548093,-0.3009298618668435,0.3587527303322327,0.2092922138982675,717.1811976252426,0.2617239397104822,0.933639531824006,1.1821884037368775,0.1498032523493869,0.9937855346546156,0.3627625043074376,0.9937855346546156,0.0208597696291475,0.2080593406047853,-0.1968693173047142,-0.3778596590269646,-0.4321100786579806,-0.3251602319311508,-0.4776176342762007,0.0073128987796926,-16.126790985799772,44.45050030590442,30.370375864443176,1.2836092294956043,0.3088895367478334,-0.5172115522954335,-0.2418554644168268,0.0573419901327511,-2.293093922798187,-0.4321100786579806,-0.9168282156362212,-0.0573419901327511,-0.3088895367478334,-0.0104709031838602,0.1334271123665211,-0.1825556327947464,0.1702029025257326,-18.897461697957684,2.4670467220497945,-0.2335233610248971,2.6093424095407625,-6.240922712042426,168.81975023846712,1.6093424095407625,6.240922712042426,0.6213718063176855,-26.725046627677855,19.92
2026-01-15,1785136,391868,0.0,0-5,non-HCS,-16.011342197324566,16.14406025044626,2026-01-01,2026-02-01,0.1130335764404595,0.187102475352124,0.2808527338270367,0.3679501831271053,0.3166020025932606,0.3309446419253457,0.346469195107865,0.3682225430133303,0.560023930067575,0.5097208342583442,0.3831506905031309,0.0891737066160477,-23.7237757154165,-27.92114650841902,3.0,2.1861250071010683,0.1050767562337874,0.2845798184369316,0.194553800758667,0.5587607030522415,0.0036176516496349,0.0987358480179516,-0.0196813595632481,0.325820811795551,0.5299900498009166,0.0111030720913927,0.1069359770900311,-0.0088100988188346,-2.4014516735889,-0.2069817942218549,0.1342433072110012,0.2467844115003273,0.5070913262419088,-0.2071832247802246,0.4834047416724391,0.022149198754242,697.8230549468626,0.1137237484532937,0.8033786231802089,3.200742142868217,0.0333092162741782,0.7963939397126282,0.1688097005157864,0.7963939397126282,-0.2641435455807593,-0.1528219871213083,-0.1819410704331334,-0.9386016135358372,-0.4991410449560565,-0.0913318388305373,-0.325820811795551,-0.2337086947770812,-52.59028741758637,7.840614322273762,5.075644509499098,1.608973827921207,-0.1615305146495193,-0.1346579497390721,-0.0601012271679145,-0.2069817942218549,-3.587511520121656,-0.4991410449560565,-0.7089688472458922,0.2069817942218549,0.1615305146495193,0.2722624098120937,0.2882550558355585,0.2434729459577417,0.0574403377698782,-36.518474718325926,2.1625472790843054,-0.0812736395421527,2.1769267608728455,-4.19737079300252,662.3950174830173,1.1769267608728458,4.19737079300252,0.8496705430152414,-51.64492222383552,0.0
2026-01-15,1792249,391058,0.0,0-5,non-HCS,-16.01924684218085,16.20831734317694,2026-01-01,2026-02-01,0.1297973760949453,0.2092564498337729,0.3065139581680123,0.3912284997218551,0.3398697009912906,0.3558195641715047,0.3656405954575573,0.382534038188593,0.5425789337985369,0.5047529509437674,0.3738822982844735,0.0896112607987515,-22.062592958520423,-26.81633686844633,3.0,1.8365211636439815,0.092450711246873,0.2843208602324661,0.201059252478895,0.5785972003479621,0.005250956814669,0.0938423243908188,-0.0177984345954118,0.3030418164897314,0.5017622651026115,0.0080202188216868,0.1007481675131511,-0.0119968887110448,-2.3369232266742315,-0.162078849068593,0.1214123357349342,0.2343553373013191,0.4966466149339942,-0.1922603398254965,0.4747974817189528,0.0229267059000567,696.6779946794551,0.1060927676844937,0.7814441127534748,3.560395103258651,0.0240606564650604,0.7882971113323544,0.0394532640108913,0.7882971113323544,-0.2519800615440767,-0.1586124739170234,-0.0430264456941595,-0.8739608873371525,-0.4433450343270591,-0.0530276431427994,-0.3030418164897314,-0.1952152829132913,-49.216711722392304,6.563388082051863,4.777574064329588,1.7302559582120107,-0.1267040195280551,-0.1768145612626815,-0.0504003973251013,-0.162078849068593,-3.248464433492788,-0.4433450343270591,-0.6741051332327808,0.162078849068593,0.1267040195280551,0.2394442174385457,0.3113405463173029,0.2178507881888274,0.0100943043790317,-34.56262273778959,2.194510965225889,-0.0972554826129447,2.215466238209777,-4.753743909925909,591.6379249670956,1.215466238209777,4.753743909925909,0.8227295572379447,-48.878929826966754,0.0
2026-01-20,1606335,356744,4.65,0-5,non-HCS,-16.32953361020225,14.52615807025784,2026-01-01,2026-02-01,0.0724227772538828,0.1103122859528073,0.1631838619902315,0.3265409775700836,0.2102415115266572,0.2703625634739027,0.2994608466109444,0.3386977949996615,0.4193119811265808,0.3313308303727306,0.3695264829223914,0.0711951546260119,-11.38784716984448,-20.704770687285027,27.0,4.308738796128016,0.3176348129378886,0.354733276797195,0.2093634432191146,0.6495213890349558,0.0006484293504098,0.2317157282839069,-0.0149820673384997,0.4949686992688474,0.6369455802528341,0.0348785536262382,0.2295018193544727,0.0832636943023508,-5.133459587470388,-0.1243824301757939,0.3335691849458105,0.2073466801282025,0.3357013765891058,-0.2130341487935824,0.4717401972075845,0.1250947611028379,717.2723983228869,0.2475795934136959,0.8839056405990343,1.5631141749638302,0.1046356608787147,0.913000101284666,0.3494352182612914,0.913000101284666,-0.262946683870733,-0.0501936554133799,-0.406474241562606,-0.8534086535022781,-0.5834319051839367,-0.578010833646937,-0.4949686992688474,-0.2235884469679382,-44.17804405316512,13.326884340275402,10.669773786531344,1.2040508886868135,-0.0072808300109788,-0.222924627748138,-0.1269406492291713,-0.1243824301757939,-3.863395078808588,-0.5834319051839367,-0.8396450068727181,0.1243824301757939,0.0072808300109788,0.186999127297668,0.2201717384820364,0.1069426328523456,0.1892478910840087,-22.692907712804757,2.580627205852623,-0.2903136029263115,2.818146167443498,-9.316923517440548,235.7827642734777,1.8181461674434984,9.316923517440548,0.5500107845598045,-32.092617857129504,9.9
2026-01-16,1765571,389752,1.15,0-5,non-HCS,-16.030220554858317,15.96711948274844,2026-01-01,2026-02-01,0.103257371338397,0.1593634307547642,0.241349122472053,0.3462105077113548,0.2747248931087716,0.2983061356048513,0.3156653306127464,0.3510453254854591,0.5020746008758128,0.3916286068893697,0.3649403703038709,0.0777103654605193,-21.904575207400132,-25.937540536418453,40.0,2.6349602558056477,0.1533987195331611,0.3019946620777937,0.2048879631606577,0.6450725967855586,0.0021220876123192,0.1297869762304408,-0.0258796323009216,0.3695741863662383,0.5405350364226252,0.011728329105932,0.134628149243619,0.0105265338514833,-2.8677638226520408,-0.1837402208133207,0.1784693499220991,0.2136390528442003,0.4629195804292071,-0.2166547781305172,0.4788958838769399,0.041151772442439,710.6138547491292,0.1446284631146401,0.8300533745841252,2.560524464159017,0.035184987317796,0.8236925093274183,-0.0489428944396241,0.8236925093274183,-0.2756236794961698,-0.1393269509986364,-0.3804186384662662,-0.8686688663777864,-0.5181304275416353,-0.2095417069029335,-0.3695741863662383,-0.1754379826637426,-44.93812964187082,9.813925119176448,8.034568708924759,0.9959549803107316,-0.0615555590361898,-0.2208680828381685,-0.1312725902131415,-0.1837402208133207,-3.338574645751438,-0.5181304275416353,-0.7788739074983946,0.1837402208133207,0.0615555590361898,0.2464229303880469,0.2604533340349173,0.1695326295249408,0.1187109949408494,-33.829484468765806,2.1685947733003177,-0.0842973866501587,2.184115203825356,-4.032965329018321,568.1508073749676,1.1841152038253562,4.032965329018321,0.8445124230897797,-47.84211574381858,2.45
2026-01-24,1499831,637187,3.17,0-5,non-HCS,-13.732089896486627,13.563703748584992,2026-01-01,2026-02-01,0.0563074902499316,0.0855378740335104,0.1254706141678081,0.2030294655954244,0.1506666261745595,0.1719707648987057,0.1876724890479639,0.2126450541318604,0.280344386792731,0.1961881993431241,0.2062145766855657,0.0414323948309453,-14.205444733941109,-21.519233591255208,48.0,5.05355785224346,0.2152827197743834,0.2396927782073642,0.2106401965799446,0.6270425869372109,0.0001863880219723,0.1264370325075275,-0.0107023563507188,0.4071548488924453,0.5657580689463476,0.014614196828975,0.1206784317334113,0.0304136103312897,-3.760516587733715,-0.1599484970387305,0.2360999470183296,0.2060721824166868,0.4021795446372237,-0.3204998994707052,0.4693719204319465,0.066031214340276,714.7010441418214,0.1404203572010172,0.910451633474064,2.0835413081805827,0.043842590486925,0.8579626722756238,0.1068605408158092,0.8579626722756238,-0.2581285231711697,-0.0965096908601757,-0.2904658692421471,-0.5039556530843065,-0.5324295097535071,-0.2431085671179126,-0.4071548488924453,-0.1312409971538475,-24.033133848480706,47.37948742180986,42.67568493397837,1.2145070028624767,0.0171366821990538,-0.2874675245546267,-0.1806596712038465,-0.1599484970387305,-3.083149095474496,-0.5324295097535071,-0.8870410084418403,0.1599484970387305,-0.0171366821990538,0.2202174159098632,0.1463791501703519,0.1072673175135604,0.158371799757172,-25.261162299454387,2.4094530280014164,-0.2047265140007082,2.5148581402621804,-7.313788857314101,305.69028349734486,1.5148581402621804,7.313788857314101,0.6601278188510294,-35.724678325196315,6.75
2024-05-01,1407415,449100,19.62,15-20,HCS,-15.468873169804228,12.730826127181365,2024-05-01,2024-06-01,0.0711053457804357,0.0952785608313545,0.1348358489630886,0.2299291143318569,0.1662497265478703,0.186174486611139,0.2116104481487506,0.2582834661172312,0.3680765869945585,0.2801859377271107,0.2543327014533581,0.055045560484699,-9.685419792863158,-15.421312669959638,34.0,4.480493075423154,0.2440557879605413,0.2664489916023089,0.2360580422247902,0.6165537706944453,0.0002814425243904,0.1578936098881314,-0.0153840730808154,0.4140448205379087,0.5275933143739633,0.0212314544066914,0.1446001630474083,0.0450424656517093,-4.400087317763007,-0.2310136380912113,0.2606973666269496,0.1452857763901413,0.342315987237103,-0.2974257892639904,0.4476328211134557,0.0565362972216638,717.2495713628025,0.1649464352830194,0.899207568660884,1.8390740203206375,0.0636943632200743,0.8721796641902112,0.0394045367197435,0.8721796641902112,-0.248773793978496,-0.0529807605573592,-0.3781630544862258,-0.657753288562579,-0.5887449992585317,-0.6431541888013844,-0.4140448205379087,-0.2552130582225655,-34.134144547559096,33.23425065428921,25.77035928141971,1.1947088247244335,-0.0985205654928298,-0.2049808560995654,-0.1441882303374471,-0.2310136380912113,-3.8894528338286913,-0.5887449992585317,-0.8647538699237336,0.2310136380912113,0.0985205654928298,0.2511085953963207,0.1634279738775088,0.1591876714809912,0.2087521491183891,-17.753140777898427,2.456920699305654,-0.228460349652827,2.5922193358436623,-5.7358928770964805,149.36188696555848,1.5922193358436625,5.7358928770964805,0.6280541741255355,-25.1067324628228,41.75
2026-01-19,1676225,421574,12.14,10-15,non-HCS,-15.73002423044126,15.160646453840902,2026-01-01,2026-02-01,0.0587508749780975,0.0927987443977794,0.1288308989018473,0.268828079081743,0.1647798336497997,0.2149898367147195,0.2458937270807802,0.2810017547288079,0.3594108840374097,0.2683731029362983,0.3150408766948288,0.0519847781517893,-12.4965399521258,-17.7629952371669,45.0,4.7073040864522,0.337338862575771,0.3200605349459995,0.2095397902071898,0.6815991905750741,0.0002982489105945,0.2185841272809535,-0.001984285084386,0.4867706797583047,0.6413025058541143,0.0275667804490364,0.2110626670806656,0.088820180458243,-6.226549464080684,-0.1441852706905201,0.3520533621289765,0.2246648296439173,0.3259690085570996,-0.2584418286556293,0.4594859146891119,0.1322117245875009,720.7416197710852,0.2339371358392209,0.9060876906494276,1.548911918449437,0.0827003413471092,0.9230673659755156,0.5122369105758919,0.9230673659755156,-0.2212206960758633,-0.0512227764397872,-0.3956295452541365,-0.7187039844402576,-0.5895764328641253,-0.4575539149949101,-0.4867706797583047,-0.239160953410522,-36.07046763715681,22.50205409437499,19.025654599904342,1.1615043657963675,0.0008469380944686,-0.2342310427814992,-0.1525696952509656,-0.1441852706905201,-3.70793666460438,-0.5895764328641253,-0.8703945982905479,0.1441852706905201,-0.0008469380944686,0.1969339851183438,0.1802568016067098,0.096063307244914,0.2157986279427507,-21.396722527901822,2.348085669663864,-0.1740428348319319,2.421433077093089,-5.266455285041102,221.9759796506765,1.4214330770930894,5.266455285041102,0.7035153579267033,-30.2595351892927,25.83
2024-05-01,1401135,474633,7.44,5-10,non-HCS,-15.233622216641184,12.674349010571785,2024-05-01,2024-06-01,0.0666157219465642,0.0905737186069663,0.1162357612783968,0.1790378417468024,0.139952409410982,0.1622996129913826,0.1770347979773905,0.1962304051786029,0.2787864758100122,0.2503883186677518,0.2017433535099488,0.0519358376920338,-11.948826005801967,-18.36209768261108,34.0,3.895444246738397,0.1956600453721926,0.2149900841214423,0.2436341694190737,0.5760870359271256,0.0001707218056224,0.1140334599125319,-0.0017040460110284,0.3281169510081788,0.4576449781960722,0.0166649977398254,0.0998243840411442,0.0319031884401649,-4.685330862738294,-0.21787535139138,0.2126911441624734,0.1524147969229728,0.3057311007541787,-0.3408260919667653,0.4251099039138541,0.0739356627055137,715.4666544406947,0.1184537250378515,0.9086322253202904,2.0238502149417,0.0499949932194764,0.8442103672441328,0.1914370296002553,0.8442103672441328,-0.1830469704837587,-0.0538856615200565,-0.109042612912567,-0.4562835375381801,-0.509564268288663,-0.4744438408980032,-0.3281169510081788,-0.2829218201245305,-25.298397793510674,69.2827475951708,52.11116052793955,1.7717757237393976,-0.1661530747266767,-0.1706361939752553,-0.0769232295493218,-0.21787535139138,-3.6398375585286926,-0.509564268288663,-0.8495440908205852,0.21787535139138,0.1661530747266767,0.2331423681256219,0.1338766839042749,0.197574609345045,0.14723043716622,-21.433059684104823,2.423165703740049,-0.2115828518700243,2.5367281834797017,-6.41327167680911,219.40551031105937,1.5367281834797015,6.41327167680911,0.650733168526683,-30.310923688413048,15.82
2024-05-01,1413732,400618,8.78,5-10,non-HCS,-15.915647614582651,12.786775615293887,2024-05-01,2024-06-01,0.0574497967313211,0.0933209852398897,0.1040508135364595,0.2858029647635848,0.1535108790110429,0.2452867690895682,0.276774801639254,0.3030801772255089,0.2803704808986601,0.1931846766759517,0.2961468410814011,0.0444797001086963,-10.06548789565396,-16.744821693446294,34.0,4.201507112989105,0.4580433461044352,0.3597023067946218,0.2254510518108415,0.645923614484247,0.0002589827512649,0.3071726746823867,0.0251413602119988,0.5077019785268935,0.6652624352904226,0.0552104998665472,0.2818366990503039,0.163937452826691,-23.46990718739981,0.0095950877006787,0.4662059503941572,0.2379187004244503,0.1899858560578199,-0.2350623318270392,0.4083280827481025,0.2301314727296773,719.0730588293221,0.3063741858370377,0.9148442124697992,1.327760155935214,0.1656314995996417,0.9829577561595194,0.7254437594326375,0.9829577561595194,-0.0766843537095533,0.0786546807568075,-0.2883908629671105,-0.6068040778313099,-0.5005452695818853,-0.2602988451663938,-0.5077019785268935,-0.1144341108910183,-28.348550301252693,19.606540653102964,17.969617638615286,1.1842160539526478,0.1933625840726925,-0.4028623279291279,-0.1868796798479925,0.0095950877006787,-2.792152248023675,-0.5005452695818853,-0.8791671246586655,-0.0095950877006787,-0.1933625840726925,0.0565755129026787,0.1836833441472921,-0.0718471746512582,0.2024501007206902,-18.957751716163507,2.498266070042535,-0.2491330350212674,2.6635876836806207,-6.679333797792335,168.5448000702675,1.6635876836806207,6.679333797792335,0.6011104853743209,-26.810309589100253,18.68
2026-01-23,1500197,577684,1.78,0-5,non-HCS,-14.281976514614117,13.56919990490658,2026-01-01,2026-02-01,0.0511079225977423,0.090645799667258,0.132501180026359,0.253224761534809,0.1763940341358863,0.2120224804059494,0.2347602420647793,0.2711655063803089,0.346834375213505,0.2275070353914203,0.2703418864229627,0.0302937363810403,-11.947998695560685,-17.54592476502607,35.0,5.362824805495795,0.2942123631677257,0.2982101296625266,0.1863519017189596,0.571397595148265,0.0002756901731056,0.1812750851000768,-0.0023175032895851,0.4727911610090269,0.6641312270259978,0.0356022656220024,0.1823479110913267,0.0655456022499369,-4.916784205674718,-0.1560006471794781,0.3129776053429005,0.2789194981109702,0.383889752033732,-0.2744417438592976,0.4831314916135724,0.0917274238766323,712.1090299565413,0.2044485362407885,0.9079729913569338,1.846623686675206,0.1068067968660072,0.9016527077222696,0.1495350452281409,0.9016527077222696,-0.2432899892945564,-0.0463578378477987,-0.4624161452422841,-0.6792430422044389,-0.5856004231873414,-0.1046528999698704,-0.4727911610090269,-0.1265483186646487,-31.867944421654993,26.047001436266175,23.77728820569191,0.876093476821854,0.0534970357854968,-0.2895137249450081,-0.2066124631098949,-0.1560006471794781,-3.249007050425426,-0.5856004231873414,-0.887755242388981,0.1560006471794781,-0.0534970357854968,0.2233124456434014,0.1731049812108779,0.0838056656197335,0.2145300732150431,-20.855353282777894,2.379598602874656,-0.1897993014373279,2.468524161418373,-5.597926069465384,209.6386862049374,1.468524161418373,5.597926069465384,0.6809557692494148,-29.493923460586753,3.78
2026-01-24,1500524,637139,3.41,0-5,non-HCS,-13.732500208492894,13.569970782391133,2026-01-01,2026-02-01,0.0444558218139372,0.079141304962057,0.1231878045054156,0.2293266001855439,0.1598613485254693,0.1884894256501313,0.2130766739641908,0.2516287808953705,0.3147975727531429,0.2039378041301303,0.246463631872052,0.021551216003336,-13.101882167545892,-19.242354166121657,48.0,6.380206105538749,0.2808528951112434,0.2773820732844522,0.1801399363530996,0.5928037499626972,0.0001769410344239,0.162288285916252,-0.0093610163952389,0.4868749478219581,0.675247070361431,0.0266412670638456,0.1639597295803168,0.0524062305058166,-4.241293118071735,-0.1570799034823069,0.3010906625877529,0.2806334099576864,0.4176997325972993,-0.2946558522046514,0.4991706903082509,0.0821817525521872,715.1117924744345,0.1867513236657932,0.9171705795780614,1.9575818893628951,0.079923801191537,0.8950366822581927,0.1792068818560748,0.8950366822581927,-0.2789990643637063,-0.0703201178658371,-0.4391277598528712,-0.624861626221483,-0.5982051559822303,-0.1347186872843983,-0.4868749478219581,-0.1211560150234523,-29.075210318090775,34.235821767465296,31.08144548096085,0.9543618283205024,0.0585988504998795,-0.2957507524227318,-0.2114955334899167,-0.1570799034823069,-3.298010693145904,-0.5982051559822303,-0.9024594971186362,0.1570799034823069,-0.0585988504998795,0.2306973642671748,0.1570873121150804,0.0887709664650226,0.2044480841054603,-22.870828843836637,2.3796949747231513,-0.1898474873615755,2.4686709833023883,-6.140471998575762,252.11105691071168,1.4686709833023883,6.140471998575762,0.680887694636306,-32.344236333667546,7.26
2026-01-17,1729269,341492,0.49,0-5,non-HCS,-16.478713914136133,15.636408674894115,2026-01-01,2026-02-01,0.0696932067228675,0.1059576847408483,0.1653438330035961,0.2655857288860053,0.1992279698319408,0.2203900613866223,0.2414695698690143,0.2803220179320739,0.4396098978605399,0.3210188588449127,0.2889766904954892,0.0503800751814579,-16.533984036955708,-23.473708048261948,40.0,4.418354264423652,0.2105386407742448,0.2811386387871729,0.2043820672936787,0.6137193385062829,0.0004930121882755,0.144444961777561,-0.023121670244767,0.4296349720936614,0.58426731105965,0.0183512008027774,0.1445883726041145,0.0282967155631609,-3.3613966670018267,-0.2467743167628587,0.2326178214436119,0.2064576940987052,0.4340060784906813,-0.2720393513089597,0.4848867772423444,0.0504317974449934,711.9112075134368,0.1615190342848359,0.8854498277742504,2.146863362969498,0.0550536024083322,0.8559309676858361,0.0289322144222912,0.8559309676858361,-0.2945620047200935,-0.1022063690069627,-0.5182034228767576,-0.8034607362560575,-0.6115689856951604,-0.4292378107636595,-0.4296349720936614,-0.23410212672074,-40.83058981403762,21.489059247036963,16.36051488867935,0.9020115894158364,-0.0944982891684019,-0.1736878768438507,-0.1610346365210516,-0.2467743167628587,-3.9337653978617926,-0.6115689856951604,-0.8563654182660098,0.2467743167628587,0.0944982891684019,0.2868170878032395,0.1907016810412472,0.1838803575558525,0.2118130360292676,-28.28971037308077,2.34691948720883,-0.173459743604415,2.419724852509535,-6.9397240113062395,388.11391415812176,1.419724852509535,6.9397240113062395,0.7043618333738255,-40.007692085217656,1.04
2026-01-23,1501153,576980,12.18,10-15,non-HCS,-14.288457388025408,13.57786231435638,2026-01-01,2026-02-01,0.036912279319324,0.0743415580972377,0.1061202225804969,0.2139144290298658,0.144334076725787,0.1850765913107354,0.2026029890281643,0.23163338299449,0.2645066756746537,0.1938286275929519,0.2317483520860043,0.0177767458654145,-12.882309328619058,-19.31218431381535,35.0,6.52305565581381,0.3182441591026982,0.2741815352454756,0.1698099548760486,0.576638745208688,0.0001254589215784,0.1712330665231659,0.0056506142946544,0.4841976478049173,0.7056750490227985,0.0329352894331739,0.1716180164672327,0.0700956586602199,-5.570861210941001,-0.1057483588146356,0.3368204221229351,0.3364313505678842,0.3739421758907145,-0.3045137012720313,0.4881917491992045,0.1236830453239333,713.614184012066,0.1971761917091285,0.927111371630458,1.819556816873804,0.0988058682995219,0.9147788924778136,0.0944288361385854,0.9147788924778136,-0.2213777420509115,-0.0436684330641695,-0.2811103516865125,-0.543322639392599,-0.5612102960094897,0.0474117398171143,-0.4841976478049173,-0.1463631270836812,-25.887475894180472,42.14588542426618,37.16639552795681,1.3461208543179126,0.0492609282013947,-0.2777234795142251,-0.1624078713114089,-0.1057483588146356,-3.226325575650665,-0.5612102960094897,-0.8966748988406598,0.1057483588146356,-0.0492609282013947,0.192774148597441,0.1443924650019669,0.0891872216625239,0.1759691453722858,-22.76494477143256,2.3994394231888965,-0.1997197115944481,2.499124405506381,-6.429874985196296,248.7855321418742,1.4991244055063813,6.429874985196296,0.6670560470678318,-32.19449364243441,25.92
2026-01-16,1754173,397227,2.21,0-5,non-HCS,-15.959887874849322,15.864413523178934,2026-01-01,2026-02-01,0.0967665580254154,0.1512835898445437,0.2308705318515358,0.3414535376492597,0.274513638156509,0.2987627210211006,0.3171969744778306,0.3508159358470132,0.4959421279459084,0.3872026582645901,0.3657699189835618,0.070392339125569,-17.28159556596742,-24.56679102107814,45.0,2.9672960040302017,0.1686736697324215,0.3073782634685049,0.202051325245942,0.562446354974396,0.0018041961963903,0.138164680366865,-0.0250699101878638,0.3859460495132013,0.5583654926804054,0.0225882535633391,0.1436870692466814,0.0163277862574717,-3.0050732510088576,-0.1844869715045013,0.1932174648782094,0.2197822992135807,0.4488644813776787,-0.2182001282354811,0.4820642365783686,0.0422991153854277,704.3073562902279,0.1546869210665076,0.8385340190048737,2.451201218200834,0.0677647606900173,0.8325968201225665,0.0329967222885012,0.8325968201225665,-0.2788731960963621,-0.1119077847842747,-0.399190226590151,-0.8779186303221252,-0.5325167536265184,-0.2364767644562322,-0.3859460495132013,-0.1702980880440169,-45.42802667082837,10.379560821998991,8.334027844710219,1.0117937287759986,-0.062785605710734,-0.214653823248704,-0.1309466026642328,-0.1844869715045013,-3.434529383726327,-0.5325167536265184,-0.7887273420405421,0.1844869715045013,0.062785605710734,0.2477119744206844,0.253494539985156,0.1702681413020652,0.1304965606035402,-29.591277937416073,2.348170911676958,-0.174085455838479,2.421558034227894,-7.285195455110717,424.5533467799122,1.4215580342278942,7.285195455110717,0.7034535178461009,-41.84838658704556,4.71
2026-01-19,1675147,422548,4.09,0-5,non-HCS,-15.720925310986267,15.150930079630752,2026-01-01,2026-02-01,0.0693079284931627,0.1021847291000577,0.1580173908564397,0.2868186314588574,0.1980327370885868,0.2373247005706901,0.2603308003359046,0.3068220004531908,0.435007592209247,0.3167670854565694,0.3342187885041214,0.05640043977173,-14.852559235737756,-22.983171756260603,45.0,4.736527938752737,0.271236037269781,0.314492415072202,0.21033631241067,0.6324340594053776,0.0004732430467099,0.1877444840148307,-0.022955861149487,0.4746331807867162,0.6107679893209853,0.0261245920099932,0.1855856669551187,0.0548234298230611,-4.128799310347575,-0.2052972805522882,0.2895476853066637,0.1917096689053506,0.3737894207807238,-0.2495966814534325,0.4795525708545435,0.0902521929873502,714.9243589072128,0.204481895631149,0.8894032413736057,1.788943884464435,0.0783737760299796,0.888564958405779,-0.0563107121478561,0.888564958405779,-0.2924796261656074,-0.0704672806658765,-0.5318866252959059,-0.8371613556229922,-0.6195599786273872,-0.587244969342721,-0.4746331807867162,-0.230641781850202,-42.47506807027338,18.24394404609372,14.34357700234226,0.9045964509150726,-0.0496175657548045,-0.2031836020760501,-0.1622970374412968,-0.2052972805522882,-4.016286682992195,-0.6195599786273872,-0.8614873912886463,0.2052972805522882,0.0496175657548045,0.2495896728571689,0.1980539842452564,0.1428045978235648,0.2217407073724486,-26.753901955592056,2.4297848783332525,-0.2148924391666263,2.5474216524893047,-8.130612520522847,341.3589199349956,1.5474216524893047,8.130612520522847,0.6462362720537876,-37.83573099199836,8.7
2024-05-01,1446731,416832,6.86,5-10,non-HCS,-15.7671829930331,13.08562708353398,2024-05-01,2024-06-01,0.0825809786158074,0.1130320654776483,0.1390912919576757,0.2434520672883055,0.176771643152976,0.2133684309151339,0.233244594634679,0.2607182129832651,0.3354392223252582,0.2727952160628519,0.2703472281514059,0.0591609410309263,-12.325236299009086,-19.354447983092253,30.0,3.190031114555217,0.2590157245813494,0.2796636070474086,0.2467281409918509,0.581649247741266,0.0004326301032846,0.1788662691566938,0.0043918603818135,0.365850790605267,0.4934195802955833,0.0316867257283558,0.1569374249357078,0.0647939330902291,-6.864115476918371,-0.1589022959705582,0.2728077035145294,0.1556700219198708,0.2648485209339378,-0.2856959420151375,0.415564655058509,0.0938042262117604,713.9863216178801,0.1773750392611743,0.8881321403285966,1.7659041500364354,0.0950601771850675,0.8790948205481188,0.2242399180067462,0.8790948205481188,-0.1537033198511877,-0.0075004206655976,-0.2003048000396727,-0.5713745961261302,-0.4959228447760806,-0.4412575593810619,-0.365850790605267,-0.2135913067021183,-30.0387129827296,28.422987408854095,23.406680449586727,1.440647781840989,-0.0568393282073444,-0.2517204460065402,-0.116690183056472,-0.1589022959705582,-3.3010619796711813,-0.4959228447760806,-0.8316308494983502,0.1589022959705582,0.0568393282073444,0.1854911661781425,0.1745389587757305,0.1163452867725231,0.1658216567681835,-22.40091958172274,2.4437677864141207,-0.2218838932070605,2.5703105006309936,-7.029211684083167,238.54814482849184,1.5703105006309936,7.029211684083167,0.6368167312121855,-31.67968428210134,14.59
2026-01-23,1518800,568575,6.33,5-10,non-HCS,-14.365716653956346,13.737630532021294,2026-01-01,2026-02-01,0.0231694146904396,0.0575833273122624,0.0997121827207289,0.2199541410190637,0.1371433156726551,0.1745685311826135,0.2013525190239757,0.2449732118114462,0.2991515257734125,0.1752817450824098,0.2514473754538304,0.0034287081792968,-11.46593858114514,-20.472366749223905,35.0,10.074495563131984,0.3567411110376514,0.2876889529259259,0.1283873568558966,0.6165115281791617,7.272335021500005e-05,0.1827989201904621,-0.0077149427866438,0.5850410565573148,0.809402140217761,0.0295972416023863,0.1928393066861375,0.0732803543835612,-4.60135439208611,-0.1525650552876927,0.376148343971983,0.4261640133615677,0.4384683053225615,-0.2968873696692831,0.5525294340356801,0.1200635005936599,717.5214037007939,0.2200443427083621,0.9393220727749466,1.8007477248710566,0.0887917248071591,0.9360279611058544,0.1602986065652327,0.9360279611058544,-0.3140988731601515,-0.0682395046259598,-0.5392365301227393,-0.6553512034882213,-0.6771645561728562,0.2008662642732434,-0.5850410565573148,-0.122072247717844,-29.43732691343007,39.08477516462946,33.90358924564516,0.8211324982446557,0.1130271756881525,-0.3002832273098467,-0.2504551668406279,-0.1525650552876927,-3.609671848618084,-0.6771645561728562,-0.9347228793585076,0.1525650552876927,-0.1130271756881525,0.2425907202035019,0.1433389725077323,0.0615118638297364,0.2451782320149282,-22.583792278710405,2.563989108057957,-0.2819945540289785,2.7854941925896193,-9.006428168078767,234.7348997572793,1.7854941925896193,9.006428168078767,0.5600690297119557,-31.938305330369044,13.46
2026-01-20,1606790,357081,4.15,0-5,non-HCS,-16.32643109417671,14.530288600145902,2026-01-01,2026-02-01,0.1030962954156493,0.1596389989289643,0.2383230680882976,0.3628540852308455,0.2684665364195501,0.3055774702016773,0.334651411285466,0.3646334661974809,0.5192874611061525,0.4672902290196343,0.3693333711671502,0.0814242915309413,-16.20505722558779,-21.653300783616867,27.0,2.5392744721965244,0.1840187371166535,0.3252820650161508,0.2057570597466144,0.721754773164869,0.0022038198458151,0.15415533998777,-0.0221413656460182,0.3889335427829811,0.5574795098456375,0.0094376182094851,0.1589683430009979,0.0257933887374337,-3.2789733850115046,-0.1773336450651037,0.2071452922903058,0.2152078716883444,0.4425286084847822,-0.1998435917734523,0.4756393385614987,0.064648238382557,721.995654651524,0.1696334918961803,0.8311144569664402,2.259917249192285,0.0283128546284554,0.8409193137812366,0.5474174038270141,0.8409193137812366,-0.2668470766611791,-0.1452191910504219,-0.2442592402124697,-0.9378410840223456,-0.5297311024799146,-0.3687589137550268,-0.3889335427829811,-0.2702301928292883,-52.211689955212286,9.020885036148938,5.9059159765125155,1.583885171356048,-0.1258048052561583,-0.1462359812954638,-0.0662605469823179,-0.1773336450651037,-3.818370978039513,-0.5297311024799146,-0.7487805936833402,0.1773336450651037,0.1258048052561583,0.2383699464425266,0.2670490478861982,0.2045667009076335,0.101471823320479,-26.769901672896655,2.287822496512101,-0.1439112482560501,2.3362063757125338,-5.448243558029077,350.8929783213763,1.3362063757125338,5.448243558029077,0.748387388487612,-37.85835800920466,8.82
2026-01-16,1764841,388690,1.79,0-5,non-HCS,-16.040109261085593,15.960473338614571,2026-01-01,2026-02-01,0.1043485574034213,0.167894384647085,0.2584372539813764,0.3601508346331137,0.297428076247344,0.3210976099728271,0.3377722598080931,0.3658664292445313,0.5323854289123611,0.44022352741367,0.3746499688066373,0.0755438523505544,-19.615941355994615,-24.52408800985382,40.0,2.5939679722005975,0.1373533467860771,0.3006102311713433,0.1966317156428279,0.580096015705343,0.002623686166929,0.1194853443169049,-0.0269970420906277,0.3640908826863384,0.5507053004055865,0.015058099625888,0.1277354490652192,0.0022975359453994,-2.647067430080067,-0.1929720968367936,0.164428611743163,0.2334158849630513,0.479881169439395,-0.2082126050377643,0.486992459703263,0.0382676649536228,706.0006036846082,0.1363954904674367,0.8206446240701769,2.7981217499071307,0.0451742988776641,0.8151249056084369,0.0796360003624835,0.8151249056084369,-0.2812038104294346,-0.138367013720448,-0.3373871853317902,-0.9247757581504956,-0.5204934330644314,-0.1696706445695939,-0.3640908826863384,-0.1935811573615818,-49.21812163514912,8.681091569244485,6.497688500899374,1.1848580707955616,-0.1000440501064873,-0.1835109029116462,-0.1045692382458517,-0.1929720968367936,-3.492791336135727,-0.5204934330644314,-0.7561884002028375,0.1929720968367936,0.1000440501064873,0.2599518461230981,0.2736707037836934,0.2013148272328505,0.0982296071430176,-31.21171408636477,2.2223898227696552,-0.1111949113848275,2.250212139442356,-4.908146653859202,481.0630722105433,1.250212139442356,4.908146653859202,0.7998642537945917,-44.140029365848434,3.8
2024-05-01,1386827,443795,10.3,10-15,non-HCS,-15.517364992569409,12.54456617935663,2024-05-01,2024-06-01,0.0608220574667306,0.0902336230301618,0.1223871570017098,0.1968993343175737,0.147252404683171,0.1682079782603318,0.1843389506023694,0.2100654563457766,0.3155198110795568,0.2686029802552865,0.2009906682656661,0.0340628996298412,-9.519343485128188,-15.906193005307047,34.0,4.291282862286792,0.21428153685432,0.2343823066502092,0.2224306111767931,0.618152623910709,0.0001962080786619,0.1262869589600931,-0.0027419684081167,0.37148543403965,0.5280014821770429,0.0161964459392423,0.1166887453582291,0.0355252446216766,-4.379382395640672,-0.2314911100170757,0.2333709046317041,0.194706782735233,0.3660058230989269,-0.3254854754435741,0.4475785803032247,0.066428542885887,715.2060064532664,0.1364214681409153,0.9085041430538912,2.1853667488128017,0.0485893378177268,0.8563707752087901,0.1082499925402876,0.8563707752087901,-0.2118168942940212,-0.0802083676568911,-0.2117113900749353,-0.5493733481173823,-0.5552292823933954,-0.4030680923170845,-0.37148543403965,-0.2918095568007955,-29.534645489772757,51.967995414863616,38.043378343249685,1.593935653973208,-0.1540349933673418,-0.1469185538164661,-0.0978140644805939,-0.2314911100170757,-3.818893974750424,-0.5552292823933954,-0.857327253827536,0.2314911100170757,0.1540349933673418,0.2590256330719219,0.1436315550042471,0.2054360675069909,0.1745766726067965,-17.978569267692766,2.502396440883874,-0.2511982204419369,2.6709338233415845,-6.3868495201788615,151.4165147582612,1.670933823341585,6.3868495201788615,0.5984677466161821,-25.425536490435235,21.92
2026-01-15,1786211,391646,0.0,0-5,non-HCS,-16.01346775967476,16.153767169953195,2026-01-01,2026-02-01,0.1093706673637048,0.1903979556539205,0.2908454594582548,0.3756935367702524,0.3247883929818358,0.3431635228702944,0.3552135722626739,0.3752882131822176,0.5548370020183409,0.4934099915252902,0.3817554174309793,0.0835543978376268,-24.0190355238877,-25.15134362518973,3.0,2.173229471111009,0.0962946044101993,0.2827519046450842,0.1851812725243838,0.5708845501019689,0.0039611434819268,0.0922066757622291,-0.0194202155141185,0.3273244406532957,0.5490466357583433,0.0078893444034341,0.102943243520746,-0.014335679271974,-2.272787088758254,-0.1925175561473839,0.1272964939667377,0.2702994311898064,0.5288289110003745,-0.2026378257062305,0.4924458594671799,0.0275096596811415,701.6497815459434,0.1091023243796178,0.7996559250352028,3.443084960645499,0.0236680332103024,0.7920205136022285,0.0624472453173675,0.7920205136022285,-0.2701125705298402,-0.1660219144826049,-0.1948020929556961,-0.933782749565706,-0.4890256993616406,0.0293255978544207,-0.3273244406532957,-0.2060888920540099,-51.14733526784344,7.348380935825397,5.203842227204454,1.4966972954731608,-0.1354458369141584,-0.1554574253752653,-0.0709141943770799,-0.1925175561473839,-3.4122384970391444,-0.4890256993616406,-0.7103977562246393,0.1925175561473839,0.1354458369141584,0.270989412682229,0.2955154233852082,0.2357099298378793,0.0475600520299958,-34.76870852982627,2.04605651292088,-0.0230282564604401,2.047142113603018,-1.1323081013020335,604.1110160069386,1.0471421136030177,1.1323081013020335,0.9549802142511384,-49.170379149077434,0.0
2026-01-19,1669689,428752,0.0,0-5,non-HCS,-15.66302779026902,15.101763997336366,2026-01-01,2026-02-01,0.0921262857743672,0.1457209136315754,0.2300278846933727,0.355079013234093,0.2740935684158689,0.2998609187262399,0.3232212500231606,0.3615969494751521,0.5218025200821104,0.4075638847124009,0.3617680259886242,0.0625854457233633,-19.702023758707075,-24.420822649529285,45.0,3.2140438094138135,0.1896593119801977,0.3245606559157522,0.1969035943679609,0.6022610626761195,0.0017343999846562,0.1529266482631051,-0.0307123432045891,0.418047384537008,0.5879910815966232,0.0219142852856055,0.1614956643913243,0.0225439482823499,-3.0920081949257385,-0.1901323046654887,0.2137235588636361,0.2253321796139221,0.4598852011285398,-0.204907156692512,0.4916438009008083,0.0448944139084517,708.4378763014786,0.1728647133009184,0.8421059540339716,2.338991826175206,0.0657428558568165,0.8448216136342844,0.1326960449559315,0.8448216136342844,-0.2972506318473648,-0.1157243295047977,-0.4722954961515606,-0.9607847012990997,-0.5633983579546421,-0.3178710915083366,-0.418047384537008,-0.1958026215132081,-49.944920259582425,9.61733815115659,7.344518172357909,0.9619741503193264,-0.0688197210249116,-0.190544918975444,-0.1304089921183187,-0.1901323046654887,-3.687794801371316,-0.5633983579546421,-0.7956253043362456,0.1901323046654887,0.0688197210249116,0.2540584111095944,0.2583463554000236,0.1755042264961336,0.1458356667172918,-31.199563900516427,2.2138936752702953,-0.1069468376351476,2.2395083342002766,-4.71879889082221,481.13962804819784,1.2395083342002768,4.71879889082221,0.8067715015770296,-44.12284640823635,0.0
2026-01-15,1792414,389802,0.31,0-5,non-HCS,-16.031004198365896,16.209752036190512,2026-01-01,2026-02-01,0.1329402543807942,0.1954030593344857,0.2584413452389462,0.3672634618638427,0.291795821561188,0.3135060784378121,0.3322944365455372,0.3628594733761092,0.4699933792832554,0.402754904023068,0.3730500042438507,0.1022000014781951,-16.033967633093738,-21.407533057109617,3.0,1.6905732699836369,0.1525008190871564,0.3094663743142876,0.2265571404298839,0.6583981648918078,0.003624118874751,0.1416320526283651,-0.0005754809507689,0.3054391829877144,0.4684555509548574,0.0158925645898325,0.1361672445064664,0.0256265403161034,-3.6447591292088384,-0.1226982120309292,0.1739192593529483,0.1902362629130789,0.4003146971934924,-0.2014011193334043,0.4404364383001135,0.0358668242684517,710.7586802080399,0.1450053103685821,0.8027696956449951,2.435749906421191,0.0476776937694977,0.8209258549667859,0.1131743905594295,0.8209258549667859,-0.196439609355687,-0.1197859499426375,-0.0826011591976023,-0.7351260850094057,-0.4126717607914897,-0.1305628464699772,-0.3054391829877144,-0.1597566288171986,-39.544095401939416,8.36718593023778,7.053894665863058,1.4216139232547755,-0.046091682655317,-0.2636737100632,-0.0896824767078161,-0.1226982120309292,-2.9158826296321103,-0.4126717607914897,-0.7131381230421291,0.1226982120309292,0.046091682655317,0.1857592931368136,0.2827582801301063,0.1386193712750333,0.0569415654599789,-26.47513903584359,2.287037929835001,-0.1435189649175007,2.335136352210476,-5.373565424015876,343.2476921420798,1.335136352210476,5.373565424015876,0.7489871714932949,-37.441500690203355,0.67
2024-05-01,1440717,453863,8.3,5-10,non-HCS,-15.4255068462848,13.032035103297703,2024-05-01,2024-06-01,0.0809103805014648,0.1178712409586917,0.1582544397753232,0.2622174970098112,0.1969087093621664,0.2312098040071096,0.2528216069086567,0.2862597717225024,0.3669377197237575,0.2889661151759673,0.2799179241869001,0.0600156858004844,-12.787984593422069,-16.58164914039437,30.0,3.4053381180933027,0.2293927618377798,0.2841671345835111,0.2266168303041555,0.5753041573917183,0.0005765450954869,0.1619446733872008,-0.0034223383594045,0.3797698843239105,0.5283951797311723,0.0284271908146983,0.1514397974505317,0.0483941273364334,-4.731656493956521,-0.1664457671631969,0.2472532602993057,0.1859370106035446,0.3345189431131565,-0.2732284101806054,0.4432449742687139,0.0801205590830326,713.8051414224575,0.1694180774227494,0.8804206606976339,1.9449390638182351,0.0852815724440951,0.8644381182590838,0.1671633754657449,0.8644381182590838,-0.2068649269218397,-0.0520634063927884,-0.2671634725788059,-0.6403858709961509,-0.5137414919362532,-0.3431474031652596,-0.3797698843239105,-0.1894673301941697,-33.0328708324873,22.58075653882159,18.88530054177419,1.293671498466849,-0.0485294148352516,-0.2533247751336318,-0.1296085560417705,-0.1664457671631969,-3.3111048348135093,-0.5137414919362532,-0.8301200958361422,0.1664457671631969,0.0485294148352516,0.209674168771523,0.1894695339554037,0.1317047939421891,0.1608498666080019,-20.76746717414678,2.2583392480379656,-0.1291696240189827,2.2966585171617817,-3.7936645469723,212.04587374089348,1.2966585171617817,3.7936645469723,0.7712130732684124,-29.369633733816435,17.67
2026-01-22,1564528,614771,1.37,0-5,non-HCS,-13.936577531966204,14.149565523137626,2026-01-01,2026-02-01,0.0652504960919684,0.1074044511856599,0.1624480316188678,0.2712742206080514,0.2065856156157587,0.2322533285959803,0.2563292732809605,0.2958522693402366,0.3665047768241739,0.2578150070450156,0.2928631091082784,0.0418025372634152,-15.41285595819693,-21.86460682684847,63.0,4.4699930081738515,0.2291457770687282,0.2913295711877549,0.1947177441001575,0.5395175038739167,0.0005083555137165,0.1548832965254473,-0.0128896253395164,0.4327409532894449,0.6122097851722842,0.0309040960946363,0.1570987201228969,0.039060480004816,-3.759872796524652,-0.1493159175820026,0.2509121642489462,0.2441514463290073,0.4184979225679075,-0.2657586620093992,0.484770479074265,0.0584900527147312,708.8221671432526,0.1748263823577635,0.8874023502205358,2.108607178805496,0.0927122882839091,0.8665518820295449,0.137369316809754,0.8665518820295449,-0.2690275950767641,-0.0717862610013279,-0.3952285883322758,-0.6873606238534736,-0.5467298594851111,-0.1658184537689828,-0.4327409532894449,-0.1103129258004415,-33.21287065224308,20.603028836843464,19.11868383442689,0.9864032575732518,0.0254384569928558,-0.2900809072181734,-0.1776698257387366,-0.1493159175820026,-3.1796331884018536,-0.5467298594851111,-0.8595088149532277,0.1493159175820026,-0.0254384569928558,0.222337479775935,0.1927993619265403,0.1106496786851389,0.168564951284347,-26.359146720734763,2.3461475318668836,-0.1730737659334419,2.4185954171082966,-6.451750868651539,336.9960356048247,1.4185954171082966,6.451750868651539,0.7049226213055355,-37.2774627850454,2.91
2024-05-01,1445731,416832,36.5,>=25,HCS,-15.767155038994924,13.076585238719447,2024-05-01,2024-06-01,0.0772209718399416,0.1071780295072003,0.1419169622675102,0.2529685124644771,0.1801878990218627,0.214925055669487,0.2406016303238741,0.2739157995315102,0.3440645797576009,0.2698790612744122,0.2835273803469876,0.0579585354246546,-11.37464310609706,-17.085284621642508,30.0,3.780508184504989,0.266074133528133,0.2888729011967878,0.236644787415709,0.597471919118134,0.0004123939732361,0.1820143642579069,-0.0047818750930511,0.4048087818895176,0.5322626824254185,0.0300518036750584,0.1657219881077691,0.0619376161050104,-5.551147757110562,-0.1525812697485096,0.2812247026111525,0.162457808602026,0.3010165112022046,-0.2773927910723728,0.4349065877607523,0.0879170278655124,716.15517048545,0.1861437357057776,0.8908350592554248,1.756031110722385,0.0901554110251752,0.8838691660031774,0.3364849228656945,0.8838691660031774,-0.2021185794891762,-0.0265472973762471,-0.2686209106130879,-0.6178533580437777,-0.5249649421103076,-0.4978261456644194,-0.4048087818895176,-0.1992840402981517,-31.87852137955492,25.645050908936884,21.701718438226376,1.326957731119633,-0.032343171622673,-0.2587713923419905,-0.1319229040923209,-0.1525812697485096,-3.4018588952098705,-0.5249649421103076,-0.8449013090833145,0.1525812697485096,0.032343171622673,0.1908816322742032,0.1785316241704109,0.1099840069307711,0.1725930278449216,-20.1242078883637,2.4013110342497006,-0.2006555171248502,2.502050170917839,-5.710641515545447,194.33901493727208,1.5020501709178389,5.710641515545447,0.6657567232850435,-28.45992772773957,77.65
2026-01-20,1606935,365404,1.49,0-5,non-HCS,-16.249206188686344,14.532023656558028,2026-01-01,2026-02-01,0.0942116822283728,0.1443977590258904,0.2238730362983944,0.3654649130326696,0.269288350594648,0.3070387987202357,0.3338180772418226,0.383843280906015,0.4947189202998859,0.380279573719349,0.3925034572410723,0.0686513980676767,-16.5117303384893,-22.34021822598596,27.0,3.2118237353105448,0.2185940852937251,0.3424566463582121,0.2037086523297437,0.6306528711833088,0.0017059581942451,0.1768028314754856,-0.0292892004749864,0.4335817586218366,0.5900958056179839,0.0245831248278247,0.1829359669636432,0.0374242144974806,-3.485500276763642,-0.150263237064635,0.2402558275688694,0.2103272885335625,0.42229631763302,-0.1931906861974839,0.4840681477989715,0.0655017695599868,713.8608806716227,0.1949696283250162,0.8441321994101414,2.0962609000657673,0.0737493744834741,0.8603812106089193,0.0224085406049288,0.8603812106089193,-0.2899931929820198,-0.1035693255842364,-0.4468820456259395,-0.9301395636355716,-0.5481333418548238,-0.3768710320212839,-0.4335817586218366,-0.1708693101524645,-47.760709157533086,9.203582509348868,7.574676689183444,0.9545503182546078,-0.0198655986733505,-0.2415132627482468,-0.1378867222926035,-0.150263237064635,-3.5165755873970403,-0.5481333418548238,-0.8001874918229394,0.150263237064635,0.0198655986733505,0.2197422318780096,0.2611094609872381,0.1358075281631695,0.1432522266050651,-27.472476292251407,2.300035807873276,-0.1500179039366382,2.352990738584817,-5.82848788749666,368.875659050484,1.3529907385848166,5.82848788749666,0.7391033593075197,-38.851948564475265,3.17
2024-05-01,1386827,444295,5.72,5-10,non-HCS,-15.5127626406528,12.544575007602162,2024-05-01,2024-06-01,0.0584612504192269,0.0927454035958418,0.1333487676571195,0.2061267475726512,0.1600673849250261,0.1793266769154713,0.1966162135280095,0.2209644823349439,0.3238803303814851,0.2841169266975843,0.2179858286793415,0.031140020322771,-11.827712948931508,-18.44667381538685,34.0,4.534836607428978,0.1919228354514286,0.2351398492636388,0.2054476772070613,0.586698532675394,0.0002364330300863,0.1160540852216577,-0.0063192108846628,0.3793640308524069,0.5580959766661713,0.0159099220209883,0.1119390467520542,0.0248728752101402,-3.598897063694569,-0.2221736042910423,0.2143835907172058,0.2267370665658549,0.4176038865271116,-0.3197970121274963,0.4686214266222595,0.0567461077132704,713.932244157739,0.1300418748287349,0.9046291503400906,2.4043911008930854,0.0477297660629651,0.8452121572227921,0.1853832217649773,0.8452121572227921,-0.2422159314491087,-0.0998466678682542,-0.1947498456173793,-0.5757150891967691,-0.5547783248507204,-0.3126058848219398,-0.3793640308524069,-0.2792749282823694,-31.195878674920593,44.51335772915894,31.795270341101553,1.6671420292372885,-0.1590845190221521,-0.1341700613043792,-0.084411914151281,-0.2221736042910423,-3.8620291023198345,-0.5547783248507204,-0.8495247487528348,0.2221736042910423,0.1590845190221521,0.2668835375417473,0.1515165995182348,0.2241431988101334,0.1565088750993986,-21.40722417731377,2.4372647358959223,-0.2186323679479613,2.559614601320984,-6.618960866455341,218.1819627509668,1.5596146013209835,6.618960866455341,0.6411840458232478,-30.27438676431836,12.18
2024-05-01,1410135,425274,7.13,5-10,non-HCS,-15.688407068979457,12.754941545147924,2024-05-01,2024-06-01,0.0608244734356268,0.0926822138599993,0.1117010340810174,0.2540139635033303,0.1597964541032211,0.2134535698530459,0.2396686733000209,0.2715258362947639,0.3172293858176718,0.2364775041537308,0.256180262203405,0.053054119926462,-10.065229046610211,-15.766285672592662,34.0,4.53159554410598,0.3782375770757838,0.3178486481576966,0.2293465405905168,0.5850979980442488,0.0002437292111123,0.242352485886204,0.0128389202033544,0.4653404340084746,0.6136146905886215,0.0496016362032504,0.2211807829361138,0.1140340994114077,-11.212974495634862,-0.1106628591641048,0.389136158927937,0.2075332416171565,0.2383495421529702,-0.2677089475126343,0.4211831899207092,0.1437564964660571,715.363844157189,0.2465816056428786,0.9113568229972532,1.412098285044228,0.1488049086097513,0.942940167204652,0.3898902369389987,0.942940167204652,-0.1324810711608854,0.055244974297086,-0.3113790422837628,-0.6234543919343105,-0.5477941393564912,-0.4264651091418455,-0.4653404340084746,-0.193505145752697,-30.942040929640296,26.47019973874881,23.281637288472343,1.2559270605241235,0.0357528326300275,-0.2850372806587209,-0.1541239402698487,-0.1106628591641048,-3.3599629290316253,-0.5477941393564912,-0.8707505501058747,0.1106628591641048,-0.0357528326300275,0.1533970963033166,0.1689084638055284,0.0502854414655918,0.2136402789043834,-18.26563922626847,2.441403199770112,-0.220701599885056,2.566411017531932,-5.701056625982449,158.6912765089341,1.566411017531932,5.701056625982449,0.6384020469771846,-25.831514719202875,15.17
2026-01-15,1792539,389369,0.0,0-5,non-HCS,-16.035060735041718,16.21086217948025,2026-01-01,2026-02-01,0.2156198340775838,0.3140344628318602,0.4051534912645211,0.4749361705441662,0.4381606695303231,0.4487601053810192,0.4565046791968736,0.4606778191340196,0.5769694852473263,0.5452151233018574,0.4643000066280365,0.1577000021934509,-21.33068905429383,-28.11931325827873,3.0,0.9020960493586756,0.0536101226618548,0.2701443783455793,0.2306568652993053,0.507950085449336,0.0189762089606973,0.0762249577332709,0.0072956003216155,0.2039387790947342,0.3755181835086961,0.0088485056624092,0.0744167770405985,-0.0143256487624401,-2.2722256632955733,-0.0969985417811889,0.0792904204058409,0.1858091765299178,0.4223496137786444,-0.1404267937057806,0.4334083395431908,0.0119508259931735,680.7906501721928,0.0758458104687824,0.68403439428197,4.546058873426627,0.0265455169872277,0.7611113061871049,0.2278050178013916,0.7611113061871049,-0.1809467772289864,-0.1455930723537251,0.3288674567822023,-0.7134562733554686,-0.2950997276524953,0.0923599013132582,-0.2039387790947342,-0.1088642353735504,-41.28367891061153,3.769450190671219,3.3361776428146452,1.797850277594776,-0.0688907157023109,-0.2898751541706925,-0.0423457811393197,-0.0969985417811889,-2.5698601560446392,-0.2950997276524953,-0.5423160050127243,0.0969985417811889,0.0688907157023109,0.1743113742557452,0.4034564666400754,0.158333056196801,-0.0987191630102456,-34.96643196491051,2.274565172356277,-0.1372825861781386,2.318256207603306,-6.788624203984899,599.8043275326255,1.3182562076033058,6.788624203984899,0.7585778805609262,-49.450002312572565,0.0
2026-01-19,1675477,422132,2.15,0-5,non-HCS,-15.72480738572192,15.153901003266482,2026-01-01,2026-02-01,0.0854733267081745,0.1315480984373179,0.2091539553855652,0.3372309010821752,0.2487723740381918,0.281536528395554,0.3063423483316393,0.3496086726495301,0.4880052846679222,0.3728010288724616,0.3549999892711639,0.0636000037193298,-17.42795221644501,-21.259153859881028,45.0,3.5820433085657077,0.2119309607028673,0.324461688572805,0.2005590435601092,0.643972544794789,0.0012205697272386,0.1641082444307258,-0.0315310852191038,0.4387628346314272,0.5955880207066816,0.0192371967778873,0.1702963538186143,0.0308546377508999,-3.294125901022593,-0.1827045228860157,0.2344079345913788,0.2123051753911145,0.4393057958845804,-0.2160044682031341,0.4907696806064634,0.0617831497962747,714.5882903092164,0.1835991961824018,0.8564027069133625,2.136457079567037,0.0577115903336619,0.8569760408502556,0.0868126445448476,0.8569760408502556,-0.3040639579468986,-0.1146555900296587,-0.4849336407936915,-0.9167109630417922,-0.5753453954912144,-0.4096497591100416,-0.4387628346314272,-0.1995398359284333,-47.19268723681547,11.264869255390034,8.89982292528591,0.9455584989789778,-0.0500965186066476,-0.2063260024288801,-0.1407195746843703,-0.1827045228860157,-3.7276512837534423,-0.5753453954912144,-0.8173667949560678,0.1827045228860157,0.0500965186066476,0.2450789941309255,0.241367603391312,0.1585122144483046,0.1629907611177611,-27.355915051053422,2.198060906177754,-0.099030453088877,2.219830855389935,-3.8312016434360174,370.5035176320591,1.2198308553899349,3.8312016434360174,0.819785788809496,-38.68710607632604,4.58
2024-05-01,1414732,400618,5.54,5-10,non-HCS,-15.91568021467325,12.795817314292846,2024-05-01,2024-06-01,0.0611709015996936,0.0945621479819893,0.103309342337764,0.2656125590711435,0.1487074583834876,0.2254022535162275,0.2559868909385567,0.2804352806955356,0.2784284543647723,0.2108522329584006,0.2776565714526036,0.0471276397633873,-11.378786513865853,-18.43084684549846,34.0,3.850443615326432,0.4317612606495447,0.3381215045571567,0.2361424365580892,0.6413644073031817,0.0002453707895002,0.2844058186423989,0.0246440520265209,0.4749095584435943,0.6256181296683802,0.0497600317414922,0.2541869465518777,0.1480513205282846,-26.160713729569785,-0.0235568550479116,0.439939228637676,0.2144133597331355,0.1869477349082342,-0.2541881729273848,0.3988124938635122,0.2050061591378811,719.1199026223262,0.2801803300219745,0.9134734820179063,1.3461527362496333,0.1492800952244767,0.969504630539574,0.7283297545404546,0.969504630539574,-0.0639879786742359,0.0781434382660857,-0.2220247246633164,-0.571198306838807,-0.4929515790101498,-0.3607374078230561,-0.4749095584435943,-0.1728357657194183,-27.89221278950778,23.647663327097003,21.456213197045457,1.3799234768092368,0.1149304776109195,-0.3482363778240024,-0.1486154616812399,-0.0235568550479116,-2.9882340479434424,-0.4929515790101498,-0.8663482640798824,0.0235568550479116,-0.1149304776109195,0.0775620144911749,0.1733636366923109,-0.0196926174108359,0.1924840661429585,-21.078593893091227,2.473139689215083,-0.2365698446075417,2.6197550435663044,-7.0520603316326085,209.7206715246849,1.6197550435663044,7.0520603316326085,0.6173773028039132,-29.809633359364312,11.78
2026-01-22,1564204,613957,0.38,0-5,non-HCS,-13.944132341771171,14.14666972575815,2026-01-01,2026-02-01,0.0782661140060999,0.1191899566592496,0.1631796170489327,0.2411158223025847,0.1879748701336543,0.2072733614519732,0.2238947039221998,0.253627997124739,0.3390024569738079,0.2907874188697716,0.2331999987363815,0.0366500001400709,-16.903088105966635,-23.93794243504902,63.0,3.070108612752054,0.1708275646500069,0.2505334614228282,0.2170226538093123,0.6424507254715782,0.0005589474041088,0.119300019077154,-0.0030658177365332,0.3383955316915694,0.5098901652944126,0.0127155430350609,0.1139154942096122,0.0240102014694694,-3.647489000839106,-0.168735649552918,0.1927704289186647,0.2072554290949496,0.4096691559783856,-0.2948553881529845,0.4524777292096881,0.0488262559478094,715.0878436094183,0.1292766752913314,0.8791035232961698,2.6235024081177305,0.0381466291051829,0.8323283179843545,0.0422092374246991,0.8323283179843545,-0.2155262848258039,-0.1161144844261218,-0.1398635549420069,-0.5666332679778077,-0.4797384107075036,-0.2051379205000172,-0.3383955316915694,-0.2147465477076903,-30.187703424877572,27.17789733889146,22.337576964540627,1.5856501103543987,-0.0933846472860493,-0.2160706426958437,-0.0934721628265739,-0.168735649552918,-3.2468952861348965,-0.4797384107075036,-0.8144901231620292,0.168735649552918,0.0933846472860493,0.2225026113793774,0.1816321125731183,0.1740289370559186,0.1177663157975435,-28.87896964619906,2.344499354491922,-0.172249677245961,2.4161875205867944,-7.0348543290823855,404.62515005519106,1.4161875205867942,7.0348543290823855,0.7061211777841766,-40.841030541015655,0.8
2024-05-01,1386327,444295,27.14,>=25,HCS,-15.512753696093574,12.5400536749231,2024-05-01,2024-06-01,0.0474299923194176,0.0833179335758261,0.103520229309742,0.2451702499332229,0.1493927579471118,0.2084608353942179,0.23218717656011,0.2589356078952274,0.3102523498223329,0.2490955772400785,0.2533911694339488,0.0336226758986391,-10.527192093804176,-17.46437526350354,34.0,5.308453071345564,0.393950663952708,0.3145876254448584,0.2024602630174647,0.5975448973178411,0.0001761854238173,0.2344319224375858,0.0156856455224924,0.4927188388587446,0.6758034651354452,0.0471289867781033,0.2236545165765195,0.1159743335105002,-10.394375161069371,-0.1171758223697647,0.4062342652171475,0.2744819163338934,0.2690684649912909,-0.2738289518757931,0.4418877555900046,0.1650621330795621,715.9387862699965,0.2503563267550142,0.9216203254876226,1.493452476063503,0.1413869603343099,0.9519633738842832,0.3976887140965524,0.9519633738842832,-0.144914718067617,0.0297303800139937,-0.2840173900591172,-0.6396829676843706,-0.5766045502397001,-0.3083236673009247,-0.4927188388587446,-0.2502026044153366,-32.53073189198067,29.154167506956117,24.690259360863056,1.450482744141922,-0.0079417331546152,-0.2200885315795323,-0.1230864150037321,-0.1171758223697647,-3.713693842208725,-0.5766045502397001,-0.8745998637398188,0.1171758223697647,0.0079417331546152,0.1715416182659717,0.1610038999362089,0.0930162298482351,0.2148125597320919,-19.793027094392293,2.49566236010634,-0.2478311800531701,2.658977541958437,-6.937183169699367,183.85083319718368,1.658977541958437,6.937183169699367,0.6027809145743417,-27.991567357307716,57.75
2026-01-19,1670546,428486,1.33,0-5,non-HCS,-15.66552718519744,15.109504468488968,2026-01-01,2026-02-01,0.0967343235063955,0.1541653089102345,0.2457931073956931,0.3567558450164662,0.2872820971079436,0.3090076968046524,0.3306498273764507,0.362207738938767,0.5262354960317441,0.4363300377167666,0.366100013256073,0.0690999999642372,-19.393449571351997,-27.04582187546742,45.0,3.00564449049264,0.1579075978766989,0.3102269947424028,0.194756870299628,0.5857663878739391,0.0020840786871392,0.1317217064051827,-0.0341968130816196,0.3965201568759008,0.5733785196645609,0.0173748971317072,0.14114065322109,0.0075901955073968,-2.7343338398547417,-0.1919380668151133,0.184155556451572,0.2289002373206841,0.4823788709170218,-0.2078311465444551,0.4948594728575393,0.0364346328219955,706.5133280642868,0.1509630080977471,0.8321414705298706,2.5923643487899835,0.0521246913951216,0.8271369635384287,0.2088322548539269,0.8271369635384287,-0.3021784899725488,-0.1306538745253742,-0.377562106019047,-0.9514219252195252,-0.5468397221447114,-0.2862878807441815,-0.3965201568759008,-0.2059776687478144,-50.81289200463437,9.147485313320802,6.668843591552714,1.2061925160565732,-0.1003348999556791,-0.1684496208258139,-0.1034340516647984,-0.1919380668151133,-3.711563590057215,-0.5468397221447114,-0.773322064875537,0.1919380668151133,0.1003348999556791,0.2599213020602299,0.2654906947948971,0.2013299543466067,0.1125379085920002,-32.83752375340882,2.329564700982816,-0.1647823504914078,2.394585412768418,-7.652372304115424,524.5117826576461,1.394585412768418,7.652372304115424,0.7170589845873127,-46.43927144681942,2.83
2024-05-01,1408135,425273,15.74,15-20,HCS,-15.688367442643848,12.736857050819872,2024-05-01,2024-06-01,0.0747503076175986,0.1005288678105974,0.1383284438541983,0.2268306776032345,0.1684357355348048,0.1906520983088099,0.2145785411118634,0.2499337021642872,0.3546733048968906,0.2873953087592327,0.253980628807697,0.0588404723687572,-12.40991839326818,-17.518851294624767,34.0,4.010409033204964,0.225372468317616,0.2586222742628835,0.2383561591668095,0.6095554807502013,0.0003170989940346,0.1478809145221871,-0.0120210158506019,0.3858198472049208,0.5042770514005545,0.0201227968668504,0.1341432672366022,0.0405322031044413,-4.379018131399279,-0.2198482403233215,0.242366213928338,0.1470714369235447,0.3334772436315841,-0.3013971431628597,0.4410876373817871,0.0618688818727298,717.6312977530355,0.1534438548135747,0.8950816326078412,1.898146500017654,0.0603683906005512,0.8616067629309428,0.2208481922980847,0.8616067629309428,-0.2303349345938317,-0.0573402277219758,-0.282948318658091,-0.6180323237959036,-0.5583111248671604,-0.5884601710891593,-0.3858198472049208,-0.2609729519600073,-32.917691347317245,34.127893724543014,25.70229692835794,1.3981546996027991,-0.1177782390664859,-0.193398801014095,-0.1176144557679712,-0.2198482403233215,-3.7894298362675976,-0.5583111248671604,-0.8493525852663033,0.2198482403233215,0.1177782390664859,0.2409072779286191,0.1640050486462202,0.1706887923791955,0.1831066961385855,-21.16283599887949,2.3414061422927985,-0.1707030711463992,2.4116814260541752,-5.108932901356587,217.40751491009397,1.4116814260541757,5.108932901356587,0.7083751202954649,-29.928769687892945,33.5
2026-01-17,1729890,342234,0.0,0-5,non-HCS,-16.47183359406015,15.642067643591126,2026-01-01,2026-02-01,0.1020280944951439,0.1504466214168452,0.2241981742831461,0.3381842090921504,0.2569351551110942,0.2828140474216633,0.3033966277255737,0.3460641164691864,0.5149698176208374,0.4255555388980865,0.3518687193603706,0.0786623367608363,-17.228493749726496,-24.115907042349495,40.0,2.75484315202866,0.1802460619303866,0.3103977679180524,0.2140421588762405,0.673587924569997,0.0017161303631108,0.1485614905813123,-0.0253330259445995,0.3842115068337853,0.536459596137064,0.0131096146159016,0.1492860317441297,0.0231668422156604,-3.2330992093216193,-0.2072141758620098,0.2026842201650858,0.1917757457288502,0.4319802389654711,-0.2194142892234851,0.4703396792533476,0.0479461427439505,714.280868878851,0.1609392765628216,0.8395915763675157,2.2767865621974703,0.0393288438477049,0.8382626200452253,-0.073465215527346,0.8382626200452253,-0.270532042022191,-0.1269543726689579,-0.3723611051192681,-0.9079752767567462,-0.5478121290949187,-0.4087436158109069,-0.3842115068337853,-0.2470662021726027,-48.941612906022385,10.774510531606897,7.466841279377426,1.2088511762966585,-0.1143993487779726,-0.1689134305728138,-0.1051529191838209,-0.2072141758620098,-3.765134236319262,-0.5478121290949187,-0.7788457899946953,0.2072141758620098,0.1143993487779726,0.2534854020027164,0.2498449962989872,0.1922458190166106,0.1391982885641888,-29.234906164171395,2.333172722819726,-0.166586361409863,2.3997687431457746,-6.887413292622998,415.48075374810344,1.3997687431457748,6.887413292622998,0.7144037219695639,-41.34440079207599,0.0
2024-05-01,1402128,473632,26.24,>=25,HCS,-15.242849567407676,12.683320308345229,2024-05-01,2024-06-01,0.0740019277042624,0.1000471074786109,0.1329582127567981,0.2169835760718415,0.1622856583564026,0.186796836687127,0.2088326911514506,0.2355595978412062,0.3257030826076326,0.2685698486100553,0.2503269851759203,0.0530391679035532,-10.952279323636535,-18.75942874647364,34.0,3.8333175155917294,0.2236318183527309,0.2509722842362974,0.2410429336795468,0.6006321668010247,0.0002887693565236,0.1439068035530081,-0.0068659255038386,0.3688490567652617,0.4913703483923206,0.0206030069100275,0.1287534155677413,0.0419098208867964,-4.730288022808305,-0.200335690581264,0.2401124015405577,0.1496427701939448,0.315617149080976,-0.3092858312920288,0.4330784163861992,0.0702160053246667,717.2940958551361,0.1482902083756422,0.8973391779964552,1.95113001241777,0.0618090207300826,0.8602978562919693,0.328841539207521,0.8602978562919693,-0.2069836671676067,-0.0499812182184767,-0.2183027108563952,-0.5570527537709352,-0.530019669711271,-0.5234589051950408,-0.3688490567652617,-0.2466817495312341,-29.686618276573427,38.865006642219406,30.68864821821308,1.493808276545753,-0.1062422174697043,-0.2079670591643929,-0.1110992961547457,-0.200335690581264,-3.5878118336657203,-0.530019669711271,-0.8475796052701113,0.200335690581264,0.1062422174697043,0.2236730574726206,0.1578703923468482,0.1596251151671374,0.1672994894751752,-21.00935025700997,2.525526799362374,-0.2627633996811868,2.712833300917389,-7.807149422837103,205.45850358323608,1.7128333009173893,7.807149422837103,0.5838279764086806,-29.711708070110173,55.83
2026-01-20,1606397,365604,0.0,0-5,non-HCS,-16.247323000443572,14.527170322090807,2026-01-01,2026-02-01,0.0945207639783894,0.1430215720595221,0.2230131949124551,0.3605139321349464,0.2598583617715526,0.2955913337790234,0.3226895589506043,0.372323749259043,0.502824739415783,0.3903233736413929,0.3747999966144562,0.061999998986721,-18.781944320526772,-23.87414956907868,27.0,3.1437020038499983,0.2138247173346973,0.3377123226239527,0.2052320678536716,0.6885594514843247,0.0016445826607252,0.1727667612174306,-0.0314908147718003,0.4319305357094092,0.5845557941592783,0.0157045476467717,0.1782509674700273,0.0344042701875623,-3.400869553370978,-0.1648377536769177,0.2356372666310021,0.2041775326878656,0.4346962046936172,-0.1976857922347789,0.4842265045699535,0.064331607873241,717.726496147707,0.1903515848244323,0.8448002033963629,2.170998782829776,0.0471136429403152,0.8576929908953449,0.0438921404033882,0.8576929908953449,-0.2946132500386071,-0.1243844428126412,-0.4559518749449494,-0.9405141566092474,-0.5571033866158704,-0.4174091183646894,-0.4319305357094092,-0.2006592999524647,-48.72991964477973,9.483988556425896,7.539096514106272,0.9755512901392552,-0.0397015988378795,-0.2195011252054142,-0.1334155137913069,-0.1648377536769177,-3.6312742579884367,-0.5571033866158704,-0.8001441966379916,0.1648377536769177,0.0397015988378795,0.2293246801000362,0.258302374774758,0.14817121882235,0.1472304883610886,-30.16241324827007,2.2387562847048583,-0.1193781423524292,2.2711223695294764,-5.09220524855191,448.402947906364,1.2711223695294764,5.09220524855191,0.7867063187395278,-42.65609388960546,0.0
2026-01-26,1425261,613813,17.85,15-20,HCS,-13.950976131454732,12.89051776961013,2026-01-01,2026-02-01,0.0483855779943366,0.0646576542697217,0.062812800204147,0.1852370330995847,0.0953832881196053,0.1512868316718372,0.1739282874615155,0.1988888209770192,0.1858992979496618,0.1075704895517826,0.2001928387423452,0.0453942466770446,-10.837576723950065,-15.960810698519268,78.0,4.982056133868689,0.4898079911548511,0.2769962260552823,0.275143123128771,0.6487667941767012,4.864249696889599e-05,0.2552159503412717,0.0181169303409598,0.4825207774492017,0.5857800084694323,0.0401277737596814,0.2112103189365051,0.1473524097801881,88.52299039050145,-0.0017844247374133,0.493546926699732,0.143945603372125,0.0953633706937902,-0.3195373686365759,0.3571830850642189,0.2266328147061261,719.3918238243913,0.2454867859967751,0.9413533086609124,1.1422802750332903,0.1203833212790444,0.9967682412174518,0.3916482167934789,0.9967682412174518,0.0233275203515321,0.1968783322247135,-0.2354569867272543,-0.3735674052931745,-0.4838885634822971,-0.4036960470394993,-0.4825207774492017,-0.0600491479981724,-16.004268202147426,58.59191114696373,37.26855826088671,1.2538917756111403,0.265247773843147,-0.4871521453213299,-0.2499018006497339,-0.0017844247374133,-2.485352525606804,-0.4838885634822971,-0.92787045576243,0.0017844247374133,-0.265247773843147,0.0312842654086035,0.1189381051313183,-0.1565306873116551,0.1928112067487152,-18.949321471292347,2.382353900165917,-0.1911769500829585,2.4727287386346544,-5.123233974569203,172.9765105216456,1.4727287386346544,5.123233974569203,0.6790116698117031,-26.798387422469332,37.98
2026-01-27,1447776,575185,4.21,0-5,non-HCS,-14.306425735317593,13.095284294762662,2026-01-01,2026-02-01,0.0717507021533324,0.0938950483188176,0.117646416433084,0.2173036226599374,0.1528594625201035,0.182686956465817,0.202774726862125,0.237361860485625,0.291565444224073,0.1855702903796282,0.241799995303154,0.0570000000298023,-11.64467995387619,-17.736554849207796,35.0,4.1082320872258045,0.2851874433108712,0.2673454370574034,0.253274571397995,0.5851426938036899,0.0002253881344613,0.1798799190429053,-0.0016070219487811,0.3965588090494917,0.5035486689245445,0.0304301114693913,0.1558678964834113,0.0675725807245641,-7.008842829042256,-0.14593502807877,0.2975285702211154,0.1336849638603215,0.2512260052257165,-0.3045794699596135,0.4152829840594876,0.0888923029959828,713.6258946169197,0.1790356336801439,0.9053752031648163,1.608550236349492,0.091290334408174,0.8930445510841637,0.079975213343381,0.8930445510841637,-0.1699065637296226,0.0145209372718329,-0.3346891907420278,-0.503207849970546,-0.5128162281981733,-0.4016374720893549,-0.3965588090494917,-0.096654704792507,-23.37779668141544,39.91087786847645,35.462604224328906,0.9983615504003672,0.0787674040269583,-0.3694282780309492,-0.218311129063878,-0.14593502807877,-2.877698387412726,-0.5128162281981733,-0.8872186458227891,0.14593502807877,-0.0787674040269583,0.1720798433951604,0.152619159805786,0.0239119950887382,0.1941430758058145,-20.77567036889488,2.4146779355027093,-0.2073389677513545,2.523146614545107,-6.091874895331605,206.53650470339556,1.5231466145451074,6.091874895331605,0.6565356154493724,-29.381234803083984,8.95
2026-01-26,1420647,612492,5.59,5-10,non-HCS,-13.963321874020895,12.84884963638971,2026-01-01,2026-02-01,0.0518608807381394,0.0681804225681491,0.0784357876456904,0.1763837133664541,0.1120386734593806,0.1476857906729975,0.1663470776058143,0.1927493742489973,0.2244178739843061,0.1401807200315261,0.1972019960269674,0.0458867508369318,-10.864560577522711,-16.72276206111536,78.0,5.7414774165545985,0.376184386461776,0.2515705361222692,0.2612940389714147,0.5803948174041307,6.431201554971931e-05,0.1946436181544472,0.0060641767524684,0.442433189906629,0.5455675001496503,0.0354692517849062,0.1649161422870491,0.0934859998231612,-14.242756902838748,-0.1198452354826006,0.3843815929774367,0.1359493889229941,0.1799422055869447,-0.3325065433959926,0.3951881160162094,0.1372497478537412,715.1648211453295,0.1946450620103701,0.9337769854627148,1.332309608082478,0.1064077553547186,0.94041564904963,0.1974633864170542,0.94041564904963,-0.1082299553416808,0.1023320481641768,-0.2835487539195443,-0.4139356238755095,-0.5339656903578303,-0.4982137368734687,-0.442433189906629,-0.1115776474704756,-18.783935765093343,71.37665005769608,51.14778373270627,1.2025120352690617,0.1143621630084199,-0.3810614940442878,-0.2243595983616511,-0.1198452354826006,-2.924805700491689,-0.5339656903578303,-0.918302706243928,0.1198452354826006,-0.1143621630084199,0.14048072408411,0.1181975142802795,-0.0215460383304475,0.2026531547405282,-19.507182912562136,2.424702430194354,-0.2123512150971768,2.539202799946872,-5.85820148359265,181.6854614364864,1.5392027999468718,5.85820148359265,0.6496869678475875,-27.58732263863807,11.89
2024-05-01,1409135,425274,13.92,10-15,non-HCS,-15.688382640779244,12.745899313067689,2024-05-01,2024-06-01,0.0693891389393568,0.0973994031531313,0.1108939255008052,0.2357567467800886,0.1548341634192406,0.2010733925954784,0.223077605322708,0.2533946536060298,0.3099728461207449,0.2445959014326093,0.2520103842558562,0.0536199928816695,-9.995147002601202,-15.515376982255397,34.0,3.8084804021534016,0.3503978780861899,0.2969046164720882,0.2498866404521705,0.575183619848209,0.0002480187294962,0.2260857940162402,0.0145157418661005,0.4152927798411963,0.5452067867422996,0.0453124672469937,0.1957453136845914,0.1035774822406874,-14.075530897715348,-0.1359942731823639,0.3601978339107505,0.1679387796209775,0.2064161052126284,-0.2849642686411879,0.3993551572122502,0.1299192118706396,714.1979489562215,0.2212178387744625,0.90727533320249,1.458694846330837,0.1359374017409811,0.9274685083121424,0.2503561837249963,0.9274685083121424,-0.0971498582973088,0.0713006360793307,-0.236594229625801,-0.5668557178872177,-0.5218162094902555,-0.4978242855642431,-0.4152927798411963,-0.2247245410699409,-29.10967963606712,32.24858587493344,27.401491815853817,1.4082251223427922,-0.0184013863260866,-0.2641287835668427,-0.1304323571928195,-0.1359942731823639,-3.373800285273965,-0.5218162094902555,-0.8572573039801537,0.1359942731823639,0.0184013863260866,0.1593923807415833,0.1605878265414237,0.076205297790831,0.2019817280955106,-18.03866450131417,2.4327806032468073,-0.2163903016234036,2.552291024656023,-5.520229979654193,155.0784737384177,1.5522910246560229,5.520229979654193,0.6442090974671411,-25.510523984856597,29.62
2026-01-16,1754957,398401,0.07,0-5,non-HCS,-15.94895710070872,15.871548642411504,2026-01-01,2026-02-01,0.074195439629977,0.1320774526148762,0.2225702305816029,0.315211386901973,0.2509971583946392,0.2771065645912013,0.2935271438609418,0.3071218489056649,0.4688696821472671,0.4250391126548838,0.3018429490042098,0.0551026630025412,-14.867311218980106,-22.2519796681811,45.0,3.587206164384677,0.1424539990651035,0.283153767097684,0.1730130103077399,0.6583499933595879,0.001223844785348,0.1105942810523361,-0.0326107649818275,0.4094310389790044,0.618930976168239,0.0052359942942367,0.1229056071385088,-0.0036966063274213,-2.4527009177150134,-0.1959724591126997,0.1722653830264091,0.2806089174150483,0.5354430746543819,-0.2409504759824893,0.5190015153202595,0.0494399207203887,714.4526664863276,0.1339026748397326,0.8548445575903793,2.8077016115810145,0.0157079828827102,0.8199179123707502,0.3809575915978139,0.8199179123707502,-0.322667334787317,-0.1699438595385495,-0.2571142050541264,-0.8779923105704136,-0.5604357023279498,-0.1876975777558567,-0.4094310389790044,-0.2574446989213322,-48.36835468937324,12.475623656052706,8.26585079197892,1.65546824150562,-0.1483656219329241,-0.0941522176947766,-0.0642217573948417,-0.1959724591126997,-4.00758247815687,-0.5604357023279498,-0.7861437983970625,0.1959724591126997,0.1483656219329241,0.2794411781299145,0.2354712859090948,0.248986008349506,0.0975667295200004,-26.247302299147705,2.3978884441327084,-0.1989442220663541,2.496705042386782,-7.384668449200994,330.82710696526607,1.496705042386782,7.384668449200994,0.6681343161678062,-37.119290887161206,0.15
2024-05-01,1445731,417832,10.89,10-15,non-HCS,-15.75793145010793,13.076612467043867,2024-05-01,2024-06-01,0.0756504613301966,0.1049560915784685,0.1410012303076277,0.2434945815428232,0.178284625529235,0.2124699651049614,0.2342210812558585,0.2645538229950568,0.3464477560686936,0.2739924139054713,0.2741601069920984,0.0563704072197843,-11.547541707760722,-17.789433402214993,30.0,3.918785201101272,0.250514935875764,0.2777959088813302,0.2352258411585734,0.5799955497579897,0.0003782052063865,0.1683394136636055,-0.0067395084808873,0.3975842225339338,0.525917992338699,0.0285982335298852,0.1537510014055342,0.0536735959692259,-5.06912469473959,-0.1745139617249613,0.2665655855701753,0.1622622755171684,0.3075765035549728,-0.2862040374910847,0.4384260508173066,0.0874854458401716,714.5487879567406,0.1738165684822793,0.8923961827746073,1.825720127870908,0.0857947005896558,0.8755373124945478,0.2396418147940173,0.8755373124945478,-0.211648189694203,-0.0321460377028382,-0.27336116510656,-0.6153709196172752,-0.5349791893643451,-0.5032736223294058,-0.3975842225339338,-0.2116131928692643,-31.997335767536303,28.287452978948384,23.301859293419255,1.344736129581516,-0.0589344903947357,-0.238013346292747,-0.1283317421994081,-0.1745139617249613,-3.501570294337521,-0.5349791893643451,-0.8467121795771175,0.1745139617249613,0.0589344903947357,0.2086600413592623,0.1733846776663642,0.1305592567536707,0.1750905872952396,-20.744374039764782,2.425530694357905,-0.2127653471789524,2.5405385711020467,-6.241891694454271,205.42422416950936,1.540538571102047,6.241891694454271,0.6491236368620328,-29.336975109975715,23.18
2026-01-23,1501057,578427,3.62,0-5,non-HCS,-14.275085843312436,13.57695581811919,2026-01-01,2026-02-01,0.0525633754955389,0.0900088073596545,0.1324407495777881,0.233189312868814,0.1636186036759646,0.1949445074952606,0.2099816508937075,0.2415863249118749,0.3225624203550175,0.2433034233699499,0.2387000024318695,0.0271000005304813,-13.677727466032184,-21.526154588604523,35.0,4.998249448269075,0.2550416470706163,0.2731590223842166,0.1911305589541618,0.6362812674151535,0.000250207479054,0.154181010403841,-0.0049865103540179,0.4430115664284969,0.6321058199213353,0.0203297742100576,0.1534743467665131,0.0476180534665363,-4.290835200957104,-0.1608148065823628,0.275547810857975,0.2626419201433416,0.4097441631393033,-0.2936148586661659,0.4815800784570845,0.0873651048959606,713.4831033487603,0.1745813269347506,0.9077414513057508,2.045580657493008,0.0609893226301728,0.880651923780318,-0.0629776120542768,0.880651923780318,-0.2497668842632979,-0.092486288323017,-0.3194273659312929,-0.6168680617835595,-0.5636690039766744,-0.1916123765349141,-0.4430115664284969,-0.1958233135533708,-30.603875568824925,32.209293074533164,28.22187180213381,1.271922514220328,-0.0212261588308196,-0.2244838728970794,-0.149067560561142,-0.1608148065823628,-3.445619630627795,-0.5636690039766744,-0.8728483307589926,0.1608148065823628,0.0212261588308196,0.2284834870662025,0.1633191080750233,0.1360421943724499,0.1769677224116778,-24.892903724925024,2.4458841846130217,-0.2229420923065108,2.573810754897949,-7.848427122572339,294.42887585461085,1.573810754897949,7.848427122572339,0.635400410683331,-35.20388205463671,7.7
2024-05-01,1406415,450100,20.78,20-25,HCS,-15.459645447191155,12.721799662212849,2024-05-01,2024-06-01,0.0473043864572126,0.0814841491825629,0.0900176612659572,0.2608612126435349,0.1423070985406763,0.2145198748438759,0.2440518303794006,0.2762144694148508,0.2735470622009661,0.1869138929707677,0.2635044376063044,0.0387222588323157,-8.871126004231478,-14.389636279199433,34.0,5.245269130350631,0.4789091602443805,0.3435687759755418,0.2161930837708063,0.6039331517355326,0.0001559134223915,0.2953350301313838,0.025646250641956,0.5239652218571335,0.6929937241843301,0.0634325590447378,0.2738061006179705,0.1661572496974223,-27.273971372893683,-0.0237381233685469,0.4869017888539113,0.2653944511097781,0.1991110373331638,-0.254919800974334,0.4114036189968564,0.2023747689762677,716.9849658076606,0.3011772120853308,0.9268823127384356,1.300247811638349,0.1902976771342135,0.993429307426508,0.5193134376943322,0.993429307426508,-0.0687092518439958,0.1131762216878727,-0.3194537495648851,-0.5973261260958235,-0.5409747280244712,-0.2310002126829325,-0.5239652218571335,-0.1354919509394065,-27.916546590999292,24.72501222708167,22.404597038829543,1.1883777201382089,0.1651438830466444,-0.3684454909319085,-0.1902597642997706,-0.0237381233685469,-2.9922993317345212,-0.5409747280244712,-0.8945172998031984,0.0237381233685469,-0.1651438830466444,0.0824722697561337,0.1661238676105416,-0.0533826642051829,0.2253310886456711,-16.44784274618228,2.474490922328792,-0.237245461164396,2.6220755146906556,-5.518510274967955,127.65227658783876,1.6220755146906556,5.518510274967955,0.616494109517897,-23.26076228343091,44.22
2026-01-17,1717513,332314,0.09,0-5,non-HCS,-16.563508827248786,15.529571514573112,2026-01-01,2026-02-01,0.1015476420069856,0.1590621102006495,0.2541707334485331,0.3594341217317326,0.2860626563849047,0.3088321232712961,0.3296617507978125,0.3659009089054398,0.5224997572843114,0.4372917415889283,0.379273886298628,0.074411455189328,-16.657045504311988,-22.408408771928364,40.0,2.791114685409263,0.1447452760872963,0.3044472273218531,0.1972639694714675,0.6625895099695632,0.0023114171149923,0.1239646329400349,-0.0375941550542196,0.3864483465662174,0.559428810444041,0.0073063701963027,0.1327290694372026,0.0014234665832073,-2.5965545127819616,-0.1848955340444658,0.1715491450149545,0.2206919261710533,0.4941943533104374,-0.2076731158398262,0.4937458597028066,0.0382747801208649,713.9978172023795,0.1417873509533505,0.8259735336126811,2.707709405815272,0.0219191105889082,0.8194810217539846,0.0748728292731835,0.8194810217539846,-0.3051432109923033,-0.154692400417958,-0.3410568293980278,-0.9330208364126886,-0.533242342950886,-0.2899891334022897,-0.3864483465662174,-0.2090663796717446,-50.03805820717254,8.816055861572352,6.576487834736433,1.252419794503031,-0.0977219686740105,-0.1778703629955528,-0.0992723717893937,-0.1848955340444658,-3.6319432903388527,-0.533242342950886,-0.7650340122561201,0.1848955340444658,0.0977219686740105,0.2550706192741637,0.2702445833612648,0.1999929398263108,0.0966222729241432,-27.62344762886256,2.294447530390776,-0.147223765195388,2.3452811163977145,-5.751363267616377,373.2578845932347,1.3452811163977143,5.751363267616377,0.7433390596292019,-39.06545427624035,0.2
2026-01-15,1791714,389501,0.0,0-5,non-HCS,-16.033787020902512,16.20341121910305,2026-01-01,2026-02-01,0.1729101124530037,0.2529520056069349,0.3315115149951343,0.4065748459687739,0.3646110336550258,0.3764462072515128,0.3867045728094651,0.4037749411820462,0.5360335751464873,0.5033270894690898,0.4021926122632893,0.1220541668660713,-21.11620082844529,-25.68930000756655,3.0,1.210670357356384,0.0767015123770209,0.2732461740955889,0.2283022604781258,0.5350510423482523,0.0086241316727041,0.0894114302239555,0.0014823837657317,0.232928864070979,0.403228298025464,0.0118428072865538,0.0869704966659979,-0.0056019603882979,-2.5499619816290924,-0.1373409427262938,0.1016999296337223,0.1879526019326882,0.4213122605221657,-0.1847442011066907,0.4377119832623328,0.0159706604877228,688.7260822771043,0.090942764584531,0.7447291992509492,3.79040838465614,0.0355284218596614,0.7756931929788493,0.0535800678655481,0.7756931929788493,-0.1908853330640989,-0.1365144328095338,0.1501795063895938,-0.7344542775698231,-0.3587918162829169,-0.0173790124793578,-0.232928864070979,-0.1598225174333395,-42.3482459479402,5.756664454498246,4.563023347181432,1.7801418582553217,-0.1063326054513298,-0.2448002596982255,-0.0462597027563531,-0.1373409427262938,-2.8526412226381845,-0.3587918162829169,-0.6161381719065272,0.1373409427262938,0.1063326054513298,0.1990699032171639,0.3362477792191706,0.1805482512936317,-0.0273323015173582,-33.096487037976594,2.195408620672327,-0.0977043103361634,2.216568274580952,-4.573099179121261,542.4604181019564,1.2165682745809518,4.573099179121261,0.8219842822585942,-46.805500836011845,0.0
2026-01-20,1606637,364960,7.1,5-10,non-HCS,-16.25331114045286,14.529307912833984,2026-01-01,2026-02-01,0.094773284169512,0.1403060196736537,0.2215436689842732,0.3456526994267734,0.254532296083389,0.2843145698035529,0.3115800061247764,0.3542292484449684,0.5065370373550906,0.4082554825183448,0.3546617726557846,0.0646602903347496,-16.201834864002063,-24.510585440120177,27.0,3.198503425582221,0.1961745121635346,0.322027180997435,0.2075525976774006,0.6938419567753222,0.0015074812024406,0.1579706703237886,-0.0357049138064779,0.4225599247056277,0.5696290060107554,0.0116537553543666,0.1623442572406781,0.0246145341172628,-3.147857479149418,-0.1887893399606839,0.21881139822912,0.193690957731094,0.4458807190301683,-0.2114980063852073,0.4851785437172827,0.0552703849750377,719.137065404939,0.1744416971179634,0.8461457313356289,2.264077062645395,0.0349612660630999,0.8478274578174029,0.2009241792860363,0.8478274578174029,-0.3041738167257057,-0.1329505104465057,-0.4286346686569926,-0.934810142448736,-0.5661821885570033,-0.4810905904899634,-0.4225599247056277,-0.2319342501445358,-49.5986345285081,10.376637903942186,7.646378562090013,1.1184918591035604,-0.0830376756623774,-0.181495185725007,-0.116557377513482,-0.1887893399606839,-3.837062013698405,-0.5661821885570033,-0.7968112821289207,0.1887893399606839,0.0830376756623774,0.2461729361249268,0.2504949534053812,0.1769470382405398,0.1439683165565057,-28.788028475561713,2.4081678521714824,-0.2040839260857412,2.51282775351444,-8.308750576118111,397.1164577208404,1.51282775351444,8.308750576118111,0.6610137853942107,-40.71242030412223,15.1
2024-05-01,1407408,451100,17.29,15-20,HCS,-15.45045015933526,12.730794803351722,2024-05-01,2024-06-01,0.0773742299354993,0.1023286150911679,0.1308249627168362,0.196144036793938,0.1565883706911252,0.1732130778351655,0.1892142674728081,0.210553444090944,0.3197389632921952,0.275435042232275,0.2096279966831207,0.0580600015819072,-10.300001898177609,-16.586675605325805,34.0,3.386267258823021,0.1829419856875698,0.2233096330723221,0.2491700517829649,0.5613450512564755,0.0002686952083523,0.1165756641563869,-0.0035419624699995,0.3143183173072866,0.4342298899397644,0.0178479755312399,0.1011832214375348,0.0299535282329285,-4.488030347186817,-0.2395793745434942,0.1997714589910212,0.1388647194314897,0.3085837019315716,-0.328633504895936,0.421298703222411,0.0504082296130819,712.2237996789281,0.1184791826218587,0.8962243425297145,2.11399253836694,0.0535439265937199,0.8365234360082335,0.1972564778534262,0.8365234360082335,-0.1829276345988468,-0.0515410366033947,-0.1612310358638372,-0.5094874930238493,-0.515107910050257,-0.4745498934771082,-0.3143183173072866,-0.275093126867691,-28.06315585347574,51.32053620726988,36.97059254739681,1.6209085820592368,-0.1681393619116201,-0.1724842152480823,-0.0925004682984463,-0.2395793745434942,-3.612998399437573,-0.515107910050257,-0.8379824410279141,0.2395793745434942,0.1681393619116201,0.244510445160942,0.1483900260643773,0.1952721111427997,0.1603907839746936,-19.011751986303057,2.4676422891098406,-0.2338211445549204,2.610356558114859,-6.286673707148198,170.842790219312,1.610356558114859,6.286673707148198,0.6209804871851708,-26.886677503503417,36.78
2024-05-01,1438717,453863,11.88,10-15,non-HCS,-15.42547598020038,13.013950203316885,2024-05-01,2024-06-01,0.0914995213138881,0.1195907393559758,0.1587218463805769,0.2215178960638733,0.1813886339374134,0.192351033029961,0.2091471400153154,0.2378649416115011,0.3717685189524261,0.3229945968217956,0.2379000037908554,0.069750003516674,-12.767799525270911,-19.146084178065692,30.0,2.848826878487011,0.1461281874670017,0.227035402943028,0.2474216489115862,0.6030898936857554,0.0005028525149692,0.1055323027503166,-0.0110398889825133,0.2988114228842133,0.4153710545540473,0.011779162967486,0.0930308437120802,0.0163578163075801,-3.4711214254311717,-0.2532514129527555,0.1651485698985565,0.1330768077738136,0.3494773280277525,-0.3123458660643558,0.4291959169387817,0.0293316446217749,713.1282457759835,0.1070095679426665,0.8762939055399149,2.416838213751033,0.035337488902458,0.8155664104771337,0.0712076520815372,0.8155664104771337,-0.2094666513047873,-0.0907398342006822,-0.1758554511418311,-0.5802019020260702,-0.5132248458380949,-0.4712529770656698,-0.2988114228842133,-0.2807507352519108,-32.5218704826642,33.85666025499753,22.448674716253883,1.5866144824841806,-0.1863624840270273,-0.1631720166336056,-0.0865338624372798,-0.2532514129527555,-3.6577677976451306,-0.5132248458380949,-0.8117564858780058,0.2532514129527555,0.1863624840270273,0.257819729008727,0.1718184582000562,0.212271093748875,0.1486172059149186,-22.56652358062816,2.3997184869184647,-0.1998592434592323,2.499560213188689,-6.378284652794779,244.45336447950407,1.499560213188689,6.378284652794779,0.6668621847958902,-31.913883703336605,25.27
2024-05-01,1412732,400618,5.62,5-10,non-HCS,-15.915615039470715,12.777733910026347,2024-05-01,2024-06-01,0.0579381825142841,0.0910713240114242,0.1009710751548467,0.2757641662190381,0.1464489631819394,0.2331413216114594,0.2652186483855978,0.2908200549106582,0.2750656593869153,0.198703852637719,0.285790800291176,0.0436590460657476,-11.624959401218302,-17.21568393333414,34.0,4.15208738752188,0.456140513235274,0.351246430655541,0.2317707324496195,0.6601305579066357,0.0002309394426717,0.301980888537225,0.0232333903537175,0.5034759371062535,0.6527553208168433,0.0498973589569936,0.27354523043392,0.160375058939951,-24.48732184626085,0.0012680991472355,0.4639679856515488,0.2223558903701463,0.184578573815751,-0.243792800632992,0.4039156740737387,0.228384028523555,719.7949193426621,0.299052238604466,0.9164897748199322,1.327884979550202,0.1496920768709808,0.9818187132314952,0.7647401574508745,0.9818187132314952,-0.073821326357793,0.075867050808524,-0.2584827883029966,-0.5903042090255152,-0.5025286811174551,-0.357868844021954,-0.5034759371062535,-0.1513963875151538,-28.192910213603824,21.47991529456476,19.618945634551785,1.2913950643854195,0.1624141365038636,-0.377624261289905,-0.1679451499769808,0.0012680991472355,-2.924688721164491,-0.5025286811174551,-0.8765445029763808,-0.0012680991472355,-0.1624141365038636,0.0596478153817993,0.1775152758174169,-0.0537237791785,0.1987427380386816,-20.393414475644633,2.3876976298526524,-0.1938488149263262,2.48092421996157,-5.590724532115839,200.1316267892156,1.4809242199615706,5.590724532115839,0.6752539978216776,-28.840643334552443,11.96
2024-05-01,1407415,450100,8.89,5-10,non-HCS,-15.45966172669292,12.730842274615942,2024-05-01,2024-06-01,0.0703885635481023,0.1018603255794411,0.1460381578971155,0.250776422472683,0.1823978353426864,0.2054229662274538,0.2308526275876625,0.2744845277860727,0.3828763191586154,0.2773728410483818,0.2676660643958057,0.0506234451394933,-12.29714980191193,-17.592687882347693,34.0,4.334843841874984,0.2458318121319601,0.2820180122435026,0.2211480618080228,0.598053078887469,0.0003799821263541,0.1637465522494391,-0.0127060702863355,0.4222931889992082,0.5616672637935264,0.0252944369066306,0.1556388691375354,0.0473826833166711,-4.333817612537794,-0.2084736449586718,0.263947621274299,0.1827109724233705,0.3682625937026459,-0.2806766493362558,0.458825325322778,0.0593705412178699,714.1927602952138,0.1751838120189443,0.893362945181657,1.9109823725290151,0.0758833107198918,0.8740409723086779,0.1045302615027397,0.8740409723086779,-0.248875287282425,-0.0591112850684084,-0.4239827670518176,-0.6947829452123377,-0.5797292130266538,-0.4596312375974227,-0.4222931889992082,-0.2065703851563431,-34.90062550188483,25.96380543731147,21.59933188037137,1.021540482729387,-0.0503577689352169,-0.2338891205579425,-0.1650820345215009,-0.2084736449586718,-3.617454011130965,-0.5797292130266538,-0.862557755942282,0.2084736449586718,0.0503577689352169,0.2443883190438231,0.1775682812866928,0.1373211263714637,0.2065874091422249,-21.13530691510519,2.354337024936369,-0.1771685124681845,2.4306313386222578,-5.2955380804357635,216.33991830751037,1.4306313386222576,5.2955380804357635,0.6989920974071706,-29.889837684259625,18.91
2024-05-01,1428175,481300,22.1,20-25,HCS,-15.172387396010482,12.918913600810365,2024-05-01,2024-06-01,0.0733487517077021,0.1003704915415411,0.1356402911684092,0.203655670653715,0.1635966958082075,0.1800337937853511,0.1987580176799492,0.2235245888552176,0.3328739711753408,0.2823522312510064,0.221451154406233,0.0560401378343399,-10.735191179139663,-15.579718880582336,34.0,3.850494710860184,0.1815270741696235,0.2287701634221893,0.2370987267154251,0.5441351651615745,0.0002782898217549,0.115878806079972,-0.0082480597930292,0.3397246420057778,0.4704145797932314,0.0184669008217768,0.1044056861960448,0.0255476389022149,-3.8788469924655473,-0.240840934866365,0.2004603270844785,0.1555483395415761,0.3459991491096133,-0.3228223389889513,0.438455182652581,0.0478336424587503,712.6708219257644,0.1215579174317305,0.8965162666440152,2.170325798906501,0.0554007024653306,0.8369350793726349,0.2352118994102515,0.8369350793726349,-0.2168287178609043,-0.0639788546768113,-0.2044592002583601,-0.5511075399947806,-0.5366565522286592,-0.4715841407693245,-0.3397246420057778,-0.2662985114145824,-29.991559140363083,45.64713056240621,32.903444223353006,1.561357394991723,-0.1619244466784807,-0.1690586615322397,-0.0986006101078164,-0.240840934866365,-3.718474101710017,-0.5366565522286592,-0.8430855522647652,0.240840934866365,0.1619244466784807,0.2568813416904096,0.1526959466281013,0.2028614674017869,0.1642923028719753,-18.60745134954352,2.368196409598054,-0.1840982047990268,2.451275400745208,-4.844527701442672,167.25126070030316,1.4512754007452078,4.844527701442672,0.6890490939807257,-26.314910059722,47.02
2024-05-01,1445731,415832,20.33,20-25,HCS,-15.776378606861371,13.076557681122477,2024-05-01,2024-06-01,0.0733516716208313,0.1008175562121206,0.1249113326668281,0.2269073773692124,0.1592376854584118,0.192284387239025,0.2147112971560295,0.2420254539536642,0.329010368343779,0.2662837468703069,0.2395000010728836,0.060199998319149,-10.296251333920328,-15.582860743566538,30.0,3.638986889906332,0.2765519547170206,0.2725804278082612,0.2452572360378643,0.6044763503412778,0.0002880864222741,0.1787851263523135,0.0033721081365817,0.3847428383894981,0.5114107510327617,0.0288645686401042,0.1573441711585074,0.0676530711983125,-7.114195512316075,-0.18366564435466,0.2899108029016869,0.1576965399285813,0.2681427326801316,-0.2974682995808364,0.4176511253626595,0.0940103178358793,716.198607150342,0.1796087186757182,0.9000603045220326,1.634449448863446,0.0865937059203126,0.8887692630270733,0.3322489354480391,0.8887692630270733,-0.1581192837633606,-0.0078023911362631,-0.2372177889755926,-0.5750519931359309,-0.5308934089552892,-0.5092803838410218,-0.3847428383894981,-0.2515644413633226,-30.26019290883361,35.11402757104708,28.019245089351532,1.438535858934035,-0.0798399800114231,-0.2196566640374627,-0.1189807588807219,-0.18366564435466,-3.5348735635724555,-0.5308934089552892,-0.8491185027079157,0.18366564435466,0.0798399800114231,0.203747777996761,0.16047219756473,0.1315141913185017,0.1877949007163154,-18.299295641077645,2.408561885262301,-0.2042809426311505,2.5134499186349326,-5.286609409646211,160.44505071724168,1.5134499186349328,5.286609409646211,0.660742048803278,-25.879112077486862,43.25
2026-01-15,1786589,390610,3.67,0-5,non-HCS,-16.02317423823298,16.157137539873297,2026-01-01,2026-02-01,0.0772460046922876,0.1240878454559411,0.1780234005856541,0.3148440800689017,0.2263963257824097,0.2685224216844674,0.2907081087151967,0.3201825875465909,0.4076892094872116,0.3280427142644822,0.3354008761670092,0.070892238404795,-13.221213094456418,-18.634322460885222,3.0,3.64177420531941,0.2584977183331911,0.328374110621353,0.2036233775493994,0.5886742253692703,0.0008630403726931,0.1896452747323313,-0.0070937143660593,0.4345918433362258,0.605978280530425,0.0354953320891857,0.1900805121035156,0.0593752435702571,-4.536537180399133,-0.1284994487594462,0.2776013530077943,0.2326575522653892,0.3753034672530511,-0.228501854713927,0.4692763885262775,0.0851171957370174,711.6213116693523,0.2067053491263216,0.8725734216219418,1.783004167100166,0.1064859962675571,0.881817074572609,0.2759118733849302,0.881817074572609,-0.2398572354094021,-0.0620336356677104,-0.3109990119149809,-0.77834499456815,-0.533308764255704,-0.307439287129002,-0.4345918433362258,-0.18333194659863,-40.20264096980297,14.077932809207775,11.555707530994098,1.2850728896701482,-0.0205302618002386,-0.2277342583905279,-0.1192326060435805,-0.1284994487594462,-3.4517288653568405,-0.533308764255704,-0.8184364932820518,0.1284994487594462,0.0205302618002386,0.1980179910882087,0.2207690492350251,0.1269000093060314,0.1532805790856829,-22.525265209511243,2.33985360924319,-0.1699268046215947,2.4094260736708413,-5.413109366428804,246.36834812617903,1.4094260736708413,5.413109366428804,0.7095086565239327,-31.85553555534164,7.81
2024-05-01,1439717,452863,13.12,10-15,non-HCS,-15.43471356902864,13.022977360195954,2024-05-01,2024-06-01,0.0784140202307287,0.107134743275394,0.1495742895284348,0.2362323977276104,0.1784381804472412,0.1993329489158447,0.2221423335728453,0.2598116703422297,0.3716629963763138,0.2970063274731087,0.2589433400512931,0.0605445524597128,-11.968693314130828,-18.026505514715904,30.0,3.729858413297678,0.2061665761613269,0.2591761382021249,0.2339857539512291,0.6204998934918496,0.0004055618291857,0.1401714916457132,-0.0137188232083755,0.3759755638676177,0.5015737300329849,0.0174212364082022,0.1290076229815571,0.0335213920555315,-3.967957968805224,-0.2227860252968958,0.2246153606499409,0.154788005600035,0.3569920060117552,-0.2956233984773371,0.4463264707516581,0.0553106546385151,717.4291680479347,0.1467443903606365,0.8878086829704244,2.0273676510926766,0.0522637092246066,0.8512434203269597,0.1252940303952601,0.8512434203269597,-0.2380299125621409,-0.0773152457360553,-0.3004037112845326,-0.6398437946049498,-0.5524843398244648,-0.51994499832046,-0.3759755638676177,-0.2493837767618737,-33.85938795977989,29.836969434501047,22.679473914838095,1.3277659102432122,-0.1139713356763841,-0.1998393706517297,-0.1231435494643828,-0.2227860252968958,-3.698392696826066,-0.5524843398244648,-0.8422747880126877,0.2227860252968958,0.1139713356763841,0.2471526445504764,0.1728738143278275,0.1733178053117326,0.1777021803786329,-21.20980849491631,2.403918789480349,-0.2019593947401744,2.506138142367883,-6.057812200585076,215.7537160311227,1.5061381423678828,6.057812200585076,0.6639497213899948,-29.995198828846732,27.92
2026-01-20,1605921,355655,0.0,0-5,non-HCS,-16.339615936242094,14.522358356310011,2026-01-01,2026-02-01,0.1045809332979329,0.1625887953746765,0.2444854864548182,0.3816911151070177,0.2951147631631888,0.3262281419160521,0.3520262331799668,0.3890926544496366,0.5419405707097246,0.4581030872400676,0.3941999971866607,0.0844999998807907,-16.331696658531158,-22.57655762910885,27.0,2.76197304180756,0.1964964663122073,0.3407550206752589,0.2043972781004236,0.583794591572788,0.0024668705502434,0.1661690999012689,-0.0238888290033981,0.4025544862356448,0.5698665648540772,0.0291198188848489,0.1724887708115005,0.0312617180646912,-3.3889982242842067,-0.1734993050406263,0.2191165053276909,0.2171198899102321,0.4288549489788859,-0.1835717473101534,0.4778324919329301,0.0500744089914333,708.5334761862534,0.182749706123244,0.8274389723828609,2.1660271385773275,0.0873594566545469,0.8480073733922902,0.2607936845226017,0.8480073733922902,-0.2707388161680411,-0.0991715609131257,-0.3530463902067604,-0.988920378800506,-0.5384470734603879,-0.3503916404502427,-0.4025544862356448,-0.2163893540090936,-53.374482465039506,8.041091305934131,5.661353691499492,1.270013279445375,-0.0909889255242429,-0.1778225377153429,-0.0943939658387596,-0.1734993050406263,-3.7187648388772216,-0.5384470734603879,-0.758339876567389,0.1734993050406263,0.0909889255242429,0.2358406973704753,0.2780266035352709,0.1819528052900466,0.1177873779778435,-27.51229045092081,2.3210044287472185,-0.1605022143736091,2.3823767426708584,-6.244860970577694,368.7134907924531,1.3823767426708589,6.244860970577694,0.7233917998851186,-38.908254287640005,0.0
2026-01-15,1786002,390754,5.48,5-10,non-HCS,-16.021800252959174,16.1518382076001,2026-01-01,2026-02-01,0.0803077278517638,0.1211024984350484,0.1670487133898969,0.2745444714797266,0.2001307582764914,0.2312906847871614,0.2502778007225557,0.2822982541539452,0.4051143941554155,0.3398852257114468,0.277999997138977,0.0650999993085861,-15.362127132055472,-20.911858538430725,3.0,3.2607347752848126,0.2242268546192259,0.2907643857763485,0.2179557047041032,0.6440023354658614,0.0006726080238,0.1604865776922278,-0.0051514443715638,0.387825472485561,0.547373650195454,0.0206977805746588,0.1541191156792486,0.0452516226864435,-4.371605301512659,-0.1921109681305653,0.2434271220049892,0.2025456767284102,0.3750301730394116,-0.2639483259443101,0.4533713133313246,0.0722261885950637,714.5840231583493,0.1712455439628854,0.87646273729748,1.9483975544050456,0.0620933417239765,0.8622221999026639,0.0900320045762907,0.8622221999026639,-0.2210616088439753,-0.0883258915266516,-0.2699993300449212,-0.72139563094119,-0.5397240182127782,-0.3749353406341683,-0.387825472485561,-0.2587969089412675,-38.65003839352431,19.792236848325043,14.288144077599435,1.4287311943913958,-0.1063437436869041,-0.174628890015742,-0.1008629666098516,-0.1921109681305653,-3.6722737967912353,-0.5397240182127782,-0.8155356304016846,0.1921109681305653,0.1063437436869041,0.2344199783992368,0.1982807391826996,0.1764727151987098,0.1631210027781375,-25.649581248264443,2.305989612323782,-0.1529948061618911,2.3612606092026716,-5.549731406375251,321.25062943493253,1.3612606092026716,5.549731406375251,0.7346131910668655,-36.2739856704862,11.66
2026-01-16,1765435,388825,0.51,0-5,non-HCS,-16.038875613795167,15.965848562212832,2026-01-01,2026-02-01,0.1019494158183893,0.1643013840039918,0.2545682732953285,0.3576218808853739,0.2872431533211431,0.3078829637306785,0.3268878901965595,0.3575014652973713,0.5352873424384648,0.4514405166011583,0.3494889933662116,0.0691147362888076,-19.741998469396837,-26.91680036438819,40.0,2.6050049417783483,0.1413646896341103,0.3017391888930639,0.1957482378825014,0.6483294090056572,0.0024575977645646,0.121501930936947,-0.027914921105734,0.3704002290880078,0.5563281843334733,0.0091244648998443,0.1300175410183858,0.0033614159290416,-2.666162272682962,-0.198973710778498,0.1683359441282793,0.2341850925037528,0.4957041325951472,-0.209523159992025,0.4887844674570776,0.0346814058703764,710.9095743830902,0.1389873942005359,0.8239852772244163,2.7995831620399754,0.0273733946995331,0.8175181613446146,0.1210101204336686,0.8175181613446146,-0.2848252571988777,-0.1526998379445672,-0.3318878833060494,-0.9395210883076786,-0.530291504725938,-0.2064292723209992,-0.3704002290880078,-0.2222837324903721,-50.594097265820736,8.891249211968132,6.334985614199861,1.2685892101146283,-0.1159597034879452,-0.1602612586766058,-0.0955591825253097,-0.198973710778498,-3.6238895907701663,-0.530291504725938,-0.7565965117143141,0.198973710778498,0.1159597034879452,0.2643486511633283,0.2706124906221593,0.2114290523884373,0.1007338025868129,-32.99275305738836,2.307543360494577,-0.1537716802472886,2.36342834825529,-7.174801894991354,531.3914315948119,1.36342834825529,7.174801894991354,0.7334452164498775,-46.65879883378503,1.09
2024-05-01,1439717,453863,6.87,5-10,non-HCS,-15.425491407417486,13.022992656463485,2024-05-01,2024-06-01,0.0858478676491959,0.1151701880477961,0.1524866708038039,0.2233528221255762,0.1775034748896515,0.1931168287820739,0.2122814635611295,0.2402609092223841,0.3590171354072532,0.3098038218019561,0.2327083323066435,0.0679981737779371,-12.198125487270111,-18.23473276922614,30.0,3.0491100016068664,0.1700118426254537,0.2376068423977655,0.2428478637300558,0.6066078315139327,0.0004517555314019,0.1185517516046895,-0.0079941623574076,0.3195724687145345,0.4447110211058763,0.0146091106913422,0.1056902907757372,0.0248453722127068,-3.878292288660465,-0.2329521149346534,0.1885542968606761,0.1458690877141884,0.3450698914997598,-0.3087966611328988,0.4313568090396114,0.0421276269479607,715.9406813824565,0.1213683875194122,0.881742119383069,2.192226407812685,0.0438273320740268,0.8297917189636663,0.1841919442243034,0.8297917189636663,-0.2052510302665072,-0.0818916336267447,-0.1792654850138428,-0.577232553981047,-0.5142418097192607,-0.4574057743591458,-0.3195724687145345,-0.2714926450116973,-31.91457782147106,33.96855077137896,23.74841110652487,1.5796702910284792,-0.1621493432765519,-0.1750474720521058,-0.0900252691556937,-0.2329521149346534,-3.6176191398642463,-0.5142418097192607,-0.8192023891172387,0.2329521149346534,0.1621493432765519,0.2464993398059536,0.1697084167420222,0.1984336390710391,0.151370487683089,-21.51928044405751,2.396716419540872,-0.198358209770436,2.494879913168281,-6.03660728195603,222.4295585458569,1.494879913168281,6.03660728195603,0.6689500549114866,-30.432858256496253,14.61
2024-05-01,1402135,475632,13.6,10-15,non-HCS,-15.224429704454437,12.683399801120354,2024-05-01,2024-06-01,0.073218973113786,0.0990320270324467,0.1360800306880351,0.2266625727543376,0.1687130190035295,0.1943174581203235,0.2193233744081485,0.2530025187438939,0.3562281129540072,0.2833903757910404,0.2668446738647639,0.0542063602527394,-10.18726669423373,-18.22655934792867,34.0,4.170518569331343,0.2329675813272889,0.2607950097495071,0.237468713141436,0.5869408036009434,0.0003025001187375,0.1515771657718922,-0.0112349497369275,0.3918718511312257,0.5116807011126661,0.023180417121782,0.1377029726888086,0.0433099657290186,-4.513261182910866,-0.2222810269171103,0.249715752179887,0.1498572077767136,0.3234967057634358,-0.3009120816366297,0.4413439358336267,0.070529723343472,717.287085166155,0.1574905569254522,0.8968503874420378,1.9038570630460736,0.0695412513653462,0.8658612776766768,0.3011409645822958,0.8658612776766768,-0.2288424100732468,-0.0454004843849695,-0.3061264534494647,-0.6243845818153745,-0.5649431244501509,-0.5835325667695727,-0.3918718511312257,-0.2536529433485426,-32.95424514228533,34.39004570012653,26.202965443762956,1.3428682509611334,-0.1112194394689511,-0.2001896074514454,-0.1255211147040007,-0.2222810269171103,-3.790938954787753,-0.5649431244501509,-0.8539409496906234,0.2222810269171103,0.1112194394689511,0.2429046986118962,0.1629939048122426,0.1662452714846203,0.1910866455649537,-20.091609073867957,2.5658718851706688,-0.2829359425853345,2.7891510937124484,-8.039292653694945,185.67882099562823,1.7891510937124482,8.039292653694945,0.558924287341782,-28.413826042162405,28.93
2026-01-17,1729911,340744,0.0,0-5,non-HCS,-16.485732155894116,15.642163702925664,2026-01-01,2026-02-01,0.1030976965870947,0.1602089175823749,0.2414742752266993,0.3549872803017062,0.2743421049886628,0.2993276995764664,0.3205051169736169,0.3593365469762282,0.4919467055135302,0.3961267144533625,0.3610532821117959,0.0801760225436971,-19.01145422306189,-24.3040475347034,40.0,2.596765862439529,0.1659295756581499,0.3126628212797635,0.2042424718384697,0.6733443422417645,0.0022001740374251,0.1397530206453703,-0.0241541366490442,0.3780663823205394,0.5498752336856422,0.0114079308211965,0.1450737367432707,0.0166682828976155,-3.0272160100863195,-0.1617120430938788,0.1903106814226201,0.2169000622161438,0.4622912574927093,-0.2082841170234906,0.4783744398793635,0.0435539649968921,714.3119932801562,0.1552899933007265,0.8297786137438085,2.4209671621011175,0.0342237924635896,0.8308493734863258,0.0333983682270266,0.8308493734863258,-0.2721678000860054,-0.140887968217379,-0.3263495070533011,-0.8658126667931634,-0.5086788738496708,-0.2279668429731857,-0.3780663823205394,-0.1816409740963804,-45.27116036315083,9.342959538579931,7.605550055558426,1.1401894305010285,-0.0547712257246272,-0.222343094468845,-0.1172180009295751,-0.1617120430938788,-3.335629124872649,-0.5086788738496708,-0.7714731023073768,0.1617120430938788,0.0547712257246272,0.2310823559785784,0.2645705274875857,0.1638389267258891,0.1065436271662445,-30.628685023413652,2.2443740968875048,-0.1221870484437525,2.278389714408134,-5.2925933116415145,462.05528714113376,1.2783897144081342,5.2925933116415145,0.7822340783326606,-43.31550175776529,0.0
2026-01-23,1518114,568644,1.5,0-5,non-HCS,-14.36509516094484,13.731426329727144,2026-01-01,2026-02-01,0.0501908320118844,0.0938983803562853,0.1528622229008857,0.2745962467082998,0.1930955834083248,0.2265168644586614,0.2521266604777816,0.2948178916906222,0.3614374086019393,0.2331926348634251,0.2894119276213892,0.0147808541986811,-14.05980249747063,-21.23908114263571,35.0,5.471028603345005,0.2624648668399463,0.3048036811818577,0.1690203381788965,0.6119040235604688,0.0003700930845152,0.1676464668530304,-0.0152562942001995,0.4903677098128871,0.6909308571654991,0.0257616027411378,0.1774938285254916,0.0471806086448668,-3.770529397532549,-0.1365354823107291,0.2847856165271737,0.3033367149840573,0.4532615756198515,-0.2598222762238349,0.5147717934496041,0.0796479733149644,714.8428315581277,0.1968832478160083,0.9000274826984889,2.134287394628903,0.0772848082234135,0.8858812654792818,0.1321401657078509,0.8858812654792818,-0.2999639373391918,-0.0968759192013202,-0.4975254287852719,-0.7274118587786172,-0.5875642432099705,-0.0315398820298814,-0.4903677098128871,-0.094060895273299,-33.807488022343996,20.47252063466621,19.40043911214117,0.7898397443352461,0.0815370587018778,-0.3060772937142509,-0.2134154362212033,-0.1365354823107291,-3.191729293287594,-0.5875642432099705,-0.8857580019255601,0.1365354823107291,-0.0815370587018778,0.2258557434812343,0.1893734086665981,0.0861904396737333,0.1918557107801393,-24.960079990234075,2.4067708609916507,-0.2033854304958254,2.5106244306388117,-7.179278645165079,298.6172860932109,1.5106244306388117,7.179278645165079,0.661977907756411,-35.29888364010634,3.2
2026-01-20,1606181,355034,0.0,0-5,non-HCS,-16.345392301341725,14.524675533655378,2026-01-01,2026-02-01,0.1042307763466765,0.1587477650588684,0.2430850325387686,0.358333606058152,0.2724317292269972,0.3009766356983271,0.326265291215901,0.3621194650080878,0.5149246083502096,0.4430229115936764,0.3693000078201294,0.0676999986171722,-16.417249186511306,-22.673388830039656,27.0,2.628656886974678,0.1674072383710601,0.3150093157214128,0.2059637992402629,0.7106833801053634,0.0021951338077534,0.1415751542127279,-0.0298202787677082,0.3859853635185696,0.5493350534047149,0.0074078914622044,0.1468285588167258,0.0155640036117507,-2.9719113398808723,-0.1793180982536179,0.1916278713746758,0.2073058448830623,0.4613456319289432,-0.2055417659628379,0.4803448520195553,0.0497811127590498,720.012140368798,0.1569547256793247,0.8293219377617259,2.5217978719025,0.0222236743866134,0.8316416724615692,0.2659701396885099,0.8316416724615692,-0.2833894310441547,-0.1498011740065522,-0.2959777677972923,-0.9195428605171138,-0.5287092915639837,-0.3588336651790911,-0.3859853635185696,-0.2384374531011496,-50.11406360029828,9.13439987529038,6.488040185495592,1.38396795410471,-0.1056824318141005,-0.1704629988518869,-0.0868679164363536,-0.1793180982536179,-3.6885805612285054,-0.5287092915639837,-0.7596634742647936,0.1793180982536179,0.1056824318141005,0.2420543554473405,0.2662668831493437,0.1946103832774479,0.1026190996963743,-27.641255222411836,2.3200837827655563,-0.1600418913827782,2.3810711266214137,-6.25613964352835,372.23467432542304,1.3810711266214135,6.25613964352835,0.7240756690398359,-39.09063801655096,0.0
