{
"type": "FeatureCollection",
"name": "senegal_regions_preds_2024-05",
"crs": { "type": "name", "properties": { "name": "urn:ogc:def:crs:EPSG::3857" } },
"features": [
{ "type": "Feature", "properties": { "GID_1": "SEN.1_1", "GID_0": "SEN", "COUNTRY": "Senegal", "NAME_1": "Dakar", "VARNAME_1": "CapVert|Dacar", "NL_NAME_1": "NA", "TYPE_1": "Région", "ENGTYPE_1": "Region", "CC_1": "1", "HASC_1": "SN.DK", "ISO_1": "SN-DK", "area_ha": 56634.185666315818, "carbon_mean": 13.55, "carbon_min": 8.35, "carbon_max": 75.18, "carbon_median": 13.24, "carbon_std": 4.16, "carbon_pixel_count": 103789 }, "geometry": { "type": "MultiPolygon", "coordinates": [ [ [ [ -1944484.337380585726351, 1648747.040740517899394 ], [ -1944584.524922299198806, 1648816.07656571525149 ], [ -1944584.524922299198806, 1649034.691258938517421 ], [ -1944395.28178795077838, 1648908.124626610428095 ], [ -1944484.337380585726351, 1648747.040740517899394 ] ] ], [ [ [ -1944740.372209409950301, 1649644.521210740786046 ], [ -1944673.580514933913946, 1649138.246248803799972 ], [ -1945141.1223762659356, 1648942.642736066132784 ], [ -1945163.386274424381554, 1649460.420048262458295 ], [ -1945386.025256011169404, 1649552.470461440039799 ], [ -1945141.1223762659356, 1649748.078705500112846 ], [ -1944740.372209409950301, 1649644.521210740786046 ] ] ], [ [ [ -1940621.551050059031695, 1652912.5407411637716 ], [ -1940532.495457424083725, 1653131.190991569776088 ], [ -1940287.592577678849921, 1652970.080096508609131 ], [ -1940254.196730440948159, 1652624.845938166836277 ], [ -1940565.891304662451148, 1652486.753601053031161 ], [ -1939853.44656358496286, 1652072.481135861482471 ], [ -1939909.106308981776237, 1651692.737365379463881 ], [ -1939697.599276474909857, 1651911.377018499420956 ], [ -1939230.057415143121034, 1651761.781261238968 ], [ -1939296.849109618691728, 1651151.900064287474379 ], [ -1940220.800883203279227, 1650864.225380775518715 ], [ -1940443.439864789601415, 1650599.567573519656435 ], [ -1940499.099610186181962, 1650035.740645601646975 ], [ -1940688.342744534602389, 1650001.221039433497936 ], [ -1940688.342744534602389, 1649644.521210740320385 ], [ -1940343.252323075430468, 1649483.43262004526332 ], [ -1940254.196730440948159, 1649011.679096719250083 ], [ -1940532.495457424083725, 1648459.393502795603126 ], [ -1940866.453929803799838, 1648528.428540682420135 ], [ -1940899.849777042167261, 1649126.740117817185819 ], [ -1941122.48875862872228, 1649517.951517109759152 ], [ -1941890.593245101859793, 1650035.740645601646975 ], [ -1941768.141805229475722, 1650680.115307482657954 ], [ -1942291.343411957845092, 1651382.042176915798336 ], [ -1942792.281120527768508, 1651623.693658855743706 ], [ -1943493.593912525335327, 1651600.67913208832033 ], [ -1943504.725861604558304, 1652072.481135861482471 ], [ -1943649.441199635853991, 1652176.048612919868901 ], [ -1943905.476028460543603, 1652141.526073219021782 ], [ -1943983.399672015802935, 1651715.751976295141503 ], [ -1944328.490093474974856, 1651911.377018499420956 ], [ -1944796.031954806763679, 1651658.215488451067358 ], [ -1944684.712464013369754, 1652855.00151740713045 ], [ -1945630.928135756170377, 1653775.644890936091542 ], [ -1945163.386274424381554, 1654189.945404327707365 ], [ -1945263.573816138319671, 1654443.13241224642843 ], [ -1946376.768724070861936, 1655076.111089757177979 ], [ -1946465.824316705344245, 1655363.833941085962579 ], [ -1946777.518890926847234, 1655398.360904658678919 ], [ -1947089.213465148117393, 1656365.13515309873037 ], [ -1947823.922104383585975, 1656330.606860535219312 ], [ -1947890.713798859622329, 1656652.872770994668826 ], [ -1948480.707100063795224, 1656779.478367579635233 ], [ -1948658.818285333225504, 1657159.298988610738888 ], [ -1948569.762692698743194, 1657642.715365192852914 ], [ -1949838.804887741804123, 1658977.913752029882744 ], [ -1950451.062087104888633, 1659300.21366914617829 ], [ -1951508.597249641083181, 1659300.213669145479798 ], [ -1951196.902675419580191, 1660485.85260228975676 ], [ -1951041.055388309294358, 1660647.011740111280233 ], [ -1950306.346749073592946, 1660232.60462329024449 ], [ -1950050.311920249368995, 1660577.94341122591868 ], [ -1949226.547688378952444, 1660497.363934893393889 ], [ -1949092.964299427112564, 1661061.425713235046715 ], [ -1948502.970998222474009, 1660900.263908853521571 ], [ -1948046.561085970373824, 1661188.053572865668684 ], [ -1947634.678970034932718, 1661003.867806896334514 ], [ -1947144.87321054446511, 1661406.775929635157809 ], [ -1946866.574483561795205, 1661314.682072856463492 ], [ -1946031.678302611922845, 1662373.781881841598079 ], [ -1945263.573816138319671, 1661924.81018649507314 ], [ -1944428.677635188680142, 1661890.274235839489847 ], [ -1944272.830348078161478, 1662051.442413272103295 ], [ -1943749.628741349792108, 1662016.906287883874029 ], [ -1941734.74595799157396, 1662465.879635496065021 ], [ -1939597.411734760738909, 1663237.211632206337526 ], [ -1934877.465325125958771, 1665251.997001974144951 ], [ -1934098.22888957336545, 1665735.569663611939177 ], [ -1933608.423130082897842, 1665735.569663612172008 ], [ -1933174.27711598854512, 1665988.873365886276588 ], [ -1933174.27711598854512, 1666150.067968783900142 ], [ -1932895.978389005409554, 1665988.873365886276588 ], [ -1932773.526949133025482, 1666368.833737250883132 ], [ -1930602.79687866428867, 1666852.428028212627396 ], [ -1930291.102304443018511, 1667301.488259889185429 ], [ -1929801.296544952783734, 1667301.488259889185429 ], [ -1927140.760714993346483, 1668579.627007883740589 ], [ -1925192.669626110931858, 1669282.055475249653682 ], [ -1912424.324032122967765, 1675743.023737006355077 ], [ -1910320.385656129568815, 1676952.482469035545364 ], [ -1909741.524304004851729, 1676434.135796728078276 ], [ -1909719.260405846172944, 1674487.552698810584843 ], [ -1909296.246340831276029, 1670951.841963654616848 ], [ -1908327.766770930495113, 1669270.54009488876909 ], [ -1907860.224909598473459, 1667635.410081346984953 ], [ -1907147.780168521450832, 1665988.873365886276588 ], [ -1906424.203478364972398, 1662995.448298101779073 ], [ -1906290.620089413365349, 1661038.402534824097529 ], [ -1906001.189413350773975, 1660647.011740111513063 ], [ -1904932.522301735589281, 1660301.672000040765852 ], [ -1904709.8833201485686, 1658828.275913188001141 ], [ -1904899.126454497221857, 1657458.555647476576269 ], [ -1905444.591959384502843, 1656952.123391938395798 ], [ -1907103.252372204093263, 1656572.305905590532348 ], [ -1907626.453978932695463, 1655996.835813371930271 ], [ -1907648.717877091374248, 1655663.069201838457957 ], [ -1907225.703812076710165, 1655617.032775879139081 ], [ -1907259.099659314844757, 1654776.88281906559132 ], [ -1907325.891353790648282, 1653902.2359902379103 ], [ -1907715.509571567177773, 1653349.843142387690023 ], [ -1907815.69711328111589, 1651934.391829284839332 ], [ -1906535.522969158366323, 1650818.197736303554848 ], [ -1906535.522969158366323, 1649046.197347921784967 ], [ -1906914.009237855207175, 1648010.670361372176558 ], [ -1907325.891353790648282, 1645537.083416479174048 ], [ -1906568.918816396268085, 1643351.324405561434105 ], [ -1908739.648886865470558, 1642051.462553850375116 ], [ -1908862.10032673785463, 1642580.601799885043874 ], [ -1909084.739308324409649, 1642776.156059643486515 ], [ -1909207.190748197026551, 1643604.402619980974123 ], [ -1909452.093627942027524, 1643707.935346534010023 ], [ -1909541.149220576975495, 1644248.613137414911762 ], [ -1910854.719211937859654, 1646319.400996074778959 ], [ -1911767.539036442292854, 1647159.268898780690506 ], [ -1912324.136490408563986, 1648079.704171352554113 ], [ -1912914.129791613202542, 1648493.91099812136963 ], [ -1914127.512241259915754, 1650127.793159877415746 ], [ -1915541.26977433427237, 1651370.53502133442089 ], [ -1917433.701117819873616, 1652785.954622588818893 ], [ -1918357.652891404228285, 1653257.778847238048911 ], [ -1920539.514910952420905, 1654995.549281768267974 ], [ -1921218.56380479154177, 1655340.815991731360555 ], [ -1923400.425824339035898, 1656134.947432791581377 ], [ -1923712.120398560306057, 1656042.872935454826802 ], [ -1923778.912093036575243, 1655824.197357121156529 ], [ -1925125.877931635361165, 1656514.75830287556164 ], [ -1925782.662927315570414, 1656710.420690292259678 ], [ -1925994.169959822902456, 1656583.815441962564364 ], [ -1925971.906061664223671, 1656779.478367580100894 ], [ -1930268.838406284572557, 1658598.065597135806456 ], [ -1930547.137133267708123, 1658505.982062457595021 ], [ -1930981.283147361362353, 1658759.212596456287429 ], [ -1932717.867203736212105, 1659139.063192645553499 ], [ -1934966.52091776067391, 1659231.149052366614342 ], [ -1937037.063446515472606, 1658954.892487926175818 ], [ -1938985.154535397421569, 1658264.264392525423318 ], [ -1939820.050716347061098, 1657642.715365192852914 ], [ -1940254.196730440948159, 1657032.691476335050538 ], [ -1940398.912068472243845, 1656330.606860535219312 ], [ -1940298.724526758305728, 1655847.215749395312741 ], [ -1940009.293850695714355, 1655467.414974153973162 ], [ -1939541.751989364158362, 1655340.815991730894893 ], [ -1938896.09894276317209, 1655444.39692989946343 ], [ -1938840.439197366125882, 1654811.408976164646447 ], [ -1939307.981058698147535, 1654661.795971285784617 ], [ -1939686.467327395221218, 1654086.369635993614793 ], [ -1939074.210128032369539, 1652647.861401360016316 ], [ -1939274.585211460245773, 1652210.571199969155714 ], [ -1939263.453262381022796, 1652624.845938166836277 ], [ -1939831.182665426516905, 1652751.431246232474223 ], [ -1940154.009188727010041, 1653418.891584880184382 ], [ -1940677.210795455379412, 1653292.302918432513252 ], [ -1940744.002489931648597, 1652878.017191119492054 ], [ -1940621.551050059031695, 1652912.5407411637716 ] ] ], [ [ [ -1936669.70912689785473, 1651082.857840592740104 ], [ -1936480.465992549434304, 1650542.033635498024523 ], [ -1936758.764719532104209, 1650346.419228943297639 ], [ -1937103.85514099127613, 1651117.378928781487048 ], [ -1936847.82031216705218, 1651405.056503854924813 ], [ -1936669.70912689785473, 1651082.857840592740104 ] ] ], [ [ [ -1952276.701736114686355, 1659910.292715839808807 ], [ -1952621.792157573858276, 1659749.138316782889888 ], [ -1952655.188004811760038, 1659495.897783400025219 ], [ -1952866.695037318859249, 1659392.300120851257816 ], [ -1952811.035291922511533, 1659818.204360906966031 ], [ -1952343.493430590489879, 1660071.448151306016371 ], [ -1952276.701736114686355, 1659910.292715839808807 ] ] ], [ [ [ -1949315.603281013434753, 1661257.123584382701665 ], [ -1949248.811586537398398, 1661118.983751869527623 ], [ -1949527.110313520533964, 1660900.263908853521571 ], [ -1950028.04802209045738, 1660900.263908853521571 ], [ -1949805.40904050366953, 1661314.682072856463492 ], [ -1949315.603281013434753, 1661257.123584382701665 ] ] ], [ [ [ -1945441.68500140751712, 1662684.61315906024538 ], [ -1945419.421103248605505, 1662500.416380511131138 ], [ -1945909.226862739538774, 1662465.879635496065021 ], [ -1945853.567117342492566, 1662696.125502745620906 ], [ -1945441.68500140751712, 1662684.61315906024538 ] ] ] ] } },
{ "type": "Feature", "properties": { "GID_1": "SEN.2_1", "GID_0": "SEN", "COUNTRY": "Senegal", "NAME_1": "Diourbel", "VARNAME_1": "NA", "NL_NAME_1": "NA", "TYPE_1": "Région", "ENGTYPE_1": "Region", "CC_1": "3", "HASC_1": "SN.DB", "ISO_1": "SN-DB", "area_ha": 485933.31423357362, "carbon_mean": 11.17, "carbon_min": 8.01, "carbon_max": 68.49, "carbon_median": 11.08, "carbon_std": 0.67, "carbon_pixel_count": 895041 }, "geometry": { "type": "MultiPolygon", "coordinates": [ [ [ [ -1785931.98664372577332, 1637968.259615811519325 ], [ -1788759.501709874952212, 1637703.73674828466028 ], [ -1789394.022807396948338, 1636622.671939328080043 ], [ -1792254.933720784028992, 1636806.679720452753827 ], [ -1792288.329568021930754, 1636634.172386592486873 ], [ -1792956.246512781595811, 1636565.169781110016629 ], [ -1795004.525143377715722, 1636990.688834778266028 ], [ -1795661.310139058157802, 1636956.187024282058701 ], [ -1798422.033510731067508, 1638048.767122713150457 ], [ -1799045.422659173607826, 1637772.742447950178757 ], [ -1799190.137997204903513, 1638439.807217891560867 ], [ -1799635.415960378013551, 1638623.828171498375013 ], [ -1800080.693923550890759, 1638600.825479303952307 ], [ -1800581.631632120814174, 1638267.288786017103121 ], [ -1801772.750183608848602, 1638681.334993232740089 ], [ -1801861.805776243330911, 1639509.447682682890445 ], [ -1802206.896197702270001, 1639727.98192979907617 ], [ -1803598.389832618646324, 1639382.928716253023595 ], [ -1804377.626268171239644, 1639981.023937650723383 ], [ -1805212.522449120646343, 1640383.595974233467132 ], [ -1806192.133968101814389, 1640544.626579291652888 ], [ -1806971.37040365440771, 1641131.246723326155916 ], [ -1807260.801079717231914, 1641108.241755915805697 ], [ -1807850.79438092187047, 1640314.58317099721171 ], [ -1811891.691896717064083, 1640671.151343969162554 ], [ -1812236.782318176236004, 1640544.626579292118549 ], [ -1813439.032818743959069, 1640648.146794311935082 ], [ -1814318.456796010956168, 1640234.068471393547952 ], [ -1816455.791019241325557, 1640487.115531452931464 ], [ -1817090.312116763088852, 1640855.188493104185909 ], [ -1817268.423302032286301, 1641154.251711630029604 ], [ -1819149.72269643866457, 1641418.810578758828342 ], [ -1819884.431335674133152, 1642247.012725939974189 ], [ -1820975.362345448462293, 1642546.092381472233683 ], [ -1820875.174803734524176, 1642868.182116481941193 ], [ -1821253.661072431830689, 1643627.409855927573517 ], [ -1822856.661739854607731, 1644110.566645117942244 ], [ -1824771.356981498887762, 1643063.738598400494084 ], [ -1825027.391810323810205, 1643431.84901734883897 ], [ -1825517.197569814277813, 1643558.388210861710832 ], [ -1826797.371713936794549, 1642879.685397115536034 ], [ -1827509.816455013351515, 1642983.215158120263368 ], [ -1828422.636279518716037, 1642557.595515715423971 ], [ -1828767.726700977655128, 1642718.639944046270102 ], [ -1830337.331521162763238, 1642523.08612866862677 ], [ -1831973.728035823907703, 1642569.098655186360702 ], [ -1833153.714638232719153, 1641844.411076629767194 ], [ -1833955.214971943991259, 1641740.885972899617627 ], [ -1834389.36098603787832, 1641763.891514931805432 ], [ -1834701.055560259148479, 1642281.521736630937085 ], [ -1835213.125217908294871, 1642108.977153559681028 ], [ -1835602.743435684591532, 1642396.552112013567239 ], [ -1837740.077658915426582, 1642339.036858984269202 ], [ -1838040.640284057008103, 1642120.48008918017149 ], [ -1838808.744770531076938, 1642120.48008918040432 ], [ -1839454.397817131830379, 1643834.475921141216531 ], [ -1842849.642286326503381, 1643673.424390600295737 ], [ -1843450.767536610364914, 1643443.352554241660982 ], [ -1844975.844560478115454, 1643316.813936109887436 ], [ -1845098.296000350732356, 1643523.877458950970322 ], [ -1846289.414551838766783, 1643512.373885442502797 ], [ -1846567.71327882213518, 1643788.461093492573127 ], [ -1847502.797001485479996, 1644053.047495737206191 ], [ -1847636.380390437319875, 1644225.605336364824325 ], [ -1847547.324797802837566, 1644536.21241696132347 ], [ -1848359.957080593565479, 1644892.84006725018844 ], [ -1849061.269872591132298, 1645583.101427045185119 ], [ -1849751.450715509243309, 1646814.114324634894729 ], [ -1850174.464780524140224, 1647170.774132522754371 ], [ -1850040.881391571834683, 1647538.944381125969812 ], [ -1850764.458081728080288, 1647734.537010129075497 ], [ -1851109.548503187485039, 1648574.452004239661619 ], [ -1851966.708582295803353, 1648378.852864049375057 ], [ -1852334.062901913421229, 1648816.07656571501866 ], [ -1852055.764174930285662, 1649920.675475577125326 ], [ -1852078.028073088964447, 1650058.753742648055777 ], [ -1852812.73671232489869, 1650116.286577205173671 ], [ -1852835.000610483344644, 1651255.463754707016051 ], [ -1852690.285272452048957, 1651957.406661111162975 ], [ -1850853.513674362795427, 1654466.149539411766455 ], [ -1850552.951049221213907, 1654650.287315491586924 ], [ -1850497.29130382463336, 1655018.566914839670062 ], [ -1850052.013340651290491, 1655686.0874464570079 ], [ -1849818.242409985512495, 1655962.308027190621942 ], [ -1848493.540469545638189, 1656549.286848676623777 ], [ -1848504.672418624861166, 1657170.808794122887775 ], [ -1847859.019372023874894, 1658655.617978014750406 ], [ -1848371.089029672788456, 1658828.27591318753548 ], [ -1848471.276571387192234, 1659772.160310342209414 ], [ -1848025.998608213849366, 1660324.694501270307228 ], [ -1847480.533103326801211, 1662673.100820671301335 ], [ -1848315.42928427644074, 1663478.9773033214733 ], [ -1850909.173419759608805, 1665344.105358629254624 ], [ -1851309.923586615594104, 1665908.276454648002982 ], [ -1852924.056203117826954, 1667002.11387427803129 ], [ -1853291.410522735444829, 1667543.293270420981571 ], [ -1853313.674420894356444, 1667865.703596796840429 ], [ -1852668.021374293603003, 1669005.68781489203684 ], [ -1850541.819100141758099, 1670894.261255783028901 ], [ -1850497.29130382463336, 1671331.877975327661261 ], [ -1850920.305368838831782, 1673209.110676481155679 ], [ -1852178.215614803135395, 1674902.196666684467345 ], [ -1853970.459416574565694, 1676376.542390240821987 ], [ -1854382.3415325100068, 1677228.938454668503255 ], [ -1855617.987880314933136, 1678346.312786732567474 ], [ -1857421.363631166284904, 1680823.146787327248603 ], [ -1855161.577968062600121, 1683208.053646306507289 ], [ -1853569.709249719046056, 1684291.130758909508586 ], [ -1852378.590698231011629, 1684798.119333307025954 ], [ -1847491.665052406024188, 1685835.173827914055437 ], [ -1840367.21764163672924, 1688013.130092256702483 ], [ -1839777.224340432323515, 1688255.137102753389627 ], [ -1839888.543831225251779, 1689050.319720896193758 ], [ -1836370.847922158427536, 1689234.713557316688821 ], [ -1835190.861319749383256, 1690168.228531162487343 ], [ -1833576.728703246917576, 1691067.202317977789789 ], [ -1832218.630915569141507, 1691655.010620222659782 ], [ -1830359.595419321442023, 1692000.786768204066902 ], [ -1829135.081020595273003, 1692035.364650252508 ], [ -1828812.254497294779867, 1691804.846354453824461 ], [ -1828077.545858059078455, 1691977.734873834764585 ], [ -1824582.113847150467336, 1691724.165461116237566 ], [ -1824248.155374770518392, 1691355.341888539493084 ], [ -1823635.898175407899544, 1691366.867541519924998 ], [ -1823602.50232816953212, 1691551.27872325386852 ], [ -1821966.105813508620486, 1691159.406613590661436 ], [ -1821632.147341128904372, 1691966.20893474877812 ], [ -1821342.716665066312999, 1692346.567775615025312 ], [ -1821175.737428876105696, 1692311.989456169540063 ], [ -1820808.383109258487821, 1692000.786768203601241 ], [ -1821142.341581638203934, 1690986.523842610884458 ], [ -1818971.611511169467121, 1690306.530054574133828 ], [ -1818504.069649837445468, 1690905.845631641335785 ], [ -1817691.437367046950385, 1690951.947434107307345 ], [ -1817145.971862159669399, 1690640.761942702578381 ], [ -1816990.124575048917904, 1690329.580383983440697 ], [ -1817012.388473208062351, 1689407.584032070124522 ], [ -1815954.853310671634972, 1688992.696929949801415 ], [ -1811936.219693034887314, 1688024.654181755846366 ], [ -1810066.052247707732022, 1687310.170815209858119 ], [ -1808129.093107904540375, 1686111.729048888897523 ], [ -1808474.183529363712296, 1685593.190550633938983 ], [ -1808084.565311587182805, 1683887.85182057833299 ], [ -1807605.891501176171005, 1683841.76321803429164 ], [ -1806837.787014702567831, 1684302.653110986342654 ], [ -1806437.036847846815363, 1683784.152585699222982 ], [ -1805668.932361373445019, 1683657.409667182248086 ], [ -1804132.723388426471502, 1683945.462694610003382 ], [ -1800303.332905137678608, 1685120.753843162674457 ], [ -1796084.324204072356224, 1684694.416278569959104 ], [ -1794614.906925601419061, 1684348.742573024705052 ], [ -1792210.405924466205761, 1684821.164515697164461 ], [ -1790295.71068282192573, 1684671.371214409358799 ], [ -1789438.550603714073077, 1685224.458687721984461 ], [ -1788136.112561432644725, 1685719.943400115007535 ], [ -1786098.965879915514961, 1686226.961305334232748 ], [ -1783093.339628497604281, 1685247.50426786695607 ], [ -1780811.290067235007882, 1684049.162606261670589 ], [ -1780043.185580761404708, 1685754.512471989262849 ], [ -1779263.949145208811387, 1686491.997536652255803 ], [ -1777738.872121340828016, 1686618.755001172656193 ], [ -1774933.620953350327909, 1686296.100917403586209 ], [ -1774744.377819001907483, 1686906.842569170985371 ], [ -1773208.168846054701135, 1688139.89537295838818 ], [ -1771905.730803773505613, 1688520.19512545526959 ], [ -1769979.903613049769774, 1688116.847091631498188 ], [ -1769890.848020415287465, 1687667.409911341965199 ], [ -1770269.334289112361148, 1687298.647059535607696 ], [ -1763311.866114532575011, 1688347.330874402076006 ], [ -1763089.227132946252823, 1687725.029604947194457 ], [ -1761775.657141585368663, 1686434.380722535774112 ], [ -1757378.53725525108166, 1684452.444176917662844 ], [ -1756064.967263890663162, 1682724.140909838490188 ], [ -1755675.349046114133671, 1681203.333931016502902 ], [ -1754217.063716722186655, 1678657.343465427635238 ], [ -1753860.841346184024587, 1678162.000151549233124 ], [ -1752803.306183647830039, 1677493.878331457031891 ], [ -1752313.500424157362431, 1677413.244156397879124 ], [ -1750766.159502130700275, 1677678.186001518042758 ], [ -1749018.443496676394716, 1678668.863195129903033 ], [ -1747749.401301632868126, 1680074.310394140891731 ], [ -1746268.852074082242325, 1682470.666588382096961 ], [ -1745389.428096815710887, 1682966.096094450680539 ], [ -1744621.323610342107713, 1682920.009210122516379 ], [ -1743975.670563741121441, 1682528.274160635657609 ], [ -1743574.920396885368973, 1681191.813022699672729 ], [ -1742751.156165014952421, 1680051.269633381860331 ], [ -1741426.454224575078115, 1678853.179598396178335 ], [ -1740547.030247308313847, 1677275.014751743292436 ], [ -1740524.766349149635062, 1676341.986410490004346 ], [ -1741103.627701274584979, 1675305.3293813157361 ], [ -1740157.412029531784356, 1675063.448967481497675 ], [ -1738354.036278680898249, 1674038.362874318379909 ], [ -1736528.396629671100527, 1673566.146426605526358 ], [ -1736984.806541923666373, 1673059.38753265957348 ], [ -1730261.109298009891063, 1668890.535527399973944 ], [ -1725563.426786533556879, 1670606.359713543904945 ], [ -1724160.80120253842324, 1670779.100239477818832 ], [ -1721767.432150483131409, 1670249.366423135623336 ], [ -1718260.868190495064482, 1668798.414080374874175 ], [ -1718494.639121160842478, 1666196.123760747723281 ], [ -1716869.374555579153821, 1665263.510527982842177 ], [ -1717826.722176401177421, 1664273.366681746207178 ], [ -1720108.771737663308159, 1659369.278476209612563 ], [ -1720798.95258058141917, 1657516.105414073448628 ], [ -1721043.855460326652974, 1655743.633150283247232 ], [ -1723459.48841054062359, 1655375.342923671239987 ], [ -1726665.489745386876166, 1654489.166687654564157 ], [ -1728301.886260048253462, 1653303.810952693223953 ], [ -1731363.172256863443181, 1650519.020097077824175 ], [ -1732320.519877685233951, 1650553.540412591770291 ], [ -1732977.304873365676031, 1651497.114021946908906 ], [ -1733244.471651269588619, 1653004.603772880276665 ], [ -1734357.666559202363715, 1654017.319360815687105 ], [ -1734569.173591709230095, 1653879.219379327492788 ], [ -1734947.659860406536609, 1652486.753601053031161 ], [ -1737830.834671952528879, 1653338.335087066749111 ], [ -1737508.008148652035743, 1655156.673156027216464 ], [ -1737953.28611182491295, 1655306.289107238873839 ], [ -1739444.967288454761729, 1654592.744115561246872 ], [ -1741114.759650354040787, 1655973.817283976590261 ], [ -1740747.40533073595725, 1657354.966400192119181 ], [ -1740836.460923370905221, 1657757.815875147236511 ], [ -1742094.371169334743172, 1657884.427045977674425 ], [ -1742628.704725142335519, 1657711.775607804302126 ], [ -1743419.073109774850309, 1656963.633102448191494 ], [ -1744576.795814024750143, 1657308.926871986594051 ], [ -1745868.101907226722687, 1656675.891922884155065 ], [ -1746291.115972241153941, 1656250.041029190178961 ], [ -1746446.963259351672605, 1653591.513520418433473 ], [ -1747315.255287539446726, 1653890.72768214950338 ], [ -1749530.513154325308278, 1655467.414974153740332 ], [ -1752113.125340729253367, 1656376.644594504963607 ], [ -1753916.501091580372304, 1657447.045709994621575 ], [ -1754740.265323450556025, 1658183.692353544989601 ], [ -1755441.578115448122844, 1658344.836690329015255 ], [ -1757100.238528267946094, 1659323.235250357771292 ], [ -1758213.433436200721189, 1658862.807642887346447 ], [ -1758324.752926994115114, 1658586.555136810522527 ], [ -1759181.913006102433428, 1654109.386436526430771 ], [ -1758502.864112263312563, 1649000.173023486044258 ], [ -1758714.371144770411775, 1646917.660201419843361 ], [ -1758647.57945029460825, 1646227.362376239849254 ], [ -1758436.072417787276208, 1645870.715892015956342 ], [ -1758669.843348453054205, 1644559.220500649185851 ], [ -1759493.607580323470756, 1642419.558249813737348 ], [ -1760406.427404828369617, 1641131.246723326155916 ], [ -1763946.387212054571137, 1638267.288786017103121 ], [ -1765783.158810143359005, 1637197.700682185357437 ], [ -1769590.285395273240283, 1636289.161233608610928 ], [ -1770670.084455967880785, 1635449.653664578450844 ], [ -1773052.32155894394964, 1634046.702898373827338 ], [ -1778729.61558940098621, 1633989.206567095825449 ], [ -1780143.373122475808486, 1633609.734039624454454 ], [ -1782559.006072689779103, 1634253.690767051419243 ], [ -1784707.47224499983713, 1635081.659088803455234 ], [ -1785453.312833314761519, 1636231.659830333897844 ], [ -1785408.785036997403949, 1637818.746351950336248 ], [ -1785531.236476870253682, 1638014.263874198077247 ], [ -1785931.98664372577332, 1637968.259615811519325 ] ] ], [ [ [ -1763356.393910849932581, 1690825.16768505377695 ], [ -1763345.261961770709604, 1690894.320194514701143 ], [ -1763423.185605326201767, 1689972.302702348679304 ], [ -1763412.053656246280298, 1690133.653271654853597 ], [ -1763356.393910849932581, 1690825.16768505377695 ] ] ] ] } },
{ "type": "Feature", "properties": { "GID_1": "SEN.3_1", "GID_0": "SEN", "COUNTRY": "Senegal", "NAME_1": "Fatick", "VARNAME_1": "NA", "NL_NAME_1": "NA", "TYPE_1": "Région", "ENGTYPE_1": "Region", "CC_1": "9", "HASC_1": "SN.FK", "ISO_1": "SN-FK", "area_ha": 684780.62238520407, "carbon_mean": 14.24, "carbon_min": 8.2, "carbon_max": 91.39, "carbon_median": 11.08, "carbon_std": 7.13, "carbon_pixel_count": 1253673 }, "geometry": { "type": "MultiPolygon", "coordinates": [ [ [ [ -1853859.13992578163743, 1533794.420736215775833 ], [ -1853269.146624576998875, 1532866.550986473448575 ], [ -1852868.396457721246406, 1532774.911257097963244 ], [ -1852835.000610483344644, 1532328.172021920559928 ], [ -1852245.007309278706089, 1532328.172021920559928 ], [ -1851788.597397026373073, 1531365.989487615413964 ], [ -1851476.902822805568576, 1531503.44204129348509 ], [ -1851198.604095822200179, 1531343.080796516966075 ], [ -1851042.756808711681515, 1531503.44204129348509 ], [ -1851098.416554108029231, 1531343.080796516966075 ], [ -1851632.750109916320071, 1531022.361156350933015 ], [ -1852590.09773073811084, 1531365.989487615413964 ], [ -1854159.70255092298612, 1533977.707416123943403 ], [ -1853881.403823940083385, 1534046.44024151400663 ], [ -1853859.13992578163743, 1533794.420736215775833 ] ] ], [ [ [ -1852590.09773073811084, 1534710.866566283162683 ], [ -1852467.646290865261108, 1534527.574913844931871 ], [ -1852189.347563882125542, 1534871.247782246675342 ], [ -1852033.500276771839708, 1534779.601256537251174 ], [ -1852801.604763244977221, 1534138.084280598443002 ], [ -1852679.153323373058811, 1534939.982880567200482 ], [ -1852590.09773073811084, 1534710.866566283162683 ] ] ], [ [ [ -1852155.951716644689441, 1537483.304544090293348 ], [ -1851933.31273505766876, 1537448.933734575519338 ], [ -1851966.708582295803353, 1537128.141624524956569 ], [ -1851565.958415440050885, 1536784.44002553448081 ], [ -1851599.354262677952647, 1536372.003885810729116 ], [ -1852211.611462041037157, 1535478.413869124138728 ], [ -1852835.000610483344644, 1535123.277331177610904 ], [ -1852712.549170610494912, 1535925.205180157441646 ], [ -1852501.042138103628531, 1536177.244566371198744 ], [ -1852367.458749151555821, 1537574.960250278469175 ], [ -1852155.951716644689441, 1537483.304544090293348 ] ] ], [ [ [ -1851911.048836898989975, 1537609.331220408901572 ], [ -1852122.555869406322017, 1537540.589323953958228 ], [ -1852155.951716644689441, 1537666.616267974488437 ], [ -1852000.104429533937946, 1537700.98735492490232 ], [ -1851911.048836898989975, 1537609.331220408901572 ] ] ], [ [ [ -1836471.035463871899992, 1527231.284467289689928 ], [ -1838363.466807357734069, 1527494.69562532263808 ], [ -1841803.239072869764641, 1527494.695625322172418 ], [ -1841903.426614583702758, 1528330.756672648945823 ], [ -1842382.100424994714558, 1528525.459519507596269 ], [ -1842983.225675278808922, 1527998.619747517397627 ], [ -1843417.371689372463152, 1527918.449374796822667 ], [ -1844274.531768480315804, 1529682.252319172723219 ], [ -1846178.095061045605689, 1531171.266231132904068 ], [ -1846244.886755521409214, 1531434.715677219443023 ], [ -1845988.851926696719602, 1531869.985596644226462 ], [ -1846278.282602759310976, 1531984.531475684838369 ], [ -1847024.123191074002534, 1533175.837365457089618 ], [ -1847135.44268186786212, 1533049.831376688554883 ], [ -1848293.165386117761955, 1533473.672036606818438 ], [ -1849217.117159701883793, 1533977.707416123943403 ], [ -1851243.131892139324918, 1536509.481898660305887 ], [ -1851844.257142423186451, 1537941.586190306115896 ], [ -1852211.611462041037157, 1537953.043331257300451 ], [ -1852055.764174930285662, 1539820.622407939052209 ], [ -1852211.611462041037157, 1541138.317464116727933 ], [ -1851655.014008074766025, 1542891.524848305154592 ], [ -1853424.993911687750369, 1545790.870389133226126 ], [ -1854115.174754605861381, 1546054.462784691248089 ], [ -1857009.481515230843797, 1549068.768784470623359 ], [ -1857254.384394976310432, 1548782.223210241645575 ], [ -1858311.919557512272149, 1548942.688354045851156 ], [ -1859235.871331096626818, 1550616.167890956625342 ], [ -1860950.191489312564954, 1551521.724436724092811 ], [ -1863521.671726637752727, 1552324.14194315019995 ], [ -1864145.060875079594553, 1552358.531803236110136 ], [ -1864645.998583649517968, 1553115.119924670085311 ], [ -1864890.901463394984603, 1552828.530993985477835 ], [ -1865146.936292219208553, 1551773.910200202371925 ], [ -1865391.839171964442357, 1551773.910200202371925 ], [ -1865581.082306313328445, 1552381.458401215728372 ], [ -1865603.346204471774399, 1556611.752677451819181 ], [ -1865848.249084217008203, 1558813.14691347675398 ], [ -1865825.985186058096588, 1559546.985445082420483 ], [ -1865603.346204471774399, 1559764.84765567840077 ], [ -1865725.797644344624132, 1560120.310882880352437 ], [ -1865480.894764598924667, 1561897.69831347791478 ], [ -1865269.387732092058286, 1561484.87515071942471 ], [ -1865113.540444981306791, 1560085.911008091876283 ], [ -1865291.651630250737071, 1559260.327359878690913 ], [ -1865146.936292219208553, 1558595.292494881199673 ], [ -1865358.443324726540595, 1558274.247127807466313 ], [ -1865391.839171964442357, 1557185.01490570558235 ], [ -1865080.144597743405029, 1556141.686851619044319 ], [ -1865169.200190377887338, 1555213.044579836074263 ], [ -1864812.97781983925961, 1554834.718109236331657 ], [ -1864979.957056029466912, 1565796.900417779106647 ], [ -1865302.783579329727218, 1566014.813920179149136 ], [ -1865937.304676851723343, 1566060.690675353398547 ], [ -1866159.943658438045532, 1566806.199081738479435 ], [ -1866627.485519770067185, 1574067.402983563253656 ], [ -1867273.138566371053457, 1580033.869060238590464 ], [ -1866193.339505675947294, 1581479.793471093755215 ], [ -1865647.874000789131969, 1581342.082953709177673 ], [ -1864902.03341247420758, 1581537.173066570889205 ], [ -1864857.505616157082841, 1583316.002768458332866 ], [ -1865002.220954187912866, 1583958.706397355301306 ], [ -1865369.575273805996403, 1584486.653311450732872 ], [ -1866560.69382529403083, 1585680.311643349705264 ], [ -1866460.506283580092713, 1586368.985434426926076 ], [ -1867829.736020337091759, 1587046.199001246597618 ], [ -1868987.458724587457255, 1588021.876490480965003 ], [ -1869288.021349729271606, 1588458.073497530771419 ], [ -1869232.361604332458228, 1589146.820436186622828 ], [ -1868486.521016017766669, 1590248.853308504913002 ], [ -1867918.791612971806899, 1590409.570321419509128 ], [ -1866939.180093991104513, 1590042.21860269154422 ], [ -1865636.742051709676161, 1590512.888923610560596 ], [ -1865258.255783012602478, 1590294.772354098269716 ], [ -1865013.352903267135844, 1590398.090501972008497 ], [ -1864890.901463394984603, 1590650.647695963969454 ], [ -1864991.089005108689889, 1591063.928375475807115 ], [ -1865425.23501920257695, 1591798.66574544692412 ], [ -1866048.624167645117268, 1592303.809692044509575 ], [ -1866104.283913041697815, 1592682.674073548521847 ], [ -1865425.23501920257695, 1593624.118499023839831 ], [ -1864523.547143777133897, 1593899.669643039116636 ], [ -1863632.99121743068099, 1595105.240174022037536 ], [ -1862831.490883719641715, 1595208.577388209756464 ], [ -1861696.032077627955005, 1596529.033466916065663 ], [ -1861506.788943279301748, 1597573.963611997896805 ], [ -1861696.032077627955005, 1598090.702830426162109 ], [ -1863343.560541368555278, 1598963.441288747126237 ], [ -1864044.873333366122097, 1599962.533157681114972 ], [ -1863710.914860986173153, 1600410.414408516138792 ], [ -1863710.914860986173153, 1600869.787824123632163 ], [ -1863866.762148096924648, 1601914.892651403089985 ], [ -1864122.796976921148598, 1602362.807615375844762 ], [ -1862731.303342005237937, 1602948.554248027969152 ], [ -1861696.032077627955005, 1603936.313858134439215 ], [ -1862341.685124229174107, 1603924.828064806526527 ], [ -1862887.150629115989432, 1604705.873618324287236 ], [ -1861473.393096041632816, 1606440.338482157094404 ], [ -1860015.107766649452969, 1608933.117607209831476 ], [ -1859825.864632300799713, 1610001.525179107906297 ], [ -1860170.955053759971634, 1612827.848909346852452 ], [ -1860193.218951918883249, 1614666.274671840714291 ], [ -1859914.920224935282022, 1615642.991778692929074 ], [ -1859625.489548872923478, 1619481.274994912790135 ], [ -1859124.551840303232893, 1620366.230076282983646 ], [ -1858868.517011478543282, 1622251.171288272598758 ], [ -1858423.239048305898905, 1623182.199515271233395 ], [ -1858033.620830529136583, 1623366.110329631948844 ], [ -1855807.231014663819224, 1623090.244603535160422 ], [ -1853413.861962608294562, 1623101.738949440186843 ], [ -1851821.993244264507666, 1623446.571726399008185 ], [ -1849851.638257223647088, 1625573.143211302813143 ], [ -1847346.949714374728501, 1626596.259530604816973 ], [ -1842827.378388168057427, 1630401.692349565215409 ], [ -1842471.156017629429698, 1630735.125898732338101 ], [ -1842159.46144340839237, 1631551.481623999541625 ], [ -1841703.051531156059355, 1631988.415153407957405 ], [ -1840790.231706651160493, 1633759.222541454480961 ], [ -1839754.960442273877561, 1637887.752364289015532 ], [ -1839810.620187670225278, 1638715.839148844592273 ], [ -1838886.668414086103439, 1640303.081055394606665 ], [ -1838741.953076055040583, 1640786.174405532656237 ], [ -1838808.744770531076938, 1642120.48008918040432 ], [ -1838652.897483420325443, 1642166.491883923765272 ], [ -1835602.743435684591532, 1642396.552112013567239 ], [ -1835213.125217908294871, 1642108.977153559681028 ], [ -1834701.055560259148479, 1642281.521736630937085 ], [ -1834389.36098603787832, 1641763.891514931805432 ], [ -1833721.444041278213263, 1641752.388741303235292 ], [ -1833153.714638232719153, 1641844.411076629767194 ], [ -1831973.728035823907703, 1642569.098655186360702 ], [ -1830337.331521162763238, 1642523.08612866862677 ], [ -1828767.726700977655128, 1642718.639944046270102 ], [ -1828333.580686883768067, 1642569.098655186360702 ], [ -1827509.816455013351515, 1642983.215158120263368 ], [ -1826797.371713936794549, 1642879.685397115536034 ], [ -1825517.197569814277813, 1643558.388210861710832 ], [ -1825027.391810323810205, 1643431.84901734883897 ], [ -1824771.356981498887762, 1643063.738598400494084 ], [ -1822856.661739854607731, 1644110.566645117942244 ], [ -1821253.661072431830689, 1643627.409855927573517 ], [ -1820875.174803734524176, 1642868.182116481941193 ], [ -1820975.362345448462293, 1642546.092381472233683 ], [ -1819884.431335674133152, 1642247.012725939974189 ], [ -1819149.72269643866457, 1641418.810578758828342 ], [ -1817268.423302032286301, 1641154.251711630029604 ], [ -1817090.312116763088852, 1640855.188493104185909 ], [ -1816455.791019241325557, 1640487.115531452931464 ], [ -1814318.456796010956168, 1640234.068471393547952 ], [ -1813439.032818743959069, 1640648.146794311935082 ], [ -1812236.782318176236004, 1640544.626579292118549 ], [ -1811891.691896717064083, 1640671.151343969162554 ], [ -1807850.79438092187047, 1640314.58317099721171 ], [ -1807260.801079717231914, 1641108.241755915805697 ], [ -1806971.37040365440771, 1641131.246723326155916 ], [ -1806192.133968101814389, 1640544.626579291652888 ], [ -1805212.522449120646343, 1640383.595974233467132 ], [ -1804377.626268171239644, 1639981.023937650723383 ], [ -1803598.389832618646324, 1639382.928716253023595 ], [ -1802206.896197702270001, 1639727.98192979907617 ], [ -1801861.805776243330911, 1639509.447682682890445 ], [ -1801861.805776243330911, 1638715.839148843893781 ], [ -1800581.631632120814174, 1638267.288786017103121 ], [ -1800080.693923550890759, 1638600.825479303952307 ], [ -1799635.415960378013551, 1638623.828171498375013 ], [ -1799190.137997204903513, 1638439.807217891560867 ], [ -1799045.422659173607826, 1637772.742447950178757 ], [ -1798422.033510731067508, 1638048.767122713150457 ], [ -1795661.310139058157802, 1636956.187024282058701 ], [ -1795004.525143377715722, 1636990.688834778266028 ], [ -1792956.246512781595811, 1636565.169781110016629 ], [ -1792288.329568021930754, 1636634.172386592486873 ], [ -1792254.933720784028992, 1636806.679720452753827 ], [ -1789394.022807396948338, 1636622.671939328080043 ], [ -1788759.501709874952212, 1637703.73674828466028 ], [ -1785531.236476870253682, 1638014.263874198077247 ], [ -1785364.25724068004638, 1637623.230335770407692 ], [ -1785453.312833314761519, 1636231.659830333897844 ], [ -1784707.47224499983713, 1635081.659088803455234 ], [ -1782559.006072689779103, 1634253.690767051419243 ], [ -1780143.373122475808486, 1633609.734039624454454 ], [ -1778729.61558940098621, 1633989.206567095825449 ], [ -1773052.32155894394964, 1634046.702898373827338 ], [ -1770670.084455967880785, 1635449.653664578450844 ], [ -1769590.285395273240283, 1636289.161233608610928 ], [ -1766996.541259789839387, 1636818.180251038866118 ], [ -1765783.158810143359005, 1637197.700682185357437 ], [ -1764681.095851289806888, 1637818.746351950336248 ], [ -1761207.927738539641723, 1640360.591685607330874 ], [ -1759682.850714671891183, 1642062.96546334004961 ], [ -1758669.843348453054205, 1644559.220500649185851 ], [ -1758436.072417787276208, 1645870.715892015956342 ], [ -1758647.57945029460825, 1646227.362376239849254 ], [ -1758714.371144770411775, 1646917.660201419843361 ], [ -1758502.864112263312563, 1649000.173023486044258 ], [ -1759193.044955181423575, 1653580.005354522028938 ], [ -1758213.433436200721189, 1658862.807642887346447 ], [ -1757100.238528267946094, 1659323.235250357771292 ], [ -1755441.578115448122844, 1658344.836690329015255 ], [ -1754740.265323450556025, 1658183.692353544989601 ], [ -1753916.501091580372304, 1657447.045709994621575 ], [ -1752113.125340729253367, 1656376.644594504963607 ], [ -1749530.513154325308278, 1655467.414974153740332 ], [ -1747571.290116363670677, 1654040.336098138708621 ], [ -1746580.546648303745314, 1653614.529868006473407 ], [ -1746446.963259351672605, 1653591.513520418433473 ], [ -1746424.69936119299382, 1653775.644890936557204 ], [ -1746291.115972241153941, 1656250.041029190178961 ], [ -1745868.101907226722687, 1656675.891922884155065 ], [ -1744576.795814024750143, 1657308.926871986594051 ], [ -1743419.073109774850309, 1656963.633102448191494 ], [ -1742628.704725142335519, 1657711.775607804302126 ], [ -1741760.412696954794228, 1657918.957476189127192 ], [ -1740836.460923370905221, 1657757.815875147236511 ], [ -1740747.40533073595725, 1657354.966400192119181 ], [ -1741114.759650354040787, 1655973.817283976590261 ], [ -1739444.967288454761729, 1654592.744115561246872 ], [ -1737953.28611182491295, 1655306.289107238873839 ], [ -1737508.008148652035743, 1655156.673156027216464 ], [ -1737830.834671952528879, 1653338.335087066749111 ], [ -1734947.659860406536609, 1652486.753601053031161 ], [ -1734569.173591709230095, 1653879.219379327492788 ], [ -1734357.666559202363715, 1654017.319360815687105 ], [ -1733244.471651269588619, 1653004.603772880276665 ], [ -1732977.304873365676031, 1651497.114021946908906 ], [ -1732320.519877685233951, 1650553.540412591770291 ], [ -1732398.443521240726113, 1647653.998685189522803 ], [ -1732031.089201623108238, 1644869.831679923459888 ], [ -1730606.199719468830153, 1643247.79313842416741 ], [ -1729437.345066139474511, 1642822.169046234805137 ], [ -1730049.602265502559021, 1642661.123959155753255 ], [ -1731585.811238449765369, 1641602.853159588528797 ], [ -1732064.485048860777169, 1642154.98892739857547 ], [ -1739645.342371882870793, 1635990.155357711249962 ], [ -1739534.022881089476869, 1632988.791201216168702 ], [ -1740391.182960197562352, 1632298.872479421086609 ], [ -1741348.530581019818783, 1632425.356178856920451 ], [ -1743641.712091361172497, 1633299.260726590408012 ], [ -1744587.927763104205951, 1633184.271571896970272 ], [ -1744933.018184563377872, 1632241.38009646255523 ], [ -1744086.990054534515366, 1631183.543411738006398 ], [ -1744821.698693769983947, 1630907.593239205889404 ], [ -1745556.407333005685359, 1631631.968816274544224 ], [ -1746780.921731731621549, 1632206.884728990728036 ], [ -1749519.381205246318132, 1632126.395719941006973 ], [ -1750443.332978830207139, 1631689.459823597921059 ], [ -1750632.576113178860396, 1630792.614882545778528 ], [ -1751267.097210700623691, 1629918.79632030101493 ], [ -1751422.944497810909525, 1628343.699011347955093 ], [ -1751779.166868349537253, 1627067.596561971120536 ], [ -1752669.72279469599016, 1625986.983081797370687 ], [ -1754116.876175008248538, 1625354.730425025336444 ], [ -1756254.210398239083588, 1625297.253686112351716 ], [ -1757167.030222743982449, 1623986.819084100658074 ], [ -1759070.593515309039503, 1618136.661406880710274 ], [ -1759048.329617150127888, 1617493.110590827651322 ], [ -1761786.789090664824471, 1617389.684285074239597 ], [ -1769334.250566448550671, 1617608.029196743387729 ], [ -1769289.722770131658763, 1625113.328989800531417 ], [ -1769735.00073330453597, 1625872.026890135835856 ], [ -1771215.549960855161771, 1626055.957044972339645 ], [ -1771972.522498249309137, 1624550.067835782887414 ], [ -1772629.307493929518387, 1624101.766801889752969 ], [ -1773274.960540530737489, 1624389.138355676317587 ], [ -1773954.009434369858354, 1625435.198076572269201 ], [ -1775011.544596905587241, 1626251.384284865576774 ], [ -1776503.22577353566885, 1626619.251379163935781 ], [ -1776803.788398677483201, 1626113.435489811934531 ], [ -1777850.191612134221941, 1625492.675125589827076 ], [ -1778429.052964258939028, 1624929.405616350471973 ], [ -1778662.823894925182685, 1623664.968221166171134 ], [ -1779564.511770350625739, 1622687.945747659541667 ], [ -1781345.62362304283306, 1622377.605234206886962 ], [ -1781479.207011994672939, 1620412.202603136887774 ], [ -1783026.547934021335095, 1618745.751142871798947 ], [ -1782848.436748752137646, 1617768.916108813369647 ], [ -1783416.166151798097417, 1617251.783191803842783 ], [ -1785386.521138838957995, 1616412.900819759815931 ], [ -1786633.2994357238058, 1616343.952801482286304 ], [ -1787045.181551658781245, 1616424.392174120526761 ], [ -1787791.022139973472804, 1616987.474831958301365 ], [ -1790963.627627581590787, 1617562.061692680697888 ], [ -1791898.711350245401263, 1617125.374506559222937 ], [ -1792611.15609132242389, 1616378.426787502830848 ], [ -1792856.058971067424864, 1616447.374898253940046 ], [ -1794893.205652584321797, 1615620.009773618075997 ], [ -1797598.269278860883787, 1615711.937917157076299 ], [ -1797587.137329781427979, 1615918.777441746555269 ], [ -1800225.409261582186446, 1615654.482788933906704 ], [ -1801327.472220435505733, 1615033.975582850398496 ], [ -1801416.527813070220873, 1614654.78410304733552 ], [ -1802218.028146781725809, 1613781.515886205015704 ], [ -1802629.910262716934085, 1612666.992899821139872 ], [ -1802808.021447986131534, 1611345.713680008193478 ], [ -1805390.633634390076622, 1611782.302798295859247 ], [ -1808451.919631205266342, 1611897.195900596445426 ], [ -1808585.503020157106221, 1611805.281377783045173 ], [ -1808307.204293173970655, 1611586.98569974466227 ], [ -1809197.760219520190731, 1610989.55434889649041 ], [ -1808952.857339774724096, 1609909.617412652354687 ], [ -1809231.156066758092493, 1609817.70997355831787 ], [ -1810155.107840342214331, 1608496.576700432924554 ], [ -1810088.316145866177976, 1608370.210973124718294 ], [ -1810566.989956277422607, 1608117.481373290298507 ], [ -1812058.671132906805724, 1608956.093648856971413 ], [ -1812526.212994238827378, 1608220.870456148171797 ], [ -1812971.490957412170246, 1608370.210973124718294 ], [ -1813661.671800330281258, 1607600.542165689170361 ], [ -1814908.450097214896232, 1607072.12610923871398 ], [ -1815164.484926039585844, 1606199.114551714155823 ], [ -1816656.166102669201791, 1605521.402215858921409 ], [ -1816834.277287938864902, 1605119.377864153357223 ], [ -1819216.514390914933756, 1605429.510384738445282 ], [ -1819761.97989580174908, 1604935.597383682616055 ], [ -1819895.56328475358896, 1604085.629635013407096 ], [ -1820396.500993323512375, 1603201.233353865100071 ], [ -1820441.028789640869945, 1602512.114323354093358 ], [ -1820774.987262020586058, 1602293.897117159329355 ], [ -1820530.084382275119424, 1601788.559060735162348 ], [ -1821621.015392049448565, 1601340.654017011402175 ], [ -1821353.848614145535976, 1601053.539467827184126 ], [ -1820752.723363862140104, 1600904.241158177144825 ], [ -1820608.008025830844417, 1600375.961730188457295 ], [ -1821064.417938082711771, 1599744.337399254785851 ], [ -1821531.959799414733425, 1599744.337399254087359 ], [ -1821865.918271794449538, 1600398.930177324451506 ], [ -1822177.612846015952528, 1600352.993303381372243 ], [ -1822322.328184047248214, 1600123.310153332073241 ], [ -1821832.522424556780607, 1598699.319977229461074 ], [ -1822133.085049698362127, 1596965.372816901421174 ], [ -1821721.202933763153851, 1596896.476643347879872 ], [ -1820507.820484116440639, 1595794.162684763781726 ], [ -1820964.230396369239315, 1595598.966121956473216 ], [ -1821042.154039924265817, 1595323.396996211726218 ], [ -1821364.980563224758953, 1595518.591492222156376 ], [ -1821598.75149389100261, 1595311.9150126199238 ], [ -1821810.258526397868991, 1595415.253047281177714 ], [ -1821966.105813508620486, 1594944.494211710290983 ], [ -1821587.619544811546803, 1594783.749241856858134 ], [ -1821431.772257700795308, 1594324.48336710780859 ], [ -1821075.54988716263324, 1594450.78067525732331 ], [ -1820964.230396369239315, 1594198.186671391595155 ], [ -1821275.924970590509474, 1593888.188287185970694 ], [ -1821754.598781001288444, 1594358.928026772337034 ], [ -1822211.00869325385429, 1594462.262279095826671 ], [ -1822433.647674840409309, 1593658.562232655007392 ], [ -1822979.113179727457464, 1593922.632369925733656 ], [ -1822967.981230648234487, 1593256.721506469883025 ], [ -1823212.88411039323546, 1592808.963424150599167 ], [ -1823791.745462518418208, 1592981.177160946885124 ], [ -1824025.516393184196204, 1592820.444304542383179 ], [ -1824036.648342263652012, 1592602.308441684581339 ], [ -1823424.391142900334671, 1592016.794885794632137 ], [ -1822411.383776681497693, 1592292.329039144329727 ], [ -1820129.334215419366956, 1592154.561598582891747 ], [ -1818081.055584823479876, 1592797.482548815198243 ], [ -1814630.151370231993496, 1592487.500825880328193 ], [ -1812971.490957412170246, 1591086.888605118729174 ], [ -1812103.198929224628955, 1590926.167421827325597 ], [ -1811991.87943843123503, 1590731.007315578171983 ], [ -1810544.726058118743822, 1590179.974891536869109 ], [ -1807004.766250892775133, 1587160.982699078274891 ], [ -1806659.675829433836043, 1585783.611557013122365 ], [ -1806526.092440481530502, 1584119.384766980540007 ], [ -1806459.300746005261317, 1581594.552787486696616 ], [ -1806637.411931274458766, 1581146.994290728354827 ], [ -1807216.273283399641514, 1580217.474096683785319 ], [ -1809676.434029931202531, 1578806.043355280999094 ], [ -1810322.087076531955972, 1578186.41477314918302 ], [ -1810555.858007197966799, 1577876.605956608662382 ], [ -1810667.177497991127893, 1577050.466948252404109 ], [ -1811546.601475257892162, 1576109.6179938854184 ], [ -1811813.768253162037581, 1574732.826446845196187 ], [ -1811669.052915130741894, 1574319.803009646013379 ], [ -1810500.198261801153421, 1573539.665281414287165 ], [ -1810299.823178373510018, 1573792.06025611050427 ], [ -1809119.836575964931399, 1573734.69754975871183 ], [ -1807294.196926955133677, 1574044.45764645957388 ], [ -1805513.085074262693524, 1573493.77554551535286 ], [ -1805902.703292039223015, 1572323.61424906225875 ], [ -1805880.4393938803114, 1571704.138095747213811 ], [ -1805457.425328865880147, 1571520.592397120315582 ], [ -1804221.77898106072098, 1571566.478702172869816 ], [ -1804299.702624616213143, 1569788.442675217287615 ], [ -1803498.202290904708207, 1568629.915813449304551 ], [ -1802908.208989700069651, 1562494.009764266200364 ], [ -1803509.334239983698353, 1562092.644814786734059 ], [ -1803587.257883538724855, 1561381.670362254837528 ], [ -1804366.494319092016667, 1559822.180112931644544 ], [ -1804210.647031981265172, 1559214.462352856760845 ], [ -1804377.626268171239644, 1558687.020453799283132 ], [ -1804822.904231344582513, 1558446.23523580795154 ], [ -1805179.126601883210242, 1557483.11613908666186 ], [ -1806091.946426387643442, 1556153.151773136807606 ], [ -1808162.488955142442137, 1556290.731215962208807 ], [ -1808685.690561870811507, 1556038.502779827453196 ], [ -1807995.509718952467665, 1555522.588410606607795 ], [ -1807706.079042890574783, 1554937.897523676743731 ], [ -1808463.051580284256488, 1551005.897329231956974 ], [ -1806236.661764418939129, 1549745.028499047271907 ], [ -1805735.724055849015713, 1548724.914463329128921 ], [ -1800893.326206341851503, 1544392.7279264095705 ], [ -1800681.819173834752291, 1544369.808164789108559 ], [ -1800269.937057899544016, 1545023.029037970816717 ], [ -1799713.339603933272883, 1545034.489195157540962 ], [ -1799457.304775108583272, 1544690.686607742216438 ], [ -1799446.172826029127464, 1544255.209650110919029 ], [ -1799212.401895363349468, 1543877.03802096657455 ], [ -1798900.707321142312139, 1538583.193582239095122 ], [ -1798433.165459810523316, 1536704.243615775834769 ], [ -1797976.75554755795747, 1535581.518900079187006 ], [ -1796462.810472769429907, 1534126.628758718958125 ], [ -1796329.227083817822859, 1533817.331503238761798 ], [ -1796663.185556197538972, 1533210.202737018000335 ], [ -1796585.26191264227964, 1533095.651668311562389 ], [ -1795115.844634170876816, 1532912.370967590250075 ], [ -1795416.407259312691167, 1531446.170059115858749 ], [ -1797008.275977656710893, 1530632.920985542004928 ], [ -1796885.82453778386116, 1529865.511153675615788 ], [ -1795627.91429182025604, 1529132.483249919954687 ], [ -1795950.740815120516345, 1528181.867203341098502 ], [ -1796852.428690546192229, 1527414.526741383364424 ], [ -1802819.153397065587342, 1527551.95925883972086 ], [ -1835569.347588446456939, 1527483.242913118097931 ], [ -1836471.035463871899992, 1527231.284467289689928 ] ] ], [ [ [ -1861707.164026707177982, 1548117.44928457820788 ], [ -1861985.462753690546378, 1548083.064875067444518 ], [ -1862018.858600928448141, 1548174.756731828907505 ], [ -1861618.108434072230011, 1548174.756731828674674 ], [ -1861707.164026707177982, 1548117.44928457820788 ] ] ] ] } },
{ "type": "Feature", "properties": { "GID_1": "SEN.4_1", "GID_0": "SEN", "COUNTRY": "Senegal", "NAME_1": "Kaffrine", "VARNAME_1": "NA", "NL_NAME_1": "NA", "TYPE_1": "Région", "ENGTYPE_1": "Region", "CC_1": "12", "HASC_1": "SN.KF", "ISO_1": "SN-KA", "area_ha": 1131619.718671571, "carbon_mean": 11.12, "carbon_min": 7.76, "carbon_max": 27.13, "carbon_median": 11.01, "carbon_std": 0.71, "carbon_pixel_count": 2074704 }, "geometry": { "type": "MultiPolygon", "coordinates": [ [ [ [ -1713752.428813367150724, 1546386.822105676401407 ], [ -1714097.519234826555476, 1545974.238737964304164 ], [ -1714086.387285747099668, 1545561.661715387832373 ], [ -1714776.56812866544351, 1545252.233111353591084 ], [ -1714776.56812866544351, 1545997.159869691357017 ], [ -1716390.70074516790919, 1546134.687071332940832 ], [ -1717815.590227321721613, 1549332.39342113211751 ], [ -1716969.562097293091938, 1549389.703468256164342 ], [ -1716991.825995451537892, 1551143.450251620728523 ], [ -1718594.826662874547765, 1551120.524715421721339 ], [ -1719118.028269602917135, 1551498.798576189670712 ], [ -1721121.779103881912306, 1551372.70669464673847 ], [ -1722646.856127749662846, 1551579.039174072444439 ], [ -1723704.391290285857394, 1551487.335653294343501 ], [ -1723826.842730158707127, 1552152.193306574132293 ], [ -1724405.704082283424214, 1552392.921707582194358 ], [ -1724984.565434408374131, 1552026.098342893645167 ], [ -1725095.884925202000886, 1551154.91302709071897 ], [ -1726988.316268687369302, 1551177.838592770742252 ], [ -1727789.816602399339899, 1551349.78096189070493 ], [ -1729248.101931791054085, 1552255.362355751916766 ], [ -1729337.157524425536394, 1553344.393283325945958 ], [ -1730450.352432358078659, 1553126.583545857109129 ], [ -1734368.798508281353861, 1554857.646833516890183 ], [ -1735225.958587389672175, 1554651.289024338591844 ], [ -1735693.500448721693829, 1554078.081260465783998 ], [ -1736405.945189798483625, 1552794.140528927790001 ], [ -1737062.730185478925705, 1552049.024655675748363 ], [ -1737318.765014303149655, 1551051.748224748298526 ], [ -1738754.786445536417887, 1549687.717691167723387 ], [ -1739099.876866995589808, 1548954.150186826242134 ], [ -1740190.807876769686118, 1548426.910956120118499 ], [ -1740880.98871968802996, 1548518.603989811381325 ], [ -1740970.0443123227451, 1548850.993868419667706 ], [ -1741593.433460765052587, 1549091.692562876036391 ], [ -1742840.21175764943473, 1550283.756092337192968 ], [ -1742862.475655808346346, 1550639.092994840117171 ], [ -1743953.406665582442656, 1551831.225478244014084 ], [ -1743686.239887678530067, 1551945.856403026729822 ], [ -1743853.21912386873737, 1552610.725462978938594 ], [ -1744176.045647168764845, 1552828.530993985943496 ], [ -1744743.775050214724615, 1552622.188867710530758 ], [ -1746302.247921320609748, 1554009.297156062209979 ], [ -1747693.74155623652041, 1554639.824748401530087 ], [ -1748216.94316296488978, 1555419.406734510324895 ], [ -1748127.887570329941809, 1556038.502779827453196 ], [ -1747215.067745825275779, 1556909.84749697172083 ], [ -1747148.276051349705085, 1557253.807201946619898 ], [ -1747994.30418137810193, 1557872.94586293422617 ], [ -1748818.068413248285651, 1558813.146913477219641 ], [ -1747025.824611476855353, 1560406.978236698545516 ], [ -1745712.254620115971193, 1563078.866694482974708 ], [ -1745834.706059988820925, 1564133.935318738454953 ], [ -1747905.248588743619621, 1566680.034645723644644 ], [ -1748239.207061123335734, 1568331.689388378756121 ], [ -1748706.748922455357388, 1569134.614345959853381 ], [ -1749207.686631025047973, 1569627.851763122947887 ], [ -1750187.298150005983189, 1569845.796808810904622 ], [ -1751912.750257301377133, 1569214.908182277111337 ], [ -1753905.369142500916496, 1570373.460677111754194 ], [ -1755118.751592147862539, 1571658.251551483524963 ], [ -1756487.981328905094415, 1571887.685070243664086 ], [ -1757345.141408013179898, 1572243.31096467981115 ], [ -1757411.933102489216253, 1573184.021916382480413 ], [ -1757233.821917219785973, 1573964.1491238407325 ], [ -1756799.675903125898913, 1574537.786795044085011 ], [ -1756766.280055888462812, 1575329.42728343163617 ], [ -1756910.995393919758499, 1576052.250242696842179 ], [ -1757233.821917219785973, 1576476.774561084341258 ], [ -1756899.863444840302691, 1577234.051153061212972 ], [ -1757345.141408013179898, 1577876.605956608662382 ], [ -1757278.349713537376374, 1579150.287766393972561 ], [ -1757534.384542361833155, 1580125.671418054029346 ], [ -1758647.57945029460825, 1580137.14673533779569 ], [ -1758803.426737404894084, 1580412.555854064645246 ], [ -1760072.468932448420674, 1580710.918991608079523 ], [ -1762677.345017011044547, 1582443.787326583405957 ], [ -1763679.220434150425717, 1583361.909647980472073 ], [ -1763812.803823102265596, 1583488.153981137787923 ], [ -1763690.352383229881525, 1584073.476560849929228 ], [ -1764324.87348075164482, 1584199.724321227520704 ], [ -1764681.095851289806888, 1584027.568435139721259 ], [ -1764992.790425511309877, 1584257.10986791853793 ], [ -1765627.311523033073172, 1586621.503698155749589 ], [ -1764447.324920624028891, 1587688.994197169551626 ], [ -1764870.338985638460144, 1589054.986462136963382 ], [ -1764580.90830957586877, 1590627.68785008485429 ], [ -1764514.116615100065246, 1594324.483367107575759 ], [ -1762387.914340948453173, 1599434.272897195303813 ], [ -1761107.740196825703606, 1602041.226857660803944 ], [ -1760317.371812193654478, 1601914.892651402391493 ], [ -1758046.454200010746717, 1602110.136684193275869 ], [ -1755519.501759003382176, 1602787.75973638263531 ], [ -1754595.549985419260338, 1607164.023777730995789 ], [ -1754250.459563960088417, 1607635.004457742674276 ], [ -1746970.164866080274805, 1607313.358185949968174 ], [ -1746524.886902906931937, 1609530.501336118672043 ], [ -1746246.588175923796371, 1614689.255824823398143 ], [ -1747237.331643983954564, 1620113.382651721592993 ], [ -1747504.498421887867153, 1622975.301428302656859 ], [ -1747404.310880173929036, 1623745.430557426530868 ], [ -1747159.408000428695232, 1624147.746033594245091 ], [ -1747103.748255032114685, 1626090.444096363848075 ], [ -1746558.282750144833699, 1628803.571386334253475 ], [ -1745600.935129322577268, 1629079.498789530945942 ], [ -1745166.789115229155868, 1629619.865265996195376 ], [ -1744821.698693769983947, 1630907.593239205889404 ], [ -1744086.990054534515366, 1631183.543411738006398 ], [ -1744933.018184563377872, 1632241.38009646255523 ], [ -1744587.927763104205951, 1633184.271571896970272 ], [ -1743641.712091361172497, 1633299.260726590408012 ], [ -1741348.530581019818783, 1632425.356178856920451 ], [ -1740391.182960197562352, 1632298.872479421086609 ], [ -1739534.022881089476869, 1632988.791201216168702 ], [ -1739645.342371882870793, 1635990.155357711249962 ], [ -1732064.485048860777169, 1642154.98892739857547 ], [ -1731585.811238449765369, 1641602.853159588528797 ], [ -1730049.602265502559021, 1642661.123959155753255 ], [ -1729437.345066139474511, 1642822.169046234805137 ], [ -1730606.199719468830153, 1643247.79313842416741 ], [ -1732031.089201623108238, 1644869.831679923459888 ], [ -1732398.443521240726113, 1647653.998685189522803 ], [ -1732320.519877685233951, 1650553.540412591770291 ], [ -1731363.172256863443181, 1650519.020097077824175 ], [ -1728301.886260048253462, 1653303.810952693223953 ], [ -1726665.489745386876166, 1654489.166687654564157 ], [ -1723459.48841054062359, 1655375.342923671239987 ], [ -1721043.855460326652974, 1655743.633150283247232 ], [ -1720798.95258058141917, 1657516.105414073448628 ], [ -1720108.771737663308159, 1659369.278476209612563 ], [ -1717826.722176401177421, 1664273.366681746207178 ], [ -1716869.374555579153821, 1665263.510527982842177 ], [ -1715555.804564218269661, 1665562.864066879730672 ], [ -1714988.075161172542721, 1665505.295800012536347 ], [ -1711615.094590136548504, 1662799.736834307899699 ], [ -1708987.954607415245846, 1658575.044681767467409 ], [ -1705793.085221648216248, 1654880.461432652780786 ], [ -1703277.264729720307514, 1652371.677232287591323 ], [ -1697844.873579008504748, 1649080.715646375901997 ], [ -1672341.578238269779831, 1644260.117045789724216 ], [ -1671595.737649954622611, 1647147.763670283136889 ], [ -1659717.947982312180102, 1654868.952676729299128 ], [ -1655164.980808867607266, 1649483.432620045961812 ], [ -1653049.91048379521817, 1649483.432620046194643 ], [ -1649788.249403552385047, 1645824.697357592172921 ], [ -1647929.213907304685563, 1645249.472749120090157 ], [ -1641539.475135770859197, 1641177.256720823701471 ], [ -1638845.543458573287353, 1641177.256720824167132 ], [ -1638678.564222383545712, 1641591.350459105568007 ], [ -1637776.876346958102658, 1642293.024750648299232 ], [ -1635851.049156234366819, 1642603.608104966580868 ], [ -1633880.694169193739071, 1642442.564408522797748 ], [ -1630863.935968695906922, 1642523.086128668859601 ], [ -1630619.033088950440288, 1641177.25672082346864 ], [ -1630184.887074856786057, 1640993.217232210095972 ], [ -1629260.935301272431388, 1641096.739280043169856 ], [ -1628715.469796385616064, 1641706.377699038246647 ], [ -1627735.858277404913679, 1641660.366740370634943 ], [ -1625064.19049836602062, 1640694.155914510833099 ], [ -1625008.530752969672903, 1639877.50644734618254 ], [ -1625687.579646808328107, 1638750.343351386021823 ], [ -1628080.948698863852769, 1638566.321480116108432 ], [ -1628726.601745465071872, 1627895.331423357827589 ], [ -1628481.698865719838068, 1626688.227048984961584 ], [ -1628448.303018481936306, 1624389.138355676550418 ], [ -1628570.754458354320377, 1623802.903809636831284 ], [ -1628960.372676130849868, 1623584.506137865362689 ], [ -1629750.741060762898996, 1608772.285888172918931 ], [ -1627936.233360832557082, 1606670.07765103247948 ], [ -1627502.087346739135683, 1606497.773082997649908 ], [ -1624830.419567700475454, 1603970.771268686512485 ], [ -1624752.495924144983292, 1603511.342897577211261 ], [ -1623550.245423577958718, 1590581.768218913115561 ], [ -1624374.009655447909608, 1585221.205846686847508 ], [ -1623617.037118053762242, 1584968.701089272974059 ], [ -1623194.023053039330989, 1584406.31287747179158 ], [ -1623594.773219895316288, 1583591.445251355646178 ], [ -1624385.141604527365416, 1583029.086592421634123 ], [ -1624385.141604527365416, 1582742.173555554822087 ], [ -1623784.016354243736714, 1578691.296219934942201 ], [ -1623561.377372656948864, 1575673.626218842342496 ], [ -1623361.00228922907263, 1574973.759774146135896 ], [ -1624084.578979385318235, 1574159.184531657956541 ], [ -1625498.336512460140511, 1573493.775545515120029 ], [ -1626511.343878678744659, 1572702.190166413085535 ], [ -1623683.828812529798597, 1572461.277590699261054 ], [ -1625631.919901411980391, 1567127.347631028853357 ], [ -1633613.527391289593652, 1561748.622542505385354 ], [ -1635494.826785695971921, 1560865.652431850554422 ], [ -1638634.036426066420972, 1553275.611069057136774 ], [ -1642997.760465162573382, 1552656.579111414030194 ], [ -1647784.498569273389876, 1552358.531803236342967 ], [ -1648430.151615874376148, 1551808.299352279631421 ], [ -1649899.568894345546141, 1549561.634345784317702 ], [ -1651023.895751357777044, 1548587.373971073422581 ], [ -1650979.367955040419474, 1548128.910764221800491 ], [ -1651491.437612689333037, 1547624.610297866631299 ], [ -1652749.347858653170988, 1548472.757433730177581 ], [ -1655554.599026643903926, 1549802.339429646031931 ], [ -1658504.56553266569972, 1550776.644030745141208 ], [ -1661899.810001860605553, 1551303.929555349750444 ], [ -1663814.505243504652753, 1551384.169568396173418 ], [ -1666152.214550163364038, 1550765.181417402811348 ], [ -1667176.353865461656824, 1550845.419813959626481 ], [ -1676705.302277365932241, 1554364.683603472076356 ], [ -1683328.811979565769434, 1552037.561496826121584 ], [ -1693748.316317816032097, 1545515.820215586572886 ], [ -1696431.116045933915302, 1545492.899495051242411 ], [ -1698067.512560594826937, 1547200.546796296490356 ], [ -1700060.131445794831961, 1548621.759027919033542 ], [ -1701985.958636518102139, 1549275.083496693987399 ], [ -1704501.779128446243703, 1549664.793402376817539 ], [ -1706917.41207866044715, 1549492.861862260149792 ], [ -1708297.773764496669173, 1549126.07826728397049 ], [ -1712294.143483975436538, 1547429.769477511523291 ], [ -1713752.428813367150724, 1546386.822105676401407 ] ] ] ] } },
{ "type": "Feature", "properties": { "GID_1": "SEN.5_1", "GID_0": "SEN", "COUNTRY": "Senegal", "NAME_1": "Kaolack", "VARNAME_1": "NA", "NL_NAME_1": "NA", "TYPE_1": "Région", "ENGTYPE_1": "Region", "CC_1": "6", "HASC_1": "SN.KC", "ISO_1": "SN-KL", "area_ha": 540525.68491464481, "carbon_mean": 11.49, "carbon_min": 8.04, "carbon_max": 78.68, "carbon_median": 11.03, "carbon_std": 2.32, "carbon_pixel_count": 988485 }, "geometry": { "type": "MultiPolygon", "coordinates": [ [ [ [ -1780989.401252504670992, 1527414.526741382665932 ], [ -1796852.428690546192229, 1527414.526741383364424 ], [ -1795950.740815120516345, 1528181.867203341098502 ], [ -1795627.91429182025604, 1529132.483249919954687 ], [ -1796885.82453778386116, 1529865.511153675615788 ], [ -1797008.275977656710893, 1530632.920985542004928 ], [ -1795416.407259312691167, 1531446.170059115858749 ], [ -1795115.844634170876816, 1532912.370967590250075 ], [ -1796585.26191264227964, 1533095.651668311562389 ], [ -1796663.185556197538972, 1533210.202737018000335 ], [ -1796329.227083817822859, 1533817.331503238761798 ], [ -1796462.810472769429907, 1534126.628758718958125 ], [ -1797976.75554755795747, 1535581.518900079187006 ], [ -1798433.165459810523316, 1536704.243615775834769 ], [ -1798900.707321142312139, 1538583.193582239095122 ], [ -1799212.401895363349468, 1543877.03802096657455 ], [ -1799446.172826029127464, 1544255.209650110919029 ], [ -1799457.304775108583272, 1544690.686607742216438 ], [ -1799713.339603933272883, 1545034.489195157540962 ], [ -1800269.937057899544016, 1545023.029037970816717 ], [ -1800681.819173834752291, 1544369.808164789108559 ], [ -1800893.326206341851503, 1544392.7279264095705 ], [ -1805735.724055849015713, 1548724.914463329128921 ], [ -1806236.661764418939129, 1549745.028499047271907 ], [ -1808463.051580284256488, 1551005.897329231956974 ], [ -1807706.079042890574783, 1554937.897523676743731 ], [ -1807995.509718952467665, 1555522.588410606607795 ], [ -1808685.690561870811507, 1556038.502779827453196 ], [ -1808162.488955142442137, 1556290.731215962208807 ], [ -1806091.946426387643442, 1556153.151773136807606 ], [ -1805179.126601883210242, 1557483.11613908666186 ], [ -1804822.904231344582513, 1558446.23523580795154 ], [ -1804377.626268171239644, 1558687.020453799283132 ], [ -1804210.647031981265172, 1559214.462352856760845 ], [ -1804366.494319092016667, 1559822.180112931644544 ], [ -1803587.257883538724855, 1561381.670362254837528 ], [ -1803509.334239983698353, 1562092.644814786734059 ], [ -1802908.208989700069651, 1562494.009764266200364 ], [ -1803498.202290904708207, 1568629.915813449304551 ], [ -1804299.702624616213143, 1569788.442675217287615 ], [ -1804221.77898106072098, 1571566.478702172869816 ], [ -1805457.425328865880147, 1571520.592397120315582 ], [ -1805880.4393938803114, 1571704.138095747213811 ], [ -1805902.703292039223015, 1572323.61424906225875 ], [ -1805513.085074262693524, 1573493.77554551535286 ], [ -1807294.196926955133677, 1574044.45764645957388 ], [ -1809119.836575964931399, 1573734.69754975871183 ], [ -1810299.823178373510018, 1573792.06025611050427 ], [ -1810500.198261801153421, 1573539.665281414287165 ], [ -1811669.052915130741894, 1574319.803009646013379 ], [ -1811813.768253162037581, 1574732.826446845196187 ], [ -1811546.601475257892162, 1576109.6179938854184 ], [ -1810667.177497991127893, 1577050.466948252404109 ], [ -1810555.858007197966799, 1577876.605956608662382 ], [ -1810322.087076531955972, 1578186.41477314918302 ], [ -1809676.434029931202531, 1578806.043355280999094 ], [ -1807216.273283399641514, 1580217.474096683785319 ], [ -1806637.411931274458766, 1581146.994290728354827 ], [ -1806459.300746005261317, 1581594.552787486696616 ], [ -1806526.092440481530502, 1584119.384766980540007 ], [ -1806659.675829433836043, 1585783.611557013122365 ], [ -1807004.766250892775133, 1587160.982699078274891 ], [ -1810544.726058118743822, 1590179.974891536869109 ], [ -1811991.87943843123503, 1590731.007315578171983 ], [ -1812103.198929224628955, 1590926.167421827325597 ], [ -1812971.490957412170246, 1591086.888605118729174 ], [ -1814285.060948772588745, 1592292.329039144329727 ], [ -1814875.054249976761639, 1592556.38533469941467 ], [ -1818192.37507561664097, 1592797.482548815198243 ], [ -1820129.334215419366956, 1592154.561598582891747 ], [ -1822411.383776681497693, 1592292.329039144329727 ], [ -1823424.391142900334671, 1592016.794885794632137 ], [ -1824036.648342263652012, 1592602.308441684581339 ], [ -1824025.516393184196204, 1592820.444304542383179 ], [ -1823691.557920804480091, 1592992.658117186743766 ], [ -1823212.88411039323546, 1592808.963424150599167 ], [ -1822967.981230648234487, 1593256.721506469883025 ], [ -1822979.113179727457464, 1593922.632369925733656 ], [ -1822433.647674840409309, 1593658.562232655007392 ], [ -1822211.00869325385429, 1594462.262279095826671 ], [ -1821142.341581638203934, 1593945.595117052318528 ], [ -1820986.4942945279181, 1594381.891158523503691 ], [ -1821431.772257700795308, 1594324.48336710780859 ], [ -1821587.619544811546803, 1594783.749241856858134 ], [ -1821966.105813508620486, 1595024.867068802472204 ], [ -1821810.258526397868991, 1595415.253047281177714 ], [ -1821598.75149389100261, 1595311.9150126199238 ], [ -1821364.980563224758953, 1595518.591492222156376 ], [ -1821042.154039924265817, 1595323.396996211726218 ], [ -1820964.230396369239315, 1595598.966121956473216 ], [ -1820507.820484116440639, 1595794.162684763781726 ], [ -1821721.202933763153851, 1596896.476643347879872 ], [ -1822133.085049698362127, 1596965.372816901421174 ], [ -1821832.522424556780607, 1598699.319977229461074 ], [ -1822277.800387729657814, 1599778.789239181904122 ], [ -1822277.800387729657814, 1600249.635634311242029 ], [ -1821765.730730080744252, 1600352.993303381372243 ], [ -1821531.959799414733425, 1599744.337399254087359 ], [ -1821064.417938082711771, 1599744.337399254785851 ], [ -1820763.855312941130251, 1600111.826049185823649 ], [ -1820574.612178592709824, 1600467.835640709381551 ], [ -1820630.271923989290372, 1600777.912490340182558 ], [ -1821509.69590125628747, 1601145.41577778593637 ], [ -1821609.883442969992757, 1601409.561981748323888 ], [ -1820530.084382275119424, 1601788.559060735162348 ], [ -1820774.987262020586058, 1602293.897117159329355 ], [ -1820441.028789640869945, 1602512.114323354093358 ], [ -1820396.500993323512375, 1603201.233353865100071 ], [ -1819895.56328475358896, 1604085.629635013407096 ], [ -1819761.97989580174908, 1604935.597383682616055 ], [ -1819216.514390914933756, 1605429.510384738445282 ], [ -1816834.277287938864902, 1605119.377864153357223 ], [ -1816656.166102669201791, 1605521.402215858921409 ], [ -1815164.484926039585844, 1606199.114551714155823 ], [ -1814908.450097214896232, 1607072.12610923871398 ], [ -1813661.671800330281258, 1607600.542165689170361 ], [ -1812971.490957412170246, 1608370.210973124718294 ], [ -1812526.212994238827378, 1608220.870456148171797 ], [ -1812058.671132906805724, 1608956.093648856971413 ], [ -1810566.989956277422607, 1608117.481373290298507 ], [ -1810088.316145866177976, 1608370.210973124718294 ], [ -1810155.107840342214331, 1608496.576700432924554 ], [ -1809231.156066758092493, 1609817.70997355831787 ], [ -1808952.857339774724096, 1609909.617412652354687 ], [ -1809197.760219520190731, 1610989.55434889649041 ], [ -1808307.204293173970655, 1611586.98569974466227 ], [ -1808585.503020157106221, 1611805.281377783045173 ], [ -1808451.919631205266342, 1611897.195900596445426 ], [ -1805390.633634390076622, 1611782.302798295859247 ], [ -1802808.021447986131534, 1611345.713680008193478 ], [ -1802629.910262716934085, 1612666.992899821139872 ], [ -1802218.028146781725809, 1613781.515886205015704 ], [ -1801416.527813070220873, 1614654.78410304733552 ], [ -1801327.472220435505733, 1615033.975582850398496 ], [ -1800225.409261582186446, 1615654.482788933906704 ], [ -1797587.137329781427979, 1615918.777441746555269 ], [ -1797598.269278860883787, 1615711.937917157076299 ], [ -1794893.205652584321797, 1615620.009773618075997 ], [ -1792856.058971067424864, 1616447.374898253940046 ], [ -1792611.15609132242389, 1616378.426787502830848 ], [ -1791898.711350245401263, 1617125.374506559222937 ], [ -1790963.627627581590787, 1617562.061692680697888 ], [ -1787791.022139973472804, 1616987.474831958301365 ], [ -1787045.181551658781245, 1616424.392174120526761 ], [ -1786633.2994357238058, 1616343.952801482286304 ], [ -1785386.521138838957995, 1616412.900819759815931 ], [ -1783416.166151798097417, 1617251.783191803842783 ], [ -1782848.436748752137646, 1617768.916108813369647 ], [ -1783026.547934021335095, 1618745.751142871798947 ], [ -1781479.207011994672939, 1620412.202603136887774 ], [ -1781345.62362304283306, 1622377.605234206886962 ], [ -1779564.511770350625739, 1622687.945747659541667 ], [ -1778662.823894925182685, 1623664.968221166171134 ], [ -1778429.052964258939028, 1624929.405616350471973 ], [ -1777850.191612134221941, 1625492.675125589827076 ], [ -1776803.788398677483201, 1626113.435489811934531 ], [ -1776503.22577353566885, 1626619.251379163935781 ], [ -1775011.544596905587241, 1626251.384284865576774 ], [ -1773954.009434369858354, 1625435.198076572269201 ], [ -1773274.960540530737489, 1624389.138355676317587 ], [ -1772629.307493929518387, 1624101.766801889752969 ], [ -1771972.522498249309137, 1624550.067835782887414 ], [ -1771215.549960855161771, 1626055.957044972339645 ], [ -1769735.00073330453597, 1625872.026890135835856 ], [ -1769289.722770131658763, 1625113.328989800531417 ], [ -1769334.250566448550671, 1617608.029196743387729 ], [ -1761786.789090664824471, 1617389.684285074239597 ], [ -1759048.329617150127888, 1617493.110590827651322 ], [ -1759070.593515309039503, 1618136.661406880710274 ], [ -1757400.801153409993276, 1623297.143619414186105 ], [ -1756376.661838111467659, 1625239.777076401282102 ], [ -1754116.876175008248538, 1625354.730425025336444 ], [ -1752669.72279469599016, 1625986.983081797370687 ], [ -1751779.166868349537253, 1627067.596561971120536 ], [ -1751422.944497810909525, 1628343.699011347955093 ], [ -1751267.097210700623691, 1629918.79632030101493 ], [ -1750632.576113178860396, 1630792.614882545778528 ], [ -1750443.332978830207139, 1631689.459823597921059 ], [ -1749519.381205246318132, 1632126.395719941006973 ], [ -1746780.921731731621549, 1632206.884728990728036 ], [ -1745556.407333005685359, 1631631.968816274544224 ], [ -1744821.698693769983947, 1630907.593239205889404 ], [ -1745166.789115229155868, 1629619.865265996195376 ], [ -1745600.935129322577268, 1629079.498789530945942 ], [ -1746558.282750144833699, 1628803.571386334253475 ], [ -1747103.748255032114685, 1626090.444096363848075 ], [ -1747159.408000428695232, 1624147.746033594245091 ], [ -1747404.310880173929036, 1623745.430557426530868 ], [ -1747504.498421887867153, 1622975.301428302656859 ], [ -1747237.331643983954564, 1620113.382651721592993 ], [ -1746246.588175923796371, 1614689.255824823398143 ], [ -1746524.886902906931937, 1609530.501336118672043 ], [ -1746970.164866080274805, 1607313.358185949968174 ], [ -1754250.459563960088417, 1607635.004457742674276 ], [ -1754595.549985419260338, 1607164.023777730995789 ], [ -1755519.501759003382176, 1602787.75973638263531 ], [ -1758046.454200010746717, 1602110.136684193275869 ], [ -1760317.371812193654478, 1601914.892651402391493 ], [ -1761107.740196825703606, 1602041.226857660803944 ], [ -1762387.914340948453173, 1599434.272897195303813 ], [ -1764514.116615100065246, 1594324.483367107575759 ], [ -1764580.90830957586877, 1590627.68785008485429 ], [ -1764870.338985638460144, 1589054.986462136963382 ], [ -1764447.324920624028891, 1587688.994197169551626 ], [ -1765627.311523033073172, 1586621.503698155749589 ], [ -1764992.790425511309877, 1584257.10986791853793 ], [ -1764681.095851289806888, 1584027.568435139721259 ], [ -1764324.87348075164482, 1584199.724321227520704 ], [ -1763690.352383229881525, 1584073.476560849929228 ], [ -1763812.803823102265596, 1583488.153981137787923 ], [ -1763679.220434150425717, 1583361.909647980472073 ], [ -1762677.345017011044547, 1582443.787326583405957 ], [ -1760072.468932448420674, 1580710.918991608079523 ], [ -1758803.426737404894084, 1580412.555854064645246 ], [ -1758647.57945029460825, 1580137.14673533779569 ], [ -1757534.384542361833155, 1580125.671418054029346 ], [ -1757278.349713537376374, 1579150.287766393972561 ], [ -1757345.141408013179898, 1577876.605956608662382 ], [ -1756899.863444840302691, 1577234.051153061212972 ], [ -1757233.821917219785973, 1576476.774561084341258 ], [ -1756910.995393919758499, 1576052.250242696842179 ], [ -1756766.280055888462812, 1575329.42728343163617 ], [ -1756799.675903125898913, 1574537.786795044085011 ], [ -1757233.821917219785973, 1573964.1491238407325 ], [ -1757411.933102489216253, 1573184.021916382480413 ], [ -1757345.141408013179898, 1572243.31096467981115 ], [ -1756487.981328905094415, 1571887.685070243664086 ], [ -1755118.751592147862539, 1571658.251551483524963 ], [ -1753905.369142500916496, 1570373.460677111754194 ], [ -1751912.750257301377133, 1569214.908182277111337 ], [ -1750187.298150005983189, 1569845.796808810904622 ], [ -1749207.686631025047973, 1569627.851763122947887 ], [ -1748706.748922455357388, 1569134.614345959853381 ], [ -1748239.207061123335734, 1568331.689388378756121 ], [ -1747905.248588743619621, 1566680.034645723644644 ], [ -1745834.706059988820925, 1564133.935318738454953 ], [ -1745712.254620115971193, 1563078.866694482974708 ], [ -1747025.824611476855353, 1560406.978236698545516 ], [ -1748818.068413248285651, 1558813.146913477219641 ], [ -1747994.30418137810193, 1557872.94586293422617 ], [ -1747148.276051349705085, 1557253.807201946619898 ], [ -1747215.067745825275779, 1556909.84749697172083 ], [ -1748127.887570329941809, 1556038.502779827453196 ], [ -1748216.94316296488978, 1555419.406734510324895 ], [ -1747693.74155623652041, 1554639.824748401530087 ], [ -1746302.247921320609748, 1554009.297156062209979 ], [ -1744743.775050214724615, 1552622.188867710530758 ], [ -1744176.045647168764845, 1552828.530993985943496 ], [ -1743853.21912386873737, 1552610.725462978938594 ], [ -1743686.239887678530067, 1551945.856403026729822 ], [ -1743953.406665582442656, 1551831.225478244014084 ], [ -1742862.475655808346346, 1550639.092994840117171 ], [ -1742840.21175764943473, 1550283.756092337192968 ], [ -1741593.433460765052587, 1549091.692562876036391 ], [ -1740970.0443123227451, 1548850.993868419667706 ], [ -1740880.98871968802996, 1548518.603989811381325 ], [ -1740190.807876769686118, 1548426.910956120118499 ], [ -1739099.876866995589808, 1548954.150186826242134 ], [ -1738754.786445536417887, 1549687.717691167723387 ], [ -1737318.765014303149655, 1551051.748224748298526 ], [ -1737062.730185478925705, 1552049.024655675748363 ], [ -1736405.945189798483625, 1552794.140528927790001 ], [ -1735693.500448721693829, 1554078.081260465783998 ], [ -1735225.958587389672175, 1554651.289024338591844 ], [ -1734368.798508281353861, 1554857.646833516890183 ], [ -1730450.352432358078659, 1553126.583545857109129 ], [ -1729337.157524425536394, 1553344.393283325945958 ], [ -1729248.101931791054085, 1552255.362355751916766 ], [ -1727789.816602399339899, 1551349.78096189070493 ], [ -1726988.316268687369302, 1551177.838592770742252 ], [ -1725095.884925202000886, 1551154.91302709071897 ], [ -1724984.565434408374131, 1552026.098342893645167 ], [ -1724405.704082283424214, 1552392.921707582194358 ], [ -1723826.842730158707127, 1552152.193306574132293 ], [ -1723704.391290285857394, 1551487.335653294343501 ], [ -1722646.856127749662846, 1551579.039174072444439 ], [ -1721121.779103881912306, 1551372.70669464673847 ], [ -1719118.028269602917135, 1551498.798576189670712 ], [ -1718594.826662874547765, 1551120.524715421721339 ], [ -1716991.825995451537892, 1551143.450251620728523 ], [ -1716969.562097293091938, 1549389.703468256164342 ], [ -1717826.722176401177421, 1549378.241449016844854 ], [ -1717782.194380084052682, 1549194.849808581871912 ], [ -1716390.70074516790919, 1546134.687071332940832 ], [ -1714776.56812866544351, 1545997.159869691357017 ], [ -1714765.436179586220533, 1544415.647707591764629 ], [ -1715945.422781994799152, 1544576.086723634507507 ], [ -1716457.492439643712714, 1544060.393297408241779 ], [ -1718349.923783129546791, 1541516.450567153980955 ], [ -1719630.097927251830697, 1539030.036324254702777 ], [ -1721199.702747437404469, 1534080.806719755055383 ], [ -1722457.612993401475251, 1527322.90544969914481 ], [ -1780989.401252504670992, 1527414.526741382665932 ] ] ] ] } },
{ "type": "Feature", "properties": { "GID_1": "SEN.6_1", "GID_0": "SEN", "COUNTRY": "Senegal", "NAME_1": "Kédougou", "VARNAME_1": "SénégalOriental", "NL_NAME_1": "NA", "TYPE_1": "Région", "ENGTYPE_1": "Region", "CC_1": "13", "HASC_1": "SN.KG", "ISO_1": "NA", "area_ha": 1694936.8198058938, "carbon_mean": 16.99, "carbon_min": 7.14, "carbon_max": 113.71, "carbon_median": 15.65, "carbon_std": 6.14, "carbon_pixel_count": 3064067 }, "geometry": { "type": "MultiPolygon", "coordinates": [ [ [ [ -1356873.273279211483896, 1386808.942776678595692 ], [ -1357062.516413560137153, 1386592.417143489001319 ], [ -1357685.90556200244464, 1386603.813190220389515 ], [ -1358999.475553363095969, 1386193.558253239607438 ], [ -1359711.920294440118596, 1386501.248926525004208 ], [ -1360713.795711579732597, 1386467.060917069204152 ], [ -1361403.976554497610778, 1385760.517500964459032 ], [ -1362383.588073478778824, 1385475.625699188793078 ], [ -1363318.67179614212364, 1385920.058098937151954 ], [ -1364353.943060519639403, 1385361.669740536017343 ], [ -1364832.616870930651203, 1385384.460897433105856 ], [ -1365032.991954358527437, 1385110.968164067249745 ], [ -1365355.818477659020573, 1385145.154618601081893 ], [ -1366302.034149401821196, 1384734.919749769382179 ], [ -1366958.819145082030445, 1383994.232187327928841 ], [ -1368417.104474473977461, 1384062.60257692146115 ], [ -1371890.272587224142626, 1382273.628917280118912 ], [ -1375430.232394450344145, 1380769.606533198617399 ], [ -1375986.829848416848108, 1382011.558968555415049 ], [ -1376443.239760668948293, 1383994.232187328394502 ], [ -1377378.323483332525939, 1384620.966620561666787 ], [ -1378569.442034820793197, 1387333.169247742276639 ], [ -1379237.358979580225423, 1387925.784195654792711 ], [ -1379293.01872497680597, 1388507.014160599093884 ], [ -1380829.227697924012318, 1389623.919296441832557 ], [ -1382231.853281919145957, 1389452.961710354080424 ], [ -1383601.083018676610664, 1389749.288817560998723 ], [ -1385749.549190986668691, 1391276.559986376669258 ], [ -1388298.765530152479187, 1391629.895096121123061 ], [ -1390591.947040494065732, 1392199.799294225405902 ], [ -1391705.141948426607996, 1391812.263249294133857 ], [ -1392851.732703597517684, 1391869.253526871791109 ], [ -1393196.823125056689605, 1391732.477044458966702 ], [ -1394009.455407847650349, 1390695.275886382441968 ], [ -1395055.858621304389089, 1389817.672415517503396 ], [ -1395901.886751333251595, 1388689.363155424362049 ], [ -1396413.956408982397988, 1388313.269577847793698 ], [ -1398529.026734054554254, 1387561.096678171074018 ], [ -1399664.485540145775303, 1389475.755998382577673 ], [ -1400432.590026619378477, 1389920.248107356484979 ], [ -1400722.020702681969851, 1391185.377414606278762 ], [ -1400454.853924778057262, 1392177.002916242461652 ], [ -1402213.70187931181863, 1391698.283022303134203 ], [ -1403560.667717910371721, 1392735.519217447377741 ], [ -1403950.285935687134042, 1394217.348117167130113 ], [ -1405263.855927047552541, 1395174.876954774837941 ], [ -1407334.398455802584067, 1395562.456949633080512 ], [ -1409905.878693127073348, 1394981.088859124807641 ], [ -1412265.851897944463417, 1395653.652979687787592 ], [ -1420180.667693346273154, 1395038.085226251976565 ], [ -1420804.056841788347811, 1395243.273055920144543 ], [ -1420748.397096392000094, 1395767.648412217386067 ], [ -1420069.348202552879229, 1396850.626915770117193 ], [ -1419746.521679252618924, 1397751.239227482350543 ], [ -1419512.750748586608097, 1398640.478296497603878 ], [ -1419746.521679252618924, 1398879.893386466661468 ], [ -1420948.772179819876328, 1399666.556629219092429 ], [ -1421416.314041151665151, 1399552.546165357576683 ], [ -1421650.084971817210317, 1399278.922847810201347 ], [ -1423831.946991365635768, 1400726.875030776718631 ], [ -1424900.614102981053293, 1400122.60288688284345 ], [ -1426258.711890659062192, 1399951.58471476030536 ], [ -1427138.13586792582646, 1400430.438093495788053 ], [ -1427761.525016368133947, 1401251.347677083918825 ], [ -1429598.296614457154647, 1401912.652566984528676 ], [ -1429731.880003408994526, 1402357.331436226144433 ], [ -1428473.969757445156574, 1403942.267116473987699 ], [ -1428696.608739031711593, 1404466.796990540111437 ], [ -1429698.484156171092764, 1404489.602849270217121 ], [ -1429965.650934074772522, 1404797.48367189290002 ], [ -1432169.776851781643927, 1405447.464877430116758 ], [ -1433305.235657873097807, 1406086.056892484426498 ], [ -1434062.208195267710835, 1407317.66638595238328 ], [ -1433605.798283014912158, 1408275.620581253431737 ], [ -1434874.840478058205917, 1408720.395654595457017 ], [ -1435943.507589673856273, 1408230.003006087383255 ], [ -1436644.820381671190262, 1408287.024986121570691 ], [ -1437568.772155255544931, 1407842.256479021161795 ], [ -1438782.154604902258143, 1407739.618549554841593 ], [ -1439605.918836772441864, 1407158.010391234653071 ], [ -1440741.377642863895744, 1406770.278016205877066 ], [ -1441175.523656957782805, 1405880.793660908471793 ], [ -1440474.210864959983155, 1405230.80287988926284 ], [ -1440574.398406673921272, 1404227.336540732067078 ], [ -1440240.439934294205159, 1403543.174559324979782 ], [ -1440819.301286419155076, 1400031.393071797676384 ], [ -1440986.280522609129548, 1399917.381199214607477 ], [ -1442900.975764253409579, 1399803.369766898918897 ], [ -1443747.003894282272086, 1398868.492623907513916 ], [ -1446162.636844496009871, 1399438.536141641438007 ], [ -1446574.518960431450978, 1400145.405384686542675 ], [ -1447042.060821763239801, 1400419.036732294596732 ], [ -1448867.700470772804692, 1400430.438093495788053 ], [ -1449379.770128421718255, 1400669.867696191649884 ], [ -1449747.124448039801791, 1400533.050542507786304 ], [ -1450459.569189116591588, 1400772.480977741302922 ], [ -1451261.069522828096524, 1400327.826001239474863 ], [ -1451661.819689684081823, 1400590.057612789329141 ], [ -1452719.35485222004354, 1400521.649141666246578 ], [ -1454077.45263989828527, 1401011.913355816388503 ], [ -1454400.279163198545575, 1401547.792862881906331 ], [ -1454478.202806753804907, 1402334.527228467632085 ], [ -1454255.563825167249888, 1403098.477794704725966 ], [ -1454166.508232532767579, 1404535.214619747363031 ], [ -1454656.313992022769526, 1406519.395088041899726 ], [ -1454233.299927008571103, 1407180.818337354809046 ], [ -1453086.709171837894246, 1407933.490495286183432 ], [ -1453008.785528282634914, 1409792.445335874799639 ], [ -1452107.09765285695903, 1410727.669618100160733 ], [ -1451784.271129556698725, 1411605.895201513078064 ], [ -1451839.930874953279272, 1412438.522995247505605 ], [ -1452118.229601936414838, 1413077.267218840308487 ], [ -1451962.382314825896174, 1414160.883067270508036 ], [ -1452752.750699458178133, 1415404.239153338596225 ], [ -1452463.320023395819589, 1415849.122532719746232 ], [ -1452418.792227078229189, 1416704.686544480966404 ], [ -1452652.563157744007185, 1416989.880121203837916 ], [ -1453220.292560790199786, 1417069.734822162659839 ], [ -1454099.716538056731224, 1417788.436966888373718 ], [ -1453676.702473042299971, 1418723.917083161417395 ], [ -1453743.494167518103495, 1418929.270395326893777 ], [ -1454567.258399388520047, 1418895.044742812635377 ], [ -1455112.723904275568202, 1419088.990638569695875 ], [ -1455480.078223893418908, 1418769.551027485402301 ], [ -1455613.661612845258787, 1418130.682308041956276 ], [ -1456871.571858809329569, 1417731.396467193728313 ], [ -1457138.738636713009328, 1417103.958332330919802 ], [ -1457339.113720141118392, 1417012.695727749262005 ], [ -1457639.676345282932743, 1417366.339910638285801 ], [ -1458207.405748328426853, 1417115.366177974035963 ], [ -1458630.419813343090937, 1417834.069446968846023 ], [ -1459008.90608204016462, 1418119.274065285688266 ], [ -1460044.177346417447552, 1418085.049363799858838 ], [ -1460033.045397337991744, 1418758.142534705810249 ], [ -1460867.941578287631273, 1418507.15682332450524 ], [ -1460734.358189335791394, 1418803.776532619027421 ], [ -1463584.137153643649071, 1420423.829770469339564 ], [ -1464318.845792879117653, 1421405.032603769330308 ], [ -1464374.505538275931031, 1421907.056151624536142 ], [ -1464307.713843799894676, 1422717.15787983709015 ], [ -1463595.269102722872049, 1423447.409772642888129 ], [ -1461079.448610794730484, 1424771.038122027181089 ], [ -1459242.677012705709785, 1425501.341667166445404 ], [ -1458207.405748328659683, 1425763.79899380216375 ], [ -1457071.946942237205803, 1425786.621482256334275 ], [ -1458786.267100453609601, 1427909.191441125236452 ], [ -1459309.468707181978971, 1430260.176288353046402 ], [ -1459665.691077720141038, 1430636.808120027650148 ], [ -1460088.705142734805122, 1432976.6006789135281 ], [ -1459721.350823116954416, 1433684.282600620994344 ], [ -1460088.705142734805122, 1434175.104449990205467 ], [ -1460133.232939052162692, 1434528.957941400120035 ], [ -1459687.954975879052654, 1434894.23061642004177 ], [ -1459610.031332323793322, 1435567.714245634386316 ], [ -1459309.468707181978971, 1435693.280730868456885 ], [ -1459120.225572833558545, 1436138.475406582932919 ], [ -1458418.912780835526064, 1436412.444780943449587 ], [ -1459532.10768876853399, 1437314.279051118530333 ], [ -1459821.538364830892533, 1437964.98715011915192 ], [ -1459654.559128640918061, 1438238.973910574102774 ], [ -1458496.836424391018227, 1438604.293651190353557 ], [ -1458463.440577152883634, 1439163.698498962447047 ], [ -1459120.225572833558545, 1440054.202145273564383 ], [ -1461279.823694222839549, 1440031.368373690638691 ], [ -1462626.78953282139264, 1440670.720839345827699 ], [ -1464218.658251165179536, 1441036.071496383287013 ], [ -1464441.297232751734555, 1442040.809781190240756 ], [ -1463573.005204564426094, 1443034.165176139445975 ], [ -1463528.477408247068524, 1443468.055342352250591 ], [ -1464819.783501448808238, 1444255.925332039827481 ], [ -1466389.388321634149179, 1444929.628450819756836 ], [ -1466511.83976150653325, 1445831.730331554077566 ], [ -1466099.957645571557805, 1447099.288623686414212 ], [ -1467291.076197059592232, 1447795.89863558136858 ], [ -1467591.638822201406583, 1448218.440849932143465 ], [ -1466500.707812427310273, 1448344.062713251914829 ], [ -1465398.644853573990986, 1447852.998569710878655 ], [ -1464552.616723544895649, 1448218.440849932143465 ], [ -1463294.706477581057698, 1449623.153138881549239 ], [ -1463628.664949960773811, 1450319.824710109038278 ], [ -1463584.137153643649071, 1451484.788953690091148 ], [ -1463795.644186150981113, 1451758.905104451347142 ], [ -1464496.956978148315102, 1451907.385786762228236 ], [ -1464808.651552369585261, 1452272.879992784699425 ], [ -1465532.228242525830865, 1453597.835799626074731 ], [ -1465554.49214068450965, 1454397.407927281688899 ], [ -1465743.735275032930076, 1454785.779638542793691 ], [ -1466522.971710585989058, 1455345.501138380263001 ], [ -1467346.735942456172779, 1456305.049344647442922 ], [ -1467669.562465756898746, 1456339.319522557314485 ], [ -1468092.576530771097168, 1455562.538969730958343 ], [ -1468426.535003151046112, 1455539.692804204532877 ], [ -1468994.264406196540222, 1457344.59646560321562 ], [ -1470307.834397557424381, 1458509.848363146185875 ], [ -1470920.091596920276061, 1460269.240923926001415 ], [ -1471498.952949045458809, 1460212.11607411573641 ], [ -1473291.196750817121938, 1460657.692956208018586 ], [ -1473781.002510307356715, 1461114.70216504833661 ], [ -1473591.759375958936289, 1461777.378614934161305 ], [ -1473335.724547134479508, 1461480.314840610604733 ], [ -1472812.522940405877307, 1461571.718746955739334 ], [ -1472701.203449612716213, 1461800.229803579626605 ], [ -1472367.2449772330001, 1461868.783480170648545 ], [ -1472344.981079074088484, 1462154.425586042227224 ], [ -1471921.967014059657231, 1462177.277079018997028 ], [ -1471832.911421425174922, 1462542.903475651051849 ], [ -1471064.806934951804578, 1462634.310812836978585 ], [ -1470062.931517812190577, 1463479.842681102454662 ], [ -1470419.153888350585476, 1464051.162306583253667 ], [ -1470163.119059526128694, 1464382.532979050884023 ], [ -1470363.494142954004928, 1464531.079713897779584 ], [ -1470163.119059526128694, 1465148.128355075372383 ], [ -1470408.021939271362498, 1465605.210111203370616 ], [ -1468894.076864482602105, 1465559.501602753298357 ], [ -1468526.722544864984229, 1466096.581249408423901 ], [ -1467858.805600105319172, 1466599.388475600397214 ], [ -1468048.048734453739598, 1466245.136997795663774 ], [ -1467914.46534550213255, 1465948.026282640639693 ], [ -1467302.20814613904804, 1465856.608230013865978 ], [ -1466968.249673759331927, 1466050.871945619117469 ], [ -1467046.173317314125597, 1466462.258343911729753 ], [ -1466856.930182965705171, 1466907.933707940392196 ], [ -1466522.971710585989058, 1466885.078389861620963 ], [ -1466077.693747413111851, 1467227.910104821901768 ], [ -1465599.019937001634389, 1466885.078389861620963 ], [ -1465075.818330273265019, 1466050.871945619117469 ], [ -1465688.075529636349529, 1465570.928722930839285 ], [ -1464463.56113091064617, 1465513.793168272823095 ], [ -1464263.186047482537106, 1466028.017321473220363 ], [ -1463840.171982468105853, 1466108.008586917771026 ], [ -1463261.310630343155935, 1465925.171741738682613 ], [ -1462994.143852439243346, 1465513.793168272823095 ], [ -1462259.435213203774765, 1466188.000078987563029 ], [ -1461981.136486220639199, 1466176.572709102416411 ], [ -1461090.580559874186292, 1465845.180994245223701 ], [ -1460122.100989972939715, 1465068.139808104140684 ], [ -1458363.253035438945517, 1464416.812925494275987 ], [ -1457895.711174107389525, 1463845.485911657335237 ], [ -1456582.141182746738195, 1463034.221384787699208 ], [ -1455713.849154559196904, 1463411.285101651446894 ], [ -1454912.348820847691968, 1464473.946261951699853 ], [ -1454867.821024530101568, 1464976.724603140493855 ], [ -1454389.147214119089767, 1465662.345850790850818 ], [ -1453888.209505549399182, 1465788.044884759932756 ], [ -1453298.216204344760627, 1466393.693527886178344 ], [ -1453008.785528282634914, 1467216.482313877902925 ], [ -1452596.903412347426638, 1467022.210576003417373 ], [ -1452107.09765285695903, 1466302.27403223933652 ], [ -1451149.75003203493543, 1466462.258343911729753 ], [ -1449902.971735150320455, 1466153.717983206966892 ], [ -1449602.409110008506104, 1466645.09866754617542 ], [ -1449624.673008166952059, 1467593.601859227987006 ], [ -1448823.172674455679953, 1467445.039012264693156 ], [ -1448444.686405758373439, 1467730.737489387392998 ], [ -1447487.338784936349839, 1467742.165488664992154 ], [ -1446919.609381890622899, 1468165.004717502743006 ], [ -1446385.275826083030552, 1468267.858461634488776 ], [ -1446073.581251861527562, 1468999.273687043460086 ], [ -1445906.602015671785921, 1469010.702200544299558 ], [ -1445316.608714467380196, 1468256.430249313125387 ], [ -1444982.650242087431252, 1468176.432892767479643 ], [ -1444381.52499180380255, 1468587.850287477485836 ], [ -1444003.038723106728867, 1468473.567075573839247 ], [ -1443357.385676505742595, 1467696.453519338276237 ], [ -1441798.912805399857461, 1469067.844837569165975 ], [ -1440730.245693784672767, 1468153.576546870404854 ], [ -1440374.023323246277869, 1468199.289257191121578 ], [ -1439194.036720837233588, 1468873.560344423633069 ], [ -1439873.085614676121622, 1467285.049128972925246 ], [ -1439650.446633089799434, 1466987.927466991124675 ], [ -1438659.703165029641241, 1466976.499773243209347 ], [ -1438014.050118428654969, 1466210.854832634562626 ], [ -1437591.036053413990885, 1466279.419204585254192 ], [ -1437758.015289604198188, 1465662.345850791316479 ], [ -1437290.473428272409365, 1464588.213281335774809 ], [ -1436622.556483512744308, 1464953.870848112273961 ], [ -1436054.827080467017367, 1465799.472097408724949 ], [ -1435821.056149801239371, 1465673.773012578953058 ], [ -1435531.625473738647997, 1465056.712891309522092 ], [ -1434763.520987265044823, 1464782.468274570768699 ], [ -1433661.458028411725536, 1464016.882803528336808 ], [ -1433405.423199587035924, 1462554.329376653535292 ], [ -1433115.992523524677381, 1462474.348166507901624 ], [ -1432603.922865875763819, 1462942.812755734426901 ], [ -1432347.888037051074207, 1462908.534595977049321 ], [ -1431702.234990450087935, 1462314.386424278607592 ], [ -1432125.249055464519188, 1461708.825159644242376 ], [ -1432036.193462830036879, 1461468.889373060315847 ], [ -1430900.734656738350168, 1461183.25418224115856 ], [ -1430477.720591723918915, 1460611.992440747329965 ], [ -1430255.081610137363896, 1460600.567323398776352 ], [ -1429397.921531029278412, 1461400.336664553033188 ], [ -1428963.775516935624182, 1461571.718746955972165 ], [ -1428563.025350079638883, 1461057.575610779691488 ], [ -1428017.559845192590728, 1459583.750323597341776 ], [ -1427127.003918846603483, 1459629.449181324336678 ], [ -1426303.239686976186931, 1459286.709543436998501 ], [ -1425980.413163675693795, 1459640.873907263623551 ], [ -1425991.545112755149603, 1459949.343247763579711 ], [ -1426403.427228690125048, 1460109.291634576860815 ], [ -1426971.156631735851988, 1460851.920969226630405 ], [ -1426859.837140942690894, 1461674.548494237707928 ], [ -1426314.371636055642739, 1461857.357855878537521 ], [ -1425757.774182089138776, 1461503.165789540158585 ], [ -1425357.024015233386308, 1461503.165789539692923 ], [ -1426125.128501706989482, 1462542.903475651051849 ], [ -1426158.524348945124075, 1463068.499696822836995 ], [ -1425880.225621961755678, 1463297.022838502191007 ], [ -1424588.919528759783134, 1463251.3180624791421 ], [ -1424477.60003796685487, 1463319.875254206592217 ], [ -1424800.426561267115176, 1463971.176864106673747 ], [ -1424522.127834283746779, 1464108.294904036214575 ], [ -1423497.988518985686824, 1463754.074660800397396 ], [ -1422596.30064356024377, 1463982.603342035785317 ], [ -1421972.911495117703453, 1463902.618093506898731 ], [ -1422173.286578545812517, 1464736.761097211623564 ], [ -1422028.57124051451683, 1465822.326536578824744 ], [ -1420959.904128899099305, 1466119.435929052531719 ], [ -1420525.758114805445075, 1465708.054525684565306 ], [ -1420180.667693346273154, 1465902.317219333024696 ], [ -1420637.077605598606169, 1467113.632403675233945 ], [ -1420570.285911122802645, 1467947.870267510646954 ], [ -1420258.591336901532486, 1468370.712580982362852 ], [ -1420013.688457156298682, 1468427.853920538676903 ], [ -1419334.639563317410648, 1467902.15796476835385 ], [ -1419245.583970682695508, 1468622.13534139841795 ], [ -1419034.076938175596297, 1468793.561236540786922 ], [ -1418677.854567636968568, 1468770.704390282509848 ], [ -1418032.201521036215127, 1468439.282202347647399 ], [ -1417442.208219831576571, 1468370.712580982362852 ], [ -1416963.534409420564771, 1467856.445736121851951 ], [ -1416418.068904533516616, 1468005.01075014215894 ], [ -1415538.644927266752347, 1468599.278634151443839 ], [ -1415516.381029108073562, 1468987.845178177813068 ], [ -1415917.131195964058861, 1469307.84517848584801 ], [ -1415872.603399646468461, 1470096.432123303646222 ], [ -1415482.9851818701718, 1470279.296017826301977 ], [ -1413913.380361684830859, 1470290.725050664041191 ], [ -1413657.345532860374078, 1470450.731997524155304 ], [ -1413412.442653115140274, 1471490.799322836333886 ], [ -1412154.532407151302323, 1471856.546419661026448 ], [ -1412310.379694261820987, 1473228.140400086529553 ], [ -1411464.351564233191311, 1474028.267800512956455 ], [ -1410930.018008425133303, 1474039.698357052868232 ], [ -1410729.642924997257069, 1474279.74111901409924 ], [ -1410673.983179600676522, 1474839.848876738222316 ], [ -1410863.226313949096948, 1475388.536699505988508 ], [ -1410061.725980237592012, 1475251.3637382122688 ], [ -1410083.989878396270797, 1475502.848012778908014 ], [ -1410384.552503538317978, 1475434.261168936733156 ], [ -1410473.608096172800288, 1475571.435024262405932 ], [ -1410217.573267348343506, 1475982.960614116862416 ], [ -1411030.20555013907142, 1476497.376091479556635 ], [ -1410707.379026838578284, 1477320.46048499760218 ], [ -1410529.267841569380835, 1477343.324285358656198 ], [ -1410807.566568552749231, 1477709.147627981845289 ], [ -1410551.53173972829245, 1478052.111349352169782 ], [ -1410863.226313949096948, 1478120.704597449861467 ], [ -1410774.170721314614639, 1479103.892947907792404 ], [ -1410952.281906584044918, 1479629.798564366530627 ], [ -1409883.614794968394563, 1479481.172062367899343 ], [ -1409070.982512177433819, 1479721.261419465998188 ], [ -1408915.135225066915154, 1480235.74555010930635 ], [ -1408636.836498083779588, 1480464.408200786216184 ], [ -1407991.183451482793316, 1480007.084768520668149 ], [ -1407746.280571737792343, 1480270.044828549027443 ], [ -1407078.363626978127286, 1480441.541851600399241 ], [ -1406532.8981220908463, 1481093.24013014882803 ], [ -1406532.8981220908463, 1481722.086203249171376 ], [ -1405954.036769965663552, 1482133.702203746186569 ], [ -1405441.96711231674999, 1481859.290863064583391 ], [ -1403104.257805658038706, 1481573.448581913951784 ], [ -1403248.973143689334393, 1481893.592133275000378 ], [ -1402358.417217343114316, 1481985.062393019674346 ], [ -1402024.458744963165373, 1482282.342805246822536 ], [ -1402124.64628667710349, 1482751.137575349304825 ], [ -1401812.951712456298992, 1483723.054242880782112 ], [ -1400855.60409163380973, 1483425.758493833476678 ], [ -1400510.51367017487064, 1482430.984197605401278 ], [ -1400076.367656080983579, 1482808.308207551715896 ], [ -1399130.151984338182956, 1482831.176493202103302 ], [ -1398406.575294181937352, 1481573.448581914184615 ], [ -1398083.748770881444216, 1481527.714088225504383 ], [ -1397627.338858629111201, 1480944.605852459324524 ], [ -1396814.706575838150457, 1480693.07272085826844 ], [ -1395634.719973429571837, 1481310.476265106350183 ], [ -1395066.990570383844897, 1480830.272330339998007 ], [ -1394176.434644037624821, 1481367.643949612509459 ], [ -1393786.81642626109533, 1480841.705661515006796 ], [ -1393374.934310325654224, 1480876.005683089373633 ], [ -1393441.726004801923409, 1481058.939842089312151 ], [ -1393163.427277818787843, 1481630.616804262856022 ], [ -1392662.489569249097258, 1482042.231457414105535 ], [ -1392295.135249631246552, 1481939.327225719578564 ], [ -1391627.218304871581495, 1482305.210660285316408 ], [ -1390469.49560062168166, 1481973.628594176378101 ], [ -1390079.877382844919339, 1482248.041057785972953 ], [ -1389957.425942972302437, 1482568.192338723922148 ], [ -1390079.877382844686508, 1482899.78146251058206 ], [ -1389656.863317830720916, 1483036.991906761890277 ], [ -1389590.071623354684561, 1483311.414818036835641 ], [ -1389233.849252816056833, 1483471.496095288312063 ], [ -1388488.008664501365274, 1486375.987357962643728 ], [ -1387831.223668821156025, 1486547.521895411424339 ], [ -1387719.904178027994931, 1486902.029953151475638 ], [ -1386951.799691553693265, 1487153.619053978007287 ], [ -1387085.383080505998805, 1488308.670920368051156 ], [ -1386640.105117333121598, 1488308.670920368051156 ], [ -1386528.785626539494842, 1488823.313426746055484 ], [ -1385927.66037625586614, 1489109.230044106021523 ], [ -1385860.868681780062616, 1489463.770731667988002 ], [ -1385493.514362161979079, 1489486.644479631446302 ], [ -1385270.875380575656891, 1489841.189979353919625 ], [ -1384825.597417402546853, 1489909.812211219454184 ], [ -1384580.694537657545879, 1490344.423613795777783 ], [ -1382844.110481282230467, 1490813.35406579496339 ], [ -1382554.679805219871923, 1491179.354064306244254 ], [ -1382298.644976395415142, 1492128.689040805213153 ], [ -1382042.610147570958361, 1492288.821031510364264 ], [ -1381140.922272145282477, 1492002.871696144109592 ], [ -1380651.116512654582039, 1492037.185460862470791 ], [ -1377712.281955712474883, 1493226.755532834678888 ], [ -1376231.732728161849082, 1492346.011252076597884 ], [ -1375396.836547212209553, 1491579.672084889840335 ], [ -1374706.65570429386571, 1491305.167677583172917 ], [ -1373526.669101885287091, 1489463.770731667988002 ], [ -1373036.863342394819483, 1489303.655022748047486 ], [ -1371968.196230779401958, 1489658.198189138434827 ], [ -1371812.348943669116125, 1489978.434612481156364 ], [ -1371823.480892748106271, 1491556.796613977523521 ], [ -1371155.563947988674045, 1492060.061327571514994 ], [ -1370465.383105070330203, 1493226.755532834213227 ], [ -1370354.063614276936278, 1494919.693217675900087 ], [ -1370064.632938214344904, 1496063.628581858705729 ], [ -1368817.85464132972993, 1496017.87026010453701 ], [ -1368261.257187363225967, 1495686.12468867842108 ], [ -1366112.791015053167939, 1495857.716729438165203 ], [ -1364253.755518805701286, 1495354.383090975927189 ], [ -1363708.2900139184203, 1495880.595748538384214 ], [ -1362628.490953224012628, 1495972.112013967707753 ], [ -1361504.164096211781725, 1496612.734342016745359 ], [ -1360435.4969845963642, 1498431.72500473074615 ], [ -1360557.948424468748271, 1498855.029300936264917 ], [ -1361081.150031197350472, 1499118.167671515140682 ], [ -1361070.018082117894664, 1499381.308547769673169 ], [ -1361415.108503577066585, 1499587.246633828151971 ], [ -1361682.275281480979174, 1500262.276679971488193 ], [ -1364754.693227375624701, 1504873.516852566739544 ], [ -1364699.033481978578493, 1506349.734479679027572 ], [ -1364977.33220896194689, 1506944.821350788930431 ], [ -1364331.679162360960618, 1508100.699965634150431 ], [ -1363674.894166680518538, 1508329.592586965998635 ], [ -1363507.914930490544066, 1509817.441126177785918 ], [ -1363329.803745221346617, 1510137.911366307875142 ], [ -1363329.803745221346617, 1511042.115438212174922 ], [ -1363552.442726808134466, 1511854.779978153062984 ], [ -1363162.824509031604975, 1511969.241708022542298 ], [ -1362639.622902303235605, 1512449.986193920485675 ], [ -1361927.178161226212978, 1512243.951810109429061 ], [ -1360980.962489483179525, 1511499.951652969466522 ], [ -1360569.080373548669741, 1511660.196134326746687 ], [ -1359110.795044156257063, 1510824.645913901738822 ], [ -1358086.655728858197108, 1510481.276491279713809 ], [ -1357697.037511081900448, 1509977.675778444157913 ], [ -1353789.723384238081053, 1507734.475737591506913 ], [ -1352854.639661574503407, 1507562.809810732956976 ], [ -1351930.687887990148738, 1507105.039247212233022 ], [ -1351518.805772055173293, 1505754.660482709063217 ], [ -1350750.701285581570119, 1504873.516852566273883 ], [ -1349515.054937775945291, 1504553.107979517197236 ], [ -1349281.284007110167295, 1504198.373932814691216 ], [ -1348301.67248812969774, 1503649.117324995109811 ], [ -1347500.172154417727143, 1502653.617626403691247 ], [ -1346821.123260578839108, 1502687.944603745592758 ], [ -1345874.907588836038485, 1502287.46586043573916 ], [ -1344483.413953920360655, 1502207.370809690328315 ], [ -1343826.628958240151405, 1502001.41317583899945 ], [ -1343359.087096908129752, 1501475.083986608311534 ], [ -1342524.190915958490223, 1501234.806607850594446 ], [ -1341778.350327643798664, 1500616.960096376016736 ], [ -1340097.426016665296629, 1501417.874897133326158 ], [ -1339128.946446763817221, 1502230.255086167249829 ], [ -1338839.515770701225847, 1502173.044430578360334 ], [ -1339062.154752287780866, 1501452.200336584588513 ], [ -1338928.571363335708156, 1501040.297881119418889 ], [ -1339251.397886636201292, 1499953.362577539170161 ], [ -1338806.119923463324085, 1498877.910798920784146 ], [ -1339117.814497684361413, 1497642.337007415248081 ], [ -1339585.356359016150236, 1497241.931418236577883 ], [ -1339173.47424308094196, 1496521.215958937769756 ], [ -1339151.210344922496006, 1495617.488170056371018 ], [ -1337537.077728419797495, 1495297.18666534149088 ], [ -1337180.855357881635427, 1495560.291201136540622 ], [ -1336223.507737059611827, 1496967.370934787439182 ], [ -1335088.048930967925116, 1496967.370934787904844 ], [ -1334642.770967794815078, 1497470.733902405714616 ], [ -1334152.96520830411464, 1497516.49462631996721 ], [ -1333240.145383799448609, 1498569.01217434136197 ], [ -1332683.547929833177477, 1498809.266361796064302 ], [ -1331637.144716376671568, 1499919.039001669036224 ], [ -1331425.637683869106695, 1500685.609025844139978 ], [ -1330724.324891871772707, 1501555.176911149639636 ], [ -1329922.82455816003494, 1501703.921530712628737 ], [ -1328865.289395624073222, 1501372.107710951939225 ], [ -1327941.337622039951384, 1501726.805389517219737 ], [ -1327507.191607945831493, 1502253.139381633372977 ], [ -1326316.073056458029896, 1502321.792381965089589 ], [ -1325113.822555890539661, 1502676.502273216377944 ], [ -1324045.155444275354967, 1503454.591568754054606 ], [ -1322809.509096469730139, 1503809.316037779208273 ], [ -1321362.35571615723893, 1503340.165294759208336 ], [ -1320683.306822318350896, 1501921.31895577465184 ], [ -1320059.91767387627624, 1501177.598016506060958 ], [ -1318334.465566580416635, 1500067.774805174907669 ], [ -1317466.173538392875344, 1497951.225279351696372 ], [ -1316931.839982585050166, 1497928.34454830782488 ], [ -1316430.90227401512675, 1497482.174076287774369 ], [ -1316275.054986904608086, 1496372.499231772962958 ], [ -1316820.520491791889071, 1495537.412446641130373 ], [ -1316809.388542712666094, 1495274.308128153905272 ], [ -1313547.727462469600141, 1495308.625941021135077 ], [ -1313202.637041010195389, 1495594.609368314966559 ], [ -1312968.866110344650224, 1497287.691763691371307 ], [ -1312423.400605457369238, 1498111.39092673221603 ], [ -1311577.372475428506732, 1498591.89343556156382 ], [ -1310085.691298798657954, 1498591.89343556156382 ], [ -1309818.524520894745365, 1498889.351555016357452 ], [ -1309061.551983500597998, 1501875.550934439525008 ], [ -1308115.336311757797375, 1502871.022538067540154 ], [ -1307725.718093981267884, 1503889.415743474848568 ], [ -1307269.308181728934869, 1504186.930975117720664 ], [ -1307625.530552267329767, 1505354.137153932126239 ], [ -1307425.155468839453533, 1506567.168574292212725 ], [ -1306367.620306303491816, 1507322.479314372409135 ], [ -1305388.0087873225566, 1507528.476754028350115 ], [ -1302849.924397235736251, 1507345.367842543870211 ], [ -1302404.646434062859043, 1507116.48341839783825 ], [ -1301770.125336541095749, 1506578.612521625356749 ], [ -1301313.715424288762733, 1505846.209490653127432 ], [ -1301258.055678892182186, 1504427.234085110248998 ], [ -1300055.805178324691951, 1504575.994203950278461 ], [ -1298864.686626836657524, 1504324.246781242080033 ], [ -1296059.435458846157417, 1505148.155997264897451 ], [ -1294089.080471805529669, 1505068.052630372811109 ], [ -1293621.538610473508015, 1504495.892501646419987 ], [ -1293721.726152187446132, 1503145.641719287494197 ], [ -1294066.816573646618053, 1502539.194677251623943 ], [ -1295057.560041706776246, 1501543.735050551360473 ], [ -1292797.774378603324294, 1501154.71461317432113 ], [ -1291139.113965783501044, 1501852.666952248197049 ], [ -1290537.988715499872342, 1501749.689267302630469 ], [ -1290226.294141278602183, 1501166.156312468694523 ], [ -1290281.953886675415561, 1498157.152710660593584 ], [ -1290092.710752326995134, 1497573.695637664757669 ], [ -1289524.981349281035364, 1496978.810900540556759 ], [ -1289380.266011249739677, 1496566.975112653337419 ], [ -1289669.69668731209822, 1495285.747394386213273 ], [ -1288500.842033982975408, 1494976.888863991945982 ], [ -1288100.09186712722294, 1494633.716756897047162 ], [ -1287554.626362240174785, 1493661.418859328143299 ], [ -1286920.105264718644321, 1493146.686715629417449 ], [ -1285929.361796658253297, 1493261.070810957811773 ], [ -1284972.014175835996866, 1492975.111456949962303 ], [ -1284415.416721869958565, 1492437.51585009531118 ], [ -1284226.173587521305308, 1491991.433783996617422 ], [ -1284471.076467266539112, 1491099.291152574587613 ], [ -1283558.256642761640251, 1490035.62007627193816 ], [ -1282467.325632987543941, 1489589.576578319538385 ], [ -1282255.818600480444729, 1489337.965454192366451 ], [ -1282278.082498638890684, 1488640.328333852114156 ], [ -1284292.965281997341663, 1485987.179649211931974 ], [ -1284459.944518187083304, 1483928.876231861300766 ], [ -1284192.777740283170715, 1483048.426140882773325 ], [ -1283680.708082634024322, 1482579.62638090713881 ], [ -1282667.700716415420175, 1482693.967060178052634 ], [ -1280597.158187660621479, 1482442.418183623114601 ], [ -1279951.505141059402376, 1482213.739352440461516 ], [ -1279684.338363155722618, 1481744.953599772881716 ], [ -1279639.810566838365048, 1480372.9429162053857 ], [ -1280040.560733694117516, 1479424.008233299711719 ], [ -1280652.817933057434857, 1478715.186450862558559 ], [ -1281031.304201754275709, 1478612.294457824667916 ], [ -1281231.679285182151943, 1478235.027050861390308 ], [ -1281743.748942831065506, 1477869.19684216985479 ], [ -1281788.276739148655906, 1477446.211617802036926 ], [ -1281521.109961244743317, 1476760.303201652131975 ], [ -1280274.331664359895512, 1476543.102368326624855 ], [ -1279962.637090139091015, 1476280.177294644759968 ], [ -1279372.643788934452459, 1474656.955319122411311 ], [ -1279294.720145379425958, 1473582.479723430238664 ], [ -1278303.976677319034934, 1473205.279952011071146 ], [ -1277702.851427035639063, 1472725.214837595121935 ], [ -1277090.594227672554553, 1471205.062711769714952 ], [ -1276233.434148564236239, 1471067.910169064532965 ], [ -1273906.856790984747931, 1471182.203908231342211 ], [ -1273417.051031494280323, 1471045.051476933527738 ], [ -1272726.870188576169312, 1470473.590207021916285 ], [ -1272593.286799624329433, 1470153.576962777180597 ], [ -1271836.314262229949236, 1469742.136706651421264 ], [ -1271413.300197215517983, 1469067.844837569398805 ], [ -1271491.223840770777315, 1468085.007620346033946 ], [ -1272559.89095238619484, 1466759.37447129515931 ], [ -1272559.89095238619484, 1466267.991797696333379 ], [ -1271814.05036407103762, 1465788.044884759932756 ], [ -1270778.779099693521857, 1464325.399827362736687 ], [ -1270099.730205854866654, 1464211.133870405144989 ], [ -1269910.487071506213397, 1463994.029824581695721 ], [ -1269865.959275189088657, 1463068.499696822836995 ], [ -1270333.50113652064465, 1462108.722655428340659 ], [ -1269298.229872143361717, 1461948.762979313964024 ], [ -1268685.972672780277207, 1461651.697407016763464 ], [ -1268196.1669132898096, 1461023.299733513966203 ], [ -1268240.694709606934339, 1460097.866719874320552 ], [ -1269554.264700967818499, 1459560.900922352448106 ], [ -1270166.521900330903009, 1459812.245348760625347 ], [ -1270366.896983758546412, 1459640.873907263623551 ], [ -1270455.952576393028721, 1459252.435807464644313 ], [ -1270311.237238362198696, 1458909.700725504662842 ], [ -1269353.889617539942265, 1457847.248280699597672 ], [ -1269365.021566619165242, 1457401.715541927609593 ], [ -1269776.903682554373518, 1456910.495239683659747 ], [ -1269865.959275189321488, 1456464.977195157203823 ], [ -1269576.528599126264453, 1456979.037097434746101 ], [ -1269164.646483191289008, 1457036.155438568675891 ], [ -1268518.993436590302736, 1456830.529947999166325 ], [ -1267717.493102878797799, 1456030.889409074094146 ], [ -1267227.687343388330191, 1456202.239058879204094 ], [ -1266938.256667325738817, 1457150.392465423094109 ], [ -1267283.347088784910738, 1458875.427445061970502 ], [ -1266971.65251456387341, 1459229.586673158919439 ], [ -1264878.84608765039593, 1458909.700725504662842 ], [ -1264066.213804859202355, 1458052.881133718881756 ], [ -1263643.199739845003933, 1457207.511151152430102 ], [ -1263687.727536162361503, 1455231.271366208558902 ], [ -1262652.45627178484574, 1453346.546340815722942 ], [ -1262852.831355212721974, 1452478.472543860087171 ], [ -1263175.65787851344794, 1452033.02389135863632 ], [ -1264533.755666191224009, 1451610.425195593386889 ], [ -1266693.353787580505013, 1451302.046317446511239 ], [ -1267428.062426816439256, 1450902.300883725751191 ], [ -1267884.472339068539441, 1451016.513292996911332 ], [ -1268029.187677099835128, 1451701.797355669550598 ], [ -1268518.993436590302736, 1451370.574668776011094 ], [ -1268763.89631633553654, 1450285.561776143731549 ], [ -1268663.708774621598423, 1449874.409777589142323 ], [ -1267261.083190626464784, 1449451.843062355881557 ], [ -1267238.819292467785999, 1448549.626953847240657 ], [ -1268685.972672780277207, 1447167.806888550752774 ], [ -1269008.799196080304682, 1445843.149524930864573 ], [ -1268997.667247001314536, 1445374.966332581127062 ], [ -1268507.861487511312589, 1445009.560381060931832 ], [ -1268129.375218813773245, 1444358.692580137401819 ], [ -1268006.923778941389173, 1443685.002888470655307 ], [ -1268385.410047638462856, 1443022.747102551627904 ], [ -1269676.71614084020257, 1442223.493249129038304 ], [ -1269008.799196080537513, 1441755.369191246572882 ], [ -1268797.292163573438302, 1441367.174545417539775 ], [ -1268886.347756208386272, 1440054.202145273098722 ], [ -1267906.736237227218226, 1440156.954341993434355 ], [ -1267361.270732340170071, 1440659.303706218954176 ], [ -1266604.298194945789874, 1440442.379039230756462 ], [ -1266671.089889422059059, 1439882.949300765991211 ], [ -1267261.083190626464784, 1438478.714466926874593 ], [ -1266593.166245866799727, 1437542.596006603445858 ], [ -1266492.97870415286161, 1437017.46971671609208 ], [ -1266682.221838501282036, 1436264.04437965922989 ], [ -1266582.03429678757675, 1435088.283607489662245 ], [ -1266693.353787580505013, 1434608.860943631734699 ], [ -1267450.32632497488521, 1433981.057604366447777 ], [ -1268329.750302241649479, 1433912.570794053841382 ], [ -1268218.430811448721215, 1433707.111338673392311 ], [ -1267294.479037864366546, 1433387.510649592382833 ], [ -1266136.756333614233881, 1431652.597221857635304 ], [ -1266159.020231772912666, 1431253.125338006997481 ], [ -1266793.54132929444313, 1430488.437418865039945 ], [ -1266292.603620724985376, 1430123.220474900212139 ], [ -1265190.540661871433258, 1430146.046398768434301 ], [ -1264878.84608765039593, 1429792.246603160863742 ], [ -1264578.283462508348748, 1428856.409937671152875 ], [ -1264990.165578443557024, 1428628.161682871636003 ], [ -1265958.645148345036432, 1428628.161682871636003 ], [ -1267149.763699833070859, 1428365.678414526861161 ], [ -1268318.618353162426502, 1428582.512247867649421 ], [ -1269888.223173347534612, 1428468.388975262176245 ], [ -1270856.70274324901402, 1428593.924599870573729 ], [ -1271346.508502739481628, 1428456.976672743214294 ], [ -1271357.640451818937436, 1426745.182216592831537 ], [ -1271190.661215628730133, 1425912.145489748567343 ], [ -1271290.848757342901081, 1425113.365620375145227 ], [ -1271680.466975119430572, 1424782.448973586782813 ], [ -1272237.064429085701704, 1424713.983931516064331 ], [ -1272749.134086734615266, 1425638.275628279196098 ], [ -1272849.321628448786214, 1425581.219732598168775 ], [ -1272682.342392258811742, 1424371.661143294069916 ], [ -1272838.189679369563237, 1423344.716991279041395 ], [ -1273806.669249270809814, 1422797.028286863584071 ], [ -1274018.176281778141856, 1422352.038813865743577 ], [ -1273561.76636952557601, 1421370.804041005438194 ], [ -1272459.703410672256723, 1421188.252386366948485 ], [ -1271602.543331563938409, 1421530.537678459426388 ], [ -1271212.925113787641749, 1421462.080297869397327 ], [ -1270133.126053092768416, 1419910.422864117193967 ], [ -1269988.410715061472729, 1418472.931666489224881 ], [ -1269420.681312015745789, 1418119.274065285688266 ], [ -1269454.077159254113212, 1416967.064532498130575 ], [ -1269977.278765982482582, 1416225.567608924815431 ], [ -1271101.605622994247824, 1415735.049225308466703 ], [ -1271168.397317470284179, 1415084.839879947016016 ], [ -1271045.945877597667277, 1414628.561260158428922 ], [ -1270378.02893283800222, 1414366.204279354307801 ], [ -1269365.021566619165242, 1413579.147462691646069 ], [ -1269008.799196080770344, 1412883.361248611938208 ], [ -1269621.056395443854854, 1411001.399443546542898 ], [ -1270878.966641407925636, 1409895.090445921057835 ], [ -1271569.147484326036647, 1409860.875369315501302 ], [ -1272771.397984893294051, 1410214.433086293749511 ], [ -1273238.939846224850044, 1410066.166427836287767 ], [ -1273261.20374438399449, 1409359.058832005597651 ], [ -1273828.933147429488599, 1408161.576776251196861 ], [ -1273528.370522287674248, 1407808.043796004261822 ], [ -1272927.245272004045546, 1408469.496066610794514 ], [ -1272070.085192895494401, 1408423.878190143499523 ], [ -1271602.543331563938409, 1407773.831152849365026 ], [ -1271569.147484326269478, 1405937.81108149071224 ], [ -1270511.612321789842099, 1405607.11158110643737 ], [ -1270244.44554388592951, 1405721.145471473690122 ], [ -1270277.841391124064103, 1406861.508702953113243 ], [ -1269899.35512242699042, 1407568.556130957324058 ], [ -1269275.965973984450102, 1407705.405986120225862 ], [ -1268685.972672780510038, 1407180.818337354809046 ], [ -1267661.833357482217252, 1407340.474456034135073 ], [ -1267238.819292467785999, 1407180.818337354343385 ], [ -1267160.895648912526667, 1406530.798811040818691 ], [ -1267394.666579578304663, 1405812.372902157017961 ], [ -1267661.833357482217252, 1405584.304856094531715 ], [ -1266548.638449549209327, 1405367.641850555082783 ], [ -1266270.33972256607376, 1404888.708237962797284 ], [ -1266292.603620724985376, 1403337.929064470343292 ], [ -1266637.694042183924466, 1401924.054505485808477 ], [ -1265958.645148345036432, 1401091.724580310750753 ], [ -1266036.568791900295764, 1401969.662303583696485 ], [ -1266236.943875328171998, 1402209.104401159333065 ], [ -1265479.971337934024632, 1403896.656264744466171 ], [ -1264700.734902381431311, 1404010.683526553213596 ], [ -1263999.422110383398831, 1403543.174559325445443 ], [ -1263543.012198130832985, 1402026.672150421421975 ], [ -1263531.880249051610008, 1401194.339329081354663 ], [ -1263554.144147210288793, 1401068.92135127983056 ], [ -1263966.026263145497069, 1401331.159549388568848 ], [ -1264355.64448092202656, 1400578.656189923640341 ], [ -1263665.463638003449887, 1400316.42467967630364 ], [ -1263431.692707337671891, 1399940.183538508601487 ], [ -1263409.428809178993106, 1399016.702880326192826 ], [ -1263253.581522068241611, 1398754.485240262933075 ], [ -1263687.727536162361503, 1398458.068101324606687 ], [ -1264177.533295652363449, 1398572.074341363739222 ], [ -1264244.324990128865466, 1398047.649278282886371 ], [ -1264734.130749619100243, 1397386.430936155840755 ], [ -1265836.193708472652361, 1397329.430047133006155 ], [ -1265624.686675965320319, 1397033.02719489345327 ], [ -1265646.950574123766273, 1396257.833773608319461 ], [ -1265413.179643457988277, 1395767.648412217386067 ], [ -1264889.978036729618907, 1395323.068706867517903 ], [ -1265112.617018315941095, 1393681.601430635899305 ], [ -1265357.519898061174899, 1393442.228380407905206 ], [ -1265825.061759393196553, 1393487.823098151944578 ], [ -1265992.040995582938194, 1393214.255843084072694 ], [ -1266515.242602311307564, 1393111.668772930977866 ], [ -1266526.374551390763372, 1393316.84326803823933 ], [ -1266971.65251456387341, 1393396.633732759859413 ], [ -1268797.292163573438302, 1393373.836435221135616 ], [ -1269287.09792306390591, 1393601.810199201107025 ], [ -1269687.848089919891208, 1394148.954384039854631 ], [ -1269632.188344523077831, 1394308.540006821509451 ], [ -1270378.02893283800222, 1394787.302031078143045 ], [ -1270634.063761662691832, 1395266.071791397873312 ], [ -1271112.73757207323797, 1395516.859039921313524 ], [ -1272292.724174482282251, 1395722.050186542561278 ], [ -1272738.002137655159459, 1395995.640593954827636 ], [ -1273951.384587302105501, 1395836.045882395235822 ], [ -1275053.447546155657619, 1396235.034274489386007 ], [ -1276177.774403167422861, 1396189.435328935738653 ], [ -1277213.045667545171455, 1396964.626958439592272 ], [ -1279906.977344742044806, 1396805.027021692367271 ], [ -1284014.666555013973266, 1396223.634531516116112 ], [ -1284693.715448853094131, 1396292.033055215841159 ], [ -1290081.578803247539327, 1395744.849290602607653 ], [ -1291306.093201973475516, 1394855.697237421525642 ], [ -1292263.440822795731947, 1394981.088859125040472 ], [ -1293120.60090190381743, 1394525.121869262307882 ], [ -1293621.538610473275185, 1394593.516470448346809 ], [ -1294222.663860757602379, 1395231.873694761190563 ], [ -1294645.677925772033632, 1395288.870544423814863 ], [ -1296538.109269257402048, 1394661.911229489371181 ], [ -1296794.144098081858829, 1394764.5036640483886 ], [ -1297673.568075348623097, 1394582.117359288735315 ], [ -1298886.950524995336309, 1394160.353328602621332 ], [ -1299343.360437247902155, 1393636.006414954317734 ], [ -1300178.256618197541684, 1393248.451611978467554 ], [ -1301224.659831654047593, 1392028.826886080903932 ], [ -1302015.028216286096722, 1391527.31350215524435 ], [ -1302560.493721173377708, 1391390.538594733225182 ], [ -1303874.063712534029037, 1391584.303232832578942 ], [ -1304308.209726627683267, 1391401.936479626456276 ], [ -1305421.404634560691193, 1390239.37474536895752 ], [ -1307525.34301055339165, 1390091.208380235591903 ], [ -1307981.752922805957496, 1390239.37474536895752 ], [ -1308994.760289024561644, 1389703.69983963156119 ], [ -1309785.128673656843603, 1389658.110931598115712 ], [ -1310675.684600002830848, 1390752.264020792208612 ], [ -1312289.817216505529359, 1391003.013110755477101 ], [ -1312846.414670472033322, 1390911.831378635950387 ], [ -1312991.130008503096178, 1391424.732262535020709 ], [ -1313659.046953262994066, 1391937.642004364868626 ], [ -1314104.324916436104104, 1391812.263249294133857 ], [ -1314660.922370402142406, 1391219.570846217917278 ], [ -1314950.353046464500949, 1391561.507327437167987 ], [ -1316497.693968491163105, 1391550.109381302492693 ], [ -1316909.576084426371381, 1391743.875060594873503 ], [ -1317299.194302203133702, 1391379.140714213950559 ], [ -1317666.548621820751578, 1391401.936479625990614 ], [ -1318412.389210135443136, 1390866.240617519710213 ], [ -1318768.611580674070865, 1390923.229079846991226 ], [ -1318946.722765943268314, 1391447.528062941040844 ], [ -1319570.11191438534297, 1391789.467168892268091 ], [ -1320405.008095334982499, 1392678.527276562526822 ], [ -1320583.119280604412779, 1393408.032388100633398 ], [ -1321774.237832092680037, 1393522.019182462478057 ], [ -1323577.613582943566144, 1394354.136056861607358 ], [ -1324000.627647957997397, 1395163.477619937621057 ], [ -1324490.433407448232174, 1396896.226880127098411 ], [ -1324646.280694558983669, 1396896.226880126399919 ], [ -1327206.628982804017141, 1395072.283099163789302 ], [ -1328776.233802989358082, 1394285.742008105386049 ], [ -1331548.089123741723597, 1392461.958899453980848 ], [ -1332750.339624309213832, 1392040.225015988107771 ], [ -1333440.520467227557674, 1392313.781446757493541 ], [ -1334742.958509508753195, 1391869.253526871791109 ], [ -1335845.021468362305313, 1391880.651595513802022 ], [ -1336935.952478136401623, 1391618.49712373665534 ], [ -1337481.417983023216948, 1391823.661296058213338 ], [ -1337893.300098958425224, 1392530.348742533009499 ], [ -1339184.606192160164937, 1393077.473161719972268 ], [ -1340275.537201934261248, 1394433.929313219850883 ], [ -1341800.614225802244619, 1394490.924627862405032 ], [ -1342635.510406751884148, 1395129.279641747940332 ], [ -1343370.219045987352729, 1394513.722784411394969 ], [ -1344294.170819571707398, 1394570.718252513557673 ], [ -1345006.615560648730025, 1394126.156508064595982 ], [ -1345707.928352646296844, 1394148.954384039854631 ], [ -1346954.706649530911818, 1393408.032388100633398 ], [ -1348323.936386288143694, 1393123.067318761488423 ], [ -1348813.742145778611302, 1392769.714434521505609 ], [ -1349559.582734093535691, 1391025.808587513398379 ], [ -1350182.971882535610348, 1390444.529393354663625 ], [ -1350461.270609518978745, 1389920.248107356484979 ], [ -1352387.097800242714584, 1389452.961710353847593 ], [ -1352843.507712495047599, 1388643.775801960611716 ], [ -1355292.536509946919978, 1387447.13274490647018 ], [ -1355626.494982326868922, 1386729.169991918606684 ], [ -1356272.148028927855194, 1386649.397420729976147 ], [ -1356873.273279211483896, 1386808.942776678595692 ] ] ] ] } },
{ "type": "Feature", "properties": { "GID_1": "SEN.7_1", "GID_0": "SEN", "COUNTRY": "Senegal", "NAME_1": "Kolda", "VARNAME_1": "NA", "NL_NAME_1": "NA", "TYPE_1": "Région", "ENGTYPE_1": "Region", "CC_1": "10", "HASC_1": "SN.KD", "ISO_1": "SN-KD", "area_ha": 1380479.1950321365, "carbon_mean": 13.39, "carbon_min": 6.91, "carbon_max": 97.85, "carbon_median": 12.34, "carbon_std": 4.58, "carbon_pixel_count": 2504957 }, "geometry": { "type": "MultiPolygon", "coordinates": [ [ [ [ -1656356.099360355641693, 1423093.691720403730869 ], [ -1667076.166323747718707, 1423378.947878068778664 ], [ -1674022.502549248049036, 1423789.721665683668107 ], [ -1683217.492488772375509, 1423801.132131593534723 ], [ -1685221.24332305137068, 1425101.954638706985861 ], [ -1685621.993489906890318, 1425889.322902525309473 ], [ -1685900.292216890258715, 1427806.482863667421043 ], [ -1686423.493823618628085, 1429027.597309909993783 ], [ -1687046.882972060702741, 1429906.375096638686955 ], [ -1684954.076545147225261, 1433558.724864205345511 ], [ -1685032.000188702717423, 1435065.453776029869914 ], [ -1683929.937229849398136, 1435796.017353090690449 ], [ -1683762.957993659190834, 1437143.042523134499788 ], [ -1682861.27011823374778, 1438022.067510010208935 ], [ -1682605.235289409290999, 1438524.379561390494928 ], [ -1682449.388002298772335, 1439334.94705717288889 ], [ -1682660.895034806104377, 1446219.985462903510779 ], [ -1682226.749020712217316, 1448047.139199153054506 ], [ -1686601.605008887825534, 1453015.304533426417038 ], [ -1687024.619073902256787, 1453232.324592681368813 ], [ -1687369.709495361428708, 1453849.127476527821273 ], [ -1687692.536018661921844, 1455276.963220015401021 ], [ -1688282.529319866327569, 1456133.699074991047382 ], [ -1688360.452963421586901, 1456933.34250722383149 ], [ -1687147.070513775106519, 1459206.737557260552421 ], [ -1687224.994157330133021, 1460486.31640325859189 ], [ -1687547.820680630626157, 1461411.762104447698221 ], [ -1690531.183033890556544, 1463434.137609671335667 ], [ -1691265.891673126025125, 1463491.268960500368848 ], [ -1694828.115378510672599, 1465422.376521215075627 ], [ -1697132.428837931482121, 1468953.559679388534278 ], [ -1697332.803921359591186, 1474977.019826895091683 ], [ -1697755.817986374022439, 1475651.453416219213977 ], [ -1697978.456967960344627, 1477114.687121029244736 ], [ -1699837.492464208044112, 1477286.164819427533075 ], [ -1700115.791191191179678, 1480841.705661514773965 ], [ -1702442.368548770900816, 1481630.616804263088852 ], [ -1705871.00886520370841, 1481527.714088225504383 ], [ -1705848.744967044796795, 1482488.154174498748034 ], [ -1706750.432842470472679, 1482991.255017099902034 ], [ -1707295.898347357520834, 1483540.102637980598956 ], [ -1707919.28749579959549, 1484351.959532208973542 ], [ -1708631.732236876850948, 1484889.398922160733491 ], [ -1708921.16291293897666, 1485575.506810866529122 ], [ -1709154.933843605220318, 1490344.423613795777783 ], [ -1708208.718171862419695, 1491705.487511757994071 ], [ -1707384.953939992003143, 1493478.401891587534919 ], [ -1707474.009532626718283, 1500559.752785549499094 ], [ -1707318.162245515966788, 1500822.907396919559687 ], [ -1702653.875581277767196, 1501681.037690890487283 ], [ -1700839.367881347425282, 1502790.925792206544429 ], [ -1695106.414105493808165, 1507562.809810733422637 ], [ -1694516.420804289635271, 1508524.152814578963444 ], [ -1693770.580215974943712, 1510698.743293203180656 ], [ -1692813.232595152687281, 1514281.471058638067916 ], [ -1691566.454298268072307, 1520177.395992928184569 ], [ -1690408.731594017706811, 1520704.084258170099929 ], [ -1685677.653235303470865, 1525089.732062096009031 ], [ -1685354.826712003210559, 1526234.926247940631583 ], [ -1679688.664630625629798, 1528204.773222351912409 ], [ -1678152.45565767865628, 1524425.541544046485797 ], [ -1676427.003550382796675, 1522112.452882424462587 ], [ -1673354.585604488383979, 1518917.965300678042695 ], [ -1671150.459686781512573, 1517063.273194988025352 ], [ -1669213.500546978553757, 1515781.090547445463017 ], [ -1663202.248044141801074, 1512713.254605684429407 ], [ -1658493.433583586243913, 1510927.65757888648659 ], [ -1654452.536067790584639, 1510630.069380031665787 ], [ -1653272.549465381540358, 1510755.97168551501818 ], [ -1650945.972107802284881, 1508684.379919138737023 ], [ -1650066.548130535520613, 1508169.367551802424714 ], [ -1647873.554161908105016, 1507322.479314372409135 ], [ -1645803.01163315307349, 1507173.704345781123266 ], [ -1643008.892414241796359, 1507494.143740209518 ], [ -1641717.586321039823815, 1504873.516852566739544 ], [ -1639647.04379228525795, 1502539.194677251391113 ], [ -1637008.771860484499484, 1500960.206450900761411 ], [ -1631810.151640438474715, 1498717.74071082053706 ], [ -1630485.449699998833239, 1498717.74071082053706 ], [ -1630129.22732946020551, 1498980.877774277701974 ], [ -1627168.128874358953908, 1498511.809104148996994 ], [ -1623984.391437671380118, 1499518.60043457755819 ], [ -1620889.709593618521467, 1501223.36488009407185 ], [ -1618206.909865500405431, 1497207.611208813032135 ], [ -1616648.436994394753128, 1495640.366990697802976 ], [ -1614833.929294464178383, 1494782.424148191697896 ], [ -1609668.704921656521037, 1494130.40535268955864 ], [ -1607152.884429728612304, 1490710.417434986447915 ], [ -1602800.29233971145004, 1487656.804074798943475 ], [ -1598291.852962583769113, 1486010.050540738971904 ], [ -1597267.713647285709158, 1485964.30877645383589 ], [ -1597189.790003730682656, 1485758.471766166621819 ], [ -1595386.414252879330888, 1486341.680577201070264 ], [ -1592670.218677523778751, 1486913.465772066963837 ], [ -1588896.487939631799236, 1486867.722524574259296 ], [ -1587705.369388143764809, 1487176.490903116762638 ], [ -1586837.077359955990687, 1485632.683230394031852 ], [ -1584566.159747773315758, 1484363.394305039430037 ], [ -1581883.360019655432552, 1484603.525617159204558 ], [ -1580825.824857119238004, 1485255.321028511971235 ], [ -1579412.067324044881389, 1485644.118528371909633 ], [ -1578721.886481126537547, 1485621.247937106760219 ], [ -1575649.46853523212485, 1484500.611944575794041 ], [ -1574948.1557432343252, 1484637.830259060487151 ], [ -1573968.544224253855646, 1485266.756171708926558 ], [ -1573167.043890542117879, 1485209.580502621131018 ], [ -1571697.626612070947886, 1486947.773256987333298 ], [ -1571185.556954422034323, 1488125.689211892429739 ], [ -1571163.293056263355538, 1490287.237514656269923 ], [ -1571975.925339054083452, 1491247.97960089892149 ], [ -1571096.501361787319183, 1491888.492786723421887 ], [ -1569894.250861220061779, 1492288.821031510829926 ], [ -1569237.465865539619699, 1491545.358885588357225 ], [ -1567601.069350878475234, 1491865.617061386117712 ], [ -1566721.645373611478135, 1493089.494844832923263 ], [ -1565652.97826199629344, 1493135.248332037124783 ], [ -1565730.901905551552773, 1492368.88737329817377 ], [ -1565040.7210626329761, 1492368.887373298406601 ], [ -1563615.831580479163677, 1491934.244293943978846 ], [ -1563382.06064981338568, 1492105.81311754276976 ], [ -1563170.553617306053638, 1491911.368530909763649 ], [ -1562869.990992164472118, 1491979.995876560918987 ], [ -1562836.595144926337525, 1492757.784319147001952 ], [ -1558918.149069003062323, 1493055.179778949124739 ], [ -1552995.952158800791949, 1496498.336410447023809 ], [ -1549277.881166305858642, 1495960.672464248491451 ], [ -1546706.4009289809037, 1495846.277226976351812 ], [ -1543522.663492293329909, 1496372.49923177366145 ], [ -1540472.509444557595998, 1497882.583143012132496 ], [ -1538468.758610278833658, 1499861.833136673318222 ], [ -1537923.293105391785502, 1500994.531321108341217 ], [ -1536398.216081523802131, 1503191.411848825402558 ], [ -1535318.417020829161629, 1507047.81846274016425 ], [ -1535273.889224511804059, 1509874.667680305195972 ], [ -1535663.50744228833355, 1510527.058832631679252 ], [ -1537978.952850788133219, 1512278.290766496676952 ], [ -1540194.210717574693263, 1516467.966627818765119 ], [ -1542364.940788043197244, 1517773.078749191248789 ], [ -1542787.954853057861328, 1518196.681176853133366 ], [ -1542142.301806456875056, 1518288.27175512118265 ], [ -1539748.932754401350394, 1517452.519117920892313 ], [ -1539637.6132636081893, 1517704.387082867091522 ], [ -1539893.648092432646081, 1518792.025429249741137 ], [ -1539815.724448877386749, 1519616.369683757424355 ], [ -1538958.564369769068435, 1521047.582088105380535 ], [ -1538580.078101071994752, 1522330.012252521235496 ], [ -1538223.855730533367023, 1522375.814446673262864 ], [ -1536197.840998095925897, 1521814.742876719450578 ], [ -1535251.625326353125274, 1522123.903332252521068 ], [ -1534828.61126133846119, 1522089.551997211063281 ], [ -1534494.652788958745077, 1521700.239894868573174 ], [ -1534539.180585276102647, 1521265.132953212130815 ], [ -1535708.03523860569112, 1519604.920287414686754 ], [ -1535930.674220192013308, 1518711.882177321007475 ], [ -1535819.354729398852214, 1517509.761633261339739 ], [ -1536776.702350220875815, 1515620.821945192059502 ], [ -1536954.813535490073264, 1514876.730023791547865 ], [ -1536476.139725079294294, 1513331.37299485411495 ], [ -1536175.577099937247112, 1513102.438631604425609 ], [ -1535474.264307939680293, 1513171.118739634519443 ], [ -1532902.784070615191013, 1515380.420803064946085 ], [ -1529351.692314309766516, 1514498.968025326961651 ], [ -1527381.337327268905938, 1513560.309272040845826 ], [ -1526680.024535270873457, 1512907.845927442423999 ], [ -1527370.20537818945013, 1511683.088279556017369 ], [ -1529463.01180510269478, 1510607.178113847738132 ], [ -1531210.727810557466, 1509256.62720953556709 ], [ -1531322.047301350627095, 1508810.273299891501665 ], [ -1531188.463912398554385, 1508169.367551801959053 ], [ -1530386.963578687049448, 1507299.590805259533226 ], [ -1530476.019171321531758, 1505560.119852116098627 ], [ -1531310.915352271171287, 1504232.702834428288043 ], [ -1531934.304500713478774, 1503546.132930043851957 ], [ -1532958.443816011538729, 1502905.349786104401574 ], [ -1533014.103561408352107, 1502687.944603745592758 ], [ -1532424.110260203946382, 1502276.023696087766439 ], [ -1529808.102226561866701, 1502207.370809690561146 ], [ -1524141.940145184285939, 1503477.47688056784682 ], [ -1522260.6407507781405, 1503580.461018928093836 ], [ -1521871.02253300184384, 1503282.952335924608633 ], [ -1521748.571093128994107, 1502710.829279049998149 ], [ -1521948.946176556870341, 1502173.044430578593165 ], [ -1523240.252269758842885, 1501292.015317789046094 ], [ -1523874.77336728037335, 1500205.070104001089931 ], [ -1525266.267002196516842, 1498717.74071082053706 ], [ -1525065.891918768407777, 1497996.986798230791464 ], [ -1524787.593191785505041, 1497768.179961037123576 ], [ -1524052.88455254980363, 1497894.023487237282097 ], [ -1521926.682278398191556, 1498752.062794421100989 ], [ -1520958.202708496944979, 1498923.673851719358936 ], [ -1520746.695675989612937, 1498637.656014819163829 ], [ -1522294.036598016042262, 1494816.74135181424208 ], [ -1523295.912015155656263, 1494061.7726874218788 ], [ -1523652.134385694051161, 1493455.524855538271368 ], [ -1523529.682945821434259, 1492814.975506161339581 ], [ -1522639.127019475447014, 1491511.045728685799986 ], [ -1522260.6407507781405, 1491362.355872021988034 ], [ -1519744.820258850231767, 1491945.682182529242709 ], [ -1519154.826957645826042, 1491831.303508720593527 ], [ -1518008.236202475149184, 1490847.666360816219822 ], [ -1518809.736536186886951, 1488789.003630148712546 ], [ -1518653.889249076135457, 1487908.39999561640434 ], [ -1517774.465271809138358, 1487416.646453268826008 ], [ -1516883.909345462918282, 1487428.082483511650935 ], [ -1516149.2007062274497, 1487588.187400119146332 ], [ -1515614.867150419624522, 1488125.689211892895401 ], [ -1515169.589187246747315, 1487736.857075676321983 ], [ -1515292.040627119131386, 1487439.518518451834098 ], [ -1515113.929441849933937, 1487096.439513310790062 ], [ -1514624.123682359466329, 1487062.131845262134448 ], [ -1514768.839020390762016, 1486719.057489023543894 ], [ -1514457.144446169724688, 1486490.343598916660994 ], [ -1514501.672242487082258, 1486250.196035008411855 ], [ -1514234.505464583169669, 1485861.390081295045093 ], [ -1514768.839020390762016, 1486090.098808891605586 ], [ -1515024.873849215218797, 1485621.247937106527388 ], [ -1514935.818256580736488, 1485140.969854470575228 ], [ -1514501.672242487082258, 1485323.931958039756864 ], [ -1514345.824955376563594, 1485015.184104638174176 ], [ -1513922.81089036189951, 1485015.184104638407007 ], [ -1513922.81089036189951, 1484420.568239492131397 ], [ -1513399.609283633762971, 1484088.961050542304292 ], [ -1513878.28309404454194, 1483906.007047015242279 ], [ -1513677.908010616665706, 1483025.557677323464304 ], [ -1513856.019195885863155, 1482671.098886876832694 ], [ -1514134.317922868998721, 1483368.586597393965349 ], [ -1514379.220802614232525, 1483380.020967314951122 ], [ -1514490.54029340762645, 1483197.071610551560298 ], [ -1514724.311224073404446, 1483334.283515730174258 ], [ -1514880.15851118392311, 1483048.426140882773325 ], [ -1515147.325289087835699, 1483128.465910834027454 ], [ -1515392.228168833069503, 1482774.005814186530188 ], [ -1515303.172576198354363, 1482591.06042777071707 ], [ -1514334.693006297340617, 1482568.192338723922148 ], [ -1514167.713770107133314, 1482248.041057785972953 ], [ -1514379.220802614232525, 1482190.871572274947539 ], [ -1514601.859784201020375, 1481722.086203249171376 ], [ -1514279.033260900294408, 1481459.112488004611805 ], [ -1514590.727835121564567, 1480715.939275694545358 ], [ -1515202.985034484416246, 1480704.505995939718559 ], [ -1515470.151812388328835, 1480327.210386072518304 ], [ -1515058.269696453120559, 1480144.281013200525194 ], [ -1515381.096219753846526, 1480029.950762579217553 ], [ -1515681.658844895660877, 1479549.768811365589499 ], [ -1515459.019863309105858, 1479138.190839101560414 ], [ -1514991.478001977549866, 1479069.595098734600469 ], [ -1514746.575122232316062, 1479252.517446570796892 ], [ -1514724.311224073404446, 1478909.53902482544072 ], [ -1514401.48470077291131, 1478863.80888605536893 ], [ -1514512.804191566305235, 1478349.349970867857337 ], [ -1514913.554358422057703, 1478658.02418583445251 ], [ -1515091.665543691255152, 1478486.538090836955234 ], [ -1514924.68630750128068, 1477960.653946480713785 ], [ -1514501.672242487082258, 1477994.95043756836094 ], [ -1514201.109617345035076, 1477812.036303580738604 ], [ -1513956.206737599801272, 1477343.324285358190536 ], [ -1514401.48470077291131, 1476863.188394177006558 ], [ -1514690.915376835502684, 1477000.369238208746538 ], [ -1514946.950205659959465, 1477469.075520751764998 ], [ -1515091.665543691255152, 1477411.915798352798447 ], [ -1515347.700372515711933, 1476531.670792124932632 ], [ -1515236.380881722550839, 1476383.06072556367144 ], [ -1514646.387580518145114, 1476497.376091479556635 ], [ -1514535.068089724751189, 1476097.274349306942895 ], [ -1515503.547659626463428, 1475788.628333361819386 ], [ -1515603.735201340401545, 1475034.174587291665375 ], [ -1515292.040627119131386, 1474862.710655217990279 ], [ -1514980.346052897861227, 1475148.484457225073129 ], [ -1514312.429108138429001, 1474679.816948667634279 ], [ -1514078.658177472651005, 1474942.727026516571641 ], [ -1513655.644112458219752, 1474622.662909709615633 ], [ -1512987.727167698554695, 1474496.924433526350185 ], [ -1513132.442505729850382, 1474142.573575247777626 ], [ -1513544.324621664592996, 1474291.171777902636677 ], [ -1513666.776061537442729, 1473948.254034979036078 ], [ -1513299.421741919824854, 1473571.049352929927409 ], [ -1513644.512163378763944, 1473525.327917429851368 ], [ -1513455.269029030110687, 1473182.419522531563416 ], [ -1513733.567756013479084, 1472885.235631379997358 ], [ -1513522.060723506147042, 1472873.805544471135363 ], [ -1513321.685640078270808, 1472428.035779961152002 ], [ -1512954.331320460420102, 1472542.335045768180862 ], [ -1512965.463269539643079, 1472130.859863251913339 ], [ -1512598.108949922025204, 1471765.109199640108272 ], [ -1512586.977000842569396, 1472245.157921091653407 ], [ -1511974.719801479717717, 1472199.438642209162936 ], [ -1511774.344718051841483, 1471662.242682391079143 ], [ -1512163.962935828138143, 1471239.350951892789453 ], [ -1511596.233532782644033, 1470553.594086418161169 ], [ -1511919.060056082904339, 1470313.583130257669836 ], [ -1511774.344718051841483, 1469924.998300636420026 ], [ -1511863.400310686323792, 1469467.846541514154524 ], [ -1511607.365481861867011, 1469547.847563792951405 ], [ -1511663.025227258447558, 1469879.282790837110952 ], [ -1511351.330653037410229, 1470027.858469006139785 ], [ -1511017.372180657461286, 1470565.023230605991557 ], [ -1510171.344050628598779, 1470393.586554972920567 ], [ -1510271.531592342536896, 1470027.858469005674124 ], [ -1510883.788791705621406, 1470267.866989626782015 ], [ -1510894.920740784844384, 1469799.2808272393886 ], [ -1510471.906675770413131, 1469696.421493652043864 ], [ -1510449.642777611734346, 1469547.847563792951405 ], [ -1510727.941504595102742, 1469262.13067022850737 ], [ -1510716.809555515414104, 1468953.559679388534278 ], [ -1511217.74726408533752, 1468713.562355729052797 ], [ -1511195.483365926658735, 1467616.45775128598325 ], [ -1510850.392944467486814, 1467193.626745877088979 ], [ -1510661.149810118833557, 1467330.760431614471599 ], [ -1510316.059388659661636, 1466999.355165367480367 ], [ -1510249.267694184090942, 1467422.183259099721909 ], [ -1509481.163207710487768, 1467113.632403675233945 ], [ -1509280.788124282378703, 1467422.183259099954739 ], [ -1509692.670240217586979, 1467342.188268847763538 ], [ -1509470.03125863079913, 1467833.589649584377185 ], [ -1509659.274392979452386, 1468256.430249313358217 ], [ -1508902.301855585537851, 1468484.995375915197656 ], [ -1508590.607281364034861, 1467947.870267510414124 ], [ -1508123.065420032478869, 1467936.442184878047556 ], [ -1507833.634743969887495, 1467467.894783947616816 ], [ -1508200.989063587738201, 1467342.188268847763538 ], [ -1508212.121012666961178, 1467067.921452813316137 ], [ -1508935.697702823206782, 1466485.113319596275687 ], [ -1508646.267026760848239, 1466313.701453005662188 ], [ -1508835.510161109268665, 1465833.753763099666685 ], [ -1508546.079485046910122, 1465719.481705967104062 ], [ -1507844.766693049110472, 1466290.846616099355742 ], [ -1507054.398308417061344, 1465365.241267042001709 ], [ -1507054.398308417061344, 1465090.993655560072511 ], [ -1507744.579151335172355, 1464988.15148758655414 ], [ -1507655.523558700457215, 1464873.882851076312363 ], [ -1507265.905340923927724, 1464965.297723315656185 ], [ -1507622.127711462788284, 1464565.359840500634164 ], [ -1506943.07881762390025, 1464154.001065126853064 ], [ -1506575.724498005816713, 1464176.854173382977024 ], [ -1506486.668905371101573, 1463754.074660800397396 ], [ -1506041.390942198224366, 1464291.119991777464747 ], [ -1505963.467298642732203, 1463605.532008377369493 ], [ -1505674.03662258037366, 1463959.750390795757994 ], [ -1505150.83501585200429, 1463902.618093506898731 ], [ -1504672.161205440992489, 1464131.147975345142186 ], [ -1504750.084848996251822, 1463388.432612095726654 ], [ -1504560.841714647831395, 1462874.256477747811005 ], [ -1505195.36281216936186, 1462508.625800321809947 ], [ -1505829.883909690892324, 1462440.070574208628386 ], [ -1505284.418404803844169, 1462051.594095919281244 ], [ -1505941.203400484286249, 1461914.48602344468236 ], [ -1505829.883909690892324, 1461514.591270918259397 ], [ -1506297.425771022681147, 1461011.874450308037922 ], [ -1506230.634076546644792, 1460486.31640325859189 ], [ -1505829.883909690892324, 1460657.692956208018586 ], [ -1505596.112979025114328, 1460132.1414777955506 ], [ -1505317.814252041978762, 1460417.766072267200798 ], [ -1505006.119677820708603, 1460452.041217036312446 ], [ -1504716.689001758117229, 1460966.173363561276346 ], [ -1504215.751293188659474, 1461331.784121974138543 ], [ -1502957.841047224588692, 1460223.541034867521375 ], [ -1503314.06341776298359, 1459058.218752578366548 ], [ -1503759.341380936093628, 1458978.247410609852523 ], [ -1504393.862478457624093, 1458429.878566836472601 ], [ -1503425.382908556144685, 1457333.172664124984294 ], [ -1503514.438501190859824, 1456453.553747414378449 ], [ -1502957.841047224588692, 1456247.932473303051665 ], [ -1502601.618676686193794, 1456704.870658698258922 ], [ -1502334.451898782048374, 1456659.176509481854737 ], [ -1502334.451898782048374, 1455905.233655742835253 ], [ -1502801.993760113837197, 1455642.500693644629791 ], [ -1503803.869177253451198, 1455573.962059378391132 ], [ -1504171.223496871301904, 1454865.739178434479982 ], [ -1504661.029256361536682, 1454682.97484607482329 ], [ -1504672.161205440992489, 1454443.098441680893302 ], [ -1504026.508158840006217, 1453392.235168362502009 ], [ -1502824.257658272515982, 1453323.701954533811659 ], [ -1503046.896639859071001, 1453849.127476528519765 ], [ -1502668.410371161764488, 1453917.66195524088107 ], [ -1502056.153171798912808, 1453060.992829518625513 ], [ -1502434.639440496219322, 1452672.644648811547086 ], [ -1502824.257658272515982, 1451816.012967648683116 ], [ -1503614.626042904797941, 1452055.867242610547692 ], [ -1503725.945533697959036, 1451941.650669451802969 ], [ -1503614.626042904797941, 1451416.260327835567296 ], [ -1503102.556385255651549, 1450868.037250134395435 ], [ -1503013.500792620936409, 1449451.843062356347218 ], [ -1501911.437833767617121, 1449246.272327470593154 ], [ -1501711.062750339740887, 1448869.396490811603144 ], [ -1500419.756657138001174, 1447887.258584950119257 ], [ -1499339.957596443127841, 1448058.559277254389599 ], [ -1498672.040651683462784, 1447830.15858236933127 ], [ -1498928.075480507919565, 1446745.28020408260636 ], [ -1499228.638105649733916, 1446277.082250117557123 ], [ -1498660.908702604239807, 1445740.376948581309989 ], [ -1499774.103610536782071, 1445706.119505148148164 ], [ -1499929.950897647533566, 1445283.614407455781475 ], [ -1497636.769387305947021, 1443445.218854079023004 ], [ -1497313.942864005453885, 1442520.356365926330909 ], [ -1497959.595910606672987, 1442006.556760458275676 ], [ -1498772.228193397400901, 1442645.953224937198684 ], [ -1499696.179966981522739, 1442862.894549769582227 ], [ -1500352.964962661964819, 1442874.312559698941186 ], [ -1500497.680300693493336, 1442463.267066383268684 ], [ -1500152.589879234088585, 1442189.240010275738314 ], [ -1499328.825647363672033, 1441960.886129763908684 ], [ -1499106.186665777117014, 1440773.475241762120277 ], [ -1499106.186665777117014, 1440579.383901428664103 ], [ -1499440.145138157065958, 1440339.625821479363367 ], [ -1500631.263689645100385, 1439723.114233508706093 ], [ -1500208.249624630669132, 1438353.135831030318514 ], [ -1500230.513522789347917, 1437496.932470594299957 ], [ -1499896.555050409398973, 1437542.596006603445858 ], [ -1499462.409036315744743, 1437314.279051118763164 ], [ -1498749.964295238722116, 1437382.773947571637109 ], [ -1498482.797517335042357, 1436743.494585822336376 ], [ -1498983.735225904500112, 1435944.415343090891838 ], [ -1499184.110309332376346, 1435088.283607489662245 ], [ -1499618.256323426030576, 1434700.178931605769321 ], [ -1499317.693698284449056, 1434437.640495685627684 ], [ -1498538.457262731622905, 1435111.113457032479346 ], [ -1498115.443197717191651, 1433478.824770961655304 ], [ -1498148.839044955093414, 1433136.398305670823902 ], [ -1498582.985059048747644, 1432634.180171766318381 ], [ -1498093.179299558280036, 1431184.644998123403639 ], [ -1498872.415735111339018, 1431333.019272970966995 ], [ -1499095.054716697661206, 1431184.644998123636469 ], [ -1499005.999124063411728, 1430830.832493570633233 ], [ -1499339.957596443127841, 1430625.394962136400864 ], [ -1499061.658869460225105, 1429986.265310009010136 ], [ -1498471.66556825558655, 1429758.008142923237756 ], [ -1498059.783452320378274, 1428628.161682871868834 ], [ -1498571.853109969524667, 1427897.779358977451921 ], [ -1498916.943531428696588, 1427874.955208171857521 ], [ -1499150.714462094707415, 1428285.792674732860178 ], [ -1499651.652170664165169, 1428171.670571614988148 ], [ -1499651.652170664398, 1427932.015618908917531 ], [ -1498827.887938793981448, 1427623.890736279543489 ], [ -1498916.943531428696588, 1427235.886286564869806 ], [ -1498482.797517335042357, 1426345.778059556148946 ], [ -1498482.797517335042357, 1426208.840758034493774 ], [ -1498961.471327746054158, 1426243.075022786855698 ], [ -1499351.089545522350818, 1425044.89979766914621 ], [ -1498460.533619176130742, 1425318.764057735912502 ], [ -1497759.220827178331092, 1426311.543673546751961 ], [ -1497402.998456639936194, 1426505.539062070660293 ], [ -1496490.178632135270163, 1426288.720771996537223 ], [ -1496100.560414358740672, 1425877.911615648539737 ], [ -1495510.567113154567778, 1426402.835459396010265 ], [ -1495388.115673281718045, 1426174.606533698737621 ], [ -1495699.810247502988204, 1425957.790718072559685 ], [ -1495744.338043820345774, 1425546.986249053152278 ], [ -1496601.498122928431258, 1425022.077892662491649 ], [ -1496345.463294103974476, 1424850.914177153259516 ], [ -1496011.504821724258363, 1425261.708790403790772 ], [ -1495532.831011313013732, 1425273.1198348950129 ], [ -1495499.43516407511197, 1425124.776606530649588 ], [ -1496067.16456712060608, 1424771.03812202741392 ], [ -1496122.824312517419457, 1424474.357555919792503 ], [ -1495911.317280010320246, 1424371.661143294069916 ], [ -1495488.303214996121824, 1424588.465107129886746 ], [ -1494909.441862870706245, 1424143.448193504707888 ], [ -1495154.344742615940049, 1423584.334045800380409 ], [ -1495087.553048140136525, 1423070.871348766144365 ], [ -1494208.129070873139426, 1422443.318150439765304 ], [ -1493517.948227954795584, 1422637.287692283745855 ], [ -1493083.802213861141354, 1423127.922311461064965 ], [ -1492627.392301608575508, 1423310.486144819529727 ], [ -1491414.009851962095127, 1422865.488810435635969 ], [ -1490679.301212726393715, 1422945.359625089913607 ], [ -1490412.134434822481126, 1423230.614326582290232 ], [ -1490401.002485743258148, 1423812.54260198562406 ], [ -1489644.029948349110782, 1424109.216405735583976 ], [ -1489465.918763079680502, 1424713.983931516064331 ], [ -1488519.703091336879879, 1425044.89979766914621 ], [ -1487473.299877879908308, 1424965.023208663100377 ], [ -1486404.632766264723614, 1424485.76829085778445 ], [ -1486894.438525754958391, 1423162.152942843502387 ], [ -1487261.792845372809097, 1420880.199066188652068 ], [ -1502868.785454589873552, 1422637.287692283745855 ], [ -1558339.287716877879575, 1422546.007746661780402 ], [ -1583965.034497489687055, 1423082.281532344873995 ], [ -1584321.256868028081954, 1422648.697705640457571 ], [ -1594774.15705351671204, 1422797.028286863584071 ], [ -1594774.15705351671204, 1423242.024572887457907 ], [ -1610381.149662733543664, 1423344.716991279274225 ], [ -1624618.912535193143412, 1423264.845078940968961 ], [ -1626711.718962106620893, 1423013.820498076500371 ], [ -1628103.212597022764385, 1423253.434823674149811 ], [ -1640103.453704537590966, 1422979.590041423682123 ], [ -1656356.099360355641693, 1423093.691720403730869 ] ] ] ] } },
{ "type": "Feature", "properties": { "GID_1": "SEN.8_1", "GID_0": "SEN", "COUNTRY": "Senegal", "NAME_1": "Louga", "VARNAME_1": "NA", "NL_NAME_1": "NA", "TYPE_1": "Région", "ENGTYPE_1": "Region", "CC_1": "8", "HASC_1": "SN.LG", "ISO_1": "SN-LG", "area_ha": 2465823.5207987083, "carbon_mean": 11.3, "carbon_min": 7.87, "carbon_max": 90.44, "carbon_median": 11.28, "carbon_std": 1.2, "carbon_pixel_count": 4570901 }, "geometry": { "type": "MultiPolygon", "coordinates": [ [ [ [ -1658615.885023459093645, 1653568.497193892719224 ], [ -1659717.947982312180102, 1654868.952676729299128 ], [ -1671595.737649954622611, 1647147.763670283136889 ], [ -1672341.578238269779831, 1644260.117045789724216 ], [ -1697844.873579008504748, 1649080.715646375901997 ], [ -1703277.264729720307514, 1652371.677232287591323 ], [ -1705793.085221648216248, 1654880.461432652780786 ], [ -1708987.954607415245846, 1658575.044681767467409 ], [ -1711615.094590136548504, 1662799.736834307899699 ], [ -1714988.075161172542721, 1665505.295800012536347 ], [ -1716234.853458057157695, 1665493.78216256108135 ], [ -1716869.374555579153821, 1665263.510527982842177 ], [ -1718494.639121160842478, 1666196.123760747723281 ], [ -1718216.340394177474082, 1668199.632970882346854 ], [ -1718260.868190495064482, 1668798.414080374874175 ], [ -1718416.715477605350316, 1668936.596378567395732 ], [ -1719285.007505792891607, 1669143.871262042084709 ], [ -1721767.432150483131409, 1670249.366423135623336 ], [ -1724160.80120253842324, 1670779.100239477818832 ], [ -1725563.426786533556879, 1670606.359713543904945 ], [ -1730261.109298009891063, 1668890.535527399973944 ], [ -1736984.806541923666373, 1673059.38753265957348 ], [ -1736528.396629671100527, 1673566.146426605526358 ], [ -1738354.036278680898249, 1674038.362874318379909 ], [ -1740157.412029531784356, 1675063.448967481497675 ], [ -1741103.627701274584979, 1675305.3293813157361 ], [ -1740524.766349149635062, 1676341.986410490004346 ], [ -1740547.030247308313847, 1677275.014751743292436 ], [ -1741426.454224575078115, 1678853.179598396178335 ], [ -1742751.156165014952421, 1680051.269633381860331 ], [ -1743574.920396885368973, 1681191.813022699672729 ], [ -1743975.670563741121441, 1682528.274160635657609 ], [ -1744621.323610342107713, 1682920.009210122516379 ], [ -1745389.428096815710887, 1682966.096094450680539 ], [ -1746268.852074082242325, 1682470.666588382096961 ], [ -1747749.401301632868126, 1680074.310394140891731 ], [ -1749018.443496676394716, 1678668.863195129903033 ], [ -1750766.159502130700275, 1677678.186001518042758 ], [ -1752313.500424157362431, 1677413.244156397879124 ], [ -1752803.306183647830039, 1677493.878331457031891 ], [ -1753860.841346184024587, 1678162.000151549233124 ], [ -1754217.063716722186655, 1678657.343465427635238 ], [ -1755675.349046114133671, 1681203.333931016502902 ], [ -1756064.967263890663162, 1682724.140909838490188 ], [ -1757378.53725525108166, 1684452.444176917662844 ], [ -1761775.657141585368663, 1686434.380722535774112 ], [ -1763089.227132946252823, 1687725.029604947194457 ], [ -1763311.866114532575011, 1688347.330874402076006 ], [ -1770269.334289112361148, 1687298.647059535607696 ], [ -1769890.848020415287465, 1687667.409911341965199 ], [ -1769979.903613049769774, 1688116.847091631498188 ], [ -1771905.730803773505613, 1688520.19512545526959 ], [ -1773208.168846054701135, 1688139.89537295838818 ], [ -1774744.377819001907483, 1686906.842569170985371 ], [ -1774933.620953350327909, 1686296.100917403586209 ], [ -1777738.872121340828016, 1686618.755001172656193 ], [ -1779263.949145208811387, 1686491.997536652255803 ], [ -1780043.185580761404708, 1685754.512471989262849 ], [ -1780811.290067235007882, 1684049.162606261670589 ], [ -1783093.339628497604281, 1685247.50426786695607 ], [ -1786098.965879915514961, 1686226.961305334232748 ], [ -1788136.112561432644725, 1685719.943400115007535 ], [ -1789438.550603714073077, 1685224.458687721984461 ], [ -1790295.71068282192573, 1684671.371214409358799 ], [ -1792210.405924466205761, 1684821.164515697164461 ], [ -1794614.906925601419061, 1684348.742573024705052 ], [ -1798054.679191113449633, 1684947.913403123151511 ], [ -1798978.630964697338641, 1684890.300191855989397 ], [ -1800303.332905137678608, 1685120.753843162674457 ], [ -1800815.402562786592171, 1684924.8681024920661 ], [ -1800648.423326596617699, 1686515.044299960602075 ], [ -1800882.194257262861356, 1687644.362071587704122 ], [ -1800971.249849897343665, 1689868.577894476475194 ], [ -1801505.583405704703182, 1691297.713704590918496 ], [ -1801961.993317957269028, 1691966.20893474877812 ], [ -1802752.361702589550987, 1694432.883018912980333 ], [ -1802785.75754982768558, 1698479.22598794545047 ], [ -1803019.528480493230745, 1699966.511261029867455 ], [ -1804333.098471854114905, 1701257.870941353030503 ], [ -1806759.863371147308499, 1702802.980088231852278 ], [ -1807427.780315906973556, 1703575.571265959879383 ], [ -1807561.363704858813435, 1706919.904375419020653 ], [ -1808385.127936729229987, 1708534.574041618267074 ], [ -1809509.454793740995228, 1709618.769398891367018 ], [ -1810411.142669166671112, 1711187.477885509608313 ], [ -1810856.42063233978115, 1712329.468968125525862 ], [ -1811156.983257481828332, 1714290.588857248891145 ], [ -1811001.135970371076837, 1716782.593074907781556 ], [ -1811257.170799195766449, 1718005.614667685469612 ], [ -1811836.032151320483536, 1719136.387622755719349 ], [ -1813227.525786236394197, 1720532.618865904398263 ], [ -1813951.102476392872632, 1720682.631969664711505 ], [ -1814696.943064708029851, 1720601.855567539576441 ], [ -1815220.144671436399221, 1720232.595446299994364 ], [ -1815398.255856705131009, 1719897.958324416540563 ], [ -1815542.971194736659527, 1718582.533054160652682 ], [ -1815754.478227243758738, 1718132.535534890368581 ], [ -1816088.436699623707682, 1717890.232637605629861 ], [ -1817145.971862159669399, 1718178.688742226921022 ], [ -1818203.507024696096778, 1718940.229348904918879 ], [ -1819517.077016056282446, 1720509.540009352378547 ], [ -1819561.604812374105677, 1721005.740273078437895 ], [ -1818826.896173137938604, 1721721.209721660474315 ], [ -1818448.409904441097751, 1722390.539001861354336 ], [ -1818359.354311806149781, 1723302.241436812561005 ], [ -1818637.653038789751008, 1724133.190056577092037 ], [ -1820029.146673705428839, 1726083.723390558268875 ], [ -1820975.362345448462293, 1726418.446132102515548 ], [ -1822366.855980364140123, 1726164.518110110191628 ], [ -1822645.154707347741351, 1725945.218786138342693 ], [ -1823702.689869883470237, 1725945.218786138342693 ], [ -1826652.656375905033201, 1726510.784256977494806 ], [ -1827743.587385679595172, 1726984.022692209109664 ], [ -1830738.081688018515706, 1730262.319509923225269 ], [ -1831305.811091064242646, 1730620.188766910228878 ], [ -1833832.763532071607187, 1728334.534638490527868 ], [ -1836994.237070600269362, 1724756.420271130511537 ], [ -1838574.973839865298942, 1722275.136080720927566 ], [ -1838508.182145389029756, 1722055.872047180542722 ], [ -1838140.827825771411881, 1721905.850432312581688 ], [ -1838385.730705516412854, 1720832.646002847701311 ], [ -1839020.251803037943318, 1720290.291969096986577 ], [ -1840300.425947160692886, 1720013.349913164740428 ], [ -1842293.04483236069791, 1716413.39112422382459 ], [ -1844619.622189939487725, 1711568.135624947026372 ], [ -1845343.19888009596616, 1710656.873998907860368 ], [ -1847280.158019899157807, 1708834.453038375126198 ], [ -1847992.602760975714773, 1707519.626344114076346 ], [ -1849829.374359064968303, 1705881.958876302232966 ], [ -1850241.256475, 1705951.153869742061943 ], [ -1849473.151988526573405, 1707219.763516831677407 ], [ -1849250.513006940251216, 1709780.249430756783113 ], [ -1849384.096395891625434, 1711002.918700189096853 ], [ -1850129.936984206782654, 1712479.431374670239165 ], [ -1850864.645623442251235, 1712871.645117066334933 ], [ -1851398.979179250076413, 1712952.395790418377146 ], [ -1851376.715281091164798, 1714313.661797632230446 ], [ -1851821.993244264507666, 1715132.765377930132672 ], [ -1853580.841198798036203, 1716113.418674746528268 ], [ -1855551.196185839362442, 1717578.703898415900767 ], [ -1857120.801006024237722, 1719471.014225196791813 ], [ -1859146.815738462144509, 1720590.316103519173339 ], [ -1860549.441322457045317, 1722552.104016395751387 ], [ -1863499.407828479306772, 1723648.466557023115456 ], [ -1863844.498249938245863, 1724098.566627071006224 ], [ -1863187.713254257803783, 1727411.09949161298573 ], [ -1861117.170725502772257, 1733079.240767136448994 ], [ -1859380.586669127922505, 1735688.650732647860423 ], [ -1858011.356932370457798, 1737270.599225177196786 ], [ -1857777.586001704679802, 1737951.90844164439477 ], [ -1857833.245747101260349, 1739187.55250715278089 ], [ -1858567.954386336961761, 1740307.770871846936643 ], [ -1860883.399794836994261, 1741878.474544240627438 ], [ -1861829.615466579794884, 1742282.716429744148627 ], [ -1855339.68915333179757, 1751882.583757772110403 ], [ -1849985.221646175486967, 1760584.724966150708497 ], [ -1846990.727343836566433, 1766075.767176601104438 ], [ -1844452.642953749746084, 1771244.292954722419381 ], [ -1843250.392453182255849, 1774262.681308220839128 ], [ -1842259.648985122330487, 1775905.032308926573023 ], [ -1842226.253137884428725, 1776645.284370210720226 ], [ -1841647.391785759478807, 1777478.095828752499074 ], [ -1841947.954410901293159, 1777963.916155898012221 ], [ -1841769.843225631630048, 1778762.071383700473234 ], [ -1841113.05822995165363, 1780624.53921045223251 ], [ -1840801.363655730616301, 1780601.402056563878432 ], [ -1840534.196877826470882, 1781758.287738096434623 ], [ -1839142.70324291056022, 1781989.671730324393138 ], [ -1835580.479537525912747, 1784581.328703614417464 ], [ -1832385.610151758883148, 1785749.98224420286715 ], [ -1830593.36634998745285, 1785923.549633970251307 ], [ -1826719.448070381302387, 1785287.142172433203086 ], [ -1822645.154707347741351, 1785264.000409394269809 ], [ -1820396.500993323512375, 1785530.132067443570122 ], [ -1819550.472863294649869, 1786166.546145268715918 ], [ -1818838.028122217394412, 1786235.974184033460915 ], [ -1818648.784987868741155, 1785680.555649198126048 ], [ -1818203.507024696096778, 1785194.57525771507062 ], [ -1817335.214996508322656, 1785310.283958380809054 ], [ -1817056.91626952518709, 1785564.845115775708109 ], [ -1816355.603477527620271, 1787138.557463300880045 ], [ -1815787.8740744816605, 1787555.146125146653503 ], [ -1813316.581378871109337, 1788295.766543407458812 ], [ -1812259.04621633538045, 1789198.429453356424347 ], [ -1811535.469526178436354, 1790286.300395189551637 ], [ -1811257.170799195766449, 1789904.382475923513994 ], [ -1810644.913599832449108, 1790575.636316905496642 ], [ -1810188.503687580116093, 1792300.152911742450669 ], [ -1809676.434029931202531, 1792936.751699569867924 ], [ -1809665.302080851746723, 1793295.569594947621226 ], [ -1809208.892168599646538, 1793746.993512831395492 ], [ -1807038.162098130909726, 1794858.228158064885065 ], [ -1805568.744819659274071, 1795900.058854373870417 ], [ -1799724.471553012728691, 1800612.032227214425802 ], [ -1797052.803773974068463, 1804676.444062268361449 ], [ -1797253.178857401944697, 1805047.024219067767262 ], [ -1796663.185556197538972, 1805880.851277198409662 ], [ -1795093.580736012198031, 1806656.800684845773503 ], [ -1792555.496345925610512, 1807189.557149222353473 ], [ -1788113.84866327396594, 1809702.943560437299311 ], [ -1785831.799102011835203, 1810397.937402891693637 ], [ -1776703.600856963545084, 1814985.422276541125029 ], [ -1772896.474271833663806, 1816514.787011884851381 ], [ -1771983.654447328764945, 1818194.888237323611975 ], [ -1766629.186940172221512, 1823004.133259793510661 ], [ -1764302.609582592733204, 1824812.206707815639675 ], [ -1762343.386544631095603, 1826052.442192455986515 ], [ -1761430.566720126196742, 1826284.269364438951015 ], [ -1751578.791784921661019, 1815321.410360918147489 ], [ -1739088.744917916599661, 1803796.339972139103338 ], [ -1730639.595566706964746, 1799419.47682177554816 ], [ -1728980.935153887374327, 1796965.089603666681796 ], [ -1729281.497779028955847, 1795656.960850032046437 ], [ -1730517.144126834580675, 1793330.294200897682458 ], [ -1727878.872195033822209, 1792809.430549778742716 ], [ -1725730.40602272353135, 1792971.475770343327895 ], [ -1723481.752308699535206, 1793677.543109451420605 ], [ -1719875.000806997064501, 1795344.410007734782994 ], [ -1717615.215143893845379, 1794869.803798283683136 ], [ -1716301.645152533426881, 1794221.576816366286948 ], [ -1715978.818629232700914, 1797775.471790621057153 ], [ -1717848.986074559623376, 1802881.530394681496546 ], [ -1714876.755670379148796, 1804467.995332131395116 ], [ -1712193.955942261498421, 1804514.317109900293872 ], [ -1712973.192377814557403, 1806575.730125429807231 ], [ -1712839.608988862251863, 1808706.822213492821902 ], [ -1711459.247303025797009, 1811069.784685523016378 ], [ -1708731.919778590789065, 1808185.613053350010887 ], [ -1705191.959971364587545, 1808475.172245645197108 ], [ -1701329.173640838125721, 1810293.686992013594136 ], [ -1699982.207802239339799, 1809146.963555075461045 ], [ -1696698.282823837827891, 1807803.400477624963969 ], [ -1696286.400707902386785, 1807305.375397011637688 ], [ -1695406.976730635855347, 1806818.9426566620823 ], [ -1694583.212498765438795, 1805765.040165986400098 ], [ -1693837.371910450514406, 1805487.09586514160037 ], [ -1692356.822682900121436, 1801515.173243457917124 ], [ -1691421.73896023677662, 1800334.149760712636635 ], [ -1685521.805948193185031, 1798493.262485132319853 ], [ -1684219.367905911756679, 1798354.333522166823968 ], [ -1680890.915131192887202, 1800762.553286885144189 ], [ -1666508.436920701991767, 1801989.915323079563677 ], [ -1662478.671353985788301, 1804711.185699843568727 ], [ -1654574.98750766296871, 1796432.568128296174109 ], [ -1651958.97947402112186, 1794869.803798283683136 ], [ -1648997.881018920335919, 1789846.516670155338943 ], [ -1646259.421545405639336, 1790853.402180124074221 ], [ -1643209.267497669905424, 1792554.790338644525036 ], [ -1641138.724968914873898, 1794765.623243694659323 ], [ -1639569.120148729765788, 1795761.145397782558575 ], [ -1636875.188471532659605, 1796953.512920085107908 ], [ -1634582.00696119107306, 1798250.137345502851531 ], [ -1631387.137575424043462, 1801769.911686840467155 ], [ -1630407.526056443573907, 1799732.08250402379781 ], [ -1630819.408172378549352, 1796282.075140276225284 ], [ -1626344.364642489003018, 1795610.65675644017756 ], [ -1625175.509989159414545, 1796999.819689020281658 ], [ -1624641.176433352055028, 1797034.549826289992779 ], [ -1617839.555545882787555, 1785391.280389595311135 ], [ -1632756.367312181275338, 1775280.462772723753005 ], [ -1632132.978163738967851, 1770064.798051162622869 ], [ -1635027.284924364415929, 1768931.61344633041881 ], [ -1636908.584318770561367, 1767694.423041810514405 ], [ -1637509.7095690544229, 1766908.204904131358489 ], [ -1638133.098717496497557, 1765798.294454015092924 ], [ -1639914.210570188937709, 1760919.931027320213616 ], [ -1641650.79462656378746, 1755811.442574533401057 ], [ -1642196.260131451068446, 1753708.266817286377773 ], [ -1640426.280227837851271, 1753153.614108379464597 ], [ -1640493.071922314120457, 1749537.133175694616511 ], [ -1639502.328454253962263, 1747446.064004709478468 ], [ -1639468.932607015827671, 1746764.484385311137885 ], [ -1640715.710903900442645, 1744777.617552799172699 ], [ -1643353.982835701201111, 1741947.772668210556731 ], [ -1645190.75443378998898, 1741970.872087458847091 ], [ -1644823.400114172371104, 1739695.686305964365602 ], [ -1643398.510632018558681, 1738494.660141796572134 ], [ -1642396.63521487894468, 1738078.934334246441722 ], [ -1640103.453704537590966, 1737640.12046655616723 ], [ -1625932.482526553561911, 1730123.790902567561716 ], [ -1624674.57228058972396, 1730181.511058807838708 ], [ -1617115.978855726309121, 1732005.539268700638786 ], [ -1613731.866335610859096, 1731751.552374163176864 ], [ -1612496.21998780593276, 1731913.18008778616786 ], [ -1616782.020383346593007, 1725679.753848589258268 ], [ -1616659.568943474208936, 1721444.251297158421949 ], [ -1618774.639268546365201, 1713944.497380383079872 ], [ -1621056.688829808495939, 1712963.931622787145898 ], [ -1626266.440998933510855, 1706573.917637551901862 ], [ -1626143.989559061126783, 1706573.917637550970539 ], [ -1626589.267522234236822, 1705685.907459909329191 ], [ -1630919.595714092487469, 1705305.341557068983093 ], [ -1640070.057857299689204, 1705293.809349568327889 ], [ -1640070.057857299689204, 1705005.505931818392128 ], [ -1640593.259464028058574, 1704475.036533949198201 ], [ -1648096.193143494427204, 1702768.387024387950078 ], [ -1648853.165680888807401, 1701961.229423744836822 ], [ -1647973.741703622043133, 1694709.53480233787559 ], [ -1647528.463740448933095, 1694110.126541790552437 ], [ -1644968.11545220320113, 1686515.044299960602075 ], [ -1644623.02503074426204, 1679682.620375647442415 ], [ -1643765.864951636176556, 1674752.463324520038441 ], [ -1643621.149613604880869, 1672022.867406589211896 ], [ -1644099.82342401589267, 1664043.106293039163575 ], [ -1647116.581624513724819, 1662201.099507340695709 ], [ -1647940.345856384141371, 1661360.728958902880549 ], [ -1648597.13085206435062, 1659530.430432735942304 ], [ -1649387.499236696632579, 1654638.778664966113865 ], [ -1650044.284232376841828, 1653085.159201985225081 ], [ -1651524.83345992770046, 1651094.364864732371643 ], [ -1653049.91048379521817, 1649483.432620046194643 ], [ -1655164.980808867607266, 1649483.432620045961812 ], [ -1658615.885023459093645, 1653568.497193892719224 ] ], [ [ -1763412.053656246280298, 1690133.653271654853597 ], [ -1763423.185605326201767, 1689972.302702348679304 ], [ -1763345.261961770709604, 1690894.320194514701143 ], [ -1763356.393910849932581, 1690825.16768505377695 ], [ -1763412.053656246280298, 1690133.653271654853597 ] ] ] ] } },
{ "type": "Feature", "properties": { "GID_1": "SEN.9_1", "GID_0": "SEN", "COUNTRY": "Senegal", "NAME_1": "Matam", "VARNAME_1": "NA", "NL_NAME_1": "NA", "TYPE_1": "Région", "ENGTYPE_1": "Region", "CC_1": "11", "HASC_1": "SN.MT", "ISO_1": "SN-MT", "area_ha": 2798769.3758932985, "carbon_mean": 11.1, "carbon_min": 7.72, "carbon_max": 79.98, "carbon_median": 11.22, "carbon_std": 1.03, "carbon_pixel_count": 5171408 }, "geometry": { "type": "MultiPolygon", "coordinates": [ [ [ [ -1429999.046781312907115, 1712191.042951866285875 ], [ -1429164.150600363733247, 1712271.791365623939782 ], [ -1428062.087641510181129, 1713483.049744064221159 ], [ -1427360.774849512381479, 1713852.207152277464047 ], [ -1425746.642233009915799, 1714025.25161746237427 ], [ -1424477.60003796662204, 1713379.225233080331236 ], [ -1424099.113769269548357, 1713056.218478749971837 ], [ -1423375.537079113302752, 1711383.573553221998736 ], [ -1424210.433260062709451, 1708303.900400551734492 ], [ -1424154.773514666128904, 1707404.294051224133 ], [ -1423765.155296889832243, 1706596.983267458388582 ], [ -1422529.508949084440246, 1705801.231631831964478 ], [ -1419913.500915442593396, 1704959.377700788667426 ], [ -1418878.229651065077633, 1704175.211099507054314 ], [ -1417642.583303259685636, 1702664.608126445673406 ], [ -1416651.839835199527442, 1701811.331658594775945 ], [ -1415304.873996600974351, 1701107.977484269067645 ], [ -1413623.949685622472316, 1700577.592620952054858 ], [ -1413334.519009559880942, 1700150.987045995891094 ], [ -1413111.880027973325923, 1699194.033999759936705 ], [ -1412811.317402831511572, 1698917.33165119565092 ], [ -1412399.435286896303296, 1699090.270252927904949 ], [ -1408291.746076624374837, 1693372.413367186440155 ], [ -1407801.94031713437289, 1693430.046411704272032 ], [ -1407245.342863167868927, 1691897.053413617890328 ], [ -1405375.175417840946466, 1689246.238217903999612 ], [ -1404974.425250984961167, 1688105.322959047975019 ], [ -1404996.689149143639952, 1687321.69457626901567 ], [ -1404195.188815432367846, 1686826.177711116382852 ], [ -1404351.03610254288651, 1686226.961305334698409 ], [ -1404774.050167557550594, 1685950.404793503228575 ], [ -1404451.223644256824628, 1685155.322076302021742 ], [ -1404039.341528321616352, 1684671.371214408660308 ], [ -1403649.723310545086861, 1683703.497926001669839 ], [ -1403048.598060261458158, 1684014.595920700347051 ], [ -1402803.695180515991524, 1682977.617828952614218 ], [ -1402235.965777470730245, 1682712.619293421972543 ], [ -1403193.313398292753845, 1681111.166814605938271 ], [ -1402725.771536960965022, 1680604.253807294880971 ], [ -1403026.334162102779374, 1680212.55540876253508 ], [ -1402736.90348604042083, 1679129.656773071503267 ], [ -1401456.729341917438433, 1677010.077212041709572 ], [ -1408458.725312814582139, 1655145.164273604284972 ], [ -1415961.6589922811836, 1644697.269442498218268 ], [ -1424355.148598094005138, 1640889.695607383269817 ], [ -1441654.197467368794605, 1638347.797241589985788 ], [ -1447030.928872684016824, 1639992.525907111819834 ], [ -1451194.277828352293, 1640878.193230736069381 ], [ -1474293.072167956503108, 1644455.684288938529789 ], [ -1484178.242950399173424, 1636737.676646305248141 ], [ -1486193.125733757391572, 1635737.153134060790762 ], [ -1487996.501484608277678, 1633770.721693360246718 ], [ -1503135.952232493786141, 1621940.836066699586809 ], [ -1504238.015191347105429, 1621377.644709864398465 ], [ -1515792.978335689054802, 1620963.879354824777693 ], [ -1534361.069400006905198, 1621400.631869888631627 ], [ -1545303.775344985770062, 1638934.366557574365288 ], [ -1553964.431728702504188, 1640521.622144494438544 ], [ -1567033.339947832748294, 1639175.899041815660894 ], [ -1571564.043223118875176, 1633736.224253236083314 ], [ -1580157.907912359805778, 1636645.672839065082371 ], [ -1583107.874418381368741, 1637048.191956440452486 ], [ -1582829.575691398233175, 1637554.225042545003816 ], [ -1583631.076025109970942, 1637818.746351949637756 ], [ -1589430.821495439391583, 1641418.810578758595511 ], [ -1599249.200583406025544, 1643270.80005006515421 ], [ -1601063.708283336367458, 1645306.994620722020045 ], [ -1601920.868362444918603, 1645882.220538720488548 ], [ -1602633.313103521475568, 1645847.706614325754344 ], [ -1603768.771909613162279, 1645456.552099651889876 ], [ -1605894.974183764541522, 1644237.109234273200855 ], [ -1612741.122867551166564, 1641338.292370168026537 ], [ -1614255.067942339228466, 1640521.622144494438544 ], [ -1615357.130901192547753, 1638830.85333982645534 ], [ -1617138.242753885220736, 1638865.357698808424175 ], [ -1619509.347907781833783, 1638589.324141027405858 ], [ -1619464.820111464476213, 1638704.337758425856009 ], [ -1622114.223992344690487, 1640211.064318485790864 ], [ -1625030.794651128118858, 1640199.562249860493466 ], [ -1625064.19049836602062, 1640694.155914510833099 ], [ -1627735.858277404913679, 1641660.366740370634943 ], [ -1628715.469796385616064, 1641706.377699038246647 ], [ -1629260.935301272431388, 1641096.739280043169856 ], [ -1630184.887074856786057, 1640993.217232210095972 ], [ -1630619.033088950440288, 1641177.25672082346864 ], [ -1630863.935968695906922, 1642523.086128668859601 ], [ -1633880.694169193739071, 1642442.564408522797748 ], [ -1635851.049156234366819, 1642603.608104966580868 ], [ -1637776.876346958102658, 1642293.024750648299232 ], [ -1638678.564222383545712, 1641591.350459105568007 ], [ -1638845.543458573287353, 1641177.256720824167132 ], [ -1641539.475135770859197, 1641177.256720823701471 ], [ -1647929.213907304685563, 1645249.472749120090157 ], [ -1649788.249403552385047, 1645824.697357592172921 ], [ -1653049.91048379521817, 1649483.432620046194643 ], [ -1651524.83345992770046, 1651094.364864732371643 ], [ -1650044.284232376841828, 1653085.159201985225081 ], [ -1649387.499236696632579, 1654638.778664966113865 ], [ -1648597.13085206435062, 1659530.430432735942304 ], [ -1647940.345856384141371, 1661360.728958902880549 ], [ -1647116.581624513724819, 1662201.099507340695709 ], [ -1644099.82342401589267, 1664043.106293039163575 ], [ -1643621.149613604880869, 1672022.867406589211896 ], [ -1643765.864951636176556, 1674752.463324520038441 ], [ -1644623.02503074426204, 1679682.620375647442415 ], [ -1644968.11545220320113, 1686515.044299960602075 ], [ -1647528.463740448933095, 1694110.126541790552437 ], [ -1647973.741703622043133, 1694709.53480233787559 ], [ -1648853.165680888807401, 1701961.229423744836822 ], [ -1648096.193143494427204, 1702768.387024387950078 ], [ -1640593.259464028058574, 1704475.036533949198201 ], [ -1640070.057857299689204, 1705005.505931818392128 ], [ -1640070.057857299689204, 1705293.809349568327889 ], [ -1630919.595714092487469, 1705305.341557068983093 ], [ -1626589.267522234236822, 1705685.907459909329191 ], [ -1626143.989559061126783, 1706573.917637550970539 ], [ -1626266.440998933510855, 1706573.917637551901862 ], [ -1621056.688829808495939, 1712963.931622787145898 ], [ -1618774.639268546365201, 1713944.497380383079872 ], [ -1616659.568943474208936, 1721444.251297158421949 ], [ -1616782.020383346593007, 1725679.753848589258268 ], [ -1612496.21998780593276, 1731913.18008778616786 ], [ -1613731.866335610859096, 1731751.552374163176864 ], [ -1617115.978855726309121, 1732005.539268700638786 ], [ -1624674.57228058972396, 1730181.511058807838708 ], [ -1625932.482526553561911, 1730123.790902567561716 ], [ -1640103.453704537590966, 1737640.12046655616723 ], [ -1642396.63521487894468, 1738078.934334246441722 ], [ -1643398.510632018558681, 1738494.660141796572134 ], [ -1644823.400114172371104, 1739695.686305964365602 ], [ -1645190.75443378998898, 1741970.872087458847091 ], [ -1643353.982835701201111, 1741947.772668210556731 ], [ -1640715.710903900442645, 1744777.617552799172699 ], [ -1639468.932607015827671, 1746764.484385311137885 ], [ -1639502.328454253962263, 1747446.064004709478468 ], [ -1640493.071922314120457, 1749537.133175694616511 ], [ -1640426.280227837851271, 1753153.614108379464597 ], [ -1642196.260131451068446, 1753708.266817286377773 ], [ -1641650.79462656378746, 1755811.442574533401057 ], [ -1639914.210570188937709, 1760919.931027320213616 ], [ -1638133.098717496497557, 1765798.294454015092924 ], [ -1637509.7095690544229, 1766908.204904131358489 ], [ -1636908.584318770561367, 1767694.423041810514405 ], [ -1635027.284924364415929, 1768931.61344633041881 ], [ -1632132.978163738967851, 1770064.798051162622869 ], [ -1632756.367312181275338, 1775280.462772723753005 ], [ -1617839.555545882787555, 1785391.280389595311135 ], [ -1613687.338539293967187, 1779710.638996558263898 ], [ -1614121.484553387388587, 1779016.561368067283183 ], [ -1614499.97082208446227, 1776541.185014504939318 ], [ -1613542.623201262205839, 1771706.856096670264378 ], [ -1613976.7692153560929, 1769602.267144073965028 ], [ -1613052.817441771738231, 1768885.36217023129575 ], [ -1610581.524746161419898, 1767879.419351004529744 ], [ -1609023.051875055534765, 1765647.998090071370825 ], [ -1608778.148995310533792, 1764145.087022289633751 ], [ -1603779.903858692152426, 1764110.405587144894525 ], [ -1603412.54953907453455, 1763312.746616341406479 ], [ -1602855.952085108263418, 1763093.106115849688649 ], [ -1603401.417589995544404, 1760584.724966150708497 ], [ -1603913.487247644457966, 1760607.842473259661347 ], [ -1603913.487247644457966, 1759070.577365110628307 ], [ -1604180.654025548137724, 1758874.092018256895244 ], [ -1604870.834868466248736, 1755776.773333209101111 ], [ -1607765.141629091696814, 1755765.216930680209771 ], [ -1607286.467818680452183, 1747030.182599761988968 ], [ -1607497.974851187551394, 1742525.26483920100145 ], [ -1607820.801374488277361, 1741970.872087458847091 ], [ -1607765.141629091696814, 1740677.33893701992929 ], [ -1602878.215983266709372, 1734695.656019851798192 ], [ -1603624.056571581866592, 1732859.878500835970044 ], [ -1603189.910557487979531, 1732074.808887031627819 ], [ -1598124.873726394027472, 1733287.059496808797121 ], [ -1586825.94541087676771, 1733356.332805834012106 ], [ -1580547.526130136102438, 1736866.441883757477626 ], [ -1578721.886481126537547, 1741416.492178643587977 ], [ -1579078.108851664932445, 1742825.566277015954256 ], [ -1580859.220704357372597, 1742837.116407603258267 ], [ -1580770.165111722657457, 1744407.986142050474882 ], [ -1582362.033830066444352, 1745967.407485906966031 ], [ -1582161.658746638568118, 1747838.847543301293626 ], [ -1577931.518096494022757, 1748624.434024864807725 ], [ -1578655.094786650501192, 1752945.622677197214216 ], [ -1561200.19863026519306, 1752310.104570755269378 ], [ -1558172.308480687905103, 1765486.141536627663299 ], [ -1556146.293748250696808, 1779826.32059856178239 ], [ -1553663.869103560457006, 1792763.132122461684048 ], [ -1551047.861069918377325, 1793793.293896885588765 ], [ -1545927.164493427844718, 1799176.341980495955795 ], [ -1544736.045941940043122, 1799651.036181978648528 ], [ -1543956.80950638698414, 1801248.858773285988718 ], [ -1541886.266977632418275, 1803437.359753586351871 ], [ -1541607.968250649049878, 1804873.314031556481495 ], [ -1541118.16249115858227, 1805579.743594298139215 ], [ -1539103.279707800364122, 1806459.915533736813813 ], [ -1538802.717082658549771, 1806807.361049528000876 ], [ -1538446.494712120154873, 1806726.289962070994079 ], [ -1529663.386888530571014, 1810073.604338138829917 ], [ -1527681.899952410487458, 1818971.252365496009588 ], [ -1527036.246905809501186, 1820442.939982026116922 ], [ -1526791.344026064267382, 1819724.466525426832959 ], [ -1525333.058696672320366, 1817627.116154516115785 ], [ -1523362.703709631459787, 1815889.125513502163813 ], [ -1522650.258968554669991, 1815657.403351094806567 ], [ -1522149.321259984746575, 1815958.642617363482714 ], [ -1521158.577791924821213, 1817140.465532516827807 ], [ -1520757.827625068835914, 1817314.268143378663808 ], [ -1518820.868485266109928, 1817036.184596701757982 ], [ -1517362.583155873930082, 1817140.465532516129315 ], [ -1511251.143111323239282, 1820130.053615703713149 ], [ -1509559.0868512657471, 1820373.409309783484787 ], [ -1508924.565753743983805, 1820292.290458397008479 ], [ -1507199.113646448357031, 1819793.995231994660571 ], [ -1506486.668905371101573, 1819400.002012057462707 ], [ -1505262.154506645165384, 1819133.481020131614059 ], [ -1504527.445867409463972, 1819376.826150833629072 ], [ -1501443.89597243629396, 1821775.651922236196697 ], [ -1500675.791485962457955, 1821509.103340300032869 ], [ -1500019.006490282015875, 1820280.702074460685253 ], [ -1500141.457930154632777, 1819898.288686671294272 ], [ -1502701.80621839989908, 1819006.015552164521068 ], [ -1503770.473330015316606, 1818148.538970019202679 ], [ -1504338.202733061043546, 1817233.160094788530841 ], [ -1504404.994427537079901, 1816109.263729766476899 ], [ -1504137.827649633167312, 1815495.199226036900654 ], [ -1502690.674269320676103, 1814058.584020404145122 ], [ -1501755.590546657098457, 1813989.072655287571251 ], [ -1501098.805550976656377, 1814255.534027794143185 ], [ -1500074.666235678829253, 1816155.608885852620006 ], [ -1499262.033952887868509, 1817024.59785525361076 ], [ -1498360.346077462425455, 1817314.268143378198147 ], [ -1498070.915401399834082, 1817163.639138045720756 ], [ -1497803.748623495921493, 1815761.678035350516438 ], [ -1496646.025919245788828, 1814406.14399371878244 ], [ -1489332.335374127607793, 1811382.547855049371719 ], [ -1488898.189360033953562, 1810896.029201902681962 ], [ -1489165.356137937866151, 1806263.03205935889855 ], [ -1487718.202757625374943, 1804479.57576788100414 ], [ -1487651.411063149338588, 1803888.980932101840153 ], [ -1487940.841739211929962, 1802534.14381894399412 ], [ -1487339.71648892830126, 1800345.728130341973156 ], [ -1486315.577173630008474, 1798562.727278385311365 ], [ -1485213.514214776689187, 1797451.315523257479072 ], [ -1483699.569139988161623, 1796559.909110073931515 ], [ -1482575.242282975930721, 1796455.720982175786048 ], [ -1482007.512879930436611, 1796038.973141038557515 ], [ -1481896.193389137042686, 1795610.65675644017756 ], [ -1482063.172625326784328, 1794997.136220911052078 ], [ -1483254.291176815051585, 1793862.74464567610994 ], [ -1483799.756681702099741, 1792890.453019094420597 ], [ -1483777.492783543420956, 1792126.538080418016762 ], [ -1483176.367533259792253, 1791420.517762465169653 ], [ -1481283.936189774191007, 1790471.474971441784874 ], [ -1480526.96365237981081, 1789672.920114279026166 ], [ -1480359.984416189836338, 1788457.780392191605642 ], [ -1480760.734583045588806, 1785911.978434550575912 ], [ -1480270.928823555354029, 1783725.124563128687441 ], [ -1479168.865864701801911, 1782521.863588625332341 ], [ -1476964.739946995163336, 1780867.480705388356 ], [ -1476753.232914487831295, 1780520.42219782830216 ], [ -1476686.44122001179494, 1779999.844071740750223 ], [ -1477087.191386867547408, 1779664.366515558212996 ], [ -1477777.37222978612408, 1779872.593399171018973 ], [ -1478333.969683752162382, 1780393.16869938140735 ], [ -1478656.796207052655518, 1780451.011113029904664 ], [ -1479179.997813781024888, 1780173.368829253129661 ], [ -1479680.935522350948304, 1779085.968206614023075 ], [ -1479658.671624192269519, 1777697.870445566950366 ], [ -1476452.670289346016943, 1774794.697941134916618 ], [ -1474526.843098622513935, 1773453.11387135554105 ], [ -1470307.834397557424381, 1769463.509641554905102 ], [ -1470708.584564413176849, 1768203.166382058756426 ], [ -1471554.612694442039356, 1767035.385474577313289 ], [ -1472645.543704215902835, 1766850.395780409453437 ], [ -1474515.711149543058127, 1767440.055484483717009 ], [ -1475061.176654430106282, 1767058.509288268396631 ], [ -1475250.419788778759539, 1766688.530986980767921 ], [ -1475183.628094302723184, 1764827.165586069226265 ], [ -1473736.474713989766315, 1762642.271476663183421 ], [ -1472767.995144088752568, 1760180.172243129694834 ], [ -1472556.488111581420526, 1759856.535037714755163 ], [ -1471921.967014059657231, 1759486.669357366394252 ], [ -1471009.14718955475837, 1759521.344019721029326 ], [ -1469506.334063845686615, 1761162.669412306277081 ], [ -1468871.81296632415615, 1761440.087755970191211 ], [ -1467914.46534550213255, 1761370.732865372207016 ], [ -1467346.735942456172779, 1761208.905577235389501 ], [ -1463072.067495994735509, 1758816.302520217141137 ], [ -1456882.703807888552547, 1756285.260611561359838 ], [ -1456927.231604205910116, 1755880.781208997825161 ], [ -1457506.092956331092864, 1755557.202646597288549 ], [ -1457661.940243441378698, 1755268.296940454980358 ], [ -1456871.571858809329569, 1754170.487291037570685 ], [ -1456749.120418936479837, 1752818.517697836272418 ], [ -1458229.669646487105638, 1749883.736946117831394 ], [ -1458819.662947691278532, 1747550.035488540306687 ], [ -1458674.947609660215676, 1746660.516323922201991 ], [ -1458274.197442804463208, 1746348.614856699714437 ], [ -1455814.036696273135021, 1745586.206200693035498 ], [ -1454467.070857674349099, 1744754.515422120457515 ], [ -1453008.785528282867745, 1744315.579182655084878 ], [ -1452452.188074316130951, 1744315.579182655550539 ], [ -1449390.902077501174062, 1744639.005103754345328 ], [ -1447175.64421071507968, 1746313.959389664465562 ], [ -1445149.629478277405724, 1746360.166690224548802 ], [ -1443680.212199806235731, 1747041.734763143118471 ], [ -1443179.274491236545146, 1746949.31761267175898 ], [ -1443056.823051363928244, 1745436.037667986936867 ], [ -1442722.86457898421213, 1744084.563347198534757 ], [ -1442756.260426222346723, 1742513.714859182247892 ], [ -1443034.559153205016628, 1741682.130949323065579 ], [ -1442845.316018856829032, 1740700.437130448641255 ], [ -1442411.170004762709141, 1740284.673057112144306 ], [ -1441810.044754479313269, 1740180.733166423859075 ], [ -1440685.717897467082366, 1740319.319787567714229 ], [ -1439739.502225724514574, 1740677.338937020394951 ], [ -1439027.057484647491947, 1740538.750244295224547 ], [ -1438837.81435029883869, 1740192.282020896440372 ], [ -1438837.81435029883869, 1739822.721439307089895 ], [ -1439227.432568075368181, 1739176.004136936971918 ], [ -1440986.280522609129548, 1737871.074133003363386 ], [ -1441253.447300512809306, 1737386.074001699918881 ], [ -1441409.294587623327971, 1731589.925746053690091 ], [ -1440852.697133657289669, 1730331.584112384123728 ], [ -1439516.863244137959555, 1728923.243004078511149 ], [ -1438648.571215950418264, 1728380.707324088318273 ], [ -1436967.646904972149059, 1727999.785312102176249 ], [ -1434852.576579899527133, 1728034.414337264373899 ], [ -1430867.338809500448406, 1725875.966781902126968 ], [ -1430121.498221185756847, 1725171.916012811008841 ], [ -1428796.79628074564971, 1722436.700324471108615 ], [ -1428629.817044555675238, 1721351.932526635238901 ], [ -1428830.192127983551472, 1720590.316103519173339 ], [ -1430388.664999089203775, 1718501.763653594534844 ], [ -1431134.505587404360995, 1718547.91756382281892 ], [ -1432036.193462830036879, 1718986.384094033157453 ], [ -1433360.895403269678354, 1720163.35980037576519 ], [ -1433705.985824729083106, 1720255.674038923811167 ], [ -1435097.479459644993767, 1720209.516875666333362 ], [ -1435520.49352465942502, 1720001.81072955345735 ], [ -1435865.583946118596941, 1719344.086349254939705 ], [ -1435809.924200721783563, 1718190.227057788521051 ], [ -1435197.667001358931884, 1717278.717042387928814 ], [ -1434585.409801995847374, 1716782.593074908712879 ], [ -1432692.978458510246128, 1715894.210382852004841 ], [ -1431924.873972036642954, 1715248.134298500372097 ], [ -1431279.220925435656682, 1714255.979487754404545 ], [ -1430733.755420548375696, 1712502.50259619881399 ], [ -1429999.046781312907115, 1712191.042951866285875 ] ] ] ] } },
{ "type": "Feature", "properties": { "GID_1": "SEN.10_1", "GID_0": "SEN", "COUNTRY": "Senegal", "NAME_1": "Saint-Louis", "VARNAME_1": "Fleuve|ValléeduFleuve", "NL_NAME_1": "NA", "TYPE_1": "Région", "ENGTYPE_1": "Region", "CC_1": "4", "HASC_1": "SN.ST", "ISO_1": "SN-SL", "area_ha": 2025756.7151895985, "carbon_mean": 12.15, "carbon_min": 7.8, "carbon_max": 95.48, "carbon_median": 11.08, "carbon_std": 4.51, "carbon_pixel_count": 3781110 }, "geometry": { "type": "MultiPolygon", "coordinates": [ [ [ [ -1554532.161131748231128, 1830677.838652988197282 ], [ -1553229.723089466802776, 1831466.220187714556232 ], [ -1552060.868436137447134, 1831929.986754822544754 ], [ -1551704.646065598819405, 1831860.421168798580766 ], [ -1551214.840306108584628, 1831269.122250906890258 ], [ -1550758.430393856018782, 1831048.838335915468633 ], [ -1549634.103536844020709, 1831373.468005398986861 ], [ -1549222.221420908812433, 1828092.601946256821975 ], [ -1548832.603203132282943, 1827524.584641892462969 ], [ -1547530.165160851087421, 1826794.297411439474672 ], [ -1546839.98431793297641, 1826979.764975183177739 ], [ -1545637.733817365486175, 1827744.834574582288042 ], [ -1545348.303141302894801, 1827744.83457458182238 ], [ -1544279.636029687710106, 1826968.173208390362561 ], [ -1543901.149760990403593, 1826539.281966627808288 ], [ -1543734.170524800661951, 1825843.799745717318729 ], [ -1544780.573738257400692, 1824313.813240838237107 ], [ -1544980.948821685509756, 1823131.620942641515285 ], [ -1544891.893229050561786, 1822482.600122825009748 ], [ -1543756.434422959340736, 1820952.838015698362142 ], [ -1543622.851034007268026, 1819817.171514311339706 ], [ -1542420.600533440010622, 1819469.529736080672592 ], [ -1541830.607232235604897, 1817291.094386008335277 ], [ -1541374.197319983039051, 1816989.837665944593027 ], [ -1540773.072069699410349, 1817372.202639011200517 ], [ -1539158.939453196944669, 1819411.589951442321762 ], [ -1537567.070734853390604, 1820454.528447880642489 ], [ -1535730.299136764137074, 1821312.091161870630458 ], [ -1533225.610593915451318, 1821080.314294605981559 ], [ -1531077.144421605393291, 1821740.884540220722556 ], [ -1530342.435782369691879, 1822100.150029473938048 ], [ -1529474.143754182383418, 1822934.594822587678209 ], [ -1527492.656818062067032, 1825461.293533393647522 ], [ -1527058.510803968179971, 1825739.479235654929653 ], [ -1526457.385553684551269, 1825785.843848088523373 ], [ -1525555.697678259108216, 1825380.156673752702773 ], [ -1525299.662849434418604, 1824302.222824143711478 ], [ -1525533.433780100429431, 1823467.728233348578215 ], [ -1527147.566396602895111, 1821787.241061287233606 ], [ -1527292.281734634190798, 1821404.802564471494406 ], [ -1527036.246905809501186, 1820442.939982026116922 ], [ -1527681.899952410487458, 1818971.252365496009588 ], [ -1529663.386888530571014, 1810073.604338138829917 ], [ -1538446.494712120154873, 1806726.289962070994079 ], [ -1538802.717082658549771, 1806807.361049528000876 ], [ -1539103.279707800364122, 1806459.915533736813813 ], [ -1541118.16249115858227, 1805579.743594298139215 ], [ -1541607.968250649049878, 1804873.314031556481495 ], [ -1541886.266977632418275, 1803437.359753586351871 ], [ -1543956.80950638698414, 1801248.858773285988718 ], [ -1544736.045941940043122, 1799651.036181978648528 ], [ -1545927.164493427844718, 1799176.341980495955795 ], [ -1551047.861069918377325, 1793793.293896885588765 ], [ -1553663.869103560457006, 1792763.132122461684048 ], [ -1556146.293748250696808, 1779826.32059856178239 ], [ -1558172.308480687905103, 1765486.141536627663299 ], [ -1561200.19863026519306, 1752310.104570755269378 ], [ -1578655.094786650501192, 1752945.622677197214216 ], [ -1577931.518096494022757, 1748624.434024864807725 ], [ -1582161.658746638568118, 1747838.847543301293626 ], [ -1582362.033830066444352, 1745967.407485906966031 ], [ -1580770.165111722657457, 1744407.986142050474882 ], [ -1580859.220704357372597, 1742837.116407603258267 ], [ -1579078.108851664932445, 1742825.566277015954256 ], [ -1578721.886481126537547, 1741416.492178643587977 ], [ -1580547.526130136102438, 1736866.441883757477626 ], [ -1586825.94541087676771, 1733356.332805834012106 ], [ -1598124.873726394027472, 1733287.059496808797121 ], [ -1603189.910557487979531, 1732074.808887031627819 ], [ -1603624.056571581866592, 1732859.878500835970044 ], [ -1602878.215983266709372, 1734695.656019851798192 ], [ -1607765.141629091696814, 1740677.33893701992929 ], [ -1607820.801374488277361, 1741970.872087458847091 ], [ -1607497.974851187551394, 1742525.26483920100145 ], [ -1607286.467818680452183, 1747030.182599761988968 ], [ -1607765.141629091696814, 1755765.216930680209771 ], [ -1604870.834868466248736, 1755776.773333209101111 ], [ -1604180.654025548137724, 1758874.092018256895244 ], [ -1603913.487247644457966, 1759070.577365110628307 ], [ -1603913.487247644457966, 1760607.842473259661347 ], [ -1603401.417589995544404, 1760584.724966150708497 ], [ -1602855.952085108263418, 1763093.106115849688649 ], [ -1603412.54953907453455, 1763312.746616341406479 ], [ -1603779.903858692152426, 1764110.405587144894525 ], [ -1608778.148995310533792, 1764145.087022289633751 ], [ -1609023.051875055534765, 1765647.998090071370825 ], [ -1610581.524746161419898, 1767879.419351004529744 ], [ -1613052.817441771738231, 1768885.36217023129575 ], [ -1613976.7692153560929, 1769602.267144073965028 ], [ -1613542.623201262205839, 1771706.856096670264378 ], [ -1614499.97082208446227, 1776541.185014504939318 ], [ -1614121.484553387388587, 1779016.561368067283183 ], [ -1613687.338539293967187, 1779710.638996558263898 ], [ -1617828.423596803331748, 1785368.138523469679058 ], [ -1624641.176433352055028, 1797034.549826289992779 ], [ -1625175.509989159414545, 1796999.819689020281658 ], [ -1626344.364642489003018, 1795610.65675644017756 ], [ -1630819.408172378549352, 1796282.075140276225284 ], [ -1630407.526056443573907, 1799732.08250402379781 ], [ -1631387.137575424043462, 1801769.911686840467155 ], [ -1634582.00696119107306, 1798250.137345502851531 ], [ -1636875.188471532659605, 1796953.512920085107908 ], [ -1639569.120148729765788, 1795761.145397782558575 ], [ -1641138.724968914873898, 1794765.623243694659323 ], [ -1643209.267497669905424, 1792554.790338644525036 ], [ -1646259.421545405639336, 1790853.402180124074221 ], [ -1648997.881018920335919, 1789846.516670155338943 ], [ -1651958.97947402112186, 1794869.803798283683136 ], [ -1654574.98750766296871, 1796432.568128296174109 ], [ -1662478.671353985788301, 1804711.185699843568727 ], [ -1666508.436920701991767, 1801989.915323079563677 ], [ -1680890.915131192887202, 1800762.553286885144189 ], [ -1684219.367905911756679, 1798354.333522166823968 ], [ -1685521.805948193185031, 1798493.262485132319853 ], [ -1691421.73896023677662, 1800334.149760712636635 ], [ -1692356.822682900121436, 1801515.173243457917124 ], [ -1693837.371910450514406, 1805487.09586514160037 ], [ -1694583.212498765438795, 1805765.040165986400098 ], [ -1695406.976730635855347, 1806818.9426566620823 ], [ -1696286.400707902386785, 1807305.375397011637688 ], [ -1696698.282823837827891, 1807803.400477624963969 ], [ -1699982.207802239339799, 1809146.963555075461045 ], [ -1701329.173640838125721, 1810293.686992013594136 ], [ -1705191.959971364587545, 1808475.172245645197108 ], [ -1708731.919778590789065, 1808185.613053350010887 ], [ -1711459.247303025797009, 1811069.784685523016378 ], [ -1712839.608988862251863, 1808706.822213492821902 ], [ -1712973.192377814557403, 1806575.730125429807231 ], [ -1712193.955942261498421, 1804514.317109900293872 ], [ -1714876.755670379148796, 1804467.995332131395116 ], [ -1717848.986074559623376, 1802881.530394681496546 ], [ -1715978.818629232700914, 1797775.471790621057153 ], [ -1716301.645152533426881, 1794221.576816366286948 ], [ -1717615.215143893845379, 1794869.803798283683136 ], [ -1719875.000806997064501, 1795344.410007734782994 ], [ -1723481.752308699535206, 1793677.543109451420605 ], [ -1725730.40602272353135, 1792971.475770343327895 ], [ -1727878.872195033822209, 1792809.430549778742716 ], [ -1730517.144126834580675, 1793330.294200897682458 ], [ -1729281.497779028955847, 1795656.960850032046437 ], [ -1728980.935153887374327, 1796965.089603666681796 ], [ -1730639.595566706964746, 1799419.47682177554816 ], [ -1739088.744917916599661, 1803796.339972139103338 ], [ -1751578.791784921661019, 1815321.410360918147489 ], [ -1761430.566720126196742, 1826284.269364438951015 ], [ -1762343.386544631095603, 1826052.442192455986515 ], [ -1764302.609582592733204, 1824812.206707815639675 ], [ -1766629.186940172221512, 1823004.133259793510661 ], [ -1771983.654447328764945, 1818194.888237323611975 ], [ -1772896.474271833663806, 1816514.787011884851381 ], [ -1776703.600856963545084, 1814985.422276541125029 ], [ -1785831.799102011835203, 1810397.937402891693637 ], [ -1788113.84866327396594, 1809702.943560437299311 ], [ -1792555.496345925610512, 1807189.557149222353473 ], [ -1795093.580736012198031, 1806656.800684845773503 ], [ -1796663.185556197538972, 1805880.851277198409662 ], [ -1797253.178857401944697, 1805047.024219067767262 ], [ -1797052.803773974068463, 1804676.444062268361449 ], [ -1799724.471553012728691, 1800612.032227214425802 ], [ -1805568.744819659274071, 1795900.058854373870417 ], [ -1807038.162098130909726, 1794858.228158064885065 ], [ -1809208.892168599646538, 1793746.993512831395492 ], [ -1809665.302080851746723, 1793295.569594947621226 ], [ -1809676.434029931202531, 1792936.751699569867924 ], [ -1810188.503687580116093, 1792300.152911742450669 ], [ -1810644.913599832449108, 1790575.636316905496642 ], [ -1811257.170799195766449, 1789904.382475923513994 ], [ -1811535.469526178436354, 1790286.300395189551637 ], [ -1812259.04621633538045, 1789198.429453356424347 ], [ -1813316.581378871109337, 1788295.766543407458812 ], [ -1815787.8740744816605, 1787555.146125146653503 ], [ -1816355.603477527620271, 1787138.557463300880045 ], [ -1817056.91626952518709, 1785564.845115775708109 ], [ -1817335.214996508322656, 1785310.283958380809054 ], [ -1818203.507024696096778, 1785194.57525771507062 ], [ -1818648.784987868741155, 1785680.555649198126048 ], [ -1818838.028122217394412, 1786235.974184033460915 ], [ -1819550.472863294649869, 1786166.546145268715918 ], [ -1820396.500993323512375, 1785530.132067443570122 ], [ -1822645.154707347741351, 1785264.000409394269809 ], [ -1826719.448070381302387, 1785287.142172433203086 ], [ -1830593.36634998745285, 1785923.549633970251307 ], [ -1832385.610151758883148, 1785749.98224420286715 ], [ -1835580.479537525912747, 1784581.328703614417464 ], [ -1839142.70324291056022, 1781989.671730324393138 ], [ -1840534.196877826470882, 1781758.287738096434623 ], [ -1840801.363655730616301, 1780601.402056563878432 ], [ -1841235.509669824037701, 1780705.519428938161582 ], [ -1840534.196877826470882, 1782683.837424741126597 ], [ -1839387.606122655794024, 1787369.99469130858779 ], [ -1839209.494937386596575, 1790436.75462636933662 ], [ -1838920.064261324238032, 1792091.815269435755908 ], [ -1838563.841890785843134, 1799199.497569914907217 ], [ -1838307.807061961153522, 1800380.46327390964143 ], [ -1838296.675112881697714, 1803750.019631175789982 ], [ -1838029.508334977552295, 1805811.364540876122192 ], [ -1837873.661047867266461, 1811869.076773445354775 ], [ -1834923.694541845470667, 1811926.997566690668464 ], [ -1834890.298694607801735, 1812332.447194552514702 ], [ -1834467.284629592904821, 1812645.227495247730985 ], [ -1833665.784295881865546, 1813919.561499999370426 ], [ -1832942.207605725154281, 1814278.704727655043826 ], [ -1832541.457438869634643, 1815506.785197047516704 ], [ -1831261.283294747117907, 1816144.022588076302782 ], [ -1830905.060924208257347, 1816653.825211850460619 ], [ -1830860.533127890899777, 1816931.904133877949789 ], [ -1831105.436007636366412, 1817360.615728203905746 ], [ -1832073.91557753784582, 1818044.25346041820012 ], [ -1832441.269897155463696, 1818646.798493717331439 ], [ -1832452.401846235152334, 1819017.60329274716787 ], [ -1831918.068290427094325, 1820269.113696374930441 ], [ -1832252.026762806577608, 1822331.937203282490373 ], [ -1831973.728035823907703, 1822841.877234493847936 ], [ -1832263.158711886033416, 1824881.750844658585265 ], [ -1832140.707272013649344, 1826203.129587072879076 ], [ -1830893.92897512880154, 1828301.264908797107637 ], [ -1830148.088386814109981, 1829217.085996982175857 ], [ -1829057.157377040246502, 1829935.857373483479023 ], [ -1827454.156709617003798, 1830341.625398240284994 ], [ -1825795.496296796947718, 1829541.689624314196408 ], [ -1824893.808421371504664, 1829727.179482427658513 ], [ -1824481.926305436529219, 1830017.0104016198311 ], [ -1822945.717332489322871, 1831953.1753306358587 ], [ -1822533.835216554114595, 1833796.742556135402992 ], [ -1821988.36971166706644, 1834875.124575881520286 ], [ -1820975.362345448462293, 1835744.824681617552415 ], [ -1820797.251160179032013, 1836092.714024855289608 ], [ -1820886.306752813514322, 1836985.654343296773732 ], [ -1821231.397174272686243, 1837681.476284831995144 ], [ -1822077.425304301548749, 1838435.307409541448578 ], [ -1822422.51572576072067, 1839235.555489881196991 ], [ -1822467.043522078543901, 1839931.446289665531367 ], [ -1822222.140642332844436, 1841102.910613871645182 ], [ -1821743.466831921832636, 1842228.037209490081295 ], [ -1821142.341581638203934, 1842993.619154599029571 ], [ -1820429.896840561414137, 1843562.022462501190603 ], [ -1819338.965830787317827, 1843852.029638727195561 ], [ -1818314.826515489025041, 1845464.537202488863841 ], [ -1818604.257191551616415, 1848539.060366702033207 ], [ -1818403.882108123973012, 1850685.673285546479747 ], [ -1817580.11787625355646, 1851730.045192484976724 ], [ -1816901.068982414668426, 1851985.343448379542679 ], [ -1816132.964495940832421, 1851962.134396752808243 ], [ -1815965.98525975109078, 1852263.853928746655583 ], [ -1815832.401870799250901, 1856407.103304706281051 ], [ -1815598.630940133007243, 1857741.925667790230364 ], [ -1814630.151370231993496, 1859274.1671614095103 ], [ -1813227.525786236394197, 1859947.457786777289584 ], [ -1813116.206295443465933, 1861108.351037398213521 ], [ -1813227.525786236394197, 1862722.092271069297567 ], [ -1813016.018753729062155, 1863581.25360668823123 ], [ -1812459.421299763256684, 1864335.949476456036791 ], [ -1810845.288683260325342, 1865450.623656847048551 ], [ -1808540.975223839981481, 1866170.546843494521454 ], [ -1806670.807778512826189, 1865787.359044156270102 ], [ -1804911.959823979064822, 1864858.446101924171671 ], [ -1802329.347637575119734, 1865032.614348067902029 ], [ -1801538.979252942604944, 1865659.631233014632016 ], [ -1800692.951122913742438, 1865926.699304337147623 ], [ -1799123.346302728634328, 1867773.039534646784887 ], [ -1798466.561307048425078, 1868272.390390887390822 ], [ -1796340.359032897045836, 1869085.310953083680943 ], [ -1795973.004713279427961, 1868876.27141788508743 ], [ -1794626.038874680642039, 1869224.671727729495615 ], [ -1793724.350999254733324, 1869224.671727729495615 ], [ -1792677.947785797994584, 1868667.233834597747773 ], [ -1792254.933720784028992, 1868028.519977137912065 ], [ -1792043.42668827646412, 1867238.862570370780304 ], [ -1792266.0656698634848, 1865427.400713075185195 ], [ -1789572.133992665912956, 1863604.474639663239941 ], [ -1787835.549936290830374, 1861375.364965707762167 ], [ -1787423.667820355622098, 1860435.02565085911192 ], [ -1787045.181551658781245, 1860202.849158957134932 ], [ -1786154.625625312561169, 1860202.849158957134932 ], [ -1785230.6738517282065, 1860481.461236949078739 ], [ -1784495.965212492505088, 1860910.994955343892798 ], [ -1782714.853359800297767, 1862547.941953407833353 ], [ -1782002.408618723042309, 1862954.294795471709222 ], [ -1781367.887521201744676, 1863070.396958131343126 ], [ -1780711.102525521302596, 1863035.566246297210455 ], [ -1779575.643719430081546, 1862605.9919092443306 ], [ -1778295.46957530756481, 1861723.648770755389705 ], [ -1777916.983306610025465, 1861050.304951022844762 ], [ -1777438.309496199013665, 1860945.822373316157609 ], [ -1776748.128653280902654, 1863616.085165160242468 ], [ -1774610.794430050067604, 1867471.111859343713149 ], [ -1770881.591488475212827, 1869909.874825190752745 ], [ -1770748.008099523372948, 1868841.431685127317905 ], [ -1771371.397247965680435, 1866321.501411246834323 ], [ -1772696.099188405787572, 1863790.243768296204507 ], [ -1771471.584789679385722, 1864370.782206265488639 ], [ -1769133.875483020907268, 1864730.72358086053282 ], [ -1766473.339653061470017, 1864370.782206265954301 ], [ -1765838.818555539939553, 1864034.068083058809862 ], [ -1765504.860083160223439, 1863511.590651888633147 ], [ -1765371.276694207917899, 1861770.087019323371351 ], [ -1764836.943138400558382, 1861921.011990062193945 ], [ -1762599.421373455785215, 1863337.434210689738393 ], [ -1761163.399942222516984, 1863767.02254313416779 ], [ -1760061.336983368964866, 1863720.580164881655946 ], [ -1756821.939801284810528, 1862234.474784508114681 ], [ -1751100.117974510416389, 1861445.021294857142493 ], [ -1749274.478325501084328, 1860144.805410576751456 ], [ -1747716.005454394966364, 1859459.900493346853182 ], [ -1747471.10257464973256, 1859552.767734410474077 ], [ -1747014.692662397399545, 1860249.284265539143234 ], [ -1746469.22715751058422, 1860458.243431916227564 ], [ -1742138.898965652333573, 1860864.558481988497078 ], [ -1741036.836006798548624, 1861201.225087423808873 ], [ -1740268.73152032517828, 1861653.991577869281173 ], [ -1739845.717455310514197, 1862002.279701957944781 ], [ -1739689.870168200228363, 1862675.65205431333743 ], [ -1740224.20372400758788, 1864335.949476455803961 ], [ -1740168.543978611240163, 1864835.223771278513595 ], [ -1739990.432793342042714, 1865311.286354935029522 ], [ -1739200.064408709527925, 1866066.040430512279272 ], [ -1738064.605602618306875, 1866077.652230118401349 ], [ -1737764.042977476259694, 1865868.64075735793449 ], [ -1736428.209087956929579, 1866124.09948869026266 ], [ -1735615.576805166201666, 1865798.970699431374669 ], [ -1733812.20105431531556, 1864498.502678212476894 ], [ -1732287.124030447332188, 1864161.78663848596625 ], [ -1730428.088534199632704, 1864335.949476455803961 ], [ -1727478.12202817783691, 1865264.840780006954446 ], [ -1726732.281439863145351, 1865729.300857987022027 ], [ -1726487.378560117911547, 1866112.487665025051683 ], [ -1726643.225847228197381, 1866565.353245105128735 ], [ -1727723.024907923070714, 1868028.519977136980742 ], [ -1727656.233213447034359, 1869213.058296701638028 ], [ -1727233.219148432603106, 1870026.013022870523855 ], [ -1726620.961949069751427, 1870688.012262380216271 ], [ -1725964.176953389542177, 1871082.898331059375778 ], [ -1723448.356461461167783, 1872197.908407345879823 ], [ -1723003.078498288290575, 1872894.817952678073198 ], [ -1722056.862826545489952, 1873463.976874299580231 ], [ -1720776.688682422973216, 1873452.3612411392387 ], [ -1720041.980043187271804, 1873138.741429101210088 ], [ -1718605.958611954003572, 1871942.380352630279958 ], [ -1717815.590227321721613, 1870490.571842541452497 ], [ -1717470.499805862549692, 1868376.907095476286486 ], [ -1716969.562097293091938, 1867773.039534646086395 ], [ -1715789.575494884047657, 1867262.087390928296372 ], [ -1714242.234572857851163, 1867029.840268647065386 ], [ -1713307.150850194040686, 1867296.924666905077174 ], [ -1711570.566793819190934, 1868307.229238215368241 ], [ -1709945.302228237269446, 1869712.441272565163672 ], [ -1709444.36451966734603, 1869863.419714908115566 ], [ -1708230.982070020865649, 1869642.759258128702641 ], [ -1707551.933176181977615, 1869735.668658929876983 ], [ -1704913.661244381451979, 1871152.584831717424095 ], [ -1704201.216503304662183, 1871291.958484560484067 ], [ -1702130.673974549397826, 1871059.669545765966177 ], [ -1699982.207802239339799, 1870467.343672433868051 ], [ -1699102.78382497257553, 1870629.941369745647535 ], [ -1698356.943236657883972, 1870537.028255123179406 ], [ -1696664.886976599926129, 1868969.17763698217459 ], [ -1695896.782490126322955, 1868760.139186208602041 ], [ -1694939.434869304066524, 1868806.59200658951886 ], [ -1692267.767090265406296, 1870641.555536210536957 ], [ -1689963.453630844596773, 1871605.552379980217665 ], [ -1689440.252024116227403, 1872081.758929413277656 ], [ -1689284.40473700594157, 1872732.203781264368445 ], [ -1688917.050417387858033, 1872929.664000538410619 ], [ -1687714.799916820367798, 1872906.433295926079154 ], [ -1685109.923832257976755, 1871884.306202145759016 ], [ -1684096.916466039372608, 1871675.240509653231129 ], [ -1682616.367238488746807, 1871895.921020172769204 ], [ -1679766.58827418112196, 1874230.622021234594285 ], [ -1679087.539380342001095, 1875194.773744832957163 ], [ -1679120.935227579902858, 1876182.201216387329623 ], [ -1680312.053779067937285, 1877936.444903854746372 ], [ -1682393.728256902424619, 1878203.659701050492004 ], [ -1683039.38130350317806, 1878680.0070703944657 ], [ -1683184.096641534473747, 1879481.687835909426212 ], [ -1682950.32571086823009, 1880608.737144366139546 ], [ -1680890.915131192887202, 1883118.660320272669196 ], [ -1680267.525982750579715, 1883327.833374183392152 ], [ -1679399.233954563038424, 1883211.625878975493833 ], [ -1678430.754384661791846, 1882735.18150048260577 ], [ -1677785.101338060572743, 1881759.083440428366885 ], [ -1676939.073208031710237, 1879319.025636839680374 ], [ -1675825.878300098935142, 1877576.290898916544393 ], [ -1675503.051776798442006, 1877518.202088319463655 ], [ -1674990.982119149528444, 1878087.478960711276159 ], [ -1674389.856868865666911, 1877855.119297229684889 ], [ -1673477.03704436076805, 1877855.119297229219228 ], [ -1670460.278843863168731, 1879005.323322353651747 ], [ -1670026.132829769514501, 1879330.644325940636918 ], [ -1669547.45901935826987, 1880364.731938854325563 ], [ -1669335.95198685140349, 1883955.36434916825965 ], [ -1668601.243347615469247, 1884873.450859071454033 ], [ -1668178.229282601270825, 1885012.910357960266992 ], [ -1667454.65259244479239, 1884826.96455406374298 ], [ -1664515.818035502219573, 1883234.867329409113154 ], [ -1664359.970748391933739, 1882200.646303229266778 ], [ -1664738.457017089007422, 1880666.834016178036109 ], [ -1664627.137526295613497, 1879865.110578217310831 ], [ -1663602.998210997553542, 1878203.659701050026342 ], [ -1662645.650590175529942, 1877855.119297229684889 ], [ -1661743.962714749854058, 1878436.022999130422249 ], [ -1660552.844163261819631, 1879679.20781796425581 ], [ -1660029.642556533450261, 1879899.967518579913303 ], [ -1659951.718912978423759, 1878656.770377052249387 ], [ -1659784.739676788216457, 1878331.459215108072385 ], [ -1659027.76713939406909, 1877831.883464131969959 ], [ -1658382.114092793315649, 1877831.883464131969959 ], [ -1657947.968078699195758, 1878087.478960710577667 ], [ -1657625.141555398702621, 1878726.480529793538153 ], [ -1657079.676050511887297, 1880852.745025208918378 ], [ -1656556.474443783517927, 1881259.430772841209546 ], [ -1656155.724276927532628, 1881271.050474860938266 ], [ -1655710.44631375442259, 1880980.559744913829491 ], [ -1654708.570896614808589, 1879377.119142966112122 ], [ -1654497.063864107942209, 1878633.533707949332893 ], [ -1654263.292933441931382, 1878470.877702859928831 ], [ -1652192.750404687365517, 1878935.612296955427155 ], [ -1651825.39608506928198, 1878923.993813934503123 ], [ -1650678.805329898605123, 1878273.368436028948054 ], [ -1650344.846857518656179, 1878412.78656027186662 ], [ -1650022.020334218163043, 1878912.375336973927915 ], [ -1650044.284232376841828, 1879621.1135237084236 ], [ -1649777.117454472929239, 1880213.682437875308096 ], [ -1648986.749069840880111, 1880539.021098387427628 ], [ -1648419.01966679492034, 1880039.395825794199482 ], [ -1646949.602388323750347, 1878099.09700748603791 ], [ -1646381.872985278023407, 1877680.851139498641714 ], [ -1645869.803327629109845, 1877913.208985963370651 ], [ -1644945.851554044755176, 1879818.634742628317326 ], [ -1644378.122150999028236, 1880480.924560226965696 ], [ -1644088.691474936669692, 1880701.692212064517662 ], [ -1643643.413511763792485, 1880736.550462553510442 ], [ -1642830.781228972831741, 1880248.539924044860527 ], [ -1642329.843520402908325, 1879644.351223221980035 ], [ -1642196.260131451068446, 1878831.046167939435691 ], [ -1642396.63521487894468, 1877855.119297229684889 ], [ -1642240.787927768193185, 1877436.878007811494172 ], [ -1641005.141579963034019, 1876635.270802769111469 ], [ -1640348.35658428282477, 1876461.01218027737923 ], [ -1640114.585653616813943, 1876751.443974286317825 ], [ -1640626.655311265960336, 1877669.233310766518116 ], [ -1640604.39141310704872, 1877913.208985963370651 ], [ -1639424.404810698470101, 1878157.187332222936675 ], [ -1639502.328454253962263, 1879539.78176639508456 ], [ -1639268.557523587718606, 1879725.683362504234537 ], [ -1638656.300324224866927, 1879075.03456593840383 ], [ -1637943.855583148309961, 1878761.335687969345599 ], [ -1635261.055855030193925, 1879574.638197438325733 ], [ -1632567.124177832854912, 1879690.826695004478097 ], [ -1630897.331815933808684, 1880085.872122259344906 ], [ -1630374.130209205206484, 1880051.014890813501552 ], [ -1629928.852246032096446, 1879818.634742629248649 ], [ -1629728.477162604453042, 1879493.306609881576151 ], [ -1629795.268857080256566, 1878482.495949554024264 ], [ -1629962.248093270463869, 1878296.604729485930875 ], [ -1630941.859612250933424, 1878145.569255160633475 ], [ -1631030.915204885648564, 1877657.615488089853898 ], [ -1630752.616477902512997, 1877192.907546430826187 ], [ -1629583.761824573157355, 1876251.903630604268983 ], [ -1629227.539454034529626, 1876414.543444246752188 ], [ -1628492.830814798828214, 1877518.202088319929317 ], [ -1627168.128874358953908, 1877645.99767146888189 ], [ -1626355.496591567993164, 1877343.936564821284264 ], [ -1625910.218628395115957, 1876449.39498719247058 ], [ -1625609.656003253301606, 1876309.989142183680087 ], [ -1624696.836178748402745, 1877030.262055491795763 ], [ -1623572.509321736404672, 1876612.036241095280275 ], [ -1622169.883737741038203, 1877065.114560803631321 ], [ -1621513.098742060828954, 1876844.382947290549055 ], [ -1620800.654000983806327, 1876275.1378170826938 ], [ -1620388.771885048830882, 1876286.754919398808852 ], [ -1619910.098074637819082, 1877088.349594613770023 ], [ -1619475.952060543932021, 1879191.220456798095256 ], [ -1619064.069944608956575, 1879365.500429616542533 ], [ -1617405.409531788900495, 1877680.851139498641714 ], [ -1615535.242086462210864, 1876972.174667711136863 ], [ -1614299.595738656818867, 1875949.861408774508163 ], [ -1613854.317775483708829, 1875915.010646358598024 ], [ -1612718.858969392254949, 1876251.903630604967475 ], [ -1612017.546177394455299, 1877007.027082218555734 ], [ -1611460.948723428184167, 1877332.318911694455892 ], [ -1608299.47518489905633, 1877007.027082219487056 ], [ -1607731.745781853795052, 1877599.526465544709936 ], [ -1607152.884429728612304, 1878900.756866074632853 ], [ -1605304.980882560135797, 1880376.351173695642501 ], [ -1604826.307072148891166, 1880271.778278483776376 ], [ -1604581.404192403657362, 1879981.300591663923115 ], [ -1604214.049872786039487, 1878517.350725989090279 ], [ -1603679.716316978214309, 1878064.242885333951563 ], [ -1602956.139626822201535, 1878052.62485673232004 ], [ -1601820.680820730514824, 1878552.205556956352666 ], [ -1601063.708283336367458, 1878645.15203947131522 ], [ -1599226.936685247346759, 1878180.423504520906135 ], [ -1597612.804068744648248, 1878877.519942454760894 ], [ -1595987.539503163192421, 1879144.746027720626444 ], [ -1595186.039169451687485, 1878714.862155854003504 ], [ -1594885.476544309640303, 1877808.647655260981992 ], [ -1594985.664086023811251, 1874416.479354343842715 ], [ -1595709.240776180056855, 1871686.855219051241875 ], [ -1595620.185183545574546, 1870943.52598122600466 ], [ -1595197.171118531143293, 1870327.975158297456801 ], [ -1594518.122224692022428, 1870211.835393111687154 ], [ -1593338.135622283443809, 1870838.997288861311972 ], [ -1591690.607158542843536, 1870885.454425150761381 ], [ -1590677.599792324006557, 1872360.518690563272685 ], [ -1589931.759204009082168, 1872650.897139374865219 ], [ -1589564.404884391231462, 1872523.130157013423741 ], [ -1588518.001670934492722, 1871547.479104527272284 ], [ -1588506.869721855269745, 1870989.983334657037631 ], [ -1588941.015735948923975, 1870014.399175974074751 ], [ -1589174.786666614934802, 1868829.818452924489975 ], [ -1588829.696245155762881, 1867714.976204112870619 ], [ -1587516.126253795111552, 1865218.395301262615249 ], [ -1587037.452443384099752, 1865276.452164722373709 ], [ -1587171.035832335939631, 1865659.631233014166355 ], [ -1586959.528799828607589, 1866855.656506623607129 ], [ -1586658.966174686793238, 1867413.049311386886984 ], [ -1585968.785331768682227, 1868005.294361945008859 ], [ -1584944.646016470389441, 1868109.809819988207892 ], [ -1583007.686876667430624, 1867796.264909002464265 ], [ -1581783.172477941494435, 1866762.759053802350536 ], [ -1580736.769264484522864, 1866344.725281128194183 ], [ -1580658.845620929263532, 1866019.593292227946222 ], [ -1581226.575023974990472, 1865032.614348067902029 ], [ -1581104.123584102606401, 1864243.06246131984517 ], [ -1580814.692908040015027, 1863813.46501748310402 ], [ -1577074.358017385937274, 1861897.792697802651674 ], [ -1576629.080054212827235, 1861421.802494484232739 ], [ -1575860.975567739224061, 1859924.240533130941913 ], [ -1575360.037859169533476, 1859448.292115171439946 ], [ -1574558.53752545802854, 1859343.816981176147237 ], [ -1573834.960835301782936, 1860098.370519750984386 ], [ -1573289.495330414967611, 1860005.501025759847835 ], [ -1574157.787358602276072, 1858461.60186190600507 ], [ -1574146.655409522820264, 1857881.216038723941892 ], [ -1573879.488631619140506, 1857324.059725345810875 ], [ -1571742.154408388072625, 1856662.454507100163028 ], [ -1570862.730431121308357, 1855908.016129071358591 ], [ -1570339.528824392938986, 1854271.551988895749673 ], [ -1569927.646708457730711, 1853900.172407000558451 ], [ -1568113.139008527388796, 1853134.221327386330813 ], [ -1566777.305119008058682, 1852124.598259122343734 ], [ -1566131.652072407305241, 1851370.311639533843845 ], [ -1565842.221396344946697, 1850627.654039664659649 ], [ -1563036.970228354213759, 1847831.302937143249437 ], [ -1561934.907269500894472, 1845534.14442891580984 ], [ -1560944.163801440503448, 1845232.514658916043118 ], [ -1559619.461861001094803, 1845232.51465891674161 ], [ -1558472.871105829952285, 1844988.893545256927609 ], [ -1557894.009753705002367, 1844780.077532424824312 ], [ -1557214.960859865881503, 1844060.837102379184216 ], [ -1555389.321210856316611, 1843446.020630474202335 ], [ -1554944.043247683206573, 1843098.018694297876209 ], [ -1553719.528848957037553, 1841265.296576057793573 ], [ -1553786.320543433306739, 1840453.378377169370651 ], [ -1554142.542913971701637, 1840233.005588628351688 ], [ -1555823.467224949970841, 1840754.944605315336958 ], [ -1557036.849674596916884, 1840499.772920879535377 ], [ -1557459.863739611348137, 1839977.839767430210486 ], [ -1557259.488656183239073, 1838934.009427301585674 ], [ -1557237.224758024560288, 1837043.638692288193852 ], [ -1557047.981623676139861, 1836626.15467736008577 ], [ -1555300.265618221601471, 1836742.121691016480327 ], [ -1554053.487321336986497, 1836614.558008496416733 ], [ -1553452.362071053357795, 1836359.432788396021351 ], [ -1553118.403598673641682, 1835930.365003136685118 ], [ -1554710.272317017428577, 1834225.770149658434093 ], [ -1555155.550280190305784, 1833437.293222476728261 ], [ -1555266.869770983699709, 1831732.884811994386837 ], [ -1555589.696294284192845, 1830631.464116579620168 ], [ -1555111.022483872948214, 1830469.153980994364247 ], [ -1554532.161131748231128, 1830677.838652988197282 ] ] ] ] } },
{ "type": "Feature", "properties": { "GID_1": "SEN.11_1", "GID_0": "SEN", "COUNTRY": "Senegal", "NAME_1": "Sédhiou", "VARNAME_1": "NA", "NL_NAME_1": "NA", "TYPE_1": "Région", "ENGTYPE_1": "Region", "CC_1": "14", "HASC_1": "SN.SD", "ISO_1": "NA", "area_ha": 735025.89084125287, "carbon_mean": 15.2, "carbon_min": 6.93, "carbon_max": 100.53, "carbon_median": 13.44, "carbon_std": 7.15, "carbon_pixel_count": 1332250 }, "geometry": { "type": "MultiPolygon", "coordinates": [ [ [ [ -1762599.421373455785215, 1396360.431736975209787 ], [ -1768621.805825371993706, 1397021.627144502010196 ], [ -1768721.993367085698992, 1398389.66456839768216 ], [ -1769245.194973814068362, 1398868.492623907513916 ], [ -1770414.049627143656835, 1399381.531294825719669 ], [ -1772384.404614184284583, 1398549.273058171384037 ], [ -1773052.32155894394964, 1400282.220741410274059 ], [ -1772061.578090883791447, 1401023.314946095924824 ], [ -1772362.140716025838628, 1402072.280107266502455 ], [ -1772284.217072470579296, 1403839.642799441935495 ], [ -1773096.84935526154004, 1405116.770890585845336 ], [ -1775100.600189540535212, 1406131.671138563193381 ], [ -1775568.142050872324035, 1406542.202538464684039 ], [ -1775902.100523252040148, 1407522.939654277637601 ], [ -1775757.385185220744461, 1409096.749058859422803 ], [ -1776247.190944710979238, 1409952.115662318421528 ], [ -1776948.503736708778888, 1410533.779205380473286 ], [ -1777104.351023819530383, 1411058.426812380552292 ], [ -1777193.406616454012692, 1411868.227431105216965 ], [ -1776736.996704201446846, 1412735.081079548923299 ], [ -1776347.378486424917355, 1412928.986067177727818 ], [ -1776313.982639187015593, 1413522.115183141082525 ], [ -1776647.941111566731706, 1413727.431909999577329 ], [ -1777338.121954485308379, 1416978.47232462069951 ], [ -1779252.81719612935558, 1419454.068768054945394 ], [ -1780488.463543934980407, 1420275.511289858957753 ], [ -1780944.873456187313423, 1420515.103057202184573 ], [ -1782269.575396627187729, 1420549.330613508354872 ], [ -1782993.152086783433333, 1420366.784111581742764 ], [ -1783482.95784627366811, 1422135.251538027077913 ], [ -1783449.561999035766348, 1424166.269407769897953 ], [ -1782347.49904018221423, 1427452.711662062210962 ], [ -1782447.686581896385178, 1427806.482863667188212 ], [ -1783249.186915608122945, 1428628.161682871868834 ], [ -1783427.298100877320394, 1429107.485096797114238 ], [ -1783638.805133384419605, 1431104.75147334812209 ], [ -1781991.276669644052163, 1432337.419017248786986 ], [ -1780722.234474600525573, 1432885.288146530976519 ], [ -1779931.866089968476444, 1435305.167908259201795 ], [ -1779976.393886285834014, 1435818.847763336263597 ], [ -1781289.963877646485344, 1437987.819280484924093 ], [ -1781490.338961074128747, 1439060.949853745289147 ], [ -1781390.15141936019063, 1439666.030496389372274 ], [ -1781278.831928567029536, 1439940.033468844834715 ], [ -1780154.505071555264294, 1440567.966804615454748 ], [ -1778829.803131114924327, 1441789.621912109432742 ], [ -1778573.768302290234715, 1442097.898239955306053 ], [ -1778128.490339117357507, 1443536.564916344825178 ], [ -1778774.14338571857661, 1445649.023857217282057 ], [ -1778607.164149528369308, 1446162.888789639575407 ], [ -1778017.170848324429244, 1446756.69976211944595 ], [ -1778095.094491879455745, 1447361.942864071344957 ], [ -1778429.052964258939028, 1447647.439340739510953 ], [ -1779397.532534160651267, 1447704.538978264667094 ], [ -1779397.532534160651267, 1448149.920066380174831 ], [ -1778918.858723749872297, 1448503.945883656851947 ], [ -1779408.664483240107074, 1449783.043471235083416 ], [ -1779686.96321022324264, 1450091.405927498359233 ], [ -1780443.935747617390007, 1450034.301517547341064 ], [ -1780644.310831045266241, 1450194.194153388496488 ], [ -1780254.692613269202411, 1450993.670774550875649 ], [ -1779664.699312064563856, 1451279.203570270910859 ], [ -1779731.491006540833041, 1452741.176295961253345 ], [ -1779130.365756256971508, 1453814.860299052204937 ], [ -1777916.983306610025465, 1454123.266381538240239 ], [ -1777460.57339435769245, 1454820.047985260142013 ], [ -1777404.913648961111903, 1455711.039493140531704 ], [ -1777037.559329343261197, 1456682.023574903607368 ], [ -1776870.580093153286725, 1456739.141318840207532 ], [ -1776803.788398677483201, 1457218.93490208289586 ], [ -1776369.64238458359614, 1457173.239925930043682 ], [ -1775701.725439823931083, 1457435.987042869441211 ], [ -1775089.468240461079404, 1457927.216435426380485 ], [ -1773820.426045417552814, 1459777.970977597404271 ], [ -1773530.995369355427101, 1460783.369753777980804 ], [ -1773018.925711706047878, 1461720.25072400062345 ], [ -1772640.439443008974195, 1464074.015331709990278 ], [ -1772384.404614184284583, 1464656.773714717710391 ], [ -1770091.223103843163699, 1467707.881504724966362 ], [ -1769723.868784225080162, 1468964.988174350466579 ], [ -1770024.431409367127344, 1470325.012177013559267 ], [ -1771326.869451648555696, 1470565.023230605991557 ], [ -1772250.821225232444704, 1470347.870284442789853 ], [ -1773018.925711706047878, 1470736.460950250271708 ], [ -1773787.030198179651052, 1472382.31620373763144 ], [ -1773597.787063830997795, 1473296.72185589093715 ], [ -1772306.480970629025251, 1474839.848876738222316 ], [ -1770491.973270699148998, 1476314.471729682292789 ], [ -1769645.945140670053661, 1476257.314361250028014 ], [ -1769445.570057242410257, 1476508.80765370093286 ], [ -1769145.007432100363076, 1478646.591746831079945 ], [ -1769256.32692289352417, 1480441.541851600632071 ], [ -1759126.25326070562005, 1480430.108684018719941 ], [ -1759081.72546438826248, 1499518.60043457755819 ], [ -1754484.230494626099244, 1499621.569797419011593 ], [ -1750721.631705813342705, 1499941.921380843035877 ], [ -1748027.700028616236523, 1500731.375073661562055 ], [ -1745534.143434847006574, 1502104.391800521640107 ], [ -1742717.760317777050659, 1501074.622850931016728 ], [ -1735582.180957928299904, 1499667.33408187632449 ], [ -1734224.083170250058174, 1499838.950823849067092 ], [ -1731797.318270956864581, 1500834.348958666669205 ], [ -1729682.247945884708315, 1502607.848389761289582 ], [ -1729804.699385757325217, 1503008.331786690978333 ], [ -1727711.892958843847737, 1504575.994203950744122 ], [ -1727244.351097512058914, 1504759.084684183588251 ], [ -1727222.087199353612959, 1504541.664874432608485 ], [ -1724528.155522156273946, 1504907.846595824696124 ], [ -1722101.390622862847522, 1503900.85857758577913 ], [ -1719797.077163442038, 1502676.502273216145113 ], [ -1718461.243273922707886, 1502665.059947435976937 ], [ -1712939.796530576422811, 1500845.790525157237425 ], [ -1712038.108655150979757, 1500353.807448031846434 ], [ -1710835.858154583489522, 1500594.077157820109278 ], [ -1709355.308927032863721, 1500536.869894409785047 ], [ -1707084.391314850188792, 1500868.673672364791855 ], [ -1707318.162245515966788, 1500822.907396919559687 ], [ -1707474.009532626718283, 1500559.752785549499094 ], [ -1707384.953939992003143, 1493478.401891587534919 ], [ -1708208.718171862419695, 1491705.487511757994071 ], [ -1709154.933843605220318, 1490344.423613795777783 ], [ -1708965.69070925633423, 1485815.64856098848395 ], [ -1708743.051727670012042, 1485083.794443301158026 ], [ -1706750.432842470472679, 1482991.255017099902034 ], [ -1705848.744967044796795, 1482488.154174498748034 ], [ -1705871.00886520370841, 1481527.714088225504383 ], [ -1702442.368548770900816, 1481630.616804263088852 ], [ -1700115.791191191179678, 1480841.705661514773965 ], [ -1699837.492464208044112, 1477286.164819427533075 ], [ -1697978.456967960344627, 1477114.687121029244736 ], [ -1697755.817986374022439, 1475651.453416219213977 ], [ -1697332.803921359591186, 1474977.019826895091683 ], [ -1697132.428837931482121, 1468953.559679388534278 ], [ -1694828.115378510672599, 1465422.376521215075627 ], [ -1691265.891673126025125, 1463491.268960500368848 ], [ -1690531.183033890556544, 1463434.137609671335667 ], [ -1687547.820680630626157, 1461411.762104447698221 ], [ -1687224.994157330133021, 1460486.31640325859189 ], [ -1687147.070513775106519, 1459206.737557260552421 ], [ -1688360.452963421586901, 1456933.34250722383149 ], [ -1688282.529319866327569, 1456133.699074991047382 ], [ -1687692.536018661921844, 1455276.963220015401021 ], [ -1687369.709495361428708, 1453849.127476527821273 ], [ -1687024.619073902256787, 1453232.324592681368813 ], [ -1686601.605008887825534, 1453015.304533426417038 ], [ -1682226.749020712217316, 1448047.139199153054506 ], [ -1682660.895034806104377, 1446219.985462903510779 ], [ -1682449.388002298772335, 1439334.94705717288889 ], [ -1682605.235289409290999, 1438524.379561390494928 ], [ -1682861.27011823374778, 1438022.067510010208935 ], [ -1683762.957993659190834, 1437143.042523134499788 ], [ -1683929.937229849398136, 1435796.017353090690449 ], [ -1685032.000188702717423, 1435065.453776029869914 ], [ -1684954.076545147225261, 1433558.724864205345511 ], [ -1687046.882972060702741, 1429906.375096638686955 ], [ -1686423.493823618628085, 1429027.597309909993783 ], [ -1685900.292216890258715, 1427806.482863667421043 ], [ -1685521.805948193185031, 1425592.63090275763534 ], [ -1685098.791883178520948, 1424965.023208662867546 ], [ -1683262.020285089733079, 1423926.64755246671848 ], [ -1683250.888336010277271, 1423538.692549706902355 ], [ -1683640.506553786806762, 1423264.845078940968961 ], [ -1684497.666632894892246, 1423242.024572887690738 ], [ -1685878.02831873157993, 1423413.178805189672858 ], [ -1686724.056448760675266, 1423744.079846870154142 ], [ -1689117.425500815734267, 1423687.027674209326506 ], [ -1695985.838082760805264, 1420823.152512896573171 ], [ -1699759.56882065278478, 1418438.706549836788327 ], [ -1707106.655213008634746, 1415586.754591785604134 ], [ -1710657.746969314292073, 1411571.678127414546907 ], [ -1715132.790499203838408, 1408184.385501808254048 ], [ -1718015.965310749365017, 1406450.972842967370525 ], [ -1725786.065768120344728, 1403269.514217345975339 ], [ -1735459.729518055450171, 1398971.099645314738154 ], [ -1735381.80587450042367, 1398560.673697568709031 ], [ -1739300.251950423466042, 1396599.828367974841967 ], [ -1739389.307543058181182, 1396884.826882448745891 ], [ -1745578.671231164131314, 1394057.762985337991267 ], [ -1751823.694664666894823, 1395117.880324457772076 ], [ -1762599.421373455785215, 1396360.431736975209787 ] ] ] ] } },
{ "type": "Feature", "properties": { "GID_1": "SEN.12_1", "GID_0": "SEN", "COUNTRY": "Senegal", "NAME_1": "Tambacounda", "VARNAME_1": "SénégalOriental", "NL_NAME_1": "NA", "TYPE_1": "Région", "ENGTYPE_1": "Region", "CC_1": "5", "HASC_1": "SN.TB", "ISO_1": "SN-TC", "area_ha": 4286303.5969289951, "carbon_mean": 12.03, "carbon_min": 7.21, "carbon_max": 98.87, "carbon_median": 11.04, "carbon_std": 3.21, "carbon_pixel_count": 7828240 }, "geometry": { "type": "MultiPolygon", "coordinates": [ [ [ [ -1481261.672291615512222, 1419134.625154584180564 ], [ -1481662.42245847126469, 1419385.616270302562043 ], [ -1482608.638130214065313, 1418860.819130494259298 ], [ -1483387.874565766891465, 1419123.216518880566582 ], [ -1484078.055408685235307, 1419134.625154584646225 ], [ -1484144.847103161271662, 1419636.609548468142748 ], [ -1483777.492783543420956, 1420298.329468463780358 ], [ -1484078.055408685235307, 1420754.696796545060351 ], [ -1484578.993117254925892, 1420549.330613508354872 ], [ -1484835.027946079382673, 1419978.876595275476575 ], [ -1485091.062774904072285, 1420058.739485005149618 ], [ -1485558.604636235861108, 1420709.059741760836914 ], [ -1485658.792177949799225, 1421279.528070511296391 ], [ -1485413.889298204565421, 1423595.744431028608233 ], [ -1485669.924127029022202, 1424360.250453203450888 ], [ -1486003.882599408971146, 1424508.589774189516902 ], [ -1486404.632766264723614, 1424485.76829085778445 ], [ -1487473.299877879908308, 1424965.023208663100377 ], [ -1488519.703091336879879, 1425044.89979766914621 ], [ -1489465.918763079680502, 1424713.983931516064331 ], [ -1489644.029948349110782, 1424109.216405735583976 ], [ -1490401.002485743258148, 1423812.54260198562406 ], [ -1490412.134434822481126, 1423230.614326582290232 ], [ -1490679.301212726393715, 1422945.359625089913607 ], [ -1491414.009851962095127, 1422865.488810435635969 ], [ -1492627.392301608575508, 1423310.486144819529727 ], [ -1493083.802213861141354, 1423127.922311461064965 ], [ -1493517.948227954795584, 1422637.287692283745855 ], [ -1494208.129070873139426, 1422443.318150439765304 ], [ -1495087.553048140136525, 1423070.871348766144365 ], [ -1495154.344742615940049, 1423584.334045800380409 ], [ -1494909.441862870706245, 1424143.448193504707888 ], [ -1495488.303214996121824, 1424588.465107129886746 ], [ -1495911.317280010320246, 1424371.661143294069916 ], [ -1496122.824312517419457, 1424474.357555919792503 ], [ -1496067.16456712060608, 1424771.03812202741392 ], [ -1495499.43516407511197, 1425124.776606530649588 ], [ -1495532.831011313013732, 1425273.1198348950129 ], [ -1496011.504821724258363, 1425261.708790403790772 ], [ -1496345.463294103974476, 1424850.914177153259516 ], [ -1496601.498122928431258, 1425022.077892662491649 ], [ -1495744.338043820345774, 1425546.986249053152278 ], [ -1495699.810247502988204, 1425957.790718072559685 ], [ -1495388.115673281718045, 1426174.606533698737621 ], [ -1495510.567113154567778, 1426402.835459396010265 ], [ -1496100.560414358740672, 1425877.911615648539737 ], [ -1496490.178632135270163, 1426288.720771996537223 ], [ -1497402.998456639936194, 1426505.539062070660293 ], [ -1497759.220827178331092, 1426311.543673546751961 ], [ -1498460.533619176130742, 1425318.764057735912502 ], [ -1499351.089545522350818, 1425044.89979766914621 ], [ -1498961.471327746054158, 1426243.075022786855698 ], [ -1498482.797517335042357, 1426208.840758034493774 ], [ -1498482.797517335042357, 1426345.778059556148946 ], [ -1498916.943531428696588, 1427235.886286564869806 ], [ -1498827.887938793981448, 1427623.890736279543489 ], [ -1499651.652170664398, 1427932.015618908917531 ], [ -1499651.652170664165169, 1428171.670571614988148 ], [ -1499150.714462094707415, 1428285.792674732860178 ], [ -1498916.943531428696588, 1427874.955208171857521 ], [ -1498571.853109969524667, 1427897.779358977451921 ], [ -1498059.783452320378274, 1428628.161682871868834 ], [ -1498471.66556825558655, 1429758.008142923237756 ], [ -1499061.658869460225105, 1429986.265310009010136 ], [ -1499339.957596443127841, 1430625.394962136400864 ], [ -1499005.999124063411728, 1430830.832493570633233 ], [ -1499095.054716697661206, 1431184.644998123636469 ], [ -1498872.415735111339018, 1431333.019272970966995 ], [ -1498093.179299558280036, 1431184.644998123403639 ], [ -1498582.985059048747644, 1432634.180171766318381 ], [ -1498148.839044955093414, 1433136.398305670823902 ], [ -1498115.443197717191651, 1433478.824770961655304 ], [ -1498538.457262731622905, 1435111.113457032479346 ], [ -1499317.693698284449056, 1434437.640495685627684 ], [ -1499618.256323426030576, 1434700.178931605769321 ], [ -1499184.110309332376346, 1435088.283607489662245 ], [ -1498983.735225904500112, 1435944.415343090891838 ], [ -1498482.797517335042357, 1436743.494585822336376 ], [ -1498749.964295238722116, 1437382.773947571637109 ], [ -1499462.409036315744743, 1437314.279051118763164 ], [ -1499896.555050409398973, 1437542.596006603445858 ], [ -1500230.513522789347917, 1437496.932470594299957 ], [ -1500208.249624630669132, 1438353.135831030318514 ], [ -1500631.263689645100385, 1439723.114233508706093 ], [ -1499440.145138157065958, 1440339.625821479363367 ], [ -1499106.186665777117014, 1440579.383901428664103 ], [ -1499106.186665777117014, 1440773.475241762120277 ], [ -1499328.825647363672033, 1441960.886129763908684 ], [ -1500152.589879234088585, 1442189.240010275738314 ], [ -1500497.680300693493336, 1442463.267066383268684 ], [ -1500352.964962661964819, 1442874.312559698941186 ], [ -1499696.179966981522739, 1442862.894549769582227 ], [ -1498772.228193397400901, 1442645.953224937198684 ], [ -1497959.595910606672987, 1442006.556760458275676 ], [ -1497313.942864005453885, 1442520.356365926330909 ], [ -1497636.769387305947021, 1443445.218854079023004 ], [ -1499929.950897647533566, 1445283.614407455781475 ], [ -1499774.103610536782071, 1445706.119505148148164 ], [ -1498660.908702604239807, 1445740.376948581309989 ], [ -1499228.638105649733916, 1446277.082250117557123 ], [ -1498928.075480507919565, 1446745.28020408260636 ], [ -1498672.040651683462784, 1447830.15858236933127 ], [ -1499339.957596443127841, 1448058.559277254389599 ], [ -1500419.756657138001174, 1447887.258584950119257 ], [ -1501711.062750339740887, 1448869.396490811603144 ], [ -1501911.437833767617121, 1449246.272327470593154 ], [ -1503013.500792620936409, 1449451.843062356347218 ], [ -1503102.556385255651549, 1450868.037250134395435 ], [ -1503614.626042904797941, 1451416.260327835567296 ], [ -1503725.945533697959036, 1451941.650669451802969 ], [ -1503614.626042904797941, 1452055.867242610547692 ], [ -1502824.257658272515982, 1451816.012967648683116 ], [ -1502434.639440496219322, 1452672.644648811547086 ], [ -1502056.153171798912808, 1453060.992829518625513 ], [ -1502668.410371161764488, 1453917.66195524088107 ], [ -1503046.896639859071001, 1453849.127476528519765 ], [ -1502824.257658272515982, 1453323.701954533811659 ], [ -1504026.508158840006217, 1453392.235168362502009 ], [ -1504672.161205440992489, 1454443.098441680893302 ], [ -1504661.029256361536682, 1454682.97484607482329 ], [ -1504171.223496871301904, 1454865.739178434479982 ], [ -1503803.869177253451198, 1455573.962059378391132 ], [ -1502801.993760113837197, 1455642.500693644629791 ], [ -1502334.451898782048374, 1455905.233655742835253 ], [ -1502334.451898782048374, 1456659.176509481854737 ], [ -1502601.618676686193794, 1456704.870658698258922 ], [ -1502957.841047224588692, 1456247.932473303051665 ], [ -1503514.438501190859824, 1456453.553747414378449 ], [ -1503425.382908556144685, 1457333.172664124984294 ], [ -1504393.862478457624093, 1458429.878566836472601 ], [ -1503759.341380936093628, 1458978.247410609852523 ], [ -1503314.06341776298359, 1459058.218752578366548 ], [ -1502957.841047224588692, 1460223.541034867521375 ], [ -1504215.751293188659474, 1461331.784121974138543 ], [ -1504716.689001758117229, 1460966.173363561276346 ], [ -1505006.119677820708603, 1460452.041217036312446 ], [ -1505317.814252041978762, 1460417.766072267200798 ], [ -1505596.112979025114328, 1460132.1414777955506 ], [ -1505829.883909690892324, 1460657.692956208018586 ], [ -1506230.634076546644792, 1460486.31640325859189 ], [ -1506297.425771022681147, 1461011.874450308037922 ], [ -1505829.883909690892324, 1461514.591270918259397 ], [ -1505941.203400484286249, 1461914.48602344468236 ], [ -1505284.418404803844169, 1462051.594095919281244 ], [ -1505829.883909690892324, 1462440.070574208628386 ], [ -1505195.36281216936186, 1462508.625800321809947 ], [ -1504560.841714647831395, 1462874.256477747811005 ], [ -1504750.084848996251822, 1463388.432612095726654 ], [ -1504672.161205440992489, 1464131.147975345142186 ], [ -1505150.83501585200429, 1463902.618093506898731 ], [ -1505674.03662258037366, 1463959.750390795757994 ], [ -1505963.467298642732203, 1463605.532008377369493 ], [ -1506041.390942198224366, 1464291.119991777464747 ], [ -1506486.668905371101573, 1463754.074660800397396 ], [ -1506575.724498005816713, 1464176.854173382977024 ], [ -1506943.07881762390025, 1464154.001065126853064 ], [ -1507622.127711462788284, 1464565.359840500634164 ], [ -1507265.905340923927724, 1464965.297723315656185 ], [ -1507655.523558700457215, 1464873.882851076312363 ], [ -1507744.579151335172355, 1464988.15148758655414 ], [ -1507054.398308417061344, 1465090.993655560072511 ], [ -1507054.398308417061344, 1465365.241267042001709 ], [ -1507844.766693049110472, 1466290.846616099355742 ], [ -1508546.079485046910122, 1465719.481705967104062 ], [ -1508835.510161109268665, 1465833.753763099666685 ], [ -1508646.267026760848239, 1466313.701453005662188 ], [ -1508935.697702823206782, 1466485.113319596275687 ], [ -1508212.121012666961178, 1467067.921452813316137 ], [ -1508200.989063587738201, 1467342.188268847763538 ], [ -1507833.634743969887495, 1467467.894783947616816 ], [ -1508123.065420032478869, 1467936.442184878047556 ], [ -1508590.607281364034861, 1467947.870267510414124 ], [ -1508902.301855585537851, 1468484.995375915197656 ], [ -1509659.274392979452386, 1468256.430249313358217 ], [ -1509470.03125863079913, 1467833.589649584377185 ], [ -1509692.670240217586979, 1467342.188268847763538 ], [ -1509280.788124282378703, 1467422.183259099954739 ], [ -1509481.163207710487768, 1467113.632403675233945 ], [ -1510249.267694184090942, 1467422.183259099721909 ], [ -1510316.059388659661636, 1466999.355165367480367 ], [ -1510661.149810118833557, 1467330.760431614471599 ], [ -1510850.392944467486814, 1467193.626745877088979 ], [ -1511195.483365926658735, 1467616.45775128598325 ], [ -1511217.74726408533752, 1468713.562355729052797 ], [ -1510716.809555515414104, 1468953.559679388534278 ], [ -1510727.941504595102742, 1469262.13067022850737 ], [ -1510449.642777611734346, 1469547.847563792951405 ], [ -1510471.906675770413131, 1469696.421493652043864 ], [ -1510894.920740784844384, 1469799.2808272393886 ], [ -1510883.788791705621406, 1470267.866989626782015 ], [ -1510271.531592342536896, 1470027.858469005674124 ], [ -1510171.344050628598779, 1470393.586554972920567 ], [ -1511017.372180657461286, 1470565.023230605991557 ], [ -1511351.330653037410229, 1470027.858469006139785 ], [ -1511663.025227258447558, 1469879.282790837110952 ], [ -1511607.365481861867011, 1469547.847563792951405 ], [ -1511863.400310686323792, 1469467.846541514154524 ], [ -1511774.344718051841483, 1469924.998300636420026 ], [ -1511919.060056082904339, 1470313.583130257669836 ], [ -1511596.233532782644033, 1470553.594086418161169 ], [ -1512163.962935828138143, 1471239.350951892789453 ], [ -1511774.344718051841483, 1471662.242682391079143 ], [ -1511974.719801479717717, 1472199.438642209162936 ], [ -1512586.977000842569396, 1472245.157921091653407 ], [ -1512598.108949922025204, 1471765.109199640108272 ], [ -1512965.463269539643079, 1472130.859863251913339 ], [ -1512954.331320460420102, 1472542.335045768180862 ], [ -1513321.685640078270808, 1472428.035779961152002 ], [ -1513522.060723506147042, 1472873.805544471135363 ], [ -1513733.567756013479084, 1472885.235631379997358 ], [ -1513455.269029030110687, 1473182.419522531563416 ], [ -1513644.512163378763944, 1473525.327917429851368 ], [ -1513299.421741919824854, 1473571.049352929927409 ], [ -1513666.776061537442729, 1473948.254034979036078 ], [ -1513544.324621664592996, 1474291.171777902636677 ], [ -1513132.442505729850382, 1474142.573575247777626 ], [ -1512987.727167698554695, 1474496.924433526350185 ], [ -1513655.644112458219752, 1474622.662909709615633 ], [ -1514078.658177472651005, 1474942.727026516571641 ], [ -1514312.429108138429001, 1474679.816948667634279 ], [ -1514980.346052897861227, 1475148.484457225073129 ], [ -1515292.040627119131386, 1474862.710655217990279 ], [ -1515603.735201340401545, 1475034.174587291665375 ], [ -1515503.547659626463428, 1475788.628333361819386 ], [ -1514535.068089724751189, 1476097.274349306942895 ], [ -1514646.387580518145114, 1476497.376091479556635 ], [ -1515236.380881722550839, 1476383.06072556367144 ], [ -1515347.700372515711933, 1476531.670792124932632 ], [ -1515091.665543691255152, 1477411.915798352798447 ], [ -1514946.950205659959465, 1477469.075520751764998 ], [ -1514690.915376835502684, 1477000.369238208746538 ], [ -1514401.48470077291131, 1476863.188394177006558 ], [ -1513956.206737599801272, 1477343.324285358190536 ], [ -1514201.109617345035076, 1477812.036303580738604 ], [ -1514501.672242487082258, 1477994.95043756836094 ], [ -1514924.68630750128068, 1477960.653946480713785 ], [ -1515091.665543691255152, 1478486.538090836955234 ], [ -1514913.554358422057703, 1478658.02418583445251 ], [ -1514512.804191566305235, 1478349.349970867857337 ], [ -1514401.48470077291131, 1478863.80888605536893 ], [ -1514724.311224073404446, 1478909.53902482544072 ], [ -1514746.575122232316062, 1479252.517446570796892 ], [ -1514991.478001977549866, 1479069.595098734600469 ], [ -1515459.019863309105858, 1479138.190839101560414 ], [ -1515681.658844895660877, 1479549.768811365589499 ], [ -1515381.096219753846526, 1480029.950762579217553 ], [ -1515058.269696453120559, 1480144.281013200525194 ], [ -1515470.151812388328835, 1480327.210386072518304 ], [ -1515202.985034484416246, 1480704.505995939718559 ], [ -1514590.727835121564567, 1480715.939275694545358 ], [ -1514279.033260900294408, 1481459.112488004611805 ], [ -1514601.859784201020375, 1481722.086203249171376 ], [ -1514379.220802614232525, 1482190.871572274947539 ], [ -1514167.713770107133314, 1482248.041057785972953 ], [ -1514334.693006297340617, 1482568.192338723922148 ], [ -1515303.172576198354363, 1482591.06042777071707 ], [ -1515392.228168833069503, 1482774.005814186530188 ], [ -1515147.325289087835699, 1483128.465910834027454 ], [ -1514880.15851118392311, 1483048.426140882773325 ], [ -1514724.311224073404446, 1483334.283515730174258 ], [ -1514490.54029340762645, 1483197.071610551560298 ], [ -1514379.220802614232525, 1483380.020967314951122 ], [ -1514134.317922868998721, 1483368.586597393965349 ], [ -1513856.019195885863155, 1482671.098886876832694 ], [ -1513677.908010616665706, 1483025.557677323464304 ], [ -1513878.28309404454194, 1483906.007047015242279 ], [ -1513399.609283633762971, 1484088.961050542304292 ], [ -1513922.81089036189951, 1484420.568239492131397 ], [ -1513922.81089036189951, 1485015.184104638407007 ], [ -1514345.824955376563594, 1485015.184104638174176 ], [ -1514501.672242487082258, 1485323.931958039756864 ], [ -1514935.818256580736488, 1485140.969854470575228 ], [ -1515024.873849215218797, 1485621.247937106527388 ], [ -1514768.839020390762016, 1486090.098808891605586 ], [ -1514234.505464583169669, 1485861.390081295045093 ], [ -1514501.672242487082258, 1486250.196035008411855 ], [ -1514457.144446169724688, 1486490.343598916660994 ], [ -1514768.839020390762016, 1486719.057489023543894 ], [ -1514624.123682359466329, 1487062.131845262134448 ], [ -1515113.929441849933937, 1487096.439513310790062 ], [ -1515292.040627119131386, 1487439.518518451834098 ], [ -1515169.589187246747315, 1487736.857075676321983 ], [ -1515614.867150419624522, 1488125.689211892895401 ], [ -1516149.2007062274497, 1487588.187400119146332 ], [ -1516883.909345462918282, 1487428.082483511650935 ], [ -1517774.465271809138358, 1487416.646453268826008 ], [ -1518653.889249076135457, 1487908.39999561640434 ], [ -1518809.736536186886951, 1488789.003630148712546 ], [ -1518008.236202475149184, 1490847.666360816219822 ], [ -1519154.826957645826042, 1491831.303508720593527 ], [ -1519744.820258850231767, 1491945.682182529242709 ], [ -1522260.6407507781405, 1491362.355872021988034 ], [ -1522639.127019475447014, 1491511.045728685799986 ], [ -1523529.682945821434259, 1492814.975506161339581 ], [ -1523652.134385694051161, 1493455.524855538271368 ], [ -1523295.912015155656263, 1494061.7726874218788 ], [ -1522294.036598016042262, 1494816.74135181424208 ], [ -1520746.695675989612937, 1498637.656014819163829 ], [ -1520958.202708496944979, 1498923.673851719358936 ], [ -1521926.682278398191556, 1498752.062794421100989 ], [ -1524052.88455254980363, 1497894.023487237282097 ], [ -1524787.593191785505041, 1497768.179961037123576 ], [ -1525065.891918768407777, 1497996.986798230791464 ], [ -1525266.267002196516842, 1498717.74071082053706 ], [ -1523874.77336728037335, 1500205.070104001089931 ], [ -1523240.252269758842885, 1501292.015317789046094 ], [ -1521948.946176556870341, 1502173.044430578593165 ], [ -1521748.571093128994107, 1502710.829279049998149 ], [ -1521871.02253300184384, 1503282.952335924608633 ], [ -1522260.6407507781405, 1503580.461018928093836 ], [ -1524141.940145184285939, 1503477.47688056784682 ], [ -1529808.102226561866701, 1502207.370809690561146 ], [ -1532424.110260203946382, 1502276.023696087766439 ], [ -1533014.103561408352107, 1502687.944603745592758 ], [ -1532958.443816011538729, 1502905.349786104401574 ], [ -1531934.304500713478774, 1503546.132930043851957 ], [ -1531310.915352271171287, 1504232.702834428288043 ], [ -1530476.019171321531758, 1505560.119852116098627 ], [ -1530386.963578687049448, 1507299.590805259533226 ], [ -1531188.463912398554385, 1508169.367551801959053 ], [ -1531322.047301350627095, 1508810.273299891501665 ], [ -1531210.727810557466, 1509256.62720953556709 ], [ -1529463.01180510269478, 1510607.178113847738132 ], [ -1527370.20537818945013, 1511683.088279556017369 ], [ -1526680.024535270873457, 1512907.845927442423999 ], [ -1527381.337327268905938, 1513560.309272040845826 ], [ -1529351.692314309766516, 1514498.968025326961651 ], [ -1532902.784070615191013, 1515380.420803064946085 ], [ -1535474.264307939680293, 1513171.118739634519443 ], [ -1536175.577099937247112, 1513102.438631604425609 ], [ -1536476.139725079294294, 1513331.37299485411495 ], [ -1536954.813535490073264, 1514876.730023791547865 ], [ -1536776.702350220875815, 1515620.821945192059502 ], [ -1535819.354729398852214, 1517509.761633261339739 ], [ -1535863.882525716209784, 1519169.846787373768166 ], [ -1534539.180585276102647, 1521265.132953212130815 ], [ -1534628.236177910817787, 1521940.696712735109031 ], [ -1535151.437784639187157, 1522135.353786895982921 ], [ -1536197.840998095925897, 1521814.742876719450578 ], [ -1536676.514808506937698, 1521849.09386513964273 ], [ -1538223.855730533367023, 1522375.814446673262864 ], [ -1538580.078101071994752, 1522330.012252521235496 ], [ -1538958.564369769068435, 1521047.582088105380535 ], [ -1539815.724448877386749, 1519616.369683757424355 ], [ -1539893.648092432646081, 1518792.025429249741137 ], [ -1539637.6132636081893, 1517704.387082867091522 ], [ -1539893.648092432646081, 1517441.070629249792546 ], [ -1542142.301806456875056, 1518288.27175512118265 ], [ -1542832.482649375218898, 1518173.783580300631002 ], [ -1543823.226117435144261, 1519353.034783750073984 ], [ -1544591.330603908747435, 1520864.382706702221185 ], [ -1545826.976951714139432, 1522559.023993798531592 ], [ -1547786.199989675544202, 1523704.111603592289612 ], [ -1551159.18056071200408, 1524608.764893845655024 ], [ -1553908.77198330569081, 1525948.623176097869873 ], [ -1555790.071377712069079, 1525960.075241033919156 ], [ -1557860.613906467100605, 1525284.411668719956651 ], [ -1561456.233459089649841, 1523062.856606252025813 ], [ -1564383.936066952766851, 1522936.897578818025067 ], [ -1566031.464530693367124, 1523223.168938854243606 ], [ -1568358.0418882726226, 1523211.718026635702699 ], [ -1571786.682204705430195, 1522032.299868432804942 ], [ -1573567.794057398103178, 1521150.63228137884289 ], [ -1575259.85031745582819, 1521139.182240659371018 ], [ -1576117.010396563913673, 1520898.732496907468885 ], [ -1578254.344619794515893, 1519891.15663794381544 ], [ -1580759.03316264343448, 1518219.578792611137033 ], [ -1583196.930011016083881, 1516113.078497914364561 ], [ -1584911.250169232487679, 1513995.293472706107423 ], [ -1586770.285665480187163, 1514041.081685381010175 ], [ -1588885.355990552110597, 1513674.778128457721323 ], [ -1592547.767237651161849, 1512541.557528468314558 ], [ -1594228.691548629431054, 1511774.657051647780463 ], [ -1595497.733743672724813, 1512449.986193920485675 ], [ -1597167.526105571771041, 1513045.205339808017015 ], [ -1599527.499310389393941, 1513388.606884707231075 ], [ -1600306.735745942220092, 1514304.365394782274961 ], [ -1602388.410223776241764, 1515632.269671342335641 ], [ -1603434.813437232980505, 1515987.151559360092506 ], [ -1604381.029108976013958, 1516570.999528670217842 ], [ -1606039.689521795837209, 1517109.066545099020004 ], [ -1606774.398161031538621, 1518482.902754321461543 ], [ -1607854.197221726179123, 1519604.920287413988262 ], [ -1610637.184491558233276, 1521562.836951996432617 ], [ -1610748.50398235116154, 1523555.247489388333634 ], [ -1611483.212621586630121, 1526601.398583754431456 ], [ -1612752.254816630156711, 1528983.589378998382017 ], [ -1613709.602437452413142, 1530232.032540768850595 ], [ -1614811.665396305732429, 1531251.446225963532925 ], [ -1616147.499285825062543, 1532167.805890605086461 ], [ -1619431.424264226574451, 1533943.341068972600624 ], [ -1620544.619172159582376, 1534298.46209677006118 ], [ -1623149.495256721973419, 1534653.587791321566328 ], [ -1626867.566249217372388, 1534905.615309545537457 ], [ -1628181.136240578256547, 1534733.778110271086916 ], [ -1629773.004958921810612, 1534287.006506908684969 ], [ -1631799.019691359251738, 1533347.664659990929067 ], [ -1635172.000262395711616, 1531217.083341961726546 ], [ -1636363.118813883746043, 1530117.494074709247798 ], [ -1637398.390078261028975, 1530025.863650480750948 ], [ -1637977.251430385746062, 1530174.763247212860733 ], [ -1642641.538094624178484, 1532935.280987257603556 ], [ -1645346.601720900740474, 1534309.917691488051787 ], [ -1645624.900447883876041, 1534825.424480528570712 ], [ -1645814.143582232296467, 1536062.680917273275554 ], [ -1646682.435610420070589, 1536165.788179580587894 ], [ -1646816.018999371910468, 1536853.179995046695694 ], [ -1646047.914512898307294, 1537517.675397407263517 ], [ -1646203.761800008825958, 1539190.4432186211925 ], [ -1646882.810693847946823, 1541780.001024502096698 ], [ -1647829.026365590747446, 1542249.814766527619213 ], [ -1648040.533398097846657, 1542582.127003799192607 ], [ -1647684.311027559451759, 1543636.38611990516074 ], [ -1647784.498569273389876, 1543899.957362075103447 ], [ -1648296.568226922536269, 1544610.466637507779524 ], [ -1649086.936611554585397, 1544713.606643261155114 ], [ -1649409.763134855311364, 1545172.011463032336906 ], [ -1649621.270167362410575, 1546237.832935278071091 ], [ -1651491.437612689333037, 1547624.610297866631299 ], [ -1650979.367955040419474, 1548128.910764221800491 ], [ -1651023.895751357777044, 1548587.373971073422581 ], [ -1649899.568894345546141, 1549561.634345784317702 ], [ -1648430.151615874376148, 1551808.299352279631421 ], [ -1647784.498569273389876, 1552358.531803236342967 ], [ -1642997.760465162573382, 1552656.579111414030194 ], [ -1638634.036426066420972, 1553275.611069057136774 ], [ -1635494.826785695971921, 1560865.652431850554422 ], [ -1633613.527391289593652, 1561748.622542505385354 ], [ -1625631.919901411980391, 1567127.347631028853357 ], [ -1623683.828812529798597, 1572461.277590699261054 ], [ -1626511.343878678744659, 1572702.190166413085535 ], [ -1625498.336512460140511, 1573493.775545515120029 ], [ -1624084.578979385318235, 1574159.184531657956541 ], [ -1623361.00228922907263, 1574973.759774146135896 ], [ -1623561.377372656948864, 1575673.626218842342496 ], [ -1623784.016354243736714, 1578691.296219934942201 ], [ -1624385.141604527365416, 1582742.173555554822087 ], [ -1624385.141604527365416, 1583029.086592421634123 ], [ -1623594.773219895316288, 1583591.445251355646178 ], [ -1623194.023053039330989, 1584406.31287747179158 ], [ -1623617.037118053762242, 1584968.701089272974059 ], [ -1624374.009655447909608, 1585221.205846686847508 ], [ -1623550.245423577958718, 1590581.768218913115561 ], [ -1624752.495924144983292, 1603511.342897577211261 ], [ -1624830.419567700475454, 1603970.771268686512485 ], [ -1627502.087346739135683, 1606497.773082997649908 ], [ -1627936.233360832557082, 1606670.07765103247948 ], [ -1629750.741060762898996, 1608772.285888172918931 ], [ -1628960.372676130849868, 1623584.506137865362689 ], [ -1628570.754458354320377, 1623802.903809636831284 ], [ -1628448.303018481936306, 1624389.138355676550418 ], [ -1628481.698865719838068, 1626688.227048984961584 ], [ -1628726.601745465071872, 1627895.331423357827589 ], [ -1628080.948698863852769, 1638566.321480116108432 ], [ -1625687.579646808328107, 1638750.343351386021823 ], [ -1625008.530752969672903, 1639877.50644734618254 ], [ -1625030.794651128118858, 1640199.562249860493466 ], [ -1622114.223992344690487, 1640211.064318485790864 ], [ -1619464.820111464476213, 1638704.337758425856009 ], [ -1619509.347907781833783, 1638589.324141027405858 ], [ -1617138.242753885220736, 1638865.357698808424175 ], [ -1615357.130901192547753, 1638830.85333982645534 ], [ -1614255.067942339228466, 1640521.622144494438544 ], [ -1612741.122867551166564, 1641338.292370168026537 ], [ -1605894.974183764541522, 1644237.109234273200855 ], [ -1603768.771909613162279, 1645456.552099651889876 ], [ -1602633.313103521475568, 1645847.706614325754344 ], [ -1601920.868362444918603, 1645882.220538720488548 ], [ -1601063.708283336367458, 1645306.994620722020045 ], [ -1599249.200583406025544, 1643270.80005006515421 ], [ -1589430.821495439391583, 1641418.810578758595511 ], [ -1583631.076025109970942, 1637818.746351949637756 ], [ -1582829.575691398233175, 1637554.225042545003816 ], [ -1583107.874418381368741, 1637048.191956440452486 ], [ -1580157.907912359805778, 1636645.672839065082371 ], [ -1571564.043223118875176, 1633736.224253236083314 ], [ -1567033.339947832748294, 1639175.899041815660894 ], [ -1553964.431728702504188, 1640521.622144494438544 ], [ -1545303.775344985770062, 1638934.366557574365288 ], [ -1534361.069400006905198, 1621400.631869888631627 ], [ -1515792.978335689054802, 1620963.879354824777693 ], [ -1504238.015191347105429, 1621377.644709864398465 ], [ -1503135.952232493786141, 1621940.836066699586809 ], [ -1487996.501484608277678, 1633770.721693360246718 ], [ -1486193.125733757391572, 1635737.153134060790762 ], [ -1484178.242950399173424, 1636737.676646305248141 ], [ -1474293.072167956503108, 1644455.684288938529789 ], [ -1451194.277828352293, 1640878.193230736069381 ], [ -1447030.928872684016824, 1639992.525907111819834 ], [ -1441654.197467368794605, 1638347.797241589985788 ], [ -1424355.148598094005138, 1640889.695607383269817 ], [ -1415961.6589922811836, 1644697.269442498218268 ], [ -1408458.725312814582139, 1655145.164273604284972 ], [ -1401456.729341917438433, 1677010.077212041709572 ], [ -1402736.90348604042083, 1679129.656773071503267 ], [ -1403026.334162102779374, 1680212.55540876253508 ], [ -1402725.771536960965022, 1680604.253807294880971 ], [ -1403193.313398292753845, 1681111.166814605938271 ], [ -1402235.965777470730245, 1682712.619293421972543 ], [ -1402803.695180515991524, 1682977.617828952614218 ], [ -1403048.598060261458158, 1684014.595920700347051 ], [ -1403649.723310545086861, 1683703.497926001669839 ], [ -1404039.341528321616352, 1684671.371214408660308 ], [ -1404451.223644256824628, 1685155.322076302021742 ], [ -1404774.050167557550594, 1685950.404793503228575 ], [ -1404351.03610254288651, 1686226.961305334698409 ], [ -1404195.188815432367846, 1686826.177711116382852 ], [ -1404996.689149143639952, 1687321.69457626901567 ], [ -1404974.425250984961167, 1688105.322959047975019 ], [ -1405375.175417840946466, 1689246.238217903999612 ], [ -1407245.342863167868927, 1691897.053413617890328 ], [ -1407801.94031713437289, 1693430.046411704272032 ], [ -1408291.746076624374837, 1693372.413367186440155 ], [ -1412399.435286896303296, 1699090.270252927904949 ], [ -1412199.060203468427062, 1700531.472741039702669 ], [ -1411709.254443978192285, 1701269.401245303219184 ], [ -1410551.53173972829245, 1701707.556820652680472 ], [ -1409293.621493763988838, 1701546.130169701529667 ], [ -1406777.801001836080104, 1700185.576410362962633 ], [ -1403482.744074355112389, 1698744.394269747426733 ], [ -1402825.959078674903139, 1698202.531708388822153 ], [ -1401423.333494679769501, 1696254.231199714588001 ], [ -1397159.796997297322378, 1692726.932497705798596 ], [ -1394721.900148924672976, 1691839.423961149528623 ], [ -1392462.114485820988193, 1691240.08565556560643 ], [ -1391638.350253951037303, 1691182.457741459133103 ], [ -1390636.474836811423302, 1690779.066119986353442 ], [ -1389701.391114148078486, 1690029.927784338826314 ], [ -1387975.939006852218881, 1688209.040346201974899 ], [ -1387207.834520378382877, 1687125.79137033293955 ], [ -1386283.8827467947267, 1680258.637251766398549 ], [ -1385816.340885462705046, 1679302.456573416013271 ], [ -1385849.736732700606808, 1678714.94216746953316 ], [ -1386384.070288508431986, 1677424.763308217516169 ], [ -1386283.882746794493869, 1676860.331158264772967 ], [ -1384714.277926609152928, 1675650.876915802014992 ], [ -1381853.367013222072273, 1672667.808186940383166 ], [ -1379938.671771578025073, 1671274.296388552058488 ], [ -1378502.650340344524011, 1670767.584167138673365 ], [ -1377801.337548347190022, 1670283.913937303703278 ], [ -1375229.857311022235081, 1669397.209571489365771 ], [ -1373459.877407409250736, 1669374.178709676722065 ], [ -1372112.911568810697645, 1669028.718336220830679 ], [ -1371122.168100750539452, 1668095.999238410033286 ], [ -1369630.486924120690674, 1666000.387231583939865 ], [ -1368506.160067108692601, 1664941.133805384859443 ], [ -1367448.624904572730884, 1663317.799929558066651 ], [ -1367059.006686795968562, 1663053.010784744052216 ], [ -1366535.805080067599192, 1662776.712056877091527 ], [ -1364665.637634740676731, 1662581.002304267836735 ], [ -1362684.150698620360345, 1662062.954465659335256 ], [ -1361882.650364908855408, 1659035.467004769714549 ], [ -1361403.976554497610778, 1658805.254786475095898 ], [ -1360346.44139196164906, 1658851.297061036806554 ], [ -1359422.489618377527222, 1658264.264392524724826 ], [ -1359066.267247839132324, 1656860.045897851698101 ], [ -1359711.920294440118596, 1655317.798063463997096 ], [ -1359021.739451521541923, 1654535.201047366019338 ], [ -1358587.593437427887693, 1654247.487682223320007 ], [ -1358008.732085302937776, 1654143.911676834803075 ], [ -1356116.300741817103699, 1654155.420100806280971 ], [ -1354980.84193572611548, 1653154.206917947391048 ], [ -1353878.778976872563362, 1653441.907774501014501 ], [ -1353589.348300809971988, 1653188.730846996884793 ], [ -1353522.556606333935633, 1652647.861401360016316 ], [ -1353689.535842523910105, 1652406.20008766790852 ], [ -1354324.0569400456734, 1651853.840083587216213 ], [ -1355392.724051661090925, 1651497.114021946908906 ], [ -1355593.099135088967159, 1651140.393013860564679 ], [ -1355581.967186009511352, 1650645.594818536192179 ], [ -1355314.800408105831593, 1650334.912546440027654 ], [ -1352709.924323542974889, 1649725.065892118727788 ], [ -1352119.931022338801995, 1649264.814036194235086 ], [ -1351952.951786148827523, 1648827.582554953871295 ], [ -1351908.423989831469953, 1647389.374569955049083 ], [ -1352387.097800242714584, 1645905.229847844224423 ], [ -1352988.223050526343286, 1645214.959689003415406 ], [ -1354891.78634309140034, 1644892.840067250654101 ], [ -1355092.161426519276574, 1644455.684288938529789 ], [ -1354969.709986646659672, 1641637.361292384797707 ], [ -1355904.793709310237318, 1640544.62657929235138 ], [ -1356539.314806831767783, 1639451.938983324449509 ], [ -1356483.655061435187235, 1638209.782902708742768 ], [ -1356628.370399466250092, 1638037.266034662490711 ], [ -1359044.003349680453539, 1638175.279435275821015 ], [ -1359990.219021423254162, 1637243.703544138930738 ], [ -1359578.336905488045886, 1634656.172000640304759 ], [ -1360368.705290120327845, 1632609.333590575261042 ], [ -1360435.4969845963642, 1630758.121476697036996 ], [ -1359867.76758155063726, 1630171.740718769142404 ], [ -1358420.614201238146052, 1629585.37344674160704 ], [ -1358042.127932541305199, 1629263.452049586223438 ], [ -1358030.995983461849391, 1628918.540775023167953 ], [ -1358821.36436809389852, 1627274.527762089855969 ], [ -1358832.496317172888666, 1626768.698899141978472 ], [ -1356962.328871846199036, 1624940.900788438739255 ], [ -1356984.592770004877821, 1624550.067835783120245 ], [ -1358342.690557682653889, 1622860.358769075712189 ], [ -1358287.030812286306173, 1620860.439059643307701 ], [ -1357207.23175159143284, 1620469.668377606198192 ], [ -1356750.821839338866994, 1619998.452828249661252 ], [ -1356127.432690896559507, 1619745.609029277926311 ], [ -1355904.793709310237318, 1619722.623352952534333 ], [ -1355548.571338771609589, 1620251.299119717208669 ], [ -1355214.612866391660646, 1620090.396645826753229 ], [ -1354813.862699535908177, 1620193.833834585733712 ], [ -1354658.015412425389513, 1619630.680853598983958 ], [ -1354190.47355109360069, 1619285.89941551303491 ], [ -1354101.41795845888555, 1618826.198037479771301 ], [ -1353132.938388557638973, 1618343.520451476564631 ], [ -1351808.236448117531836, 1618309.043828308582306 ], [ -1351529.93772113439627, 1618423.966085581108928 ], [ -1351340.694586785975844, 1618791.720766059588641 ], [ -1350405.610864122398198, 1618550.381162756122649 ], [ -1350093.916289901360869, 1618676.796862452058122 ], [ -1350349.951118725817651, 1619239.928907143417746 ], [ -1349882.409257394028828, 1619435.304136506747454 ], [ -1349704.298072124831378, 1618826.198037480236962 ], [ -1350316.555271487683058, 1617941.296061584725976 ], [ -1350160.707984377397224, 1617343.717171734431759 ], [ -1349737.693919362965971, 1616757.643685532733798 ], [ -1349270.152058030944318, 1616700.186220102710649 ], [ -1348925.061636571772397, 1616332.461483082501218 ], [ -1348635.630960509413853, 1616884.050561684183776 ], [ -1347377.720714545343071, 1617355.208942358382046 ], [ -1346398.109195564640686, 1616389.918126451782882 ], [ -1346353.581399247050285, 1615631.500773588893935 ], [ -1346631.880126230185851, 1615459.136313153896481 ], [ -1346398.109195564640686, 1615355.718191389460117 ], [ -1346375.84529740572907, 1614953.540559503016993 ], [ -1346887.914955054875463, 1615068.447812702972442 ], [ -1347444.512409021379426, 1614229.636664690682665 ], [ -1347132.817834800342098, 1613747.045380207477137 ], [ -1346386.977246485184878, 1613379.362854505190626 ], [ -1346409.241144644096494, 1613046.155100435717031 ], [ -1345908.303436074173078, 1612804.869417916052043 ], [ -1346420.373093723319471, 1612218.89931199979037 ], [ -1346487.164788199355826, 1612586.565271718194708 ], [ -1346175.470213978085667, 1612770.400219208095223 ], [ -1346765.463515182258561, 1612919.767080075340346 ], [ -1346631.880126230185851, 1612437.200342811178416 ], [ -1346932.442751372233033, 1612575.075631057377905 ], [ -1346910.178853213554248, 1612299.325792382936925 ], [ -1347099.421987562207505, 1612253.367772853933275 ], [ -1347210.741478355368599, 1612471.669095699908212 ], [ -1347077.158089403761551, 1612873.807953708805144 ], [ -1347333.192918228218332, 1613057.644951222697273 ], [ -1347277.533172831404954, 1612655.503223290434107 ], [ -1347656.019441528478637, 1612758.910496554104611 ], [ -1347789.602830480318516, 1612460.179506279993802 ], [ -1347656.019441528478637, 1612264.857270051026717 ], [ -1347934.318168511847034, 1612322.304832885740325 ], [ -1347667.151390607934445, 1612115.494206075789407 ], [ -1347678.283339687157422, 1611862.727916128467768 ], [ -1347433.380459941923618, 1611874.217239163117483 ], [ -1347544.699950735084713, 1611724.856439204188064 ], [ -1346531.692584516480565, 1611724.856439204188064 ], [ -1345986.22707962943241, 1611483.583129070000723 ], [ -1346242.261908453889191, 1611161.88889478915371 ], [ -1346576.220380833838135, 1611115.932903264882043 ], [ -1346219.998010295210406, 1610920.620853028493002 ], [ -1346498.296737278345972, 1610346.182219229638577 ], [ -1347021.498344006715342, 1610081.944743311731145 ], [ -1347132.817834800109267, 1610219.807436563773081 ], [ -1347422.248510862700641, 1610116.410347560886294 ], [ -1347310.929020069306716, 1609829.198385543189943 ], [ -1346999.234445848269388, 1609898.128964863484725 ], [ -1347199.609529276145622, 1609335.201288297306746 ], [ -1346965.838598610134795, 1609266.272212464828044 ], [ -1346821.123260578839108, 1609576.454503316199407 ], [ -1346119.810468581039459, 1609243.295894757611677 ], [ -1344928.691917093237862, 1609323.713096209103242 ], [ -1344149.455481540411711, 1608381.69874096638523 ], [ -1342646.642355831107125, 1608611.455170914530754 ], [ -1341488.91965158120729, 1608037.067928275791928 ], [ -1341199.488975518615916, 1607635.004457743139938 ], [ -1340809.870757742319256, 1607657.979344648541883 ], [ -1340598.363725234987214, 1607416.744050985202193 ], [ -1339807.995340602705255, 1607623.517021951032802 ], [ -1339407.245173746952787, 1607531.617719470988959 ], [ -1339607.62025717459619, 1607347.820095005445182 ], [ -1339273.661784795112908, 1607118.074902641586959 ], [ -1339462.904919143533334, 1607003.203072292730212 ], [ -1339151.210344922496006, 1606807.922132281819358 ], [ -1338739.32822898728773, 1607209.972734509035945 ], [ -1338628.008738194126636, 1606819.409205563366413 ], [ -1338416.501705686561763, 1607003.203072292730212 ], [ -1338060.279335148166865, 1606474.799227352254093 ], [ -1335410.875454268418252, 1598906.023383864434436 ], [ -1334331.07639357377775, 1597941.421556456247345 ], [ -1334308.812495415098965, 1596391.243614042876288 ], [ -1332984.110554974991828, 1595828.609289013780653 ], [ -1332728.075726150535047, 1595334.878984867129475 ], [ -1332995.242504054447636, 1592992.658117186743766 ], [ -1333006.374453133903444, 1591075.408487772103399 ], [ -1333785.610888686729595, 1589961.861103143543005 ], [ -1334242.02080093906261, 1588400.678738637128845 ], [ -1333796.742837766185403, 1587402.030104064848274 ], [ -1333607.499703417532146, 1584303.018395754741505 ], [ -1333819.006735924398527, 1584130.861831079469994 ], [ -1334598.243171477457508, 1584222.678524823626503 ], [ -1335188.236472681863233, 1583889.844540502177551 ], [ -1335277.292065316578373, 1582994.656862261937931 ], [ -1334898.80579661950469, 1581502.745294232154265 ], [ -1335733.701977568911389, 1580125.671418054727837 ], [ -1336468.41061680437997, 1579907.641342034796253 ], [ -1336345.959176931763068, 1577922.503328810213134 ], [ -1337191.987306960858405, 1577337.317831072025001 ], [ -1336535.202311280416325, 1576362.037583871744573 ], [ -1336045.396551789948717, 1574973.759774146135896 ], [ -1335967.472908234689385, 1574159.184531657956541 ], [ -1336368.223075090674683, 1573631.44499274273403 ], [ -1328976.608886417234316, 1573952.676497718784958 ], [ -1328041.525163753889501, 1565567.519719491712749 ], [ -1328909.817191941197962, 1560865.65243185008876 ], [ -1329188.115918924799189, 1558354.508106603985652 ], [ -1329677.921678415033966, 1557700.961457868572325 ], [ -1329588.866085780085996, 1556451.241463399725035 ], [ -1329900.560660001356155, 1555614.305791165912524 ], [ -1330011.880150794517249, 1554078.081260466016829 ], [ -1330267.914979619206861, 1553573.668610419146717 ], [ -1330023.012099873973057, 1552748.28664438589476 ], [ -1330089.803794349776581, 1552243.899108396144584 ], [ -1330379.234470412367955, 1552003.172049778047949 ], [ -1331347.714040313847363, 1551831.225478244246915 ], [ -1331804.123952566413209, 1550799.569272166816518 ], [ -1332872.791064182063565, 1550513.005166611401364 ], [ -1333640.895550655433908, 1548850.993868419202045 ], [ -1334409.000037129037082, 1547968.450495394878089 ], [ -1335922.945111917331815, 1546959.865090516628698 ], [ -1336067.660449948627502, 1546134.687071332940832 ], [ -1336791.237140104873106, 1545538.740955698071048 ], [ -1337592.737473816610873, 1545527.280583194922656 ], [ -1337704.056964610004798, 1545252.233111353591084 ], [ -1338405.369756607338786, 1544725.066668358165771 ], [ -1339039.890854129334912, 1544301.048997299280018 ], [ -1339663.280002571642399, 1544174.990980797214434 ], [ -1340097.426016665296629, 1543670.764830929692835 ], [ -1342457.399221482686698, 1542765.473444743780419 ], [ -1343136.448115321574733, 1541860.212545810732991 ], [ -1344015.872092588339001, 1542158.143147971015424 ], [ -1343370.219045987585559, 1540679.981432780390605 ], [ -1342312.683883451391011, 1539476.886476980755106 ], [ -1342167.968545420095325, 1538766.512785180006176 ], [ -1340253.273303775582463, 1535535.694393273675814 ], [ -1339863.655085999285802, 1533805.876117300475016 ], [ -1340119.689914823975414, 1531938.713065891992301 ], [ -1340030.634322189027444, 1531045.269576096907258 ], [ -1339095.550599525915459, 1530048.771227487362921 ], [ -1337971.223742513684556, 1529373.005845733219758 ], [ -1335889.549264679430053, 1527437.432112630223855 ], [ -1335455.403250585775822, 1526704.469819271471351 ], [ -1335711.438079410232604, 1525101.183765061665326 ], [ -1335588.986639537615702, 1524666.022443866822869 ], [ -1333963.722073955694214, 1523875.878901437623426 ], [ -1332683.547929833177477, 1521940.696712735109031 ], [ -1332639.020133515819907, 1521219.332626739516854 ], [ -1332416.381151929264888, 1520933.082330407109112 ], [ -1331358.845989393303171, 1520360.590757136233151 ], [ -1330501.685910284984857, 1519467.527906163595617 ], [ -1330034.144048953428864, 1519456.078572297701612 ], [ -1329978.484303556615487, 1519249.991384431486949 ], [ -1329522.074391304515302, 1519078.253250444307923 ], [ -1328731.706006672000512, 1519043.905753368511796 ], [ -1328141.712705467594787, 1518792.025429249741137 ], [ -1327551.719404263189062, 1518196.681176853366196 ], [ -1326939.462204900570214, 1517028.928232778096572 ], [ -1324857.78772706608288, 1516021.495212346315384 ], [ -1324234.398578623775393, 1515552.135688932379708 ], [ -1323933.835953481961042, 1514533.309809670783579 ], [ -1323577.613582943566144, 1514166.999665194191039 ], [ -1321562.730799585347995, 1513090.991963677108288 ], [ -1320961.605549301719293, 1512049.365203350782394 ], [ -1320716.702669556485489, 1511213.803122910903767 ], [ -1320750.09851679415442, 1509943.339702771278098 ], [ -1320939.341651142807677, 1509256.62720953556709 ], [ -1321551.598850505892187, 1508890.387569936225191 ], [ -1322230.647744345013052, 1508032.032551081851125 ], [ -1322375.363082376075909, 1506773.160354892257601 ], [ -1323332.71070319833234, 1504610.323576264316216 ], [ -1323377.238499515457079, 1504026.730066495016217 ], [ -1323154.59951792890206, 1503660.560059305280447 ], [ -1324223.266629544319585, 1503363.050511549692601 ], [ -1325113.822555890539661, 1502676.502273216377944 ], [ -1326316.073056458029896, 1502321.792381965089589 ], [ -1327507.191607945831493, 1502253.139381633372977 ], [ -1327941.337622039951384, 1501726.805389517219737 ], [ -1328865.289395624073222, 1501372.107710951939225 ], [ -1329922.82455816003494, 1501703.921530712628737 ], [ -1330724.324891871772707, 1501555.176911149639636 ], [ -1331425.637683869106695, 1500685.609025844139978 ], [ -1331637.144716376671568, 1499919.039001669036224 ], [ -1332683.547929833177477, 1498809.266361796064302 ], [ -1333240.145383799448609, 1498569.01217434136197 ], [ -1334152.96520830411464, 1497516.49462631996721 ], [ -1334642.770967794815078, 1497470.733902405714616 ], [ -1335088.048930967925116, 1496967.370934787904844 ], [ -1336223.507737059611827, 1496967.370934787439182 ], [ -1337180.855357881635427, 1495560.291201136540622 ], [ -1337537.077728419797495, 1495297.18666534149088 ], [ -1339151.210344922496006, 1495617.488170056371018 ], [ -1339173.47424308094196, 1496521.215958937769756 ], [ -1339585.356359016150236, 1497241.931418236577883 ], [ -1339117.814497684361413, 1497642.337007415248081 ], [ -1338806.119923463324085, 1498877.910798920784146 ], [ -1339251.397886636201292, 1499953.362577539170161 ], [ -1338928.571363335708156, 1501040.297881119418889 ], [ -1339062.154752287780866, 1501452.200336584588513 ], [ -1338839.515770701225847, 1502173.044430578360334 ], [ -1339128.946446763817221, 1502230.255086167249829 ], [ -1340097.426016665296629, 1501417.874897133326158 ], [ -1341778.350327643798664, 1500616.960096376016736 ], [ -1342524.190915958490223, 1501234.806607850594446 ], [ -1343359.087096908129752, 1501475.083986608311534 ], [ -1343826.628958240151405, 1502001.41317583899945 ], [ -1344483.413953920360655, 1502207.370809690328315 ], [ -1345874.907588836038485, 1502287.46586043573916 ], [ -1346821.123260578839108, 1502687.944603745592758 ], [ -1347500.172154417727143, 1502653.617626403691247 ], [ -1348301.67248812969774, 1503649.117324995109811 ], [ -1349281.284007110167295, 1504198.373932814691216 ], [ -1349515.054937775945291, 1504553.107979517197236 ], [ -1350750.701285581570119, 1504873.516852566273883 ], [ -1351518.805772055173293, 1505754.660482709063217 ], [ -1351930.687887990148738, 1507105.039247212233022 ], [ -1352854.639661574503407, 1507562.809810732956976 ], [ -1353789.723384238081053, 1507734.475737591506913 ], [ -1357697.037511081900448, 1509977.675778444157913 ], [ -1358086.655728858197108, 1510481.276491279713809 ], [ -1359110.795044156257063, 1510824.645913901738822 ], [ -1360569.080373548669741, 1511660.196134326746687 ], [ -1360980.962489483179525, 1511499.951652969466522 ], [ -1361927.178161226212978, 1512243.951810109429061 ], [ -1362795.470189413754269, 1512381.30789384804666 ], [ -1363162.824509031604975, 1511969.241708022542298 ], [ -1363552.442726808134466, 1511854.779978153062984 ], [ -1363329.803745221346617, 1511042.115438212174922 ], [ -1363329.803745221346617, 1510137.911366307875142 ], [ -1363507.914930490544066, 1509817.441126177785918 ], [ -1363674.894166680518538, 1508329.592586965998635 ], [ -1364331.679162360960618, 1508100.699965634150431 ], [ -1364932.80441264458932, 1507219.481173439417034 ], [ -1364966.200259882491082, 1506853.268686283845454 ], [ -1364699.033481978578493, 1506349.734479679027572 ], [ -1364843.74882000987418, 1505068.052630372811109 ], [ -1361682.275281480979174, 1500262.276679971488193 ], [ -1361415.108503577066585, 1499587.246633828151971 ], [ -1361070.018082117894664, 1499381.308547769673169 ], [ -1361081.150031197350472, 1499118.167671515140682 ], [ -1360557.948424468748271, 1498855.029300936264917 ], [ -1360435.4969845963642, 1498431.72500473074615 ], [ -1361504.164096211781725, 1496612.734342016745359 ], [ -1362628.490953224012628, 1495972.112013967707753 ], [ -1363708.2900139184203, 1495880.595748538384214 ], [ -1364253.755518805701286, 1495354.383090975927189 ], [ -1366112.791015053167939, 1495857.716729438165203 ], [ -1368261.257187363225967, 1495686.12468867842108 ], [ -1368817.85464132972993, 1496017.87026010453701 ], [ -1370064.632938214344904, 1496063.628581858705729 ], [ -1370354.063614276936278, 1494919.693217675900087 ], [ -1370465.383105070330203, 1493226.755532834213227 ], [ -1371155.563947988674045, 1492060.061327571514994 ], [ -1371823.480892748106271, 1491556.796613977523521 ], [ -1371812.348943669116125, 1489978.434612481156364 ], [ -1371968.196230779401958, 1489658.198189138434827 ], [ -1373036.863342394819483, 1489303.655022748047486 ], [ -1373526.669101885287091, 1489463.770731667988002 ], [ -1374706.65570429386571, 1491305.167677583172917 ], [ -1375396.836547212209553, 1491579.672084889840335 ], [ -1376231.732728161849082, 1492346.011252076597884 ], [ -1377712.281955712474883, 1493226.755532834678888 ], [ -1380651.116512654582039, 1492037.185460862470791 ], [ -1381140.922272145282477, 1492002.871696144109592 ], [ -1382042.610147570958361, 1492288.821031510364264 ], [ -1382298.644976395415142, 1492128.689040805213153 ], [ -1382554.679805219871923, 1491179.354064306244254 ], [ -1382844.110481282230467, 1490813.35406579496339 ], [ -1384580.694537657545879, 1490344.423613795777783 ], [ -1384825.597417402546853, 1489909.812211219454184 ], [ -1385270.875380575656891, 1489841.189979353919625 ], [ -1385493.514362161979079, 1489486.644479631446302 ], [ -1385860.868681780062616, 1489463.770731667988002 ], [ -1385927.66037625586614, 1489109.230044106021523 ], [ -1386528.785626539494842, 1488823.313426746055484 ], [ -1386640.105117333121598, 1488308.670920368051156 ], [ -1387085.383080505998805, 1488308.670920368051156 ], [ -1386951.799691553693265, 1487153.619053978007287 ], [ -1387719.904178027994931, 1486902.029953151475638 ], [ -1387831.223668821156025, 1486547.521895411424339 ], [ -1388488.008664501365274, 1486375.987357962643728 ], [ -1389233.849252816056833, 1483471.496095288312063 ], [ -1389590.071623354684561, 1483311.414818036835641 ], [ -1389656.863317830720916, 1483036.991906761890277 ], [ -1390079.877382844686508, 1482899.78146251058206 ], [ -1389957.425942972302437, 1482568.192338723922148 ], [ -1390079.877382844919339, 1482248.041057785972953 ], [ -1390469.49560062168166, 1481973.628594176378101 ], [ -1391627.218304871581495, 1482305.210660285316408 ], [ -1392295.135249631246552, 1481939.327225719578564 ], [ -1392662.489569249097258, 1482042.231457414105535 ], [ -1393163.427277818787843, 1481630.616804262856022 ], [ -1393441.726004801923409, 1481058.939842089312151 ], [ -1393374.934310325654224, 1480876.005683089373633 ], [ -1393786.81642626109533, 1480841.705661515006796 ], [ -1394176.434644037624821, 1481367.643949612509459 ], [ -1395066.990570383844897, 1480830.272330339998007 ], [ -1395634.719973429571837, 1481310.476265106350183 ], [ -1396814.706575838150457, 1480693.07272085826844 ], [ -1397627.338858629111201, 1480944.605852459324524 ], [ -1398083.748770881444216, 1481527.714088225504383 ], [ -1398406.575294181937352, 1481573.448581914184615 ], [ -1399130.151984338182956, 1482831.176493202103302 ], [ -1400076.367656080983579, 1482808.308207551715896 ], [ -1400510.51367017487064, 1482430.984197605401278 ], [ -1400855.60409163380973, 1483425.758493833476678 ], [ -1401812.951712456298992, 1483723.054242880782112 ], [ -1402124.64628667710349, 1482751.137575349304825 ], [ -1402024.458744963165373, 1482282.342805246822536 ], [ -1402358.417217343114316, 1481985.062393019674346 ], [ -1403248.973143689334393, 1481893.592133275000378 ], [ -1403104.257805658038706, 1481573.448581913951784 ], [ -1405441.96711231674999, 1481859.290863064583391 ], [ -1405954.036769965663552, 1482133.702203746186569 ], [ -1406532.8981220908463, 1481722.086203249171376 ], [ -1406532.8981220908463, 1481093.24013014882803 ], [ -1407078.363626978127286, 1480441.541851600399241 ], [ -1407746.280571737792343, 1480270.044828549027443 ], [ -1407991.183451482793316, 1480007.084768520668149 ], [ -1408636.836498083779588, 1480464.408200786216184 ], [ -1408915.135225066915154, 1480235.74555010930635 ], [ -1409070.982512177433819, 1479721.261419465998188 ], [ -1409883.614794968394563, 1479481.172062367899343 ], [ -1410952.281906584044918, 1479629.798564366530627 ], [ -1410774.170721314614639, 1479103.892947907792404 ], [ -1410863.226313949096948, 1478120.704597449861467 ], [ -1410551.53173972829245, 1478052.111349352169782 ], [ -1410807.566568552749231, 1477709.147627981845289 ], [ -1410529.267841569380835, 1477343.324285358656198 ], [ -1410707.379026838578284, 1477320.46048499760218 ], [ -1411030.20555013907142, 1476497.376091479556635 ], [ -1410217.573267348343506, 1475982.960614116862416 ], [ -1410473.608096172800288, 1475571.435024262405932 ], [ -1410384.552503538317978, 1475434.261168936733156 ], [ -1410083.989878396270797, 1475502.848012778908014 ], [ -1410061.725980237592012, 1475251.3637382122688 ], [ -1410863.226313949096948, 1475388.536699505988508 ], [ -1410673.983179600676522, 1474839.848876738222316 ], [ -1410729.642924997257069, 1474279.74111901409924 ], [ -1410930.018008425133303, 1474039.698357052868232 ], [ -1411464.351564233191311, 1474028.267800512956455 ], [ -1412310.379694261820987, 1473228.140400086529553 ], [ -1412154.532407151302323, 1471856.546419661026448 ], [ -1413412.442653115140274, 1471490.799322836333886 ], [ -1413657.345532860374078, 1470450.731997524155304 ], [ -1413913.380361684830859, 1470290.725050664041191 ], [ -1415482.9851818701718, 1470279.296017826301977 ], [ -1415872.603399646468461, 1470096.432123303646222 ], [ -1415917.131195964058861, 1469307.84517848584801 ], [ -1415516.381029108073562, 1468987.845178177813068 ], [ -1415538.644927266752347, 1468599.278634151443839 ], [ -1416418.068904533516616, 1468005.01075014215894 ], [ -1416963.534409420564771, 1467856.445736121851951 ], [ -1417442.208219831576571, 1468370.712580982362852 ], [ -1418032.201521036215127, 1468439.282202347647399 ], [ -1418677.854567636968568, 1468770.704390282509848 ], [ -1419034.076938175596297, 1468793.561236540786922 ], [ -1419245.583970682695508, 1468622.13534139841795 ], [ -1419334.639563317410648, 1467902.15796476835385 ], [ -1420013.688457156298682, 1468427.853920538676903 ], [ -1420258.591336901532486, 1468370.712580982362852 ], [ -1420570.285911122802645, 1467947.870267510646954 ], [ -1420637.077605598606169, 1467113.632403675233945 ], [ -1420180.667693346273154, 1465902.317219333024696 ], [ -1420525.758114805445075, 1465708.054525684565306 ], [ -1420959.904128899099305, 1466119.435929052531719 ], [ -1422028.57124051451683, 1465822.326536578824744 ], [ -1422173.286578545812517, 1464736.761097211623564 ], [ -1421972.911495117703453, 1463902.618093506898731 ], [ -1422596.30064356024377, 1463982.603342035785317 ], [ -1423497.988518985686824, 1463754.074660800397396 ], [ -1424522.127834283746779, 1464108.294904036214575 ], [ -1424800.426561267115176, 1463971.176864106673747 ], [ -1424477.60003796685487, 1463319.875254206592217 ], [ -1424588.919528759783134, 1463251.3180624791421 ], [ -1425880.225621961755678, 1463297.022838502191007 ], [ -1426158.524348945124075, 1463068.499696822836995 ], [ -1426125.128501706989482, 1462542.903475651051849 ], [ -1425357.024015233386308, 1461503.165789539692923 ], [ -1425757.774182089138776, 1461503.165789540158585 ], [ -1426314.371636055642739, 1461857.357855878537521 ], [ -1426859.837140942690894, 1461674.548494237707928 ], [ -1426971.156631735851988, 1460851.920969226630405 ], [ -1426403.427228690125048, 1460109.291634576860815 ], [ -1425991.545112755149603, 1459949.343247763579711 ], [ -1425980.413163675693795, 1459640.873907263623551 ], [ -1426303.239686976186931, 1459286.709543436998501 ], [ -1427127.003918846603483, 1459629.449181324336678 ], [ -1428017.559845192590728, 1459583.750323597341776 ], [ -1428563.025350079638883, 1461057.575610779691488 ], [ -1428963.775516935624182, 1461571.718746955972165 ], [ -1429397.921531029278412, 1461400.336664553033188 ], [ -1430255.081610137363896, 1460600.567323398776352 ], [ -1430477.720591723918915, 1460611.992440747329965 ], [ -1430900.734656738350168, 1461183.25418224115856 ], [ -1432036.193462830036879, 1461468.889373060315847 ], [ -1432125.249055464519188, 1461708.825159644242376 ], [ -1431702.234990450087935, 1462314.386424278607592 ], [ -1432347.888037051074207, 1462908.534595977049321 ], [ -1432603.922865875763819, 1462942.812755734426901 ], [ -1433115.992523524677381, 1462474.348166507901624 ], [ -1433405.423199587035924, 1462554.329376653535292 ], [ -1433661.458028411725536, 1464016.882803528336808 ], [ -1434763.520987265044823, 1464782.468274570768699 ], [ -1435531.625473738647997, 1465056.712891309522092 ], [ -1435821.056149801239371, 1465673.773012578953058 ], [ -1436054.827080467017367, 1465799.472097408724949 ], [ -1436622.556483512744308, 1464953.870848112273961 ], [ -1437290.473428272409365, 1464588.213281335774809 ], [ -1437758.015289604198188, 1465662.345850791316479 ], [ -1437591.036053413990885, 1466279.419204585254192 ], [ -1438014.050118428654969, 1466210.854832634562626 ], [ -1438659.703165029641241, 1466976.499773243209347 ], [ -1439650.446633089799434, 1466987.927466991124675 ], [ -1439873.085614676121622, 1467285.049128972925246 ], [ -1439249.696466234046966, 1468907.845745887374505 ], [ -1440374.023323246277869, 1468199.289257191121578 ], [ -1440730.245693784672767, 1468153.576546870404854 ], [ -1441798.912805399857461, 1469067.844837569165975 ], [ -1443357.385676505742595, 1467696.453519338276237 ], [ -1444003.038723106728867, 1468473.567075573839247 ], [ -1444381.52499180380255, 1468587.850287477485836 ], [ -1444982.650242087431252, 1468176.432892767479643 ], [ -1445316.608714467380196, 1468256.430249313125387 ], [ -1445906.602015671785921, 1469010.702200544299558 ], [ -1446073.581251861527562, 1468999.273687043460086 ], [ -1446385.275826083030552, 1468267.858461634488776 ], [ -1446919.609381890622899, 1468165.004717502743006 ], [ -1447487.338784936349839, 1467742.165488664992154 ], [ -1448444.686405758373439, 1467730.737489387392998 ], [ -1448823.172674455679953, 1467445.039012264693156 ], [ -1449624.673008166952059, 1467593.601859227987006 ], [ -1449602.409110008506104, 1466645.09866754617542 ], [ -1449902.971735150320455, 1466153.717983206966892 ], [ -1451149.75003203493543, 1466462.258343911729753 ], [ -1452107.09765285695903, 1466302.27403223933652 ], [ -1452596.903412347426638, 1467022.210576003417373 ], [ -1453008.785528282634914, 1467216.482313877902925 ], [ -1453298.216204344760627, 1466393.693527886178344 ], [ -1453888.209505549399182, 1465788.044884759932756 ], [ -1454389.147214119089767, 1465662.345850790850818 ], [ -1454867.821024530101568, 1464976.724603140493855 ], [ -1454912.348820847691968, 1464473.946261951699853 ], [ -1455713.849154559196904, 1463411.285101651446894 ], [ -1456582.141182746738195, 1463034.221384787699208 ], [ -1457895.711174107389525, 1463845.485911657335237 ], [ -1458363.253035438945517, 1464416.812925494275987 ], [ -1460122.100989972939715, 1465068.139808104140684 ], [ -1461090.580559874186292, 1465845.180994245223701 ], [ -1461981.136486220639199, 1466176.572709102416411 ], [ -1462259.435213203774765, 1466188.000078987563029 ], [ -1462994.143852439243346, 1465513.793168272823095 ], [ -1463261.310630343155935, 1465925.171741738682613 ], [ -1463840.171982468105853, 1466108.008586917771026 ], [ -1464263.186047482537106, 1466028.017321473220363 ], [ -1464463.56113091064617, 1465513.793168272823095 ], [ -1465688.075529636349529, 1465570.928722930839285 ], [ -1465075.818330273265019, 1466050.871945619117469 ], [ -1466010.902052936842665, 1467227.910104822134599 ], [ -1466522.971710585989058, 1466885.078389861620963 ], [ -1466856.930182965705171, 1466907.933707940392196 ], [ -1467046.173317314125597, 1466462.258343911729753 ], [ -1466968.249673759331927, 1466050.871945619117469 ], [ -1467302.20814613904804, 1465856.608230013865978 ], [ -1467914.46534550213255, 1465948.026282640639693 ], [ -1468048.048734453739598, 1466245.136997795663774 ], [ -1467858.805600105319172, 1466599.388475600397214 ], [ -1468526.722544864984229, 1466096.581249408423901 ], [ -1468894.076864482602105, 1465559.501602753298357 ], [ -1470408.021939271362498, 1465605.210111203370616 ], [ -1470163.119059526128694, 1465148.128355075372383 ], [ -1470363.494142954004928, 1464531.079713897779584 ], [ -1470163.119059526128694, 1464382.532979050884023 ], [ -1470419.153888350585476, 1464051.162306583253667 ], [ -1470062.931517812190577, 1463479.842681102454662 ], [ -1471064.806934951804578, 1462634.310812836978585 ], [ -1471832.911421425174922, 1462542.903475651051849 ], [ -1471921.967014059657231, 1462177.277079018997028 ], [ -1472344.981079074088484, 1462154.425586042227224 ], [ -1472367.2449772330001, 1461868.783480170648545 ], [ -1472701.203449612716213, 1461800.229803579626605 ], [ -1472812.522940405877307, 1461571.718746955739334 ], [ -1473335.724547134479508, 1461480.314840610604733 ], [ -1473591.759375958936289, 1461777.378614934161305 ], [ -1473781.002510307356715, 1461114.70216504833661 ], [ -1473291.196750817121938, 1460657.692956208018586 ], [ -1471498.952949045458809, 1460212.11607411573641 ], [ -1470920.091596920276061, 1460269.240923926001415 ], [ -1470307.834397557424381, 1458509.848363146185875 ], [ -1468994.264406196540222, 1457344.59646560321562 ], [ -1468426.535003151046112, 1455539.692804204532877 ], [ -1468092.576530771097168, 1455562.538969730958343 ], [ -1467669.562465756898746, 1456339.319522557314485 ], [ -1467346.735942456172779, 1456305.049344647442922 ], [ -1466522.971710585989058, 1455345.501138380263001 ], [ -1465743.735275032930076, 1454785.779638542793691 ], [ -1465554.49214068450965, 1454397.407927281688899 ], [ -1465532.228242525830865, 1453597.835799626074731 ], [ -1464808.651552369585261, 1452272.879992784699425 ], [ -1464496.956978148315102, 1451907.385786762228236 ], [ -1463795.644186150981113, 1451758.905104451347142 ], [ -1463584.137153643649071, 1451484.788953690091148 ], [ -1463628.664949960773811, 1450319.824710109038278 ], [ -1463294.706477581057698, 1449623.153138881549239 ], [ -1464552.616723544895649, 1448218.440849932143465 ], [ -1465398.644853573990986, 1447852.998569710878655 ], [ -1466500.707812427310273, 1448344.062713251914829 ], [ -1467524.847127725370228, 1448321.222333381650969 ], [ -1467580.506873122183606, 1448149.920066380174831 ], [ -1467291.076197059592232, 1447795.89863558136858 ], [ -1466099.957645571557805, 1447099.288623686414212 ], [ -1466511.83976150653325, 1445831.730331554077566 ], [ -1466389.388321634149179, 1444929.628450819756836 ], [ -1464819.783501448808238, 1444255.925332039827481 ], [ -1463528.477408247068524, 1443468.055342352250591 ], [ -1463573.005204564426094, 1443034.165176139445975 ], [ -1464441.297232751734555, 1442040.809781190240756 ], [ -1464218.658251165179536, 1441036.071496383287013 ], [ -1462626.78953282139264, 1440670.720839345827699 ], [ -1461279.823694222839549, 1440031.368373690638691 ], [ -1459220.413114547496662, 1440077.035935005173087 ], [ -1458541.364220708375797, 1439346.363663997268304 ], [ -1458407.780831756535918, 1438923.952231392031536 ], [ -1458496.836424391018227, 1438604.293651190353557 ], [ -1459654.559128640918061, 1438238.973910574102774 ], [ -1459821.538364830892533, 1437964.98715011915192 ], [ -1459532.10768876853399, 1437314.279051118530333 ], [ -1458418.912780835526064, 1436412.444780943449587 ], [ -1459120.225572833558545, 1436138.475406582932919 ], [ -1459309.468707181978971, 1435693.280730868456885 ], [ -1459610.031332323793322, 1435567.714245634386316 ], [ -1459687.954975879052654, 1434894.23061642004177 ], [ -1460133.232939052162692, 1434528.957941400120035 ], [ -1460088.705142734805122, 1434175.104449990205467 ], [ -1459721.350823116954416, 1433684.282600620994344 ], [ -1460088.705142734805122, 1432976.6006789135281 ], [ -1459665.691077720141038, 1430636.808120027650148 ], [ -1459309.468707181978971, 1430260.176288353046402 ], [ -1458786.267100453609601, 1427909.191441125236452 ], [ -1457071.946942237205803, 1425786.621482256334275 ], [ -1458207.405748328659683, 1425763.79899380216375 ], [ -1459242.677012705709785, 1425501.341667166445404 ], [ -1461079.448610794730484, 1424771.038122027181089 ], [ -1463595.269102722872049, 1423447.409772642888129 ], [ -1464307.713843799894676, 1422717.15787983709015 ], [ -1464318.845792879117653, 1421405.032603769330308 ], [ -1463584.137153643649071, 1420423.829770469339564 ], [ -1460734.358189335791394, 1418803.776532619027421 ], [ -1460867.941578287631273, 1418507.15682332450524 ], [ -1461246.427846984704956, 1418370.256437077885494 ], [ -1461947.740638982504606, 1419077.582020733272657 ], [ -1462359.622754917480052, 1419009.130407516146079 ], [ -1462470.942245710873976, 1418039.416490974603221 ], [ -1463138.859190470539033, 1418666.87475323327817 ], [ -1464407.901385513599962, 1418963.496088037500158 ], [ -1464752.991806972771883, 1418678.283210287569091 ], [ -1464741.859857893781736, 1418187.723588776309043 ], [ -1465098.082228432176635, 1418336.031440968392417 ], [ -1465409.776802653213963, 1418244.764981107320637 ], [ -1465955.242307540494949, 1418564.198840683093295 ], [ -1466856.930182965705171, 1417389.155811577336863 ], [ -1467079.569164552493021, 1417868.293853887589648 ], [ -1468181.632123405812308, 1418598.424104679375887 ], [ -1468994.264406196540222, 1418986.313238844042644 ], [ -1469584.257707400945947, 1418963.496088037267327 ], [ -1469495.202114766463637, 1419727.88036766089499 ], [ -1469628.785503718303517, 1420047.330487347906455 ], [ -1470029.535670574288815, 1420207.056861343793571 ], [ -1470630.660920857684687, 1419739.289240170503035 ], [ -1471242.918120220769197, 1419921.831808136077598 ], [ -1471621.40438891784288, 1419146.033794756280258 ], [ -1472367.2449772330001, 1418746.734046392142773 ], [ -1473357.988445292925462, 1419807.742569077527151 ], [ -1474348.731913353316486, 1419328.5726450427901 ], [ -1475350.607330492464826, 1420013.103521196404472 ], [ -1476029.65622433158569, 1420081.557493729516864 ], [ -1476842.288507122546434, 1419887.604989488609135 ], [ -1477365.490113850915805, 1420275.511289858957753 ], [ -1478400.761378228198737, 1420503.693880710285157 ], [ -1479436.032642605481669, 1419956.058667010394856 ], [ -1479179.997813781024888, 1419339.98136115912348 ], [ -1480816.394328442402184, 1419374.207536315312609 ], [ -1481261.672291615512222, 1419134.625154584180564 ] ] ] ] } },
{ "type": "Feature", "properties": { "GID_1": "SEN.13_1", "GID_0": "SEN", "COUNTRY": "Senegal", "NAME_1": "Thiès", "VARNAME_1": "NA", "NL_NAME_1": "NA", "TYPE_1": "Région", "ENGTYPE_1": "Region", "CC_1": "7", "HASC_1": "SN.TH", "ISO_1": "NA", "area_ha": 664140.45482334786, "carbon_mean": 11.62, "carbon_min": 7.69, "carbon_max": 83.47, "carbon_median": 11.08, "carbon_std": 2.58, "carbon_pixel_count": 1222650 }, "geometry": { "type": "MultiPolygon", "coordinates": [ [ [ [ -1879718.657637058990076, 1602638.451440388103947 ], [ -1880976.567883022595197, 1604039.68622734490782 ], [ -1882000.707198321120813, 1605624.78091601585038 ], [ -1882935.790920984465629, 1606704.538702439051121 ], [ -1883648.235662061255425, 1606991.715917335823178 ], [ -1884561.055486566387117, 1607014.690232354681939 ], [ -1884772.562519073719159, 1607657.979344648541883 ], [ -1884961.805653422139585, 1609599.431117598200217 ], [ -1884716.902773676905781, 1612494.648289911216125 ], [ -1884995.201500660041347, 1614436.464270877186209 ], [ -1885418.2155656744726, 1615436.154472379712388 ], [ -1886197.452001227065921, 1616206.057319734944031 ], [ -1886542.542422686237842, 1617539.077971498249099 ], [ -1886921.028691384010017, 1618125.169286601012573 ], [ -1887511.021992587950081, 1618527.39655696740374 ], [ -1888134.411141030490398, 1619803.07331020059064 ], [ -1888991.571220138575882, 1620848.945719275856391 ], [ -1889781.93960477062501, 1621182.254682082915679 ], [ -1890294.009262419538572, 1621779.922987325116992 ], [ -1890872.870614544954151, 1621963.823731968179345 ], [ -1892030.593318794853985, 1622940.818576356163248 ], [ -1893177.184073965530843, 1624320.168888389365748 ], [ -1893600.198138979962096, 1624527.077848070766777 ], [ -1893900.760764122009277, 1624377.64343155012466 ], [ -1894357.170676374109462, 1624710.998328326502815 ], [ -1894702.261097833281383, 1624733.988481343258172 ], [ -1895770.928209449164569, 1625665.107047972735018 ], [ -1896438.845154208596796, 1625561.64775497931987 ], [ -1897874.866585441865027, 1625826.04455823614262 ], [ -1898910.137849819147959, 1626515.788223582319915 ], [ -1899578.054794578813016, 1628148.255761147243902 ], [ -1899867.48547064140439, 1628401.182605043752119 ], [ -1900335.027331973193213, 1628343.699011347955093 ], [ -1900479.74267000425607, 1628481.659853727091104 ], [ -1901103.131818446796387, 1629332.43486409378238 ], [ -1901392.562494509387761, 1630079.760647176997736 ], [ -1902038.215541110606864, 1630505.171260135946795 ], [ -1902116.139184665633366, 1630884.597526376368478 ], [ -1902383.305962569545954, 1631034.070030681788921 ], [ -1902995.563161932164803, 1633690.227739164838567 ], [ -1903585.556463136803359, 1635265.655710772844031 ], [ -1904164.417815261520445, 1636162.65831819572486 ], [ -1904364.792898689396679, 1636956.187024282058701 ], [ -1904988.182047131936997, 1637669.233968800166622 ], [ -1907036.460677728056908, 1639129.892677007941529 ], [ -1907682.11372432927601, 1639958.020014385692775 ], [ -1908427.954312643967569, 1641430.313200880540535 ], [ -1908427.954312643967569, 1641752.388741303700954 ], [ -1908683.989141468657181, 1642074.4683780556079 ], [ -1906568.918816396268085, 1643351.324405561434105 ], [ -1907325.891353790648282, 1645537.083416479174048 ], [ -1906914.009237855207175, 1648010.670361372176558 ], [ -1906535.522969158366323, 1649046.197347921784967 ], [ -1906535.522969158366323, 1650818.197736303554848 ], [ -1907815.69711328111589, 1651934.391829284839332 ], [ -1907715.509571567177773, 1653349.843142387690023 ], [ -1907325.891353790648282, 1653902.2359902379103 ], [ -1907259.099659314844757, 1654776.88281906559132 ], [ -1907225.703812076710165, 1655617.032775879139081 ], [ -1907648.717877091374248, 1655663.069201838457957 ], [ -1907626.453978932695463, 1655996.835813371930271 ], [ -1907103.252372204093263, 1656572.305905590532348 ], [ -1905444.591959384502843, 1656952.123391938395798 ], [ -1904899.126454497221857, 1657458.555647476576269 ], [ -1904709.8833201485686, 1658828.275913188001141 ], [ -1904932.522301735589281, 1660301.672000040765852 ], [ -1906001.189413350773975, 1660647.011740111513063 ], [ -1906290.620089413365349, 1661038.402534824097529 ], [ -1906424.203478364972398, 1662995.448298101779073 ], [ -1907147.780168521450832, 1665988.873365886276588 ], [ -1907860.224909598473459, 1667635.410081346984953 ], [ -1908327.766770930495113, 1669270.54009488876909 ], [ -1909296.246340831276029, 1670951.841963654616848 ], [ -1909719.260405846172944, 1674487.552698810584843 ], [ -1909741.524304004851729, 1676434.135796728078276 ], [ -1910309.253707050113007, 1676952.482469035545364 ], [ -1906702.502205348340794, 1678876.219245165353641 ], [ -1905878.737973477924243, 1680258.637251765700057 ], [ -1905533.647552018985152, 1681629.611308410298079 ], [ -1904387.056796847842634, 1683807.196822521043941 ], [ -1891908.141878922469914, 1697995.013047887478024 ], [ -1887054.612080335617065, 1704013.768158567138016 ], [ -1881399.581948037492111, 1711521.994975798297673 ], [ -1877269.628839606884867, 1717544.089841065695509 ], [ -1877035.85790894087404, 1717647.932161309057847 ], [ -1866972.575941229006276, 1734291.542015369748697 ], [ -1861751.691823024535552, 1742259.616709462134168 ], [ -1860883.399794836994261, 1741878.474544240627438 ], [ -1858567.954386336961761, 1740307.770871846936643 ], [ -1857833.245747101260349, 1739187.55250715278089 ], [ -1857777.586001704679802, 1737951.90844164439477 ], [ -1858011.356932370457798, 1737270.599225177196786 ], [ -1859380.586669127922505, 1735688.650732647860423 ], [ -1861117.170725502772257, 1733079.240767136448994 ], [ -1863187.713254257803783, 1727411.09949161298573 ], [ -1863844.498249938245863, 1724098.566627071006224 ], [ -1863499.407828479306772, 1723648.466557023115456 ], [ -1860549.441322457045317, 1722552.104016395751387 ], [ -1859146.815738462144509, 1720590.316103519173339 ], [ -1857120.801006024237722, 1719471.014225196791813 ], [ -1855551.196185839362442, 1717578.703898415900767 ], [ -1853580.841198798036203, 1716113.418674746528268 ], [ -1851821.993244264507666, 1715132.765377930132672 ], [ -1851376.715281091164798, 1714313.661797632230446 ], [ -1851398.979179250076413, 1712952.395790418377146 ], [ -1850864.645623442251235, 1712871.645117066334933 ], [ -1850129.936984206782654, 1712479.431374670239165 ], [ -1849384.096395891625434, 1711002.918700189096853 ], [ -1849250.513006940251216, 1709780.249430756783113 ], [ -1849473.151988526573405, 1707219.763516831677407 ], [ -1850241.256475, 1705951.153869742061943 ], [ -1849829.374359064968303, 1705881.958876302232966 ], [ -1847992.602760975714773, 1707519.626344114076346 ], [ -1847280.158019899157807, 1708834.453038375126198 ], [ -1845343.19888009596616, 1710656.873998907860368 ], [ -1844619.622189939487725, 1711568.135624947026372 ], [ -1842293.04483236069791, 1716413.39112422382459 ], [ -1840300.425947160692886, 1720013.349913164740428 ], [ -1839020.251803037943318, 1720290.291969096986577 ], [ -1838385.730705516412854, 1720832.646002847701311 ], [ -1838140.827825771411881, 1721905.850432312581688 ], [ -1838508.182145389029756, 1722055.872047180542722 ], [ -1838574.973839865298942, 1722275.136080720927566 ], [ -1836994.237070600269362, 1724756.420271130511537 ], [ -1833832.763532071607187, 1728334.534638490527868 ], [ -1831372.60278554004617, 1730620.188766910228878 ], [ -1830738.081688018515706, 1730262.319509923225269 ], [ -1827743.587385679595172, 1726984.022692209109664 ], [ -1826652.656375905033201, 1726510.784256977494806 ], [ -1823702.689869883470237, 1725945.218786138342693 ], [ -1822645.154707347741351, 1725945.218786138342693 ], [ -1822366.855980364140123, 1726164.518110110191628 ], [ -1820975.362345448462293, 1726418.446132102515548 ], [ -1820029.146673705428839, 1726083.723390558268875 ], [ -1818637.653038789751008, 1724133.190056577092037 ], [ -1818359.354311806149781, 1723302.241436812561005 ], [ -1818448.409904441097751, 1722390.539001861354336 ], [ -1819595.000659612007439, 1720832.64600284723565 ], [ -1819127.458798279985785, 1719874.880072629079223 ], [ -1818203.507024696096778, 1718940.229348904918879 ], [ -1817145.971862159669399, 1718178.688742226921022 ], [ -1816088.436699623707682, 1717890.232637605629861 ], [ -1815643.158736450364813, 1718270.995420459657907 ], [ -1815220.144671436399221, 1720232.595446299994364 ], [ -1814696.943064708029851, 1720601.855567539576441 ], [ -1813951.102476392872632, 1720682.631969664711505 ], [ -1813227.525786236394197, 1720532.618865904398263 ], [ -1812826.775619380874559, 1720221.056158234598115 ], [ -1811424.15003538550809, 1718444.071389376185834 ], [ -1810945.47622497449629, 1716378.778729310026392 ], [ -1811156.983257481828332, 1714290.588857248891145 ], [ -1810856.42063233978115, 1712329.468968125525862 ], [ -1810411.142669166671112, 1711187.477885509608313 ], [ -1809509.454793740995228, 1709618.769398891367018 ], [ -1808385.127936729229987, 1708534.574041618267074 ], [ -1807561.363704858813435, 1706919.904375419020653 ], [ -1807427.780315906973556, 1703575.571265959879383 ], [ -1806759.863371147308499, 1702802.980088231852278 ], [ -1804333.098471854114905, 1701257.870941353030503 ], [ -1803019.528480493230745, 1699966.511261029867455 ], [ -1802785.75754982768558, 1698479.22598794545047 ], [ -1802752.361702589550987, 1694432.883018912980333 ], [ -1801961.993317957269028, 1691966.20893474877812 ], [ -1801505.583405704703182, 1691297.713704590918496 ], [ -1800971.249849897343665, 1689868.577894476475194 ], [ -1800882.194257262861356, 1687644.362071587704122 ], [ -1800648.423326596617699, 1686515.044299960602075 ], [ -1800815.402562786592171, 1684924.8681024920661 ], [ -1801594.638998339651152, 1684844.209719585021958 ], [ -1805390.633634390076622, 1683668.931723831454292 ], [ -1806437.036847846815363, 1683784.152585699222982 ], [ -1806837.787014702567831, 1684302.653110986342654 ], [ -1807605.891501176171005, 1683841.76321803429164 ], [ -1808084.565311587182805, 1683887.85182057833299 ], [ -1808474.183529363712296, 1685593.190550633938983 ], [ -1808129.093107904540375, 1686111.729048888897523 ], [ -1808963.989288854179904, 1686699.419181206030771 ], [ -1811936.219693034887314, 1688024.654181755846366 ], [ -1815954.853310671634972, 1688992.696929949801415 ], [ -1817012.388473208062351, 1689407.584032070124522 ], [ -1816990.124575048917904, 1690329.580383983440697 ], [ -1817145.971862159669399, 1690640.761942702578381 ], [ -1817691.437367046950385, 1690951.947434107307345 ], [ -1818504.069649837445468, 1690905.845631641335785 ], [ -1818971.611511169467121, 1690306.530054574133828 ], [ -1821142.341581638203934, 1690986.523842610884458 ], [ -1820808.383109258487821, 1692000.786768203601241 ], [ -1821175.737428876105696, 1692311.989456169540063 ], [ -1821342.716665066312999, 1692346.567775615025312 ], [ -1821632.147341128904372, 1691966.20893474877812 ], [ -1821966.105813508620486, 1691159.406613590661436 ], [ -1823602.50232816953212, 1691551.27872325386852 ], [ -1823635.898175407899544, 1691366.867541519924998 ], [ -1824248.155374770518392, 1691355.341888539493084 ], [ -1824582.113847150467336, 1691724.165461116237566 ], [ -1828077.545858059078455, 1691977.734873834764585 ], [ -1828812.254497294779867, 1691804.846354453824461 ], [ -1829135.081020595273003, 1692035.364650252508 ], [ -1830359.595419321442023, 1692000.786768204066902 ], [ -1832218.630915569141507, 1691655.010620222659782 ], [ -1833576.728703246917576, 1691067.202317977789789 ], [ -1835190.861319749383256, 1690168.228531162487343 ], [ -1836370.847922158427536, 1689234.713557316688821 ], [ -1839888.543831225251779, 1689050.319720896193758 ], [ -1839777.224340432323515, 1688255.137102753389627 ], [ -1840367.21764163672924, 1688013.130092256702483 ], [ -1847491.665052406024188, 1685835.173827914055437 ], [ -1852378.590698231011629, 1684798.119333307025954 ], [ -1854360.077634351328015, 1683807.196822521043941 ], [ -1856831.370329961646348, 1681537.442604743642733 ], [ -1857421.363631166284904, 1680823.146787327248603 ], [ -1855617.987880314933136, 1678346.312786732567474 ], [ -1854382.3415325100068, 1677228.938454668503255 ], [ -1853970.459416574565694, 1676376.542390240821987 ], [ -1852178.215614803135395, 1674902.196666684467345 ], [ -1850920.305368838831782, 1673209.110676481155679 ], [ -1850497.29130382463336, 1671331.877975327661261 ], [ -1850541.819100141758099, 1670894.261255783028901 ], [ -1852668.021374293603003, 1669005.68781489203684 ], [ -1853313.674420894356444, 1667865.703596796840429 ], [ -1853291.410522735444829, 1667543.293270420981571 ], [ -1852924.056203117826954, 1667002.11387427803129 ], [ -1851309.923586615594104, 1665908.276454648002982 ], [ -1850909.173419759608805, 1665344.105358629254624 ], [ -1848315.42928427644074, 1663478.9773033214733 ], [ -1847469.401154247345403, 1662604.02690158621408 ], [ -1848025.998608213849366, 1660324.694501270307228 ], [ -1848471.276571387192234, 1659772.160310342209414 ], [ -1848371.089029672788456, 1658828.27591318753548 ], [ -1847859.019372023874894, 1658655.617978014750406 ], [ -1848504.672418624861166, 1657170.808794122887775 ], [ -1848493.540469545638189, 1656549.286848676623777 ], [ -1849818.242409985512495, 1655962.308027190621942 ], [ -1850497.29130382463336, 1655018.566914839670062 ], [ -1850552.951049221213907, 1654650.287315491586924 ], [ -1850853.513674362795427, 1654466.149539411766455 ], [ -1852690.285272452048957, 1651957.406661111162975 ], [ -1852812.73671232489869, 1650116.286577205173671 ], [ -1852078.028073088964447, 1650058.753742648055777 ], [ -1852356.326800072332844, 1648919.630657846108079 ], [ -1851966.708582295803353, 1648378.852864049375057 ], [ -1851109.548503187485039, 1648574.452004239661619 ], [ -1850764.458081728080288, 1647734.537010129075497 ], [ -1850040.881391571834683, 1647538.944381125969812 ], [ -1850174.464780524140224, 1647170.774132522754371 ], [ -1849751.450715509243309, 1646814.114324634894729 ], [ -1848782.971145608229563, 1645203.455346105387434 ], [ -1847547.324797802837566, 1644536.21241696132347 ], [ -1847636.380390437319875, 1644225.605336364824325 ], [ -1847324.685816216049716, 1643961.017128834500909 ], [ -1846567.71327882213518, 1643788.461093492573127 ], [ -1846244.886755521409214, 1643500.870317165274173 ], [ -1845098.296000350732356, 1643523.877458950970322 ], [ -1844975.844560478115454, 1643316.813936109887436 ], [ -1843450.767536610364914, 1643443.352554241660982 ], [ -1842849.642286326503381, 1643673.424390600295737 ], [ -1839454.397817131830379, 1643834.475921141216531 ], [ -1838842.140617768513039, 1642281.521736630937085 ], [ -1838741.953076055040583, 1640786.174405532656237 ], [ -1839810.620187670225278, 1638715.839148844592273 ], [ -1839754.960442273877561, 1637887.752364289015532 ], [ -1840300.425947160692886, 1635277.15554386517033 ], [ -1841157.586026269011199, 1632919.798487650463358 ], [ -1842159.46144340839237, 1631551.481623999541625 ], [ -1842471.156017629429698, 1630735.125898732338101 ], [ -1847346.949714374728501, 1626596.259530604816973 ], [ -1849851.638257223647088, 1625573.143211302813143 ], [ -1851821.993244264507666, 1623446.571726399008185 ], [ -1853413.861962608294562, 1623101.738949440186843 ], [ -1855807.231014663819224, 1623090.244603535160422 ], [ -1858033.620830529136583, 1623366.110329631948844 ], [ -1858423.239048305898905, 1623182.199515271233395 ], [ -1858779.461418844060972, 1622492.545726643875241 ], [ -1859024.364298589294776, 1620688.039495156845078 ], [ -1859625.489548872923478, 1619481.274994912790135 ], [ -1859914.920224935282022, 1615642.991778692929074 ], [ -1860193.218951918883249, 1614666.274671840714291 ], [ -1860170.955053759971634, 1612827.848909346852452 ], [ -1859825.864632300799713, 1610001.525179107906297 ], [ -1860015.107766649452969, 1608933.117607209831476 ], [ -1861473.393096041632816, 1606440.338482157094404 ], [ -1862887.150629115989432, 1604705.873618324287236 ], [ -1862341.685124229174107, 1603924.828064806526527 ], [ -1861696.032077627955005, 1603936.313858134439215 ], [ -1862731.303342005237937, 1602948.554248027969152 ], [ -1864122.796976921148598, 1602362.807615375844762 ], [ -1863866.762148096924648, 1601914.892651403089985 ], [ -1863710.914860986173153, 1600869.787824123632163 ], [ -1863710.914860986173153, 1600410.414408516138792 ], [ -1864044.873333366122097, 1599962.533157681114972 ], [ -1863343.560541368555278, 1598963.441288747126237 ], [ -1861696.032077627955005, 1598090.702830426162109 ], [ -1861506.788943279301748, 1597573.963611997896805 ], [ -1861696.032077627955005, 1596529.033466916065663 ], [ -1862831.490883719641715, 1595208.577388209756464 ], [ -1863632.99121743068099, 1595105.240174022037536 ], [ -1864523.547143777133897, 1593899.669643039116636 ], [ -1865425.23501920257695, 1593624.118499023839831 ], [ -1866104.283913041697815, 1592682.674073548521847 ], [ -1866048.624167645117268, 1592303.809692044509575 ], [ -1865425.23501920257695, 1591798.66574544692412 ], [ -1864991.089005108689889, 1591063.928375475807115 ], [ -1864890.901463394984603, 1590650.647695963969454 ], [ -1865013.352903267135844, 1590398.090501972008497 ], [ -1865258.255783012602478, 1590294.772354098269716 ], [ -1865636.742051709676161, 1590512.888923610560596 ], [ -1866939.180093991104513, 1590042.21860269154422 ], [ -1867918.791612971806899, 1590409.570321419509128 ], [ -1868486.521016017766669, 1590248.853308504913002 ], [ -1869232.361604332458228, 1589146.820436186622828 ], [ -1869288.021349729271606, 1588458.073497530771419 ], [ -1868987.458724587457255, 1588021.876490480965003 ], [ -1867829.736020337091759, 1587046.199001246597618 ], [ -1866460.506283580092713, 1586368.985434426926076 ], [ -1866560.69382529403083, 1585680.311643349705264 ], [ -1865002.220954187912866, 1583958.706397355301306 ], [ -1864790.713921680813655, 1582306.071750273229554 ], [ -1865002.220954187912866, 1581456.841668024891987 ], [ -1865647.874000789131969, 1581342.082953709177673 ], [ -1866193.339505675947294, 1581479.793471093755215 ], [ -1867250.874668212141842, 1580068.294906825060025 ], [ -1868386.333474303362891, 1584991.655966626713052 ], [ -1869265.75745157035999, 1587115.069159505423158 ], [ -1870356.6884613444563, 1588905.75694271363318 ], [ -1870367.820410423912108, 1589468.241887497715652 ], [ -1870712.910831883084029, 1589560.077314280439168 ], [ -1870946.681762548862025, 1589938.901862977072597 ], [ -1871737.050147181143984, 1589651.913063948042691 ], [ -1872494.022684575757012, 1589904.463040574686602 ], [ -1872583.078277210239321, 1590225.89381599240005 ], [ -1872260.251753909513354, 1590547.328548543853685 ], [ -1872416.099041020032018, 1590731.007315578637645 ], [ -1872861.377004193374887, 1590788.407195345964283 ], [ -1872983.828444065758958, 1591052.448268229840323 ], [ -1873061.752087621018291, 1590639.167770499829203 ], [ -1875544.176732310792431, 1593245.240433912724257 ], [ -1876523.788251291960478, 1594864.121602732921019 ], [ -1877581.323413827689365, 1595392.289004123304039 ], [ -1878171.31671503232792, 1599537.6273197773844 ], [ -1878883.761456109117717, 1601489.954838678706437 ], [ -1879718.657637058990076, 1602638.451440388103947 ] ] ] ] } },
{ "type": "Feature", "properties": { "GID_1": "SEN.14_1", "GID_0": "SEN", "COUNTRY": "Senegal", "NAME_1": "Ziguinchor", "VARNAME_1": "NA", "NL_NAME_1": "NA", "TYPE_1": "Région", "ENGTYPE_1": "Region", "CC_1": "2", "HASC_1": "SN.ZG", "ISO_1": "SN-ZG", "area_ha": 735324.53686707979, "carbon_mean": 26.16, "carbon_min": 7.36, "carbon_max": 101.48, "carbon_median": 19.34, "carbon_std": 16.04, "carbon_pixel_count": 1330604 }, "geometry": { "type": "MultiPolygon", "coordinates": [ [ [ [ -1836560.091056506847963, 1385954.245481003075838 ], [ -1837884.792996946722269, 1385566.790779628325254 ], [ -1841602.863989441655576, 1386706.377806929172948 ], [ -1848359.957080593565479, 1385122.363644558470696 ], [ -1852222.743411120260134, 1386307.517391494475305 ], [ -1854237.626194478711113, 1386569.625063100131229 ], [ -1857744.19015446677804, 1386558.229029442649335 ], [ -1860905.663692995440215, 1384267.714685270329937 ], [ -1862319.421226070262492, 1386022.620362748624757 ], [ -1862519.796309498138726, 1387754.836365679046139 ], [ -1863020.734018067829311, 1388791.93495608237572 ], [ -1863566.199522954877466, 1389225.019790909718722 ], [ -1863966.949689810629934, 1389133.843512246850878 ], [ -1864690.5263799673412, 1390102.605766718043014 ], [ -1865113.540444981306791, 1390148.195356347598135 ], [ -1865681.269848026800901, 1390820.649926362093538 ], [ -1866159.943658438045532, 1390900.433681798866019 ], [ -1866415.978487262735143, 1391504.517640507314354 ], [ -1867017.103737546131015, 1391732.477044458966702 ], [ -1868052.375001923879609, 1394490.924627862637863 ], [ -1868230.486187193077058, 1395790.447551388293505 ], [ -1868942.930928270099685, 1397614.435590850422159 ], [ -1868965.194826428545639, 1399461.338111174758524 ], [ -1869243.493553411914036, 1400396.234023106051609 ], [ -1869198.965757094323635, 1400943.503906667698175 ], [ -1868631.236354049062356, 1401889.848703210474923 ], [ -1867384.458057163981721, 1405470.271496327128261 ], [ -1866415.978487262735143, 1411309.348553982330486 ], [ -1866605.2216216113884, 1411948.068141353549436 ], [ -1866248.999251072993502, 1414012.596421968890354 ], [ -1866549.561876214342192, 1416419.495754557428882 ], [ -1867028.235686625586823, 1417662.948014816036448 ], [ -1867696.15263138525188, 1418575.607257549650967 ], [ -1867751.812376782065257, 1419180.259742072317749 ], [ -1867351.062209926079959, 1419613.791888358071446 ], [ -1867729.548478623153642, 1419978.876595275243744 ], [ -1868453.125168779632077, 1421735.910786874126643 ], [ -1868853.875335635384545, 1424953.612285322975367 ], [ -1867629.360936909215525, 1428274.380444182315841 ], [ -1867529.173395195510238, 1430077.568681211443618 ], [ -1867929.923562051262707, 1430842.245732568902895 ], [ -1868764.819743000902236, 1431116.164820507867262 ], [ -1868842.743386556161568, 1430750.939946755999699 ], [ -1869098.778215380851179, 1430910.725261192303151 ], [ -1868742.55584484199062, 1431298.77898808196187 ], [ -1868764.819743000902236, 1431926.523991649737582 ], [ -1869087.646266301162541, 1432383.074380967300385 ], [ -1869165.569909856421873, 1433216.297450822079554 ], [ -1867707.284580464707687, 1437348.526478968560696 ], [ -1867551.437293353956193, 1439334.947057172190398 ], [ -1866783.332806880353019, 1442965.656802822137251 ], [ -1866004.096371327294037, 1444998.141520221950486 ], [ -1865158.068241298431531, 1449280.534013827797025 ], [ -1864924.297310632886365, 1451496.210407347185537 ], [ -1864156.19282415905036, 1453620.680405862862244 ], [ -1863510.539777558296919, 1457950.064521010499448 ], [ -1863042.997916226508096, 1461880.209109072573483 ], [ -1863198.845203337259591, 1464828.175525857601315 ], [ -1863543.935624796198681, 1465068.139808103907853 ], [ -1864389.963754825294018, 1467102.204659017035738 ], [ -1863855.63019901746884, 1468130.720219501527026 ], [ -1862786.963087401818484, 1468324.99959272518754 ], [ -1862274.893429752904922, 1469113.559030619682744 ], [ -1862798.095036481274292, 1470302.154088141396642 ], [ -1862007.726651849225163, 1470827.894827656913549 ], [ -1863154.317407019436359, 1471753.679568036925048 ], [ -1862953.942323591560125, 1472759.504931007511914 ], [ -1862219.233684356324375, 1472885.235631379997358 ], [ -1861974.330804611090571, 1472336.596701853442937 ], [ -1861584.71258683456108, 1472222.29827235871926 ], [ -1861451.12919788248837, 1472736.644864084897563 ], [ -1861885.275211976375431, 1473159.559111648006365 ], [ -1861885.275211976375431, 1473639.631645686924458 ], [ -1861273.01801261305809, 1473479.606556330574676 ], [ -1860482.649627981474623, 1473696.783684203634039 ], [ -1860170.955053759971634, 1474005.40670138807036 ], [ -1860059.635562966577709, 1475068.467499390710145 ], [ -1859736.809039666084573, 1475102.760453387163579 ], [ -1859447.378363603726029, 1474862.710655217990279 ], [ -1859180.211585700046271, 1474999.881717088632286 ], [ -1859469.642261762637645, 1475457.123431591317058 ], [ -1859402.850567286368459, 1476097.274349307175726 ], [ -1860059.635562966577709, 1476726.008221375523135 ], [ -1859926.05217401473783, 1477366.188104371074587 ], [ -1859580.961752555565909, 1477594.827320412034169 ], [ -1859035.496247668284923, 1477217.573614181485027 ], [ -1858968.704553192714229, 1477526.235359734855592 ], [ -1859258.135229255305603, 1478257.891597533365712 ], [ -1858846.253113320097327, 1478326.485349537571892 ], [ -1858400.975150146754459, 1478006.382610595086589 ], [ -1857888.905492497840896, 1478109.272377769695595 ], [ -1858022.488881449680775, 1478703.75398852233775 ], [ -1857777.586001704679802, 1478920.971571188652888 ], [ -1855874.022709139622748, 1478909.53902482544072 ], [ -1854493.661023302935064, 1479641.231404906371608 ], [ -1852122.555869406322017, 1479298.248220300069079 ], [ -1851309.923586615594104, 1479069.595098734600469 ], [ -1850775.590030807768926, 1478680.889077843166888 ], [ -1849706.92291919211857, 1478669.456629505148157 ], [ -1848215.241742562036961, 1479138.190839101560414 ], [ -1847358.081663454184309, 1479195.354084471007809 ], [ -1846389.602093552704901, 1478943.836677919141948 ], [ -1846066.775570252211764, 1478623.726882826071233 ], [ -1843973.969143338734284, 1478555.132402824936435 ], [ -1822322.328184047248214, 1478658.02418583445251 ], [ -1802551.986619161441922, 1478337.917657870100811 ], [ -1791275.322201803093776, 1478555.132402824936435 ], [ -1783794.6524204951711, 1478440.808642849093303 ], [ -1781056.192946980241686, 1478543.70000582607463 ], [ -1775657.197643506806344, 1479103.892947907559574 ], [ -1769156.139381179586053, 1478875.241413745330647 ], [ -1769445.570057242410257, 1476508.80765370093286 ], [ -1769645.945140670053661, 1476257.314361250028014 ], [ -1770491.973270699148998, 1476314.471729682292789 ], [ -1772306.480970629025251, 1474839.848876738222316 ], [ -1773597.787063830997795, 1473296.72185589093715 ], [ -1773820.426045417552814, 1472576.624916120199487 ], [ -1773018.925711706047878, 1470736.460950250271708 ], [ -1772250.821225232444704, 1470347.870284442789853 ], [ -1771326.869451648555696, 1470565.023230605991557 ], [ -1770024.431409367127344, 1470325.012177013559267 ], [ -1769735.00073330453597, 1469284.987915085861459 ], [ -1769946.507765811868012, 1467959.298354774247855 ], [ -1772384.404614184284583, 1464656.773714717710391 ], [ -1772640.439443008974195, 1464074.015331709990278 ], [ -1773018.925711706047878, 1461720.25072400062345 ], [ -1773530.995369355427101, 1460783.369753777980804 ], [ -1773820.426045417552814, 1459777.970977597404271 ], [ -1775089.468240461079404, 1457927.216435426380485 ], [ -1775701.725439823931083, 1457435.987042869441211 ], [ -1776369.64238458359614, 1457173.239925930043682 ], [ -1776803.788398677483201, 1457218.93490208289586 ], [ -1776870.580093153286725, 1456739.141318840207532 ], [ -1777037.559329343261197, 1456682.023574903607368 ], [ -1777404.913648961111903, 1455711.039493140531704 ], [ -1777460.57339435769245, 1454820.047985260142013 ], [ -1777916.983306610025465, 1454123.266381538240239 ], [ -1779130.365756256971508, 1453814.860299052204937 ], [ -1779731.491006540833041, 1452741.176295961253345 ], [ -1779664.699312064563856, 1451279.203570270910859 ], [ -1780254.692613269202411, 1450993.670774550875649 ], [ -1780644.310831045266241, 1450194.194153388496488 ], [ -1780443.935747617390007, 1450034.301517547341064 ], [ -1779686.96321022324264, 1450091.405927498359233 ], [ -1779408.664483240107074, 1449783.043471235083416 ], [ -1778918.858723749872297, 1448503.945883656851947 ], [ -1779397.532534160651267, 1448149.920066380174831 ], [ -1779397.532534160651267, 1447704.538978264667094 ], [ -1778429.052964258939028, 1447647.439340739510953 ], [ -1778095.094491879455745, 1447361.942864071344957 ], [ -1778017.170848324429244, 1446756.69976211944595 ], [ -1778607.164149528369308, 1446162.888789639575407 ], [ -1778774.14338571857661, 1445649.023857217282057 ], [ -1778128.490339117357507, 1443536.564916344825178 ], [ -1778573.768302290234715, 1442097.898239955306053 ], [ -1778829.803131114924327, 1441789.621912109432742 ], [ -1780154.505071555264294, 1440567.966804615454748 ], [ -1781278.831928567029536, 1439940.033468844834715 ], [ -1781390.15141936019063, 1439666.030496389372274 ], [ -1781490.338961074128747, 1439060.949853745289147 ], [ -1781289.963877646485344, 1437987.819280484924093 ], [ -1779976.393886285834014, 1435818.847763336263597 ], [ -1779931.866089968476444, 1435305.167908259201795 ], [ -1780722.234474600525573, 1432885.288146530976519 ], [ -1782692.589461641386151, 1431915.110324381384999 ], [ -1783638.805133384419605, 1431104.75147334812209 ], [ -1783661.06903154309839, 1430887.898733625421301 ], [ -1783249.186915608122945, 1428628.161682871868834 ], [ -1782447.686581896385178, 1427806.482863667188212 ], [ -1782347.49904018221423, 1427452.711662062210962 ], [ -1783271.45081376680173, 1424850.914177153259516 ], [ -1783527.485642591258511, 1423435.999445676803589 ], [ -1783482.95784627366811, 1422135.251538027077913 ], [ -1782993.152086783433333, 1420366.784111581742764 ], [ -1782269.575396627187729, 1420549.330613508354872 ], [ -1780944.873456187313423, 1420515.103057202184573 ], [ -1780488.463543934980407, 1420275.511289858957753 ], [ -1779252.81719612935558, 1419454.068768054945394 ], [ -1777338.121954485308379, 1416978.47232462069951 ], [ -1776647.941111566731706, 1413727.431909999577329 ], [ -1776313.982639187015593, 1413522.115183141082525 ], [ -1776347.378486424917355, 1412928.986067177727818 ], [ -1776736.996704201446846, 1412735.081079548923299 ], [ -1777193.406616454012692, 1411868.227431105216965 ], [ -1777104.351023819530383, 1411058.426812380552292 ], [ -1776948.503736708778888, 1410533.779205380473286 ], [ -1776247.190944710979238, 1409952.115662318421528 ], [ -1775757.385185220744461, 1409096.749058859422803 ], [ -1775902.100523252040148, 1407522.939654277637601 ], [ -1775568.142050872324035, 1406542.202538464684039 ], [ -1775100.600189540535212, 1406131.671138563193381 ], [ -1773096.84935526154004, 1405116.770890585845336 ], [ -1772284.217072470579296, 1403839.642799441935495 ], [ -1772362.140716025838628, 1402072.280107266502455 ], [ -1772061.578090883791447, 1401023.314946095924824 ], [ -1772996.661813547601923, 1400453.240829111775383 ], [ -1773030.057660785503685, 1400019.991864726645872 ], [ -1772829.682577357394621, 1399552.546165357576683 ], [ -1772384.404614184284583, 1398549.273058171384037 ], [ -1770603.292761492077261, 1399381.531294825719669 ], [ -1769245.194973814068362, 1398868.492623907513916 ], [ -1768721.993367085698992, 1398389.66456839768216 ], [ -1768621.805825371993706, 1397021.627144502010196 ], [ -1775924.364421410486102, 1396121.037042310461402 ], [ -1785319.72944436292164, 1399415.734189712675288 ], [ -1788670.446117240702733, 1399301.724694119999185 ], [ -1798989.762913776794448, 1396702.427516960306093 ], [ -1803520.466189063154161, 1398173.054425177862868 ], [ -1811012.267919450532645, 1394867.096453828504309 ], [ -1818938.215663931332529, 1390262.169636326609179 ], [ -1822544.967165633570403, 1388552.601304550189525 ], [ -1822767.606147219892591, 1388381.649874801049009 ], [ -1823313.071652107406408, 1386922.904268271988258 ], [ -1827754.71933475905098, 1387321.772922009928152 ], [ -1835157.465472511248663, 1386364.497124014655128 ], [ -1836560.091056506847963, 1385954.245481003075838 ] ] ] ] } }
]
}
